hole_number,diameter_mm,h_m,l_m,a_m,b_m,q_kg_m3,charge_weight_calc_kg,primer_weight_kg,explosive_weight_kg,total_charge_weight_kg,capacity_kg_m,charge_length_m,stemming_length_m,subdrilling_m,drill_passport
4971,311.1,16.0,18.0,9.1,7.9,1.06,1219.2544000000003,2.0,1210,1212.0,100.6,12.047713717693838,5.9522862823061615,2.0,605-E230725_P_B_9.B
4972,311.1,15.5,17.5,9.1,7.9,1.035,1153.2953249999998,2.0,1150,1152.0,100.6,11.451292246520875,6.048707753479125,2.0,605-E230725_P_B_9.B
4973,311.1,15.0,17.0,9.1,7.9,1.022,1102.0737000000001,2.0,1100,1102.0,100.6,10.95427435387674,6.045725646123261,2.0,605-E230725_P_B_9.B
4974,311.1,15.5,17.5,9.1,7.9,1.035,1153.2953249999998,2.0,1150,1152.0,100.6,11.451292246520875,6.048707753479125,2.0,605-E230725_P_B_9.B
4975,311.1,15.5,17.5,9.1,7.9,1.035,1153.2953249999998,2.0,1150,1152.0,100.6,11.451292246520875,6.048707753479125,2.0,605-E230725_P_B_9.B
4976,311.1,15.5,17.5,9.1,7.9,1.035,1153.2953249999998,2.0,1150,1152.0,100.6,11.451292246520875,6.048707753479125,2.0,605-E230725_P_B_9.B
4977,311.1,15.0,17.0,9.1,7.9,1.022,1102.0737000000001,2.0,1100,1102.0,100.6,10.95427435387674,6.045725646123261,2.0,605-E230725_P_B_9.B
4978,311.1,15.5,17.5,9.1,7.9,1.035,1153.2953249999998,2.0,1150,1152.0,100.6,11.451292246520875,6.048707753479125,2.0,605-E230725_P_B_9.B
4979,311.1,15.5,17.5,9.1,7.9,1.035,1153.2953249999998,2.0,1150,1152.0,100.6,11.451292246520875,6.048707753479125,2.0,605-E230725_P_B_9.B
4986,311.1,16.0,18.0,9.1,7.9,1.06,1219.2544000000003,2.0,1210,1212.0,100.6,12.047713717693838,5.9522862823061615,2.0,605-E230725_P_B_9.B
4987,311.1,16.0,18.0,9.1,7.9,1.06,1219.2544000000003,2.0,1210,1212.0,100.6,12.047713717693838,5.9522862823061615,2.0,605-E230725_P_B_9.B
4988,311.1,16.0,18.0,9.1,7.9,1.06,1219.2544000000003,2.0,1210,1212.0,100.6,12.047713717693838,5.9522862823061615,2.0,605-E230725_P_B_9.B
4989,311.1,15.5,17.5,9.1,7.9,1.035,1153.2953249999998,2.0,1150,1152.0,100.6,11.451292246520875,6.048707753479125,2.0,605-E230725_P_B_9.B
4990,311.1,15.5,17.5,9.1,7.9,1.035,1153.2953249999998,2.0,1150,1152.0,100.6,11.451292246520875,6.048707753479125,2.0,605-E230725_P_B_9.B
4991,311.1,15.0,17.0,9.1,7.9,1.022,1102.0737000000001,2.0,1100,1102.0,100.6,10.95427435387674,6.045725646123261,2.0,605-E230725_P_B_9.B
4992,311.1,15.5,17.5,9.1,7.9,1.035,1153.2953249999998,2.0,1150,1152.0,100.6,11.451292246520875,6.048707753479125,2.0,605-E230725_P_B_9.B
4993,311.1,15.5,17.5,9.1,7.9,1.035,1153.2953249999998,2.0,1150,1152.0,100.6,11.451292246520875,6.048707753479125,2.0,605-E230725_P_B_9.B
4994,311.1,15.0,17.0,9.1,7.9,1.022,1102.0737000000001,2.0,1100,1102.0,100.6,10.95427435387674,6.045725646123261,2.0,605-E230725_P_B_9.B
4995,311.1,15.5,17.5,9.1,7.9,1.035,1153.2953249999998,2.0,1150,1152.0,100.6,11.451292246520875,6.048707753479125,2.0,605-E230725_P_B_9.B
4996,311.1,15.5,17.5,9.1,7.9,1.035,1153.2953249999998,2.0,1150,1152.0,100.6,11.451292246520875,6.048707753479125,2.0,605-E230725_P_B_9.B
5000,311.1,15.5,17.5,9.1,7.9,1.035,1153.2953249999998,2.0,1150,1152.0,100.6,11.451292246520875,6.048707753479125,2.0,605-E230725_P_B_9.B
5001,311.1,15.5,17.5,9.1,7.9,1.035,1153.2953249999998,2.0,1150,1152.0,100.6,11.451292246520875,6.048707753479125,2.0,605-E230725_P_B_9.B
5002,311.1,15.5,17.5,9.1,7.9,1.035,1153.2953249999998,2.0,1150,1152.0,100.6,11.451292246520875,6.048707753479125,2.0,605-E230725_P_B_9.B
5003,311.1,15.5,17.5,9.1,7.9,1.035,1153.2953249999998,2.0,1150,1152.0,100.6,11.451292246520875,6.048707753479125,2.0,605-E230725_P_B_9.B
5004,311.1,15.5,17.5,9.1,7.9,1.035,1153.2953249999998,2.0,1150,1152.0,100.6,11.451292246520875,6.048707753479125,2.0,605-E230725_P_B_9.B
5005,311.1,15.5,17.5,9.1,7.9,1.035,1153.2953249999998,2.0,1150,1152.0,100.6,11.451292246520875,6.048707753479125,2.0,605-E230725_P_B_9.B
5006,311.1,15.5,17.5,9.1,7.9,1.035,1153.2953249999998,2.0,1150,1152.0,100.6,11.451292246520875,6.048707753479125,2.0,605-E230725_P_B_9.B
5007,311.1,15.5,17.5,9.1,7.9,1.035,1153.2953249999998,2.0,1150,1152.0,100.6,11.451292246520875,6.048707753479125,2.0,605-E230725_P_B_9.B
5008,311.1,15.5,17.5,9.1,7.9,1.035,1153.2953249999998,2.0,1150,1152.0,100.6,11.451292246520875,6.048707753479125,2.0,605-E230725_P_B_9.B
5009,311.1,15.5,17.5,9.1,7.9,1.035,1153.2953249999998,2.0,1150,1152.0,100.6,11.451292246520875,6.048707753479125,2.0,605-E230725_P_B_9.B
5010,311.1,15.5,17.5,9.1,7.9,1.035,1153.2953249999998,2.0,1150,1152.0,100.6,11.451292246520875,6.048707753479125,2.0,605-E230725_P_B_9.B
5011,311.1,15.5,17.5,9.1,7.9,1.035,1153.2953249999998,2.0,1150,1152.0,100.6,11.451292246520875,6.048707753479125,2.0,605-E230725_P_B_9.B
5012,311.1,15.5,17.5,9.1,7.9,1.035,1153.2953249999998,2.0,1150,1152.0,100.6,11.451292246520875,6.048707753479125,2.0,605-E230725_P_B_9.B
5013,311.1,15.5,17.5,9.1,7.9,1.035,1153.2953249999998,2.0,1150,1152.0,100.6,11.451292246520875,6.048707753479125,2.0,605-E230725_P_B_9.B
5014,311.1,15.5,17.5,9.1,7.9,1.035,1153.2953249999998,2.0,1150,1152.0,100.6,11.451292246520875,6.048707753479125,2.0,605-E230725_P_B_9.B
5015,311.1,15.5,17.5,9.1,7.9,1.035,1153.2953249999998,2.0,1150,1152.0,100.6,11.451292246520875,6.048707753479125,2.0,605-E230725_P_B_9.B
5016,311.1,15.5,17.5,9.1,7.9,1.035,1153.2953249999998,2.0,1150,1152.0,100.6,11.451292246520875,6.048707753479125,2.0,605-E230725_P_B_9.B
5017,311.1,15.5,17.5,9.1,7.9,1.035,1153.2953249999998,2.0,1150,1152.0,100.6,11.451292246520875,6.048707753479125,2.0,605-E230725_P_B_9.B
5018,311.1,15.0,17.0,9.1,7.9,1.022,1102.0737000000001,2.0,1100,1102.0,100.6,10.95427435387674,6.045725646123261,2.0,605-E230725_P_B_9.B
5019,311.1,15.5,17.5,9.1,7.9,1.035,1153.2953249999998,2.0,1150,1152.0,100.6,11.451292246520875,6.048707753479125,2.0,605-E230725_P_B_9.B
5020,311.1,16.0,18.0,9.1,7.9,1.06,1219.2544000000003,2.0,1210,1212.0,100.6,12.047713717693838,5.9522862823061615,2.0,605-E230725_P_B_9.B
5021,311.1,16.0,18.0,9.1,7.9,1.06,1219.2544000000003,2.0,1210,1212.0,100.6,12.047713717693838,5.9522862823061615,2.0,605-E230725_P_B_9.B
5022,311.1,15.5,17.5,9.1,7.9,1.035,1153.2953249999998,2.0,1150,1152.0,100.6,11.451292246520875,6.048707753479125,2.0,605-E230725_P_B_9.B
5023,311.1,15.5,17.5,9.1,7.9,1.035,1153.2953249999998,2.0,1150,1152.0,100.6,11.451292246520875,6.048707753479125,2.0,605-E230725_P_B_9.B
5024,311.1,15.5,17.5,9.1,7.9,1.035,1153.2953249999998,2.0,1150,1152.0,100.6,11.451292246520875,6.048707753479125,2.0,605-E230725_P_B_9.B
5025,311.1,15.5,17.5,9.1,7.9,1.035,1153.2953249999998,2.0,1150,1152.0,100.6,11.451292246520875,6.048707753479125,2.0,605-E230725_P_B_9.B
5026,311.1,15.5,17.5,9.1,7.9,1.035,1153.2953249999998,2.0,1150,1152.0,100.6,11.451292246520875,6.048707753479125,2.0,605-E230725_P_B_9.B
5027,311.1,15.5,17.5,9.1,7.9,1.035,1153.2953249999998,2.0,1150,1152.0,100.6,11.451292246520875,6.048707753479125,2.0,605-E230725_P_B_9.B
5028,311.1,15.5,17.5,9.1,7.9,1.035,1153.2953249999998,2.0,1150,1152.0,100.6,11.451292246520875,6.048707753479125,2.0,605-E230725_P_B_9.B
5029,311.1,16.0,18.0,9.1,7.9,1.06,1219.2544000000003,2.0,1210,1212.0,100.6,12.047713717693838,5.9522862823061615,2.0,605-E230725_P_B_9.B
5030,311.1,16.0,18.0,9.1,7.9,1.06,1219.2544000000003,2.0,1210,1212.0,100.6,12.047713717693838,5.9522862823061615,2.0,605-E230725_P_B_9.B
5031,311.1,16.0,18.0,9.1,7.9,1.06,1219.2544000000003,2.0,1210,1212.0,100.6,12.047713717693838,5.9522862823061615,2.0,605-E230725_P_B_9.B
5032,311.1,16.0,18.0,9.1,7.9,1.06,1219.2544000000003,2.0,1210,1212.0,100.6,12.047713717693838,5.9522862823061615,2.0,605-E230725_P_B_9.B
5033,311.1,16.0,18.0,9.1,7.9,1.06,1219.2544000000003,2.0,1210,1212.0,100.6,12.047713717693838,5.9522862823061615,2.0,605-E230725_P_B_9.B
5034,311.1,16.0,18.0,9.1,7.9,1.06,1219.2544000000003,2.0,1210,1212.0,100.6,12.047713717693838,5.9522862823061615,2.0,605-E230725_P_B_9.B
5035,311.1,15.5,17.5,9.1,7.9,1.035,1153.2953249999998,2.0,1150,1152.0,100.6,11.451292246520875,6.048707753479125,2.0,605-E230725_P_B_9.B
5036,311.1,15.5,17.5,9.1,7.9,1.035,1153.2953249999998,2.0,1150,1152.0,100.6,11.451292246520875,6.048707753479125,2.0,605-E230725_P_B_9.B
5037,311.1,15.5,17.5,9.1,7.9,1.035,1153.2953249999998,2.0,1150,1152.0,100.6,11.451292246520875,6.048707753479125,2.0,605-E230725_P_B_9.B
5038,311.1,15.5,17.5,9.1,7.9,1.035,1153.2953249999998,2.0,1150,1152.0,100.6,11.451292246520875,6.048707753479125,2.0,605-E230725_P_B_9.B
5039,311.1,16.0,18.0,9.1,7.9,1.06,1219.2544000000003,2.0,1210,1212.0,100.6,12.047713717693838,5.9522862823061615,2.0,605-E230725_P_B_9.B
5040,311.1,15.5,17.5,9.1,7.9,1.035,1153.2953249999998,2.0,1150,1152.0,100.6,11.451292246520875,6.048707753479125,2.0,605-E230725_P_B_9.B
5041,311.1,15.0,17.0,9.1,7.9,1.022,1102.0737000000001,2.0,1100,1102.0,100.6,10.95427435387674,6.045725646123261,2.0,605-E230725_P_B_9.B
5042,311.1,15.0,17.0,9.1,7.9,1.022,1102.0737000000001,2.0,1100,1102.0,100.6,10.95427435387674,6.045725646123261,2.0,605-E230725_P_B_9.B
5043,311.1,15.5,17.5,9.1,7.9,1.035,1153.2953249999998,2.0,1150,1152.0,100.6,11.451292246520875,6.048707753479125,2.0,605-E230725_P_B_9.B
5044,311.1,15.5,17.5,9.1,7.9,1.035,1153.2953249999998,2.0,1150,1152.0,100.6,11.451292246520875,6.048707753479125,2.0,605-E230725_P_B_9.B
5045,311.1,15.5,17.5,9.1,7.9,1.035,1153.2953249999998,2.0,1150,1152.0,100.6,11.451292246520875,6.048707753479125,2.0,605-E230725_P_B_9.B
5046,311.1,15.0,17.0,9.1,7.9,1.022,1102.0737000000001,2.0,1100,1102.0,100.6,10.95427435387674,6.045725646123261,2.0,605-E230725_P_B_9.B
5047,311.1,15.0,17.0,9.1,7.9,1.022,1102.0737000000001,2.0,1100,1102.0,100.6,10.95427435387674,6.045725646123261,2.0,605-E230725_P_B_9.B
5048,311.1,15.0,17.0,9.1,7.9,1.022,1102.0737000000001,2.0,1100,1102.0,100.6,10.95427435387674,6.045725646123261,2.0,605-E230725_P_B_9.B
5049,311.1,15.5,17.5,9.1,7.9,1.035,1153.2953249999998,2.0,1150,1152.0,100.6,11.451292246520875,6.048707753479125,2.0,605-E230725_P_B_9.B
5050,311.1,15.5,17.5,9.1,7.9,1.035,1153.2953249999998,2.0,1150,1152.0,100.6,11.451292246520875,6.048707753479125,2.0,605-E230725_P_B_9.B
5051,311.1,15.5,17.5,9.1,7.9,1.035,1153.2953249999998,2.0,1150,1152.0,100.6,11.451292246520875,6.048707753479125,2.0,605-E230725_P_B_9.B
5052,311.1,15.5,17.5,9.1,7.9,1.035,1153.2953249999998,2.0,1150,1152.0,100.6,11.451292246520875,6.048707753479125,2.0,605-E230725_P_B_9.B
5053,311.1,15.5,17.5,9.1,7.9,1.035,1153.2953249999998,2.0,1150,1152.0,100.6,11.451292246520875,6.048707753479125,2.0,605-E230725_P_B_9.B
5054,311.1,16.0,18.0,9.1,7.9,1.06,1219.2544000000003,2.0,1210,1212.0,100.6,12.047713717693838,5.9522862823061615,2.0,605-E230725_P_B_9.B
5055,311.1,16.0,18.0,9.1,7.9,1.06,1219.2544000000003,2.0,1210,1212.0,100.6,12.047713717693838,5.9522862823061615,2.0,605-E230725_P_B_9.B
5056,311.1,15.5,17.5,9.1,7.9,1.035,1153.2953249999998,2.0,1150,1152.0,100.6,11.451292246520875,6.048707753479125,2.0,605-E230725_P_B_9.B
5057,311.1,15.5,17.5,9.1,7.9,1.035,1153.2953249999998,2.0,1150,1152.0,100.6,11.451292246520875,6.048707753479125,2.0,605-E230725_P_B_9.B
5058,311.1,15.5,17.5,9.1,7.9,1.035,1153.2953249999998,2.0,1150,1152.0,100.6,11.451292246520875,6.048707753479125,2.0,605-E230725_P_B_9.B
5059,311.1,15.5,17.5,9.1,7.9,1.035,1153.2953249999998,2.0,1150,1152.0,100.6,11.451292246520875,6.048707753479125,2.0,605-E230725_P_B_9.B
5060,311.1,16.0,18.0,9.1,7.9,1.06,1219.2544000000003,2.0,1210,1212.0,100.6,12.047713717693838,5.9522862823061615,2.0,605-E230725_P_B_9.B
5061,311.1,16.0,18.0,9.1,7.9,1.06,1219.2544000000003,2.0,1210,1212.0,100.6,12.047713717693838,5.9522862823061615,2.0,605-E230725_P_B_9.B
5062,311.1,16.0,18.0,9.1,7.9,1.06,1219.2544000000003,2.0,1210,1212.0,100.6,12.047713717693838,5.9522862823061615,2.0,605-E230725_P_B_9.B
5063,311.1,16.0,18.0,9.1,7.9,1.06,1219.2544000000003,2.0,1210,1212.0,100.6,12.047713717693838,5.9522862823061615,2.0,605-E230725_P_B_9.B
5064,311.1,15.5,17.5,9.1,7.9,1.035,1153.2953249999998,2.0,1150,1152.0,100.6,11.451292246520875,6.048707753479125,2.0,605-E230725_P_B_9.B
5065,311.1,15.5,17.5,9.1,7.9,1.035,1153.2953249999998,2.0,1150,1152.0,100.6,11.451292246520875,6.048707753479125,2.0,605-E230725_P_B_9.B
5066,311.1,15.5,17.5,9.1,7.9,1.035,1153.2953249999998,2.0,1150,1152.0,100.6,11.451292246520875,6.048707753479125,2.0,605-E230725_P_B_9.B
5067,311.1,15.5,17.5,9.1,7.9,1.035,1153.2953249999998,2.0,1150,1152.0,100.6,11.451292246520875,6.048707753479125,2.0,605-E230725_P_B_9.B
5068,311.1,15.5,17.5,9.1,7.9,1.035,1153.2953249999998,2.0,1150,1152.0,100.6,11.451292246520875,6.048707753479125,2.0,605-E230725_P_B_9.B
5069,311.1,15.5,17.5,9.1,7.9,1.035,1153.2953249999998,2.0,1150,1152.0,100.6,11.451292246520875,6.048707753479125,2.0,605-E230725_P_B_9.B
5070,311.1,15.5,17.5,9.1,7.9,1.035,1153.2953249999998,2.0,1150,1152.0,100.6,11.451292246520875,6.048707753479125,2.0,605-E230725_P_B_9.B
5071,311.1,15.0,17.0,9.1,7.9,1.022,1102.0737000000001,2.0,1100,1102.0,100.6,10.95427435387674,6.045725646123261,2.0,605-E230725_P_B_9.B
5072,311.1,15.0,17.0,9.1,7.9,1.022,1102.0737000000001,2.0,1100,1102.0,100.6,10.95427435387674,6.045725646123261,2.0,605-E230725_P_B_9.B
5073,311.1,15.5,17.5,9.1,7.9,1.035,1153.2953249999998,2.0,1150,1152.0,100.6,11.451292246520875,6.048707753479125,2.0,605-E230725_P_B_9.B
5074,311.1,15.5,17.5,9.1,7.9,1.035,1153.2953249999998,2.0,1150,1152.0,100.6,11.451292246520875,6.048707753479125,2.0,605-E230725_P_B_9.B
5075,311.1,15.0,17.0,9.1,7.9,1.022,1102.0737000000001,2.0,1100,1102.0,100.6,10.95427435387674,6.045725646123261,2.0,605-E230725_P_B_9.B
5076,311.1,15.5,17.5,9.1,7.9,1.035,1153.2953249999998,2.0,1150,1152.0,100.6,11.451292246520875,6.048707753479125,2.0,605-E230725_P_B_9.B
5077,311.1,16.0,18.0,9.1,7.9,1.06,1219.2544000000003,2.0,1210,1212.0,100.6,12.047713717693838,5.9522862823061615,2.0,605-E230725_P_B_9.B
5078,311.1,16.0,18.0,9.1,7.9,1.06,1219.2544000000003,2.0,1210,1212.0,100.6,12.047713717693838,5.9522862823061615,2.0,605-E230725_P_B_9.B
5079,311.1,15.5,17.5,9.1,7.9,1.035,1153.2953249999998,2.0,1150,1152.0,100.6,11.451292246520875,6.048707753479125,2.0,605-E230725_P_B_9.B
5080,311.1,15.5,17.5,9.1,7.9,1.035,1153.2953249999998,2.0,1150,1152.0,100.6,11.451292246520875,6.048707753479125,2.0,605-E230725_P_B_9.B
5081,311.1,15.5,17.5,9.1,7.9,1.035,1153.2953249999998,2.0,1150,1152.0,100.6,11.451292246520875,6.048707753479125,2.0,605-E230725_P_B_9.B
5082,311.1,15.5,17.5,9.1,7.9,1.035,1153.2953249999998,2.0,1150,1152.0,100.6,11.451292246520875,6.048707753479125,2.0,605-E230725_P_B_9.B
5083,311.1,15.5,17.5,9.1,7.9,1.035,1153.2953249999998,2.0,1150,1152.0,100.6,11.451292246520875,6.048707753479125,2.0,605-E230725_P_B_9.B
5084,311.1,15.5,17.5,9.1,7.9,1.035,1153.2953249999998,2.0,1150,1152.0,100.6,11.451292246520875,6.048707753479125,2.0,605-E230725_P_B_9.B
5085,311.1,15.5,17.5,9.1,7.9,1.035,1153.2953249999998,2.0,1150,1152.0,100.6,11.451292246520875,6.048707753479125,2.0,605-E230725_P_B_9.B
5086,311.1,16.0,18.0,9.1,7.9,1.06,1219.2544000000003,2.0,1210,1212.0,100.6,12.047713717693838,5.9522862823061615,2.0,605-E230725_P_B_9.B
5087,311.1,15.5,17.5,9.1,7.9,1.035,1153.2953249999998,2.0,1150,1152.0,100.6,11.451292246520875,6.048707753479125,2.0,605-E230725_P_B_9.B
5088,311.1,16.0,18.0,9.1,7.9,1.06,1219.2544000000003,2.0,1210,1212.0,100.6,12.047713717693838,5.9522862823061615,2.0,605-E230725_P_B_9.B
5089,311.1,15.5,17.5,9.1,7.9,1.035,1153.2953249999998,2.0,1150,1152.0,100.6,11.451292246520875,6.048707753479125,2.0,605-E230725_P_B_9.B
5090,311.1,15.5,17.5,9.1,7.9,1.035,1153.2953249999998,2.0,1150,1152.0,100.6,11.451292246520875,6.048707753479125,2.0,605-E230725_P_B_9.B
5091,311.1,15.5,17.5,9.1,7.9,1.035,1153.2953249999998,2.0,1150,1152.0,100.6,11.451292246520875,6.048707753479125,2.0,605-E230725_P_B_9.B
5092,311.1,15.5,17.5,9.1,7.9,1.035,1153.2953249999998,2.0,1150,1152.0,100.6,11.451292246520875,6.048707753479125,2.0,605-E230725_P_B_9.B
5093,311.1,15.5,17.5,9.1,7.9,1.035,1153.2953249999998,2.0,1150,1152.0,100.6,11.451292246520875,6.048707753479125,2.0,605-E230725_P_B_9.B
5094,311.1,15.5,17.5,9.1,7.9,1.035,1153.2953249999998,2.0,1150,1152.0,100.6,11.451292246520875,6.048707753479125,2.0,605-E230725_P_B_9.B
5095,311.1,15.5,17.5,9.1,7.9,1.035,1153.2953249999998,2.0,1150,1152.0,100.6,11.451292246520875,6.048707753479125,2.0,605-E230725_P_B_9.B
5096,311.1,15.5,17.5,9.1,7.9,1.035,1153.2953249999998,2.0,1150,1152.0,100.6,11.451292246520875,6.048707753479125,2.0,605-E230725_P_B_9.B
5097,311.1,15.5,17.5,9.1,7.9,1.035,1153.2953249999998,2.0,1150,1152.0,100.6,11.451292246520875,6.048707753479125,2.0,605-E230725_P_B_9.B
5098,311.1,15.5,17.5,9.1,7.9,1.035,1153.2953249999998,2.0,1150,1152.0,100.6,11.451292246520875,6.048707753479125,2.0,605-E230725_P_B_9.B
5099,311.1,15.5,17.5,9.1,7.9,1.035,1153.2953249999998,2.0,1150,1152.0,100.6,11.451292246520875,6.048707753479125,2.0,605-E230725_P_B_9.B
5100,311.1,16.0,18.0,9.1,7.9,1.06,1219.2544000000003,2.0,1210,1212.0,100.6,12.047713717693838,5.9522862823061615,2.0,605-E230725_P_B_9.B
5101,311.1,16.0,18.0,9.1,7.9,1.06,1219.2544000000003,2.0,1210,1212.0,100.6,12.047713717693838,5.9522862823061615,2.0,605-E230725_P_B_9.B
5102,311.1,16.0,18.0,9.1,7.9,1.06,1219.2544000000003,2.0,1210,1212.0,100.6,12.047713717693838,5.9522862823061615,2.0,605-E230725_P_B_9.B
5103,311.1,16.5,18.5,9.1,7.9,1.07,1269.2179500000002,2.0,1260,1262.0,100.6,12.544731610337973,5.955268389662027,2.0,605-E230725_P_B_9.B
7234,311.1,15.0,17.0,9.1,7.9,0.93,1002.8655000000001,2.0,1000,1002.0,100.6,9.96023856858847,7.039761431411531,2.0,605-E230725_P_B_9.B
7235,311.1,15.5,17.5,9.1,7.9,0.95,1058.5802499999998,2.0,1050,1052.0,100.6,10.457256461232605,7.042743538767395,2.0,605-E230725_P_B_9.B
7236,311.1,15.5,17.5,9.1,7.9,1.035,1153.2953249999998,2.0,1150,1152.0,100.6,11.451292246520875,6.048707753479125,2.0,605-E230725_P_B_9.B
7237,311.1,15.5,17.5,9.1,7.9,1.035,1153.2953249999998,2.0,1150,1152.0,100.6,11.451292246520875,6.048707753479125,2.0,605-E230725_P_B_9.B
7238,311.1,15.5,17.5,9.1,7.9,1.035,1153.2953249999998,2.0,1150,1152.0,100.6,11.451292246520875,6.048707753479125,2.0,605-E230725_P_B_9.B
7239,311.1,15.5,17.5,9.1,7.9,1.035,1153.2953249999998,2.0,1150,1152.0,100.6,11.451292246520875,6.048707753479125,2.0,605-E230725_P_B_9.B
7240,311.1,16.0,18.0,9.1,7.9,1.06,1219.2544000000003,2.0,1210,1212.0,100.6,12.047713717693838,5.9522862823061615,2.0,605-E230725_P_B_9.B
7241,311.1,15.0,17.0,9.1,7.9,0.93,1002.8655000000001,2.0,1000,1002.0,100.6,9.96023856858847,7.039761431411531,2.0,605-E230725_P_B_9.B
7242,311.1,15.5,17.5,9.1,7.9,0.95,1058.5802499999998,2.0,1050,1052.0,100.6,10.457256461232605,7.042743538767395,2.0,605-E230725_P_B_9.B
7243,311.1,15.5,17.5,9.1,7.9,1.035,1153.2953249999998,2.0,1150,1152.0,100.6,11.451292246520875,6.048707753479125,2.0,605-E230725_P_B_9.B
7244,311.1,15.5,17.5,9.1,7.9,1.035,1153.2953249999998,2.0,1150,1152.0,100.6,11.451292246520875,6.048707753479125,2.0,605-E230725_P_B_9.B
7245,311.1,15.5,17.5,9.1,7.9,1.035,1153.2953249999998,2.0,1150,1152.0,100.6,11.451292246520875,6.048707753479125,2.0,605-E230725_P_B_9.B
7246,311.1,15.5,17.5,9.1,7.9,1.035,1153.2953249999998,2.0,1150,1152.0,100.6,11.451292246520875,6.048707753479125,2.0,605-E230725_P_B_9.B
7247,311.1,16.0,18.0,9.1,7.9,1.06,1219.2544000000003,2.0,1210,1212.0,100.6,12.047713717693838,5.9522862823061615,2.0,605-E230725_P_B_9.B
7248,311.1,16.0,18.0,9.1,7.9,1.06,1219.2544000000003,2.0,1210,1212.0,100.6,12.047713717693838,5.9522862823061615,2.0,605-E230725_P_B_9.B
7249,311.1,16.0,18.0,9.1,7.9,1.06,1219.2544000000003,2.0,1210,1212.0,100.6,12.047713717693838,5.9522862823061615,2.0,605-E230725_P_B_9.B
7250,311.1,16.0,18.0,9.1,7.9,1.06,1219.2544000000003,2.0,1210,1212.0,100.6,12.047713717693838,5.9522862823061615,2.0,605-E230725_P_B_9.B
7251,311.1,15.5,17.5,9.1,7.9,1.035,1153.2953249999998,2.0,1150,1152.0,100.6,11.451292246520875,6.048707753479125,2.0,605-E230725_P_B_9.B
7252,311.1,15.5,17.5,9.1,7.9,1.035,1153.2953249999998,2.0,1150,1152.0,100.6,11.451292246520875,6.048707753479125,2.0,605-E230725_P_B_9.B
7253,311.1,15.5,17.5,9.1,7.9,1.035,1153.2953249999998,2.0,1150,1152.0,100.6,11.451292246520875,6.048707753479125,2.0,605-E230725_P_B_9.B
7254,311.1,15.5,17.5,9.1,7.9,1.035,1153.2953249999998,2.0,1150,1152.0,100.6,11.451292246520875,6.048707753479125,2.0,605-E230725_P_B_9.B
7255,311.1,15.5,17.5,9.1,7.9,1.035,1153.2953249999998,2.0,1150,1152.0,100.6,11.451292246520875,6.048707753479125,2.0,605-E230725_P_B_9.B
7256,311.1,15.5,17.5,9.1,7.9,1.035,1153.2953249999998,2.0,1150,1152.0,100.6,11.451292246520875,6.048707753479125,2.0,605-E230725_P_B_9.B
7257,311.1,15.5,17.5,9.1,7.9,1.035,1153.2953249999998,2.0,1150,1152.0,100.6,11.451292246520875,6.048707753479125,2.0,605-E230725_P_B_9.B
7258,311.1,15.5,17.5,9.1,7.9,1.035,1153.2953249999998,2.0,1150,1152.0,100.6,11.451292246520875,6.048707753479125,2.0,605-E230725_P_B_9.B
7259,311.1,15.5,17.5,9.1,7.9,1.035,1153.2953249999998,2.0,1150,1152.0,100.6,11.451292246520875,6.048707753479125,2.0,605-E230725_P_B_9.B
7260,311.1,15.5,17.5,9.1,7.9,1.035,1153.2953249999998,2.0,1150,1152.0,100.6,11.451292246520875,6.048707753479125,2.0,605-E230725_P_B_9.B
7261,311.1,15.5,17.5,9.1,7.9,0.95,1058.5802499999998,2.0,1050,1052.0,100.6,10.457256461232605,7.042743538767395,2.0,605-E230725_P_B_9.B
7262,311.1,15.5,17.5,9.1,7.9,0.95,1058.5802499999998,2.0,1050,1052.0,100.6,10.457256461232605,7.042743538767395,2.0,605-E230725_P_B_9.B
7263,311.1,15.5,17.5,9.1,7.9,0.95,1058.5802499999998,2.0,1050,1052.0,100.6,10.457256461232605,7.042743538767395,2.0,605-E230725_P_B_9.B
7264,311.1,15.5,17.5,9.1,7.9,0.95,1058.5802499999998,2.0,1050,1052.0,100.6,10.457256461232605,7.042743538767395,2.0,605-E230725_P_B_9.B
7265,311.1,16.0,18.0,9.1,7.9,1.06,1219.2544000000003,2.0,1210,1212.0,100.6,12.047713717693838,5.9522862823061615,2.0,605-E230725_P_B_9.B
7266,311.1,16.0,18.0,9.1,7.9,1.06,1219.2544000000003,2.0,1210,1212.0,100.6,12.047713717693838,5.9522862823061615,2.0,605-E230725_P_B_9.B
7267,311.1,15.5,17.5,9.1,7.9,1.035,1153.2953249999998,2.0,1150,1152.0,100.6,11.451292246520875,6.048707753479125,2.0,605-E230725_P_B_9.B
7268,311.1,15.5,17.5,9.1,7.9,1.035,1153.2953249999998,2.0,1150,1152.0,100.6,11.451292246520875,6.048707753479125,2.0,605-E230725_P_B_9.B
7269,311.1,15.5,17.5,9.1,7.9,1.035,1153.2953249999998,2.0,1150,1152.0,100.6,11.451292246520875,6.048707753479125,2.0,605-E230725_P_B_9.B
7270,311.1,15.5,17.5,9.1,7.9,1.035,1153.2953249999998,2.0,1150,1152.0,100.6,11.451292246520875,6.048707753479125,2.0,605-E230725_P_B_9.B
7271,311.1,15.5,17.5,9.1,7.9,1.035,1153.2953249999998,2.0,1150,1152.0,100.6,11.451292246520875,6.048707753479125,2.0,605-E230725_P_B_9.B
7272,311.1,15.5,17.5,9.1,7.9,1.035,1153.2953249999998,2.0,1150,1152.0,100.6,11.451292246520875,6.048707753479125,2.0,605-E230725_P_B_9.B
7273,311.1,15.5,17.5,9.1,7.9,1.035,1153.2953249999998,2.0,1150,1152.0,100.6,11.451292246520875,6.048707753479125,2.0,605-E230725_P_B_9.B
7274,311.1,15.5,17.5,9.1,7.9,1.035,1153.2953249999998,2.0,1150,1152.0,100.6,11.451292246520875,6.048707753479125,2.0,605-E230725_P_B_9.B
7275,311.1,15.5,17.5,9.1,7.9,1.035,1153.2953249999998,2.0,1150,1152.0,100.6,11.451292246520875,6.048707753479125,2.0,605-E230725_P_B_9.B
7276,311.1,15.5,17.5,9.1,7.9,1.035,1153.2953249999998,2.0,1150,1152.0,100.6,11.451292246520875,6.048707753479125,2.0,605-E230725_P_B_9.B
7277,311.1,15.5,17.5,9.1,7.9,1.035,1153.2953249999998,2.0,1150,1152.0,100.6,11.451292246520875,6.048707753479125,2.0,605-E230725_P_B_9.B
7278,311.1,15.5,17.5,9.1,7.9,1.035,1153.2953249999998,2.0,1150,1152.0,100.6,11.451292246520875,6.048707753479125,2.0,605-E230725_P_B_9.B
7279,311.1,15.5,17.5,9.1,7.9,1.035,1153.2953249999998,2.0,1150,1152.0,100.6,11.451292246520875,6.048707753479125,2.0,605-E230725_P_B_9.B
7280,311.1,15.5,17.5,9.1,7.9,0.95,1058.5802499999998,2.0,1050,1052.0,100.6,10.457256461232605,7.042743538767395,2.0,605-E230725_P_B_9.B
7281,311.1,15.0,17.0,9.1,7.9,0.93,1002.8655000000001,2.0,1000,1002.0,100.6,9.96023856858847,7.039761431411531,2.0,605-E230725_P_B_9.B
7282,311.1,15.5,17.5,9.1,7.9,0.95,1058.5802499999998,2.0,1050,1052.0,100.6,10.457256461232605,7.042743538767395,2.0,605-E230725_P_B_9.B
7283,311.1,15.5,17.5,9.1,7.9,0.95,1058.5802499999998,2.0,1050,1052.0,100.6,10.457256461232605,7.042743538767395,2.0,605-E230725_P_B_9.B
7284,311.1,15.5,17.5,9.1,7.9,0.95,1058.5802499999998,2.0,1050,1052.0,100.6,10.457256461232605,7.042743538767395,2.0,605-E230725_P_B_9.B
7285,311.1,15.5,17.5,9.1,7.9,1.035,1153.2953249999998,2.0,1150,1152.0,100.6,11.451292246520875,6.048707753479125,2.0,605-E230725_P_B_9.B
7286,311.1,15.5,17.5,9.1,7.9,1.035,1153.2953249999998,2.0,1150,1152.0,100.6,11.451292246520875,6.048707753479125,2.0,605-E230725_P_B_9.B
7287,311.1,15.5,17.5,9.1,7.9,1.035,1153.2953249999998,2.0,1150,1152.0,100.6,11.451292246520875,6.048707753479125,2.0,605-E230725_P_B_9.B
7288,311.1,15.5,17.5,9.1,7.9,1.035,1153.2953249999998,2.0,1150,1152.0,100.6,11.451292246520875,6.048707753479125,2.0,605-E230725_P_B_9.B
7289,311.1,15.0,17.0,9.1,7.9,1.022,1102.0737000000001,2.0,1100,1102.0,100.6,10.95427435387674,6.045725646123261,2.0,605-E230725_P_B_9.B
7290,311.1,15.5,17.5,9.1,7.9,1.035,1153.2953249999998,2.0,1150,1152.0,100.6,11.451292246520875,6.048707753479125,2.0,605-E230725_P_B_9.B
7291,311.1,15.5,17.5,9.1,7.9,1.035,1153.2953249999998,2.0,1150,1152.0,100.6,11.451292246520875,6.048707753479125,2.0,605-E230725_P_B_9.B
7292,311.1,15.5,17.5,9.1,7.9,1.035,1153.2953249999998,2.0,1150,1152.0,100.6,11.451292246520875,6.048707753479125,2.0,605-E230725_P_B_9.B
7293,311.1,15.5,17.5,9.1,7.9,1.035,1153.2953249999998,2.0,1150,1152.0,100.6,11.451292246520875,6.048707753479125,2.0,605-E230725_P_B_9.B
7294,311.1,16.0,18.0,9.1,7.9,1.06,1219.2544000000003,2.0,1210,1212.0,100.6,12.047713717693838,5.9522862823061615,2.0,605-E230725_P_B_9.B
7295,311.1,16.0,18.0,9.1,7.9,1.06,1219.2544000000003,2.0,1210,1212.0,100.6,12.047713717693838,5.9522862823061615,2.0,605-E230725_P_B_9.B
7296,311.1,16.5,18.5,9.1,7.9,1.07,1269.2179500000002,2.0,1260,1262.0,100.6,12.544731610337973,5.955268389662027,2.0,605-E230725_P_B_9.B
7297,311.1,16.0,18.0,9.1,7.9,1.06,1219.2544000000003,2.0,1210,1212.0,100.6,12.047713717693838,5.9522862823061615,2.0,605-E230725_P_B_9.B
7298,311.1,15.5,17.5,9.1,7.9,1.035,1153.2953249999998,2.0,1150,1152.0,100.6,11.451292246520875,6.048707753479125,2.0,605-E230725_P_B_9.B
7299,311.1,16.0,18.0,9.1,7.9,1.06,1219.2544000000003,2.0,1210,1212.0,100.6,12.047713717693838,5.9522862823061615,2.0,605-E230725_P_B_9.B
7300,311.1,15.5,17.5,9.1,7.9,1.035,1153.2953249999998,2.0,1150,1152.0,100.6,11.451292246520875,6.048707753479125,2.0,605-E230725_P_B_9.B
7301,311.1,15.5,17.5,9.1,7.9,1.035,1153.2953249999998,2.0,1150,1152.0,100.6,11.451292246520875,6.048707753479125,2.0,605-E230725_P_B_9.B
7302,311.1,15.5,17.5,9.1,7.9,1.035,1153.2953249999998,2.0,1150,1152.0,100.6,11.451292246520875,6.048707753479125,2.0,605-E230725_P_B_9.B
7303,311.1,15.5,17.5,9.1,7.9,0.95,1058.5802499999998,2.0,1050,1052.0,100.6,10.457256461232605,7.042743538767395,2.0,605-E230725_P_B_9.B
7304,311.1,15.0,17.0,9.1,7.9,0.93,1002.8655000000001,2.0,1000,1002.0,100.6,9.96023856858847,7.039761431411531,2.0,605-E230725_P_B_9.B
7305,311.1,15.0,17.0,9.1,7.9,0.93,1002.8655000000001,2.0,1000,1002.0,100.6,9.96023856858847,7.039761431411531,2.0,605-E230725_P_B_9.B
7306,311.1,15.5,17.5,9.1,7.9,1.035,1153.2953249999998,2.0,1150,1152.0,100.6,11.451292246520875,6.048707753479125,2.0,605-E230725_P_B_9.B
7307,311.1,15.5,17.5,9.1,7.9,1.035,1153.2953249999998,2.0,1150,1152.0,100.6,11.451292246520875,6.048707753479125,2.0,605-E230725_P_B_9.B
7308,311.1,15.0,17.0,9.1,7.9,1.022,1102.0737000000001,2.0,1100,1102.0,100.6,10.95427435387674,6.045725646123261,2.0,605-E230725_P_B_9.B
7309,311.1,15.0,17.0,9.1,7.9,1.022,1102.0737000000001,2.0,1100,1102.0,100.6,10.95427435387674,6.045725646123261,2.0,605-E230725_P_B_9.B
7310,311.1,15.5,17.5,9.1,7.9,1.035,1153.2953249999998,2.0,1150,1152.0,100.6,11.451292246520875,6.048707753479125,2.0,605-E230725_P_B_9.B
7311,311.1,16.0,18.0,9.1,7.9,1.06,1219.2544000000003,2.0,1210,1212.0,100.6,12.047713717693838,5.9522862823061615,2.0,605-E230725_P_B_9.B
7312,311.1,15.5,17.5,9.1,7.9,1.035,1153.2953249999998,2.0,1150,1152.0,100.6,11.451292246520875,6.048707753479125,2.0,605-E230725_P_B_9.B
7313,311.1,15.5,17.5,9.1,7.9,1.035,1153.2953249999998,2.0,1150,1152.0,100.6,11.451292246520875,6.048707753479125,2.0,605-E230725_P_B_9.B
7314,311.1,15.0,17.0,9.1,7.9,0.93,1002.8655000000001,2.0,1000,1002.0,100.6,9.96023856858847,7.039761431411531,2.0,605-E230725_P_B_9.B
7315,311.1,15.5,17.5,9.1,7.9,0.95,1058.5802499999998,2.0,1050,1052.0,100.6,10.457256461232605,7.042743538767395,2.0,605-E230725_P_B_9.B
7316,311.1,15.5,17.5,9.1,7.9,0.95,1058.5802499999998,2.0,1050,1052.0,100.6,10.457256461232605,7.042743538767395,2.0,605-E230725_P_B_9.B
7317,311.1,15.0,17.0,9.1,7.9,0.93,1002.8655000000001,2.0,1000,1002.0,100.6,9.96023856858847,7.039761431411531,2.0,605-E230725_P_B_9.B
7318,311.1,15.0,17.0,9.1,7.9,1.022,1102.0737000000001,2.0,1100,1102.0,100.6,10.95427435387674,6.045725646123261,2.0,605-E230725_P_B_9.B
7319,311.1,15.5,17.5,9.1,7.9,1.035,1153.2953249999998,2.0,1150,1152.0,100.6,11.451292246520875,6.048707753479125,2.0,605-E230725_P_B_9.B
7320,311.1,15.5,17.5,9.1,7.9,1.035,1153.2953249999998,2.0,1150,1152.0,100.6,11.451292246520875,6.048707753479125,2.0,605-E230725_P_B_9.B
7321,311.1,15.5,17.5,9.1,7.9,1.035,1153.2953249999998,2.0,1150,1152.0,100.6,11.451292246520875,6.048707753479125,2.0,605-E230725_P_B_9.B
7322,311.1,15.5,17.5,9.1,7.9,1.035,1153.2953249999998,2.0,1150,1152.0,100.6,11.451292246520875,6.048707753479125,2.0,605-E230725_P_B_9.B
7323,311.1,16.0,18.0,9.1,7.9,1.06,1219.2544000000003,2.0,1210,1212.0,100.6,12.047713717693838,5.9522862823061615,2.0,605-E230725_P_B_9.B
7324,311.1,15.5,17.5,9.1,7.9,1.035,1153.2953249999998,2.0,1150,1152.0,100.6,11.451292246520875,6.048707753479125,2.0,605-E230725_P_B_9.B
7325,311.1,15.5,17.5,9.1,7.9,1.035,1153.2953249999998,2.0,1150,1152.0,100.6,11.451292246520875,6.048707753479125,2.0,605-E230725_P_B_9.B
7326,311.1,15.0,17.0,9.1,7.9,1.022,1102.0737000000001,2.0,1100,1102.0,100.6,10.95427435387674,6.045725646123261,2.0,605-E230725_P_B_9.B
7327,311.1,15.0,17.0,9.1,7.9,1.022,1102.0737000000001,2.0,1100,1102.0,100.6,10.95427435387674,6.045725646123261,2.0,605-E230725_P_B_9.B
7328,311.1,15.0,17.0,9.1,7.9,1.022,1102.0737000000001,2.0,1100,1102.0,100.6,10.95427435387674,6.045725646123261,2.0,605-E230725_P_B_9.B
7329,311.1,15.0,17.0,9.1,7.9,1.022,1102.0737000000001,2.0,1100,1102.0,100.6,10.95427435387674,6.045725646123261,2.0,605-E230725_P_B_9.B
7330,311.1,15.0,17.0,9.1,7.9,0.93,1002.8655000000001,2.0,1000,1002.0,100.6,9.96023856858847,7.039761431411531,2.0,605-E230725_P_B_9.B
7331,311.1,15.0,17.0,9.1,7.9,0.93,1002.8655000000001,2.0,1000,1002.0,100.6,9.96023856858847,7.039761431411531,2.0,605-E230725_P_B_9.B
7332,311.1,15.5,17.5,9.1,7.9,0.95,1058.5802499999998,2.0,1050,1052.0,100.6,10.457256461232605,7.042743538767395,2.0,605-E230725_P_B_9.B
7333,311.1,15.0,17.0,9.1,7.9,0.93,1002.8655000000001,2.0,1000,1002.0,100.6,9.96023856858847,7.039761431411531,2.0,605-E230725_P_B_9.B
7334,311.1,15.5,17.5,9.1,7.9,0.95,1058.5802499999998,2.0,1050,1052.0,100.6,10.457256461232605,7.042743538767395,2.0,605-E230725_P_B_9.B
7335,311.1,15.0,17.0,9.1,7.9,0.93,1002.8655000000001,2.0,1000,1002.0,100.6,9.96023856858847,7.039761431411531,2.0,605-E230725_P_B_9.B
7336,311.1,15.5,17.5,9.1,7.9,1.035,1153.2953249999998,2.0,1150,1152.0,100.6,11.451292246520875,6.048707753479125,2.0,605-E230725_P_B_9.B
7337,311.1,15.5,17.5,9.1,7.9,1.035,1153.2953249999998,2.0,1150,1152.0,100.6,11.451292246520875,6.048707753479125,2.0,605-E230725_P_B_9.B
7338,311.1,15.5,17.5,9.1,7.9,1.035,1153.2953249999998,2.0,1150,1152.0,100.6,11.451292246520875,6.048707753479125,2.0,605-E230725_P_B_9.B
7339,311.1,15.5,17.5,9.1,7.9,1.035,1153.2953249999998,2.0,1150,1152.0,100.6,11.451292246520875,6.048707753479125,2.0,605-E230725_P_B_9.B
7340,311.1,16.0,18.0,9.1,7.9,1.06,1219.2544000000003,2.0,1210,1212.0,100.6,12.047713717693838,5.9522862823061615,2.0,605-E230725_P_B_9.B
7341,311.1,15.5,17.5,9.1,7.9,1.035,1153.2953249999998,2.0,1150,1152.0,100.6,11.451292246520875,6.048707753479125,2.0,605-E230725_P_B_9.B
7342,311.1,15.5,17.5,9.1,7.9,1.035,1153.2953249999998,2.0,1150,1152.0,100.6,11.451292246520875,6.048707753479125,2.0,605-E230725_P_B_9.B
7343,311.1,15.5,17.5,9.1,7.9,1.035,1153.2953249999998,2.0,1150,1152.0,100.6,11.451292246520875,6.048707753479125,2.0,605-E230725_P_B_9.B
7344,311.1,15.0,17.0,9.1,7.9,1.022,1102.0737000000001,2.0,1100,1102.0,100.6,10.95427435387674,6.045725646123261,2.0,605-E230725_P_B_9.B
7345,311.1,15.5,17.5,9.1,7.9,1.035,1153.2953249999998,2.0,1150,1152.0,100.6,11.451292246520875,6.048707753479125,2.0,605-E230725_P_B_9.B
7346,311.1,15.5,17.5,9.1,7.9,1.035,1153.2953249999998,2.0,1150,1152.0,100.6,11.451292246520875,6.048707753479125,2.0,605-E230725_P_B_9.B
7347,311.1,15.0,17.0,9.1,7.9,0.93,1002.8655000000001,2.0,1000,1002.0,100.6,9.96023856858847,7.039761431411531,2.0,605-E230725_P_B_9.B
7348,311.1,15.0,17.0,9.1,7.9,0.93,1002.8655000000001,2.0,1000,1002.0,100.6,9.96023856858847,7.039761431411531,2.0,605-E230725_P_B_9.B
7349,311.1,15.0,17.0,9.1,7.9,0.93,1002.8655000000001,2.0,1000,1002.0,100.6,9.96023856858847,7.039761431411531,2.0,605-E230725_P_B_9.B
7350,311.1,15.5,17.5,9.1,7.9,0.95,1058.5802499999998,2.0,1050,1052.0,100.6,10.457256461232605,7.042743538767395,2.0,605-E230725_P_B_9.B
7351,311.1,15.5,17.5,9.1,7.9,1.035,1153.2953249999998,2.0,1150,1152.0,100.6,11.451292246520875,6.048707753479125,2.0,605-E230725_P_B_9.B
7352,311.1,15.0,17.0,9.1,7.9,1.022,1102.0737000000001,2.0,1100,1102.0,100.6,10.95427435387674,6.045725646123261,2.0,605-E230725_P_B_9.B
7353,311.1,15.0,17.0,9.1,7.9,1.022,1102.0737000000001,2.0,1100,1102.0,100.6,10.95427435387674,6.045725646123261,2.0,605-E230725_P_B_9.B
7354,311.1,15.5,17.5,9.1,7.9,1.035,1153.2953249999998,2.0,1150,1152.0,100.6,11.451292246520875,6.048707753479125,2.0,605-E230725_P_B_9.B
7355,311.1,16.0,18.0,9.1,7.9,1.06,1219.2544000000003,2.0,1210,1212.0,100.6,12.047713717693838,5.9522862823061615,2.0,605-E230725_P_B_9.B
7356,311.1,15.5,17.5,9.1,7.9,1.035,1153.2953249999998,2.0,1150,1152.0,100.6,11.451292246520875,6.048707753479125,2.0,605-E230725_P_B_9.B
7359,311.1,16.0,18.0,9.1,7.9,1.06,1219.2544000000003,2.0,1210,1212.0,100.6,12.047713717693838,5.9522862823061615,2.0,605-E230725_P_B_9.B
7360,311.1,16.0,18.0,9.1,7.9,1.06,1219.2544000000003,2.0,1210,1212.0,100.6,12.047713717693838,5.9522862823061615,2.0,605-E230725_P_B_9.B
7361,311.1,16.0,18.0,9.1,7.9,0.96,1104.2304,2.0,1100,1102.0,100.6,10.95427435387674,7.045725646123261,2.0,605-E230725_P_B_9.B
7370,311.1,15.5,17.5,9.1,7.9,0.95,1058.5802499999998,2.0,1050,1052.0,100.6,10.457256461232605,7.042743538767395,2.0,605-E230725_P_B_9.B
7371,311.1,15.5,17.5,9.1,7.9,0.95,1058.5802499999998,2.0,1050,1052.0,100.6,10.457256461232605,7.042743538767395,2.0,605-E230725_P_B_9.B
7372,311.1,15.5,17.5,9.1,7.9,0.95,1058.5802499999998,2.0,1050,1052.0,100.6,10.457256461232605,7.042743538767395,2.0,605-E230725_P_B_9.B
7386,311.1,16.0,18.0,9.1,7.9,1.06,1219.2544000000003,2.0,1210,1212.0,100.6,12.047713717693838,5.9522862823061615,2.0,605-E230725_P_B_9.B
7387,311.1,16.0,18.0,9.1,7.9,1.06,1219.2544000000003,2.0,1210,1212.0,100.6,12.047713717693838,5.9522862823061615,2.0,605-E230725_P_B_9.B
7388,311.1,16.5,18.5,9.1,7.9,1.07,1269.2179500000002,2.0,1260,1262.0,100.6,12.544731610337973,5.955268389662027,2.0,605-E230725_P_B_9.B
7389,311.1,16.0,18.0,9.1,7.9,0.96,1104.2304,2.0,1100,1102.0,100.6,10.95427435387674,7.045725646123261,2.0,605-E230725_P_B_9.B
7397,311.1,15.5,17.5,9.1,7.9,0.95,1058.5802499999998,2.0,1050,1052.0,100.6,10.457256461232605,7.042743538767395,2.0,605-E230725_P_B_9.B
7398,311.1,15.5,17.5,9.1,7.9,0.95,1058.5802499999998,2.0,1050,1052.0,100.6,10.457256461232605,7.042743538767395,2.0,605-E230725_P_B_9.B
7399,311.1,15.5,17.5,9.1,7.9,0.95,1058.5802499999998,2.0,1050,1052.0,100.6,10.457256461232605,7.042743538767395,2.0,605-E230725_P_B_9.B
7400,311.1,15.5,17.5,9.1,7.9,0.95,1058.5802499999998,2.0,1050,1052.0,100.6,10.457256461232605,7.042743538767395,2.0,605-E230725_P_B_9.B
7401,311.1,15.5,17.5,9.1,7.9,0.95,1058.5802499999998,2.0,1050,1052.0,100.6,10.457256461232605,7.042743538767395,2.0,605-E230725_P_B_9.B
7413,311.1,15.0,17.0,9.1,7.9,0.93,1002.8655000000001,2.0,1000,1002.0,100.6,9.96023856858847,7.039761431411531,2.0,605-E230725_P_B_9.B
8156,311.1,16.0,18.0,9.1,7.9,1.06,1219.2544000000003,2.0,1210,1212.0,100.6,12.047713717693838,5.9522862823061615,2.0,605-E230725_P_B_9.B
8157,311.1,16.0,18.0,9.1,7.9,1.06,1219.2544000000003,2.0,1210,1212.0,100.6,12.047713717693838,5.9522862823061615,2.0,605-E230725_P_B_9.B
8158,311.1,16.0,18.0,9.1,7.9,1.06,1219.2544000000003,2.0,1210,1212.0,100.6,12.047713717693838,5.9522862823061615,2.0,605-E230725_P_B_9.B
8159,311.1,16.0,18.0,9.1,7.9,1.06,1219.2544000000003,2.0,1210,1212.0,100.6,12.047713717693838,5.9522862823061615,2.0,605-E230725_P_B_9.B
8160,311.1,17.5,19.5,9.1,7.9,1.09,1371.30175,2.0,1360,1362.0,100.6,13.538767395626243,5.961232604373757,2.0,605-E230725_P_B_9.B
8161,311.1,17.5,19.5,9.1,7.9,1.09,1371.30175,2.0,1360,1362.0,100.6,13.538767395626243,5.961232604373757,2.0,605-E230725_P_B_9.B
8162,311.1,17.5,19.5,9.1,7.9,1.09,1371.30175,2.0,1360,1362.0,100.6,13.538767395626243,5.961232604373757,2.0,605-E230725_P_B_9.B
8163,311.1,16.0,18.0,9.1,7.9,1.06,1219.2544000000003,2.0,1210,1212.0,100.6,12.047713717693838,5.9522862823061615,2.0,605-E230725_P_B_9.B
8164,311.1,16.0,18.0,9.1,7.9,1.06,1219.2544000000003,2.0,1210,1212.0,100.6,12.047713717693838,5.9522862823061615,2.0,605-E230725_P_B_9.B
8165,311.1,16.0,18.0,9.1,7.9,1.06,1219.2544000000003,2.0,1210,1212.0,100.6,12.047713717693838,5.9522862823061615,2.0,605-E230725_P_B_9.B
8166,311.1,16.0,18.0,9.1,7.9,1.06,1219.2544000000003,2.0,1210,1212.0,100.6,12.047713717693838,5.9522862823061615,2.0,605-E230725_P_B_9.B
8167,311.1,16.0,18.0,9.1,7.9,1.06,1219.2544000000003,2.0,1210,1212.0,100.6,12.047713717693838,5.9522862823061615,2.0,605-E230725_P_B_9.B
8168,311.1,16.0,18.0,9.1,7.9,1.06,1219.2544000000003,2.0,1210,1212.0,100.6,12.047713717693838,5.9522862823061615,2.0,605-E230725_P_B_9.B
8169,311.1,16.0,18.0,9.1,7.9,1.06,1219.2544000000003,2.0,1210,1212.0,100.6,12.047713717693838,5.9522862823061615,2.0,605-E230725_P_B_9.B
8170,311.1,16.0,18.0,9.1,7.9,1.06,1219.2544000000003,2.0,1210,1212.0,100.6,12.047713717693838,5.9522862823061615,2.0,605-E230725_P_B_9.B
8171,311.1,16.0,18.0,9.1,7.9,1.06,1219.2544000000003,2.0,1210,1212.0,100.6,12.047713717693838,5.9522862823061615,2.0,605-E230725_P_B_9.B
8172,311.1,16.5,18.5,9.1,7.9,1.07,1269.2179500000002,2.0,1260,1262.0,100.6,12.544731610337973,5.955268389662027,2.0,605-E230725_P_B_9.B
8173,311.1,16.5,18.5,9.1,7.9,1.07,1269.2179500000002,2.0,1260,1262.0,100.6,12.544731610337973,5.955268389662027,2.0,605-E230725_P_B_9.B
8174,311.1,16.5,18.5,9.1,7.9,1.07,1269.2179500000002,2.0,1260,1262.0,100.6,12.544731610337973,5.955268389662027,2.0,605-E230725_P_B_9.B
8175,311.1,16.5,18.5,9.1,7.9,1.07,1269.2179500000002,2.0,1260,1262.0,100.6,12.544731610337973,5.955268389662027,2.0,605-E230725_P_B_9.B
8176,311.1,16.0,18.0,9.1,7.9,1.06,1219.2544000000003,2.0,1210,1212.0,100.6,12.047713717693838,5.9522862823061615,2.0,605-E230725_P_B_9.B
8177,311.1,16.0,18.0,9.1,7.9,1.06,1219.2544000000003,2.0,1210,1212.0,100.6,12.047713717693838,5.9522862823061615,2.0,605-E230725_P_B_9.B
8178,311.1,16.0,18.0,9.1,7.9,1.06,1219.2544000000003,2.0,1210,1212.0,100.6,12.047713717693838,5.9522862823061615,2.0,605-E230725_P_B_9.B
8179,311.1,16.5,18.5,9.1,7.9,1.07,1269.2179500000002,2.0,1260,1262.0,100.6,12.544731610337973,5.955268389662027,2.0,605-E230725_P_B_9.B
8180,311.1,16.5,18.5,9.1,7.9,1.07,1269.2179500000002,2.0,1260,1262.0,100.6,12.544731610337973,5.955268389662027,2.0,605-E230725_P_B_9.B
8181,311.1,16.5,18.5,9.1,7.9,1.07,1269.2179500000002,2.0,1260,1262.0,100.6,12.544731610337973,5.955268389662027,2.0,605-E230725_P_B_9.B
8182,311.1,16.5,18.5,9.1,7.9,1.07,1269.2179500000002,2.0,1260,1262.0,100.6,12.544731610337973,5.955268389662027,2.0,605-E230725_P_B_9.B
8183,311.1,17.0,19.0,9.1,7.9,1.08,1319.9004,2.0,1310,1312.0,100.6,13.041749502982109,5.958250497017891,2.0,605-E230725_P_B_9.B
8184,311.1,17.0,19.0,9.1,7.9,1.08,1319.9004,2.0,1310,1312.0,100.6,13.041749502982109,5.958250497017891,2.0,605-E230725_P_B_9.B
8185,311.1,16.5,18.5,9.1,7.9,1.07,1269.2179500000002,2.0,1260,1262.0,100.6,12.544731610337973,5.955268389662027,2.0,605-E230725_P_B_9.B
8186,311.1,16.5,18.5,9.1,7.9,1.07,1269.2179500000002,2.0,1260,1262.0,100.6,12.544731610337973,5.955268389662027,2.0,605-E230725_P_B_9.B
8187,311.1,17.0,19.0,9.1,7.9,1.08,1319.9004,2.0,1310,1312.0,100.6,13.041749502982109,5.958250497017891,2.0,605-E230725_P_B_9.B
8188,311.1,16.5,18.5,9.1,7.9,1.07,1269.2179500000002,2.0,1260,1262.0,100.6,12.544731610337973,5.955268389662027,2.0,605-E230725_P_B_9.B
8189,311.1,16.5,18.5,9.1,7.9,1.07,1269.2179500000002,2.0,1260,1262.0,100.6,12.544731610337973,5.955268389662027,2.0,605-E230725_P_B_9.B
8190,311.1,17.0,19.0,9.1,7.9,1.08,1319.9004,2.0,1310,1312.0,100.6,13.041749502982109,5.958250497017891,2.0,605-E230725_P_B_9.B
8191,311.1,17.0,19.0,9.1,7.9,1.08,1319.9004,2.0,1310,1312.0,100.6,13.041749502982109,5.958250497017891,2.0,605-E230725_P_B_9.B
8192,311.1,17.5,19.5,9.1,7.9,1.09,1371.30175,2.0,1360,1362.0,100.6,13.538767395626243,5.961232604373757,2.0,605-E230725_P_B_9.B
8193,311.1,17.5,19.5,9.1,7.9,1.09,1371.30175,2.0,1360,1362.0,100.6,13.538767395626243,5.961232604373757,2.0,605-E230725_P_B_9.B
8194,311.1,17.0,19.0,9.1,7.9,1.08,1319.9004,2.0,1310,1312.0,100.6,13.041749502982109,5.958250497017891,2.0,605-E230725_P_B_9.B
8195,311.1,17.0,19.0,9.1,7.9,1.08,1319.9004,2.0,1310,1312.0,100.6,13.041749502982109,5.958250497017891,2.0,605-E230725_P_B_9.B
18179,311.1,16.5,18.5,9.1,7.9,1.07,1269.2179500000002,2.0,1260,1262.0,100.6,12.544731610337973,5.955268389662027,2.0,605-E230725_P_B_9.B
18180,311.1,16.0,18.0,9.1,7.9,1.06,1219.2544000000003,2.0,1210,1212.0,100.6,12.047713717693838,5.9522862823061615,2.0,605-E230725_P_B_9.B
18181,311.1,16.0,18.0,9.1,7.9,1.06,1219.2544000000003,2.0,1210,1212.0,100.6,12.047713717693838,5.9522862823061615,2.0,605-E230725_P_B_9.B
18182,311.1,16.5,18.5,9.1,7.9,1.07,1269.2179500000002,2.0,1260,1262.0,100.6,12.544731610337973,5.955268389662027,2.0,605-E230725_P_B_9.B
18183,311.1,17.0,19.0,9.1,7.9,1.08,1319.9004,2.0,1310,1312.0,100.6,13.041749502982109,5.958250497017891,2.0,605-E230725_P_B_9.B
18184,311.1,17.0,19.0,9.1,7.9,1.08,1319.9004,2.0,1310,1312.0,100.6,13.041749502982109,5.958250497017891,2.0,605-E230725_P_B_9.B
18188,311.1,16.5,18.5,9.1,7.9,1.07,1269.2179500000002,2.0,1260,1262.0,100.6,12.544731610337973,5.955268389662027,2.0,605-E230725_P_B_9.B
18189,311.1,16.0,18.0,9.1,7.9,1.06,1219.2544000000003,2.0,1210,1212.0,100.6,12.047713717693838,5.9522862823061615,2.0,605-E230725_P_B_9.B
18190,311.1,16.5,18.5,9.1,7.9,1.07,1269.2179500000002,2.0,1260,1262.0,100.6,12.544731610337973,5.955268389662027,2.0,605-E230725_P_B_9.B
18191,311.1,16.5,18.5,9.1,7.9,1.07,1269.2179500000002,2.0,1260,1262.0,100.6,12.544731610337973,5.955268389662027,2.0,605-E230725_P_B_9.B
18192,311.1,16.5,18.5,9.1,7.9,1.07,1269.2179500000002,2.0,1260,1262.0,100.6,12.544731610337973,5.955268389662027,2.0,605-E230725_P_B_9.B
18193,311.1,16.5,18.5,9.1,7.9,1.07,1269.2179500000002,2.0,1260,1262.0,100.6,12.544731610337973,5.955268389662027,2.0,605-E230725_P_B_9.B
18194,311.1,17.0,19.0,9.1,7.9,1.08,1319.9004,2.0,1310,1312.0,100.6,13.041749502982109,5.958250497017891,2.0,605-E230725_P_B_9.B
18195,311.1,17.0,19.0,9.1,7.9,1.08,1319.9004,2.0,1310,1312.0,100.6,13.041749502982109,5.958250497017891,2.0,605-E230725_P_B_9.B
18196,311.1,17.0,19.0,9.1,7.9,1.08,1319.9004,2.0,1310,1312.0,100.6,13.041749502982109,5.958250497017891,2.0,605-E230725_P_B_9.B
18197,311.1,17.0,19.0,9.1,7.9,1.08,1319.9004,2.0,1310,1312.0,100.6,13.041749502982109,5.958250497017891,2.0,605-E230725_P_B_9.B
18198,311.1,16.5,18.5,9.1,7.9,1.07,1269.2179500000002,2.0,1260,1262.0,100.6,12.544731610337973,5.955268389662027,2.0,605-E230725_P_B_9.B
18199,311.1,16.5,18.5,9.1,7.9,1.07,1269.2179500000002,2.0,1260,1262.0,100.6,12.544731610337973,5.955268389662027,2.0,605-E230725_P_B_9.B
18200,311.1,17.5,19.5,9.1,7.9,1.09,1371.30175,2.0,1360,1362.0,100.6,13.538767395626243,5.961232604373757,2.0,605-E230725_P_B_9.B
18201,311.1,17.5,19.5,9.1,7.9,1.09,1371.30175,2.0,1360,1362.0,100.6,13.538767395626243,5.961232604373757,2.0,605-E230725_P_B_9.B
18202,311.1,17.5,19.5,9.1,7.9,1.09,1371.30175,2.0,1360,1362.0,100.6,13.538767395626243,5.961232604373757,2.0,605-E230725_P_B_9.B
18203,311.1,17.5,19.5,9.1,7.9,1.09,1371.30175,2.0,1360,1362.0,100.6,13.538767395626243,5.961232604373757,2.0,605-E230725_P_B_9.B
50001,311.1,16.0,18.0,9.1,7.9,1.06,1219.2544000000003,2.0,1210,1212.0,100.6,12.047713717693838,5.9522862823061615,2.0,605-E230725_P_B_9.B
5860,311.1,10.0,12.0,8.8,7.6,0.9,601.92,0.75,600,600.75,100.6,5.971669980119285,6.028330019880715,2.0,630-E030525_P_B_1.B
5861,311.1,11.0,13.0,8.8,7.6,0.96,706.2528000000001,0.75,700,700.75,100.6,6.965705765407555,6.034294234592445,2.0,630-E030525_P_B_1.B
5862,311.1,11.0,13.0,8.8,7.6,0.96,706.2528000000001,0.75,700,700.75,100.6,6.965705765407555,6.034294234592445,2.0,630-E030525_P_B_1.B
5863,311.1,11.0,13.0,8.8,7.6,0.96,706.2528000000001,0.75,700,700.75,100.6,6.965705765407555,6.034294234592445,2.0,630-E030525_P_B_1.B
5870,311.1,11.0,13.0,8.8,7.6,0.96,706.2528000000001,0.75,700,700.75,100.6,6.965705765407555,6.034294234592445,2.0,630-E030525_P_B_1.B
5871,311.1,11.0,13.0,8.8,7.6,0.96,706.2528000000001,0.75,700,700.75,100.6,6.965705765407555,6.034294234592445,2.0,630-E030525_P_B_1.B
5872,311.1,11.0,13.0,8.8,7.6,0.96,706.2528000000001,0.75,700,700.75,100.6,6.965705765407555,6.034294234592445,2.0,630-E030525_P_B_1.B
5873,311.1,11.0,13.0,8.8,7.6,0.96,706.2528000000001,0.75,700,700.75,100.6,6.965705765407555,6.034294234592445,2.0,630-E030525_P_B_1.B
5874,311.1,10.5,12.5,8.8,7.6,0.93,653.0832000000001,0.75,650,650.75,100.6,6.46868787276342,6.03131212723658,2.0,630-E030525_P_B_1.B
5875,311.1,10.5,12.5,8.8,7.6,0.93,653.0832000000001,0.75,650,650.75,100.6,6.46868787276342,6.03131212723658,2.0,630-E030525_P_B_1.B
5876,311.1,10.5,12.5,8.8,7.6,0.93,653.0832000000001,0.75,650,650.75,100.6,6.46868787276342,6.03131212723658,2.0,630-E030525_P_B_1.B
5877,311.1,10.5,12.5,8.8,7.6,0.93,653.0832000000001,0.75,650,650.75,100.6,6.46868787276342,6.03131212723658,2.0,630-E030525_P_B_1.B
5878,311.1,10.5,12.5,8.8,7.6,0.93,653.0832000000001,0.75,650,650.75,100.6,6.46868787276342,6.03131212723658,2.0,630-E030525_P_B_1.B
5882,311.1,10.5,12.5,8.8,7.6,0.93,653.0832000000001,0.75,650,650.75,100.6,6.46868787276342,6.03131212723658,2.0,630-E030525_P_B_1.B
5883,311.1,10.5,12.5,8.8,7.6,0.93,653.0832000000001,0.75,650,650.75,100.6,6.46868787276342,6.03131212723658,2.0,630-E030525_P_B_1.B
5884,311.1,10.5,12.5,8.8,7.6,0.93,653.0832000000001,0.75,650,650.75,100.6,6.46868787276342,6.03131212723658,2.0,630-E030525_P_B_1.B
5885,311.1,10.5,12.5,8.8,7.6,0.93,653.0832000000001,0.75,650,650.75,100.6,6.46868787276342,6.03131212723658,2.0,630-E030525_P_B_1.B
5886,311.1,10.0,12.0,8.8,7.6,0.9,601.92,0.75,600,600.75,100.6,5.971669980119285,6.028330019880715,2.0,630-E030525_P_B_1.B
5887,311.1,10.5,12.5,8.8,7.6,0.93,653.0832000000001,0.75,650,650.75,100.6,6.46868787276342,6.03131212723658,2.0,630-E030525_P_B_1.B
5888,311.1,10.5,12.5,8.8,7.6,0.93,653.0832000000001,0.75,650,650.75,100.6,6.46868787276342,6.03131212723658,2.0,630-E030525_P_B_1.B
5889,311.1,10.0,12.0,8.8,7.6,0.9,601.92,0.75,600,600.75,100.6,5.971669980119285,6.028330019880715,2.0,630-E030525_P_B_1.B
5890,311.1,10.0,12.0,8.8,7.6,0.9,601.92,0.75,600,600.75,100.6,5.971669980119285,6.028330019880715,2.0,630-E030525_P_B_1.B
5891,311.1,10.0,12.0,8.8,7.6,0.75,501.59999999999997,0.75,500,500.75,100.6,4.9776341948310145,7.0223658051689855,2.0,630-E030525_P_B_1.B
5892,311.1,10.0,12.0,8.8,7.6,0.9,601.92,0.75,600,600.75,100.6,5.971669980119285,6.028330019880715,2.0,630-E030525_P_B_1.B
5893,311.1,10.5,12.5,8.8,7.6,0.93,653.0832000000001,0.75,650,650.75,100.6,6.46868787276342,6.03131212723658,2.0,630-E030525_P_B_1.B
5899,311.1,10.5,12.5,8.8,7.6,0.93,653.0832000000001,0.75,650,650.75,100.6,6.46868787276342,6.03131212723658,2.0,630-E030525_P_B_1.B
5900,311.1,10.5,12.5,8.8,7.6,0.93,653.0832000000001,0.75,650,650.75,100.6,6.46868787276342,6.03131212723658,2.0,630-E030525_P_B_1.B
5901,311.1,10.0,12.0,8.8,7.6,0.75,501.59999999999997,0.75,500,500.75,100.6,4.9776341948310145,7.0223658051689855,2.0,630-E030525_P_B_1.B
5902,311.1,10.0,12.0,8.8,7.6,0.75,501.59999999999997,0.75,500,500.75,100.6,4.9776341948310145,7.0223658051689855,2.0,630-E030525_P_B_1.B
5904,311.1,10.0,12.0,8.8,7.6,0.75,501.59999999999997,0.75,500,500.75,100.6,4.9776341948310145,7.0223658051689855,2.0,630-E030525_P_B_1.B
5905,311.1,11.0,13.0,8.8,7.6,0.96,706.2528000000001,0.75,700,700.75,100.6,6.965705765407555,6.034294234592445,2.0,630-E030525_P_B_1.B
5906,311.1,11.0,13.0,8.8,7.6,0.96,706.2528000000001,0.75,700,700.75,100.6,6.965705765407555,6.034294234592445,2.0,630-E030525_P_B_1.B
5907,311.1,11.0,13.0,8.8,7.6,0.96,706.2528000000001,0.75,700,700.75,100.6,6.965705765407555,6.034294234592445,2.0,630-E030525_P_B_1.B
5910,311.1,10.5,12.5,8.8,7.6,0.93,653.0832000000001,0.75,650,650.75,100.6,6.46868787276342,6.03131212723658,2.0,630-E030525_P_B_1.B
5911,311.1,10.5,12.5,8.8,7.6,0.93,653.0832000000001,0.75,650,650.75,100.6,6.46868787276342,6.03131212723658,2.0,630-E030525_P_B_1.B
5912,311.1,11.0,13.0,8.8,7.6,0.96,706.2528000000001,0.75,700,700.75,100.6,6.965705765407555,6.034294234592445,2.0,630-E030525_P_B_1.B
5913,311.1,10.5,12.5,8.8,7.6,0.93,653.0832000000001,0.75,650,650.75,100.6,6.46868787276342,6.03131212723658,2.0,630-E030525_P_B_1.B
5914,311.1,10.5,12.5,8.8,7.6,0.93,653.0832000000001,0.75,650,650.75,100.6,6.46868787276342,6.03131212723658,2.0,630-E030525_P_B_1.B
5915,311.1,10.5,12.5,8.8,7.6,0.93,653.0832000000001,0.75,650,650.75,100.6,6.46868787276342,6.03131212723658,2.0,630-E030525_P_B_1.B
5916,311.1,10.5,12.5,8.8,7.6,0.93,653.0832000000001,0.75,650,650.75,100.6,6.46868787276342,6.03131212723658,2.0,630-E030525_P_B_1.B
5917,311.1,10.5,12.5,8.8,7.6,0.93,653.0832000000001,0.75,650,650.75,100.6,6.46868787276342,6.03131212723658,2.0,630-E030525_P_B_1.B
5918,311.1,10.5,12.5,8.8,7.6,0.93,653.0832000000001,0.75,650,650.75,100.6,6.46868787276342,6.03131212723658,2.0,630-E030525_P_B_1.B
5922,311.1,10.5,12.5,8.8,7.6,0.93,653.0832000000001,0.75,650,650.75,100.6,6.46868787276342,6.03131212723658,2.0,630-E030525_P_B_1.B
5923,311.1,10.5,12.5,8.8,7.6,0.93,653.0832000000001,0.75,650,650.75,100.6,6.46868787276342,6.03131212723658,2.0,630-E030525_P_B_1.B
5924,311.1,10.0,12.0,8.8,7.6,0.9,601.92,0.75,600,600.75,100.6,5.971669980119285,6.028330019880715,2.0,630-E030525_P_B_1.B
5925,311.1,10.0,12.0,8.8,7.6,0.9,601.92,0.75,600,600.75,100.6,5.971669980119285,6.028330019880715,2.0,630-E030525_P_B_1.B
5926,311.1,10.0,12.0,8.8,7.6,0.9,601.92,0.75,600,600.75,100.6,5.971669980119285,6.028330019880715,2.0,630-E030525_P_B_1.B
5927,311.1,10.5,12.5,8.8,7.6,0.93,653.0832000000001,0.75,650,650.75,100.6,6.46868787276342,6.03131212723658,2.0,630-E030525_P_B_1.B
5928,311.1,10.0,12.0,8.8,7.6,0.9,601.92,0.75,600,600.75,100.6,5.971669980119285,6.028330019880715,2.0,630-E030525_P_B_1.B
5929,311.1,10.0,12.0,8.8,7.6,0.75,501.59999999999997,0.75,500,500.75,100.6,4.9776341948310145,7.0223658051689855,2.0,630-E030525_P_B_1.B
5930,311.1,10.0,12.0,8.8,7.6,0.75,501.59999999999997,0.75,500,500.75,100.6,4.9776341948310145,7.0223658051689855,2.0,630-E030525_P_B_1.B
5931,311.1,10.0,12.0,8.8,7.6,0.9,601.92,0.75,600,600.75,100.6,5.971669980119285,6.028330019880715,2.0,630-E030525_P_B_1.B
5937,311.1,10.5,12.5,8.8,7.6,0.93,653.0832000000001,0.75,650,650.75,100.6,6.46868787276342,6.03131212723658,2.0,630-E030525_P_B_1.B
5938,311.1,10.5,12.5,8.8,7.6,0.93,653.0832000000001,0.75,650,650.75,100.6,6.46868787276342,6.03131212723658,2.0,630-E030525_P_B_1.B
5939,311.1,10.5,12.5,8.8,7.6,0.93,653.0832000000001,0.75,650,650.75,100.6,6.46868787276342,6.03131212723658,2.0,630-E030525_P_B_1.B
5940,311.1,10.5,12.5,8.8,7.6,0.79,554.7696000000001,0.75,550,550.75,100.6,5.47465208747515,7.02534791252485,2.0,630-E030525_P_B_1.B
5942,311.1,10.5,12.5,8.8,7.6,0.79,554.7696000000001,0.75,550,550.75,100.6,5.47465208747515,7.02534791252485,2.0,630-E030525_P_B_1.B
5943,311.1,10.5,12.5,8.8,7.6,0.79,554.7696000000001,0.75,550,550.75,100.6,5.47465208747515,7.02534791252485,2.0,630-E030525_P_B_1.B
5946,311.1,10.5,12.5,8.8,7.6,0.93,653.0832000000001,0.75,650,650.75,100.6,6.46868787276342,6.03131212723658,2.0,630-E030525_P_B_1.B
5947,311.1,10.5,12.5,8.8,7.6,0.93,653.0832000000001,0.75,650,650.75,100.6,6.46868787276342,6.03131212723658,2.0,630-E030525_P_B_1.B
5948,311.1,10.5,12.5,8.8,7.6,0.93,653.0832000000001,0.75,650,650.75,100.6,6.46868787276342,6.03131212723658,2.0,630-E030525_P_B_1.B
5949,311.1,10.0,12.0,8.8,7.6,0.75,501.59999999999997,0.75,500,500.75,100.6,4.9776341948310145,7.0223658051689855,2.0,630-E030525_P_B_1.B
5950,311.1,10.0,12.0,8.8,7.6,0.75,501.59999999999997,0.75,500,500.75,100.6,4.9776341948310145,7.0223658051689855,2.0,630-E030525_P_B_1.B
5951,311.1,10.5,12.5,8.8,7.6,0.79,554.7696000000001,0.75,550,550.75,100.6,5.47465208747515,7.02534791252485,2.0,630-E030525_P_B_1.B
5952,311.1,10.5,12.5,8.8,7.6,0.79,554.7696000000001,0.75,550,550.75,100.6,5.47465208747515,7.02534791252485,2.0,630-E030525_P_B_1.B
5953,311.1,10.5,12.5,8.8,7.6,0.79,554.7696000000001,0.75,550,550.75,100.6,5.47465208747515,7.02534791252485,2.0,630-E030525_P_B_1.B
5954,311.1,10.5,12.5,8.8,7.6,0.79,554.7696000000001,0.75,550,550.75,100.6,5.47465208747515,7.02534791252485,2.0,630-E030525_P_B_1.B
5955,311.1,10.5,12.5,8.8,7.6,0.79,554.7696000000001,0.75,550,550.75,100.6,5.47465208747515,7.02534791252485,2.0,630-E030525_P_B_1.B
5956,311.1,10.5,12.5,8.8,7.6,0.79,554.7696000000001,0.75,550,550.75,100.6,5.47465208747515,7.02534791252485,2.0,630-E030525_P_B_1.B
5957,311.1,10.5,12.5,8.8,7.6,0.79,554.7696000000001,0.75,550,550.75,100.6,5.47465208747515,7.02534791252485,2.0,630-E030525_P_B_1.B
5958,311.1,10.0,12.0,8.8,7.6,0.75,501.59999999999997,0.75,500,500.75,100.6,4.9776341948310145,7.0223658051689855,2.0,630-E030525_P_B_1.B
5959,311.1,10.0,12.0,8.8,7.6,0.75,501.59999999999997,0.75,500,500.75,100.6,4.9776341948310145,7.0223658051689855,2.0,630-E030525_P_B_1.B
5960,311.1,10.0,12.0,8.8,7.6,0.75,501.59999999999997,0.75,500,500.75,100.6,4.9776341948310145,7.0223658051689855,2.0,630-E030525_P_B_1.B
5961,311.1,10.0,12.0,8.8,7.6,0.9,601.92,0.75,600,600.75,100.6,5.971669980119285,6.028330019880715,2.0,630-E030525_P_B_1.B
5962,311.1,10.5,12.5,8.8,7.6,0.93,653.0832000000001,0.75,650,650.75,100.6,6.46868787276342,6.03131212723658,2.0,630-E030525_P_B_1.B
5963,311.1,10.5,12.5,8.8,7.6,0.93,653.0832000000001,0.75,650,650.75,100.6,6.46868787276342,6.03131212723658,2.0,630-E030525_P_B_1.B
5964,311.1,10.0,12.0,8.8,7.6,0.9,601.92,0.75,600,600.75,100.6,5.971669980119285,6.028330019880715,2.0,630-E030525_P_B_1.B
5965,311.1,10.0,12.0,8.8,7.6,0.9,601.92,0.75,600,600.75,100.6,5.971669980119285,6.028330019880715,2.0,630-E030525_P_B_1.B
5966,311.1,10.0,12.0,8.8,7.6,0.9,601.92,0.75,600,600.75,100.6,5.971669980119285,6.028330019880715,2.0,630-E030525_P_B_1.B
5967,311.1,10.5,12.5,8.8,7.6,0.93,653.0832000000001,0.75,650,650.75,100.6,6.46868787276342,6.03131212723658,2.0,630-E030525_P_B_1.B
5968,311.1,10.0,12.0,8.8,7.6,0.9,601.92,0.75,600,600.75,100.6,5.971669980119285,6.028330019880715,2.0,630-E030525_P_B_1.B
5969,311.1,10.5,12.5,8.8,7.6,0.93,653.0832000000001,0.75,650,650.75,100.6,6.46868787276342,6.03131212723658,2.0,630-E030525_P_B_1.B
5970,311.1,10.5,12.5,8.8,7.6,0.93,653.0832000000001,0.75,650,650.75,100.6,6.46868787276342,6.03131212723658,2.0,630-E030525_P_B_1.B
5971,311.1,10.5,12.5,8.8,7.6,0.93,653.0832000000001,0.75,650,650.75,100.6,6.46868787276342,6.03131212723658,2.0,630-E030525_P_B_1.B
5972,311.1,11.0,13.0,8.8,7.6,0.96,706.2528000000001,0.75,700,700.75,100.6,6.965705765407555,6.034294234592445,2.0,630-E030525_P_B_1.B
5973,311.1,11.0,13.0,8.8,7.6,0.96,706.2528000000001,0.75,700,700.75,100.6,6.965705765407555,6.034294234592445,2.0,630-E030525_P_B_1.B
5974,311.1,10.5,12.5,8.8,7.6,0.93,653.0832000000001,0.75,650,650.75,100.6,6.46868787276342,6.03131212723658,2.0,630-E030525_P_B_1.B
5975,311.1,10.5,12.5,8.8,7.6,0.93,653.0832000000001,0.75,650,650.75,100.6,6.46868787276342,6.03131212723658,2.0,630-E030525_P_B_1.B
5976,311.1,10.5,12.5,8.8,7.6,0.93,653.0832000000001,0.75,650,650.75,100.6,6.46868787276342,6.03131212723658,2.0,630-E030525_P_B_1.B
5977,311.1,10.0,12.0,8.8,7.6,0.9,601.92,0.75,600,600.75,100.6,5.971669980119285,6.028330019880715,2.0,630-E030525_P_B_1.B
5978,311.1,10.0,12.0,8.8,7.6,0.9,601.92,0.75,600,600.75,100.6,5.971669980119285,6.028330019880715,2.0,630-E030525_P_B_1.B
5979,311.1,10.0,12.0,8.8,7.6,0.9,601.92,0.75,600,600.75,100.6,5.971669980119285,6.028330019880715,2.0,630-E030525_P_B_1.B
5980,311.1,10.5,12.5,8.8,7.6,0.79,554.7696000000001,0.75,550,550.75,100.6,5.47465208747515,7.02534791252485,2.0,630-E030525_P_B_1.B
5981,311.1,10.5,12.5,8.8,7.6,0.79,554.7696000000001,0.75,550,550.75,100.6,5.47465208747515,7.02534791252485,2.0,630-E030525_P_B_1.B
5982,311.1,10.0,12.0,8.8,7.6,0.75,501.59999999999997,0.75,500,500.75,100.6,4.9776341948310145,7.0223658051689855,2.0,630-E030525_P_B_1.B
5983,311.1,10.5,12.5,8.8,7.6,0.79,554.7696000000001,0.75,550,550.75,100.6,5.47465208747515,7.02534791252485,2.0,630-E030525_P_B_1.B
5984,311.1,10.5,12.5,8.8,7.6,0.79,554.7696000000001,0.75,550,550.75,100.6,5.47465208747515,7.02534791252485,2.0,630-E030525_P_B_1.B
5985,311.1,10.0,12.0,8.8,7.6,0.75,501.59999999999997,0.75,500,500.75,100.6,4.9776341948310145,7.0223658051689855,2.0,630-E030525_P_B_1.B
5986,311.1,10.5,12.5,8.8,7.6,0.79,554.7696000000001,0.75,550,550.75,100.6,5.47465208747515,7.02534791252485,2.0,630-E030525_P_B_1.B
5987,311.1,10.0,12.0,8.8,7.6,0.75,501.59999999999997,0.75,500,500.75,100.6,4.9776341948310145,7.0223658051689855,2.0,630-E030525_P_B_1.B
5988,311.1,10.0,12.0,8.8,7.6,0.75,501.59999999999997,0.75,500,500.75,100.6,4.9776341948310145,7.0223658051689855,2.0,630-E030525_P_B_1.B
5989,311.1,10.0,12.0,8.8,7.6,0.75,501.59999999999997,0.75,500,500.75,100.6,4.9776341948310145,7.0223658051689855,2.0,630-E030525_P_B_1.B
5990,311.1,10.0,12.0,8.8,7.6,0.9,601.92,0.75,600,600.75,100.6,5.971669980119285,6.028330019880715,2.0,630-E030525_P_B_1.B
5991,311.1,11.0,13.0,8.8,7.6,0.96,706.2528000000001,0.75,700,700.75,100.6,6.965705765407555,6.034294234592445,2.0,630-E030525_P_B_1.B
5992,311.1,10.5,12.5,8.8,7.6,0.93,653.0832000000001,0.75,650,650.75,100.6,6.46868787276342,6.03131212723658,2.0,630-E030525_P_B_1.B
5993,311.1,10.5,12.5,8.8,7.6,0.93,653.0832000000001,0.75,650,650.75,100.6,6.46868787276342,6.03131212723658,2.0,630-E030525_P_B_1.B
5994,311.1,10.0,12.0,8.8,7.6,0.9,601.92,0.75,600,600.75,100.6,5.971669980119285,6.028330019880715,2.0,630-E030525_P_B_1.B
5995,311.1,10.5,12.5,8.8,7.6,0.93,653.0832000000001,0.75,650,650.75,100.6,6.46868787276342,6.03131212723658,2.0,630-E030525_P_B_1.B
5996,311.1,10.0,12.0,8.8,7.6,0.9,601.92,0.75,600,600.75,100.6,5.971669980119285,6.028330019880715,2.0,630-E030525_P_B_1.B
5997,311.1,10.0,12.0,8.8,7.6,0.9,601.92,0.75,600,600.75,100.6,5.971669980119285,6.028330019880715,2.0,630-E030525_P_B_1.B
5998,311.1,10.0,12.0,8.8,7.6,0.9,601.92,0.75,600,600.75,100.6,5.971669980119285,6.028330019880715,2.0,630-E030525_P_B_1.B
5999,311.1,10.5,12.5,8.8,7.6,0.93,653.0832000000001,0.75,650,650.75,100.6,6.46868787276342,6.03131212723658,2.0,630-E030525_P_B_1.B
6000,311.1,10.5,12.5,8.8,7.6,0.93,653.0832000000001,0.75,650,650.75,100.6,6.46868787276342,6.03131212723658,2.0,630-E030525_P_B_1.B
6001,311.1,10.5,12.5,8.8,7.6,0.93,653.0832000000001,0.75,650,650.75,100.6,6.46868787276342,6.03131212723658,2.0,630-E030525_P_B_1.B
6002,311.1,11.0,13.0,8.8,7.6,0.96,706.2528000000001,0.75,700,700.75,100.6,6.965705765407555,6.034294234592445,2.0,630-E030525_P_B_1.B
6003,311.1,11.0,13.0,8.8,7.6,0.96,706.2528000000001,0.75,700,700.75,100.6,6.965705765407555,6.034294234592445,2.0,630-E030525_P_B_1.B
6004,311.1,10.5,12.5,8.8,7.6,0.93,653.0832000000001,0.75,650,650.75,100.6,6.46868787276342,6.03131212723658,2.0,630-E030525_P_B_1.B
6005,311.1,10.5,12.5,8.8,7.6,0.93,653.0832000000001,0.75,650,650.75,100.6,6.46868787276342,6.03131212723658,2.0,630-E030525_P_B_1.B
6006,311.1,10.0,12.0,8.8,7.6,0.9,601.92,0.75,600,600.75,100.6,5.971669980119285,6.028330019880715,2.0,630-E030525_P_B_1.B
6007,311.1,10.0,12.0,8.8,7.6,0.9,601.92,0.75,600,600.75,100.6,5.971669980119285,6.028330019880715,2.0,630-E030525_P_B_1.B
6010,311.1,10.5,12.5,8.8,7.6,0.79,554.7696000000001,0.75,550,550.75,100.6,5.47465208747515,7.02534791252485,2.0,630-E030525_P_B_1.B
6011,311.1,10.5,12.5,8.8,7.6,0.93,653.0832000000001,0.75,650,650.75,100.6,6.46868787276342,6.03131212723658,2.0,630-E030525_P_B_1.B
6012,311.1,10.5,12.5,8.8,7.6,0.93,653.0832000000001,0.75,650,650.75,100.6,6.46868787276342,6.03131212723658,2.0,630-E030525_P_B_1.B
6013,311.1,10.5,12.5,8.8,7.6,0.79,554.7696000000001,0.75,550,550.75,100.6,5.47465208747515,7.02534791252485,2.0,630-E030525_P_B_1.B
6014,311.1,10.5,12.5,8.8,7.6,0.79,554.7696000000001,0.75,550,550.75,100.6,5.47465208747515,7.02534791252485,2.0,630-E030525_P_B_1.B
6015,311.1,10.5,12.5,8.8,7.6,0.79,554.7696000000001,0.75,550,550.75,100.6,5.47465208747515,7.02534791252485,2.0,630-E030525_P_B_1.B
6016,311.1,10.5,12.5,8.8,7.6,0.79,554.7696000000001,0.75,550,550.75,100.6,5.47465208747515,7.02534791252485,2.0,630-E030525_P_B_1.B
6017,311.1,10.0,12.0,8.8,7.6,0.75,501.59999999999997,0.75,500,500.75,100.6,4.9776341948310145,7.0223658051689855,2.0,630-E030525_P_B_1.B
6018,311.1,10.0,12.0,8.8,7.6,0.75,501.59999999999997,0.75,500,500.75,100.6,4.9776341948310145,7.0223658051689855,2.0,630-E030525_P_B_1.B
6019,311.1,10.0,12.0,8.8,7.6,0.75,501.59999999999997,0.75,500,500.75,100.6,4.9776341948310145,7.0223658051689855,2.0,630-E030525_P_B_1.B
6020,311.1,10.0,12.0,8.8,7.6,0.9,601.92,0.75,600,600.75,100.6,5.971669980119285,6.028330019880715,2.0,630-E030525_P_B_1.B
6021,311.1,10.0,12.0,8.8,7.6,0.9,601.92,0.75,600,600.75,100.6,5.971669980119285,6.028330019880715,2.0,630-E030525_P_B_1.B
6022,311.1,10.0,12.0,8.8,7.6,0.9,601.92,0.75,600,600.75,100.6,5.971669980119285,6.028330019880715,2.0,630-E030525_P_B_1.B
6023,311.1,10.0,12.0,8.8,7.6,0.75,501.59999999999997,0.75,500,500.75,100.6,4.9776341948310145,7.0223658051689855,2.0,630-E030525_P_B_1.B
6024,311.1,10.0,12.0,8.8,7.6,0.75,501.59999999999997,0.75,500,500.75,100.6,4.9776341948310145,7.0223658051689855,2.0,630-E030525_P_B_1.B
6029,311.1,10.0,12.0,8.8,7.6,0.75,501.59999999999997,0.75,500,500.75,100.6,4.9776341948310145,7.0223658051689855,2.0,630-E030525_P_B_1.B
6030,311.1,10.0,12.0,8.8,7.6,0.75,501.59999999999997,0.75,500,500.75,100.6,4.9776341948310145,7.0223658051689855,2.0,630-E030525_P_B_1.B
6031,311.1,10.0,12.0,8.8,7.6,0.75,501.59999999999997,0.75,500,500.75,100.6,4.9776341948310145,7.0223658051689855,2.0,630-E030525_P_B_1.B
6032,311.1,9.5,11.5,8.8,7.6,0.9,571.8240000000001,0.75,570,570.75,100.6,5.673459244532803,5.826540755467197,2.0,630-E030525_P_B_1.B
6033,311.1,9.5,11.5,8.8,7.6,0.9,571.8240000000001,0.75,570,570.75,100.6,5.673459244532803,5.826540755467197,2.0,630-E030525_P_B_1.B
6034,311.1,9.5,11.5,8.8,7.6,0.75,476.52,0.75,470,470.75,100.6,4.679423459244533,6.820576540755467,2.0,630-E030525_P_B_1.B
6035,311.1,10.0,12.0,8.8,7.6,0.9,601.92,0.75,600,600.75,100.6,5.971669980119285,6.028330019880715,2.0,630-E030525_P_B_1.B
6036,311.1,10.0,12.0,8.8,7.6,0.9,601.92,0.75,600,600.75,100.6,5.971669980119285,6.028330019880715,2.0,630-E030525_P_B_1.B
6037,311.1,10.0,12.0,8.8,7.6,0.9,601.92,0.75,600,600.75,100.6,5.971669980119285,6.028330019880715,2.0,630-E030525_P_B_1.B
6038,311.1,10.0,12.0,8.8,7.6,0.75,501.59999999999997,0.75,500,500.75,100.6,4.9776341948310145,7.0223658051689855,2.0,630-E030525_P_B_1.B
6039,311.1,10.0,12.0,8.8,7.6,0.75,501.59999999999997,0.75,500,500.75,100.6,4.9776341948310145,7.0223658051689855,2.0,630-E030525_P_B_1.B
6040,311.1,10.0,12.0,8.8,7.6,0.9,601.92,0.75,600,600.75,100.6,5.971669980119285,6.028330019880715,2.0,630-E030525_P_B_1.B
6041,311.1,10.0,12.0,8.8,7.6,0.9,601.92,0.75,600,600.75,100.6,5.971669980119285,6.028330019880715,2.0,630-E030525_P_B_1.B
6042,311.1,10.0,12.0,8.8,7.6,0.75,501.59999999999997,0.75,500,500.75,100.6,4.9776341948310145,7.0223658051689855,2.0,630-E030525_P_B_1.B
6043,311.1,10.0,12.0,8.8,7.6,0.75,501.59999999999997,0.75,500,500.75,100.6,4.9776341948310145,7.0223658051689855,2.0,630-E030525_P_B_1.B
6044,311.1,10.0,12.0,8.8,7.6,0.75,501.59999999999997,0.75,500,500.75,100.6,4.9776341948310145,7.0223658051689855,2.0,630-E030525_P_B_1.B
6045,311.1,10.5,12.5,8.8,7.6,0.79,554.7696000000001,0.75,550,550.75,100.6,5.47465208747515,7.02534791252485,2.0,630-E030525_P_B_1.B
6048,311.1,10.5,12.5,8.8,7.6,0.79,554.7696000000001,0.75,550,550.75,100.6,5.47465208747515,7.02534791252485,2.0,630-E030525_P_B_1.B
6049,311.1,10.5,12.5,8.8,7.6,0.79,554.7696000000001,0.75,550,550.75,100.6,5.47465208747515,7.02534791252485,2.0,630-E030525_P_B_1.B
6050,311.1,10.0,12.0,8.8,7.6,0.9,601.92,0.75,600,600.75,100.6,5.971669980119285,6.028330019880715,2.0,630-E030525_P_B_1.B
6051,311.1,10.0,12.0,8.8,7.6,0.9,601.92,0.75,600,600.75,100.6,5.971669980119285,6.028330019880715,2.0,630-E030525_P_B_1.B
6052,311.1,10.0,12.0,8.8,7.6,0.9,601.92,0.75,600,600.75,100.6,5.971669980119285,6.028330019880715,2.0,630-E030525_P_B_1.B
6053,311.1,10.0,12.0,8.8,7.6,0.9,601.92,0.75,600,600.75,100.6,5.971669980119285,6.028330019880715,2.0,630-E030525_P_B_1.B
6054,311.1,10.0,12.0,8.8,7.6,0.9,601.92,0.75,600,600.75,100.6,5.971669980119285,6.028330019880715,2.0,630-E030525_P_B_1.B
6055,311.1,10.0,12.0,8.8,7.6,0.9,601.92,0.75,600,600.75,100.6,5.971669980119285,6.028330019880715,2.0,630-E030525_P_B_1.B
6056,311.1,10.0,12.0,8.8,7.6,0.75,501.59999999999997,0.75,500,500.75,100.6,4.9776341948310145,7.0223658051689855,2.0,630-E030525_P_B_1.B
6057,311.1,10.0,12.0,8.8,7.6,0.75,501.59999999999997,0.75,500,500.75,100.6,4.9776341948310145,7.0223658051689855,2.0,630-E030525_P_B_1.B
6058,311.1,10.0,12.0,8.8,7.6,0.9,601.92,0.75,600,600.75,100.6,5.971669980119285,6.028330019880715,2.0,630-E030525_P_B_1.B
6059,311.1,10.0,12.0,8.8,7.6,0.9,601.92,0.75,600,600.75,100.6,5.971669980119285,6.028330019880715,2.0,630-E030525_P_B_1.B
6060,311.1,10.0,12.0,8.8,7.6,0.9,601.92,0.75,600,600.75,100.6,5.971669980119285,6.028330019880715,2.0,630-E030525_P_B_1.B
6061,311.1,10.0,12.0,8.8,7.6,0.9,601.92,0.75,600,600.75,100.6,5.971669980119285,6.028330019880715,2.0,630-E030525_P_B_1.B
6062,311.1,10.5,12.5,8.8,7.6,0.79,554.7696000000001,0.75,550,550.75,100.6,5.47465208747515,7.02534791252485,2.0,630-E030525_P_B_1.B
6063,311.1,10.5,12.5,8.8,7.6,0.79,554.7696000000001,0.75,550,550.75,100.6,5.47465208747515,7.02534791252485,2.0,630-E030525_P_B_1.B
6065,311.1,10.5,12.5,8.8,7.6,0.93,653.0832000000001,0.75,650,650.75,100.6,6.46868787276342,6.03131212723658,2.0,630-E030525_P_B_1.B
6066,311.1,10.5,12.5,8.8,7.6,0.93,653.0832000000001,0.75,650,650.75,100.6,6.46868787276342,6.03131212723658,2.0,630-E030525_P_B_1.B
6067,311.1,10.5,12.5,8.8,7.6,0.93,653.0832000000001,0.75,650,650.75,100.6,6.46868787276342,6.03131212723658,2.0,630-E030525_P_B_1.B
6068,311.1,10.5,12.5,8.8,7.6,0.93,653.0832000000001,0.75,650,650.75,100.6,6.46868787276342,6.03131212723658,2.0,630-E030525_P_B_1.B
6069,311.1,10.0,12.0,8.8,7.6,0.9,601.92,0.75,600,600.75,100.6,5.971669980119285,6.028330019880715,2.0,630-E030525_P_B_1.B
6070,311.1,10.0,12.0,8.8,7.6,0.9,601.92,0.75,600,600.75,100.6,5.971669980119285,6.028330019880715,2.0,630-E030525_P_B_1.B
6071,311.1,10.0,12.0,8.8,7.6,0.75,501.59999999999997,0.75,500,500.75,100.6,4.9776341948310145,7.0223658051689855,2.0,630-E030525_P_B_1.B
6072,311.1,10.0,12.0,8.8,7.6,0.75,501.59999999999997,0.75,500,500.75,100.6,4.9776341948310145,7.0223658051689855,2.0,630-E030525_P_B_1.B
6073,311.1,10.0,12.0,8.8,7.6,0.75,501.59999999999997,0.75,500,500.75,100.6,4.9776341948310145,7.0223658051689855,2.0,630-E030525_P_B_1.B
6074,311.1,10.0,12.0,8.8,7.6,0.75,501.59999999999997,0.75,500,500.75,100.6,4.9776341948310145,7.0223658051689855,2.0,630-E030525_P_B_1.B
6075,311.1,10.0,12.0,8.8,7.6,0.75,501.59999999999997,0.75,500,500.75,100.6,4.9776341948310145,7.0223658051689855,2.0,630-E030525_P_B_1.B
6076,311.1,10.5,12.5,8.8,7.6,0.79,554.7696000000001,0.75,550,550.75,100.6,5.47465208747515,7.02534791252485,2.0,630-E030525_P_B_1.B
6077,311.1,10.5,12.5,8.8,7.6,0.79,554.7696000000001,0.75,550,550.75,100.6,5.47465208747515,7.02534791252485,2.0,630-E030525_P_B_1.B
6078,311.1,10.5,12.5,8.8,7.6,0.93,653.0832000000001,0.75,650,650.75,100.6,6.46868787276342,6.03131212723658,2.0,630-E030525_P_B_1.B
6079,311.1,10.5,12.5,8.8,7.6,0.93,653.0832000000001,0.75,650,650.75,100.6,6.46868787276342,6.03131212723658,2.0,630-E030525_P_B_1.B
6080,311.1,10.5,12.5,8.8,7.6,0.93,653.0832000000001,0.75,650,650.75,100.6,6.46868787276342,6.03131212723658,2.0,630-E030525_P_B_1.B
6081,311.1,10.5,12.5,8.8,7.6,0.93,653.0832000000001,0.75,650,650.75,100.6,6.46868787276342,6.03131212723658,2.0,630-E030525_P_B_1.B
6082,311.1,10.5,12.5,8.8,7.6,0.93,653.0832000000001,0.75,650,650.75,100.6,6.46868787276342,6.03131212723658,2.0,630-E030525_P_B_1.B
6083,311.1,10.0,12.0,8.8,7.6,0.9,601.92,0.75,600,600.75,100.6,5.971669980119285,6.028330019880715,2.0,630-E030525_P_B_1.B
6086,311.1,10.5,12.5,8.8,7.6,0.79,554.7696000000001,0.75,550,550.75,100.6,5.47465208747515,7.02534791252485,2.0,630-E030525_P_B_1.B
6087,311.1,10.0,12.0,8.8,7.6,0.9,601.92,0.75,600,600.75,100.6,5.971669980119285,6.028330019880715,2.0,630-E030525_P_B_1.B
6088,311.1,10.0,12.0,8.8,7.6,0.9,601.92,0.75,600,600.75,100.6,5.971669980119285,6.028330019880715,2.0,630-E030525_P_B_1.B
6089,311.1,10.0,12.0,8.8,7.6,0.9,601.92,0.75,600,600.75,100.6,5.971669980119285,6.028330019880715,2.0,630-E030525_P_B_1.B
6090,311.1,10.0,12.0,8.8,7.6,0.75,501.59999999999997,0.75,500,500.75,100.6,4.9776341948310145,7.0223658051689855,2.0,630-E030525_P_B_1.B
6091,311.1,10.5,12.5,8.8,7.6,0.79,554.7696000000001,0.75,550,550.75,100.6,5.47465208747515,7.02534791252485,2.0,630-E030525_P_B_1.B
6092,311.1,10.5,12.5,8.8,7.6,0.79,554.7696000000001,0.75,550,550.75,100.6,5.47465208747515,7.02534791252485,2.0,630-E030525_P_B_1.B
6093,311.1,10.5,12.5,8.8,7.6,0.79,554.7696000000001,0.75,550,550.75,100.6,5.47465208747515,7.02534791252485,2.0,630-E030525_P_B_1.B
6094,311.1,10.5,12.5,8.8,7.6,0.79,554.7696000000001,0.75,550,550.75,100.6,5.47465208747515,7.02534791252485,2.0,630-E030525_P_B_1.B
6095,311.1,10.0,12.0,8.8,7.6,0.9,601.92,0.75,600,600.75,100.6,5.971669980119285,6.028330019880715,2.0,630-E030525_P_B_1.B
6096,311.1,10.0,12.0,8.8,7.6,0.9,601.92,0.75,600,600.75,100.6,5.971669980119285,6.028330019880715,2.0,630-E030525_P_B_1.B
6097,311.1,10.0,12.0,8.8,7.6,0.75,501.59999999999997,0.75,500,500.75,100.6,4.9776341948310145,7.0223658051689855,2.0,630-E030525_P_B_1.B
6098,311.1,9.5,11.5,8.8,7.6,0.9,571.8240000000001,0.75,570,570.75,100.6,5.673459244532803,5.826540755467197,2.0,630-E030525_P_B_1.B
6099,311.1,9.5,11.5,8.8,7.6,0.9,571.8240000000001,0.75,570,570.75,100.6,5.673459244532803,5.826540755467197,2.0,630-E030525_P_B_1.B
6100,311.1,10.0,12.0,8.8,7.6,0.9,601.92,0.75,600,600.75,100.6,5.971669980119285,6.028330019880715,2.0,630-E030525_P_B_1.B
6101,311.1,10.0,12.0,8.8,7.6,0.75,501.59999999999997,0.75,500,500.75,100.6,4.9776341948310145,7.0223658051689855,2.0,630-E030525_P_B_1.B
6102,311.1,10.0,12.0,8.8,7.6,0.75,501.59999999999997,0.75,500,500.75,100.6,4.9776341948310145,7.0223658051689855,2.0,630-E030525_P_B_1.B
6103,311.1,10.5,12.5,8.8,7.6,0.79,554.7696000000001,0.75,550,550.75,100.6,5.47465208747515,7.02534791252485,2.0,630-E030525_P_B_1.B
6107,311.1,10.0,12.0,8.8,7.6,0.75,501.59999999999997,0.75,500,500.75,100.6,4.9776341948310145,7.0223658051689855,2.0,630-E030525_P_B_1.B
6108,311.1,10.0,12.0,8.8,7.6,0.75,501.59999999999997,0.75,500,500.75,100.6,4.9776341948310145,7.0223658051689855,2.0,630-E030525_P_B_1.B
6109,311.1,10.0,12.0,8.8,7.6,0.75,501.59999999999997,0.75,500,500.75,100.6,4.9776341948310145,7.0223658051689855,2.0,630-E030525_P_B_1.B
6110,311.1,10.0,12.0,8.8,7.6,0.75,501.59999999999997,0.75,500,500.75,100.6,4.9776341948310145,7.0223658051689855,2.0,630-E030525_P_B_1.B
6111,311.1,10.0,12.0,8.8,7.6,0.75,501.59999999999997,0.75,500,500.75,100.6,4.9776341948310145,7.0223658051689855,2.0,630-E030525_P_B_1.B
6113,311.1,10.0,12.0,8.8,7.6,0.9,601.92,0.75,600,600.75,100.6,5.971669980119285,6.028330019880715,2.0,630-E030525_P_B_1.B
6114,311.1,10.0,12.0,8.8,7.6,0.9,601.92,0.75,600,600.75,100.6,5.971669980119285,6.028330019880715,2.0,630-E030525_P_B_1.B
6115,311.1,10.0,12.0,8.8,7.6,0.75,501.59999999999997,0.75,500,500.75,100.6,4.9776341948310145,7.0223658051689855,2.0,630-E030525_P_B_1.B
6116,311.1,10.0,12.0,8.8,7.6,0.9,601.92,0.75,600,600.75,100.6,5.971669980119285,6.028330019880715,2.0,630-E030525_P_B_1.B
6117,311.1,10.0,12.0,8.8,7.6,0.9,601.92,0.75,600,600.75,100.6,5.971669980119285,6.028330019880715,2.0,630-E030525_P_B_1.B
6118,311.1,10.0,12.0,8.8,7.6,0.9,601.92,0.75,600,600.75,100.6,5.971669980119285,6.028330019880715,2.0,630-E030525_P_B_1.B
6119,311.1,10.0,12.0,8.8,7.6,0.75,501.59999999999997,0.75,500,500.75,100.6,4.9776341948310145,7.0223658051689855,2.0,630-E030525_P_B_1.B
6120,311.1,10.0,12.0,8.8,7.6,0.75,501.59999999999997,0.75,500,500.75,100.6,4.9776341948310145,7.0223658051689855,2.0,630-E030525_P_B_1.B
6121,311.1,10.0,12.0,8.8,7.6,0.75,501.59999999999997,0.75,500,500.75,100.6,4.9776341948310145,7.0223658051689855,2.0,630-E030525_P_B_1.B
6122,311.1,10.5,12.5,8.8,7.6,0.79,554.7696000000001,0.75,550,550.75,100.6,5.47465208747515,7.02534791252485,2.0,630-E030525_P_B_1.B
6124,311.1,10.5,12.5,8.8,7.6,0.79,554.7696000000001,0.75,550,550.75,100.6,5.47465208747515,7.02534791252485,2.0,630-E030525_P_B_1.B
6125,311.1,10.5,12.5,8.8,7.6,0.79,554.7696000000001,0.75,550,550.75,100.6,5.47465208747515,7.02534791252485,2.0,630-E030525_P_B_1.B
6126,311.1,10.0,12.0,8.8,7.6,0.9,601.92,0.75,600,600.75,100.6,5.971669980119285,6.028330019880715,2.0,630-E030525_P_B_1.B
6127,311.1,10.0,12.0,8.8,7.6,0.9,601.92,0.75,600,600.75,100.6,5.971669980119285,6.028330019880715,2.0,630-E030525_P_B_1.B
6128,311.1,10.0,12.0,8.8,7.6,0.9,601.92,0.75,600,600.75,100.6,5.971669980119285,6.028330019880715,2.0,630-E030525_P_B_1.B
6129,311.1,10.0,12.0,8.8,7.6,0.9,601.92,0.75,600,600.75,100.6,5.971669980119285,6.028330019880715,2.0,630-E030525_P_B_1.B
6130,311.1,10.0,12.0,8.8,7.6,0.75,501.59999999999997,0.75,500,500.75,100.6,4.9776341948310145,7.0223658051689855,2.0,630-E030525_P_B_1.B
6131,311.1,10.0,12.0,8.8,7.6,0.75,501.59999999999997,0.75,500,500.75,100.6,4.9776341948310145,7.0223658051689855,2.0,630-E030525_P_B_1.B
6132,311.1,10.0,12.0,8.8,7.6,0.75,501.59999999999997,0.75,500,500.75,100.6,4.9776341948310145,7.0223658051689855,2.0,630-E030525_P_B_1.B
6133,311.1,10.0,12.0,8.8,7.6,0.75,501.59999999999997,0.75,500,500.75,100.6,4.9776341948310145,7.0223658051689855,2.0,630-E030525_P_B_1.B
6134,311.1,10.0,12.0,8.8,7.6,0.75,501.59999999999997,0.75,500,500.75,100.6,4.9776341948310145,7.0223658051689855,2.0,630-E030525_P_B_1.B
6135,311.1,10.0,12.0,8.8,7.6,0.75,501.59999999999997,0.75,500,500.75,100.6,4.9776341948310145,7.0223658051689855,2.0,630-E030525_P_B_1.B
6136,311.1,10.0,12.0,8.8,7.6,0.9,601.92,0.75,600,600.75,100.6,5.971669980119285,6.028330019880715,2.0,630-E030525_P_B_1.B
6137,311.1,10.0,12.0,8.8,7.6,0.9,601.92,0.75,600,600.75,100.6,5.971669980119285,6.028330019880715,2.0,630-E030525_P_B_1.B
6138,311.1,10.0,12.0,8.8,7.6,0.9,601.92,0.75,600,600.75,100.6,5.971669980119285,6.028330019880715,2.0,630-E030525_P_B_1.B
6139,311.1,10.5,12.5,8.8,7.6,0.93,653.0832000000001,0.75,650,650.75,100.6,6.46868787276342,6.03131212723658,2.0,630-E030525_P_B_1.B
6140,311.1,10.5,12.5,8.8,7.6,0.93,653.0832000000001,0.75,650,650.75,100.6,6.46868787276342,6.03131212723658,2.0,630-E030525_P_B_1.B
6141,311.1,10.5,12.5,8.8,7.6,0.93,653.0832000000001,0.75,650,650.75,100.6,6.46868787276342,6.03131212723658,2.0,630-E030525_P_B_1.B
6143,311.1,10.5,12.5,8.8,7.6,0.93,653.0832000000001,0.75,650,650.75,100.6,6.46868787276342,6.03131212723658,2.0,630-E030525_P_B_1.B
6144,311.1,10.5,12.5,8.8,7.6,0.93,653.0832000000001,0.75,650,650.75,100.6,6.46868787276342,6.03131212723658,2.0,630-E030525_P_B_1.B
6145,311.1,10.5,12.5,8.8,7.6,0.93,653.0832000000001,0.75,650,650.75,100.6,6.46868787276342,6.03131212723658,2.0,630-E030525_P_B_1.B
6146,311.1,10.5,12.5,8.8,7.6,0.93,653.0832000000001,0.75,650,650.75,100.6,6.46868787276342,6.03131212723658,2.0,630-E030525_P_B_1.B
6147,311.1,10.5,12.5,8.8,7.6,0.93,653.0832000000001,0.75,650,650.75,100.6,6.46868787276342,6.03131212723658,2.0,630-E030525_P_B_1.B
6148,311.1,10.0,12.0,8.8,7.6,0.9,601.92,0.75,600,600.75,100.6,5.971669980119285,6.028330019880715,2.0,630-E030525_P_B_1.B
6149,311.1,10.0,12.0,8.8,7.6,0.75,501.59999999999997,0.75,500,500.75,100.6,4.9776341948310145,7.0223658051689855,2.0,630-E030525_P_B_1.B
6150,311.1,10.0,12.0,8.8,7.6,0.75,501.59999999999997,0.75,500,500.75,100.6,4.9776341948310145,7.0223658051689855,2.0,630-E030525_P_B_1.B
6151,311.1,10.5,12.5,8.8,7.6,0.79,554.7696000000001,0.75,550,550.75,100.6,5.47465208747515,7.02534791252485,2.0,630-E030525_P_B_1.B
6152,311.1,10.5,12.5,8.8,7.6,0.79,554.7696000000001,0.75,550,550.75,100.6,5.47465208747515,7.02534791252485,2.0,630-E030525_P_B_1.B
6153,311.1,10.5,12.5,8.8,7.6,0.79,554.7696000000001,0.75,550,550.75,100.6,5.47465208747515,7.02534791252485,2.0,630-E030525_P_B_1.B
6154,311.1,10.5,12.5,8.8,7.6,0.79,554.7696000000001,0.75,550,550.75,100.6,5.47465208747515,7.02534791252485,2.0,630-E030525_P_B_1.B
6155,311.1,10.5,12.5,8.8,7.6,0.93,653.0832000000001,0.75,650,650.75,100.6,6.46868787276342,6.03131212723658,2.0,630-E030525_P_B_1.B
6156,311.1,10.5,12.5,8.8,7.6,0.93,653.0832000000001,0.75,650,650.75,100.6,6.46868787276342,6.03131212723658,2.0,630-E030525_P_B_1.B
6157,311.1,10.5,12.5,8.8,7.6,0.93,653.0832000000001,0.75,650,650.75,100.6,6.46868787276342,6.03131212723658,2.0,630-E030525_P_B_1.B
6158,311.1,10.0,12.0,8.8,7.6,0.9,601.92,0.75,600,600.75,100.6,5.971669980119285,6.028330019880715,2.0,630-E030525_P_B_1.B
6750,311.1,10.0,12.0,8.8,7.6,0.9,601.92,0.75,600,600.75,100.6,5.971669980119285,6.028330019880715,2.0,630-E030525_P_B_1.B
6751,311.1,10.0,12.0,8.8,7.6,0.9,601.92,0.75,600,600.75,100.6,5.971669980119285,6.028330019880715,2.0,630-E030525_P_B_1.B
6752,311.1,10.0,12.0,8.8,7.6,0.9,601.92,0.75,600,600.75,100.6,5.971669980119285,6.028330019880715,2.0,630-E030525_P_B_1.B
6753,311.1,10.0,12.0,8.8,7.6,0.9,601.92,0.75,600,600.75,100.6,5.971669980119285,6.028330019880715,2.0,630-E030525_P_B_1.B
6754,311.1,10.0,12.0,8.8,7.6,0.9,601.92,0.75,600,600.75,100.6,5.971669980119285,6.028330019880715,2.0,630-E030525_P_B_1.B
6755,311.1,10.0,12.0,8.8,7.6,0.9,601.92,0.75,600,600.75,100.6,5.971669980119285,6.028330019880715,2.0,630-E030525_P_B_1.B
6756,311.1,10.0,12.0,8.8,7.6,0.9,601.92,0.75,600,600.75,100.6,5.971669980119285,6.028330019880715,2.0,630-E030525_P_B_1.B
6757,311.1,10.0,12.0,8.8,7.6,0.9,601.92,0.75,600,600.75,100.6,5.971669980119285,6.028330019880715,2.0,630-E030525_P_B_1.B
6758,311.1,10.5,12.5,8.8,7.6,0.93,653.0832000000001,0.75,650,650.75,100.6,6.46868787276342,6.03131212723658,2.0,630-E030525_P_B_1.B
6759,311.1,10.5,12.5,8.8,7.6,0.93,653.0832000000001,0.75,650,650.75,100.6,6.46868787276342,6.03131212723658,2.0,630-E030525_P_B_1.B
6760,311.1,10.5,12.5,8.8,7.6,0.93,653.0832000000001,0.75,650,650.75,100.6,6.46868787276342,6.03131212723658,2.0,630-E030525_P_B_1.B
6761,311.1,11.0,13.0,8.8,7.6,0.96,706.2528000000001,0.75,700,700.75,100.6,6.965705765407555,6.034294234592445,2.0,630-E030525_P_B_1.B
6762,311.1,11.0,13.0,8.8,7.6,0.96,706.2528000000001,0.75,700,700.75,100.6,6.965705765407555,6.034294234592445,2.0,630-E030525_P_B_1.B
6763,311.1,11.0,13.0,8.8,7.6,0.96,706.2528000000001,0.75,700,700.75,100.6,6.965705765407555,6.034294234592445,2.0,630-E030525_P_B_1.B
6764,311.1,11.0,13.0,8.8,7.6,0.96,706.2528000000001,0.75,700,700.75,100.6,6.965705765407555,6.034294234592445,2.0,630-E030525_P_B_1.B
6767,311.1,10.0,12.0,8.8,7.6,0.9,601.92,0.75,600,600.75,100.6,5.971669980119285,6.028330019880715,2.0,630-E030525_P_B_1.B
6768,311.1,10.5,12.5,8.8,7.6,0.93,653.0832000000001,0.75,650,650.75,100.6,6.46868787276342,6.03131212723658,2.0,630-E030525_P_B_1.B
6769,311.1,10.5,12.5,8.8,7.6,0.93,653.0832000000001,0.75,650,650.75,100.6,6.46868787276342,6.03131212723658,2.0,630-E030525_P_B_1.B
6770,311.1,11.0,13.0,8.8,7.6,0.96,706.2528000000001,0.75,700,700.75,100.6,6.965705765407555,6.034294234592445,2.0,630-E030525_P_B_1.B
6771,311.1,11.0,13.0,8.8,7.6,0.96,706.2528000000001,0.75,700,700.75,100.6,6.965705765407555,6.034294234592445,2.0,630-E030525_P_B_1.B
6772,311.1,11.0,13.0,8.8,7.6,0.96,706.2528000000001,0.75,700,700.75,100.6,6.965705765407555,6.034294234592445,2.0,630-E030525_P_B_1.B
6773,311.1,11.0,13.0,8.8,7.6,0.96,706.2528000000001,0.75,700,700.75,100.6,6.965705765407555,6.034294234592445,2.0,630-E030525_P_B_1.B
6774,311.1,10.5,12.5,8.8,7.6,0.93,653.0832000000001,0.75,650,650.75,100.6,6.46868787276342,6.03131212723658,2.0,630-E030525_P_B_1.B
6780,311.1,11.0,13.0,8.8,7.6,0.96,706.2528000000001,0.75,700,700.75,100.6,6.965705765407555,6.034294234592445,2.0,630-E030525_P_B_1.B
6781,311.1,11.0,13.0,8.8,7.6,0.96,706.2528000000001,0.75,700,700.75,100.6,6.965705765407555,6.034294234592445,2.0,630-E030525_P_B_1.B
6782,311.1,10.5,12.5,8.8,7.6,0.93,653.0832000000001,0.75,650,650.75,100.6,6.46868787276342,6.03131212723658,2.0,630-E030525_P_B_1.B
6783,311.1,10.5,12.5,8.8,7.6,0.93,653.0832000000001,0.75,650,650.75,100.6,6.46868787276342,6.03131212723658,2.0,630-E030525_P_B_1.B
6784,311.1,10.5,12.5,8.8,7.6,0.93,653.0832000000001,0.75,650,650.75,100.6,6.46868787276342,6.03131212723658,2.0,630-E030525_P_B_1.B
6785,311.1,10.0,12.0,8.8,7.6,0.9,601.92,0.75,600,600.75,100.6,5.971669980119285,6.028330019880715,2.0,630-E030525_P_B_1.B
6786,311.1,10.0,12.0,8.8,7.6,0.9,601.92,0.75,600,600.75,100.6,5.971669980119285,6.028330019880715,2.0,630-E030525_P_B_1.B
6787,311.1,10.5,12.5,8.8,7.6,0.93,653.0832000000001,0.75,650,650.75,100.6,6.46868787276342,6.03131212723658,2.0,630-E030525_P_B_1.B
6788,311.1,10.5,12.5,8.8,7.6,0.93,653.0832000000001,0.75,650,650.75,100.6,6.46868787276342,6.03131212723658,2.0,630-E030525_P_B_1.B
6789,311.1,10.5,12.5,8.8,7.6,0.93,653.0832000000001,0.75,650,650.75,100.6,6.46868787276342,6.03131212723658,2.0,630-E030525_P_B_1.B
6795,311.1,10.0,12.0,8.8,7.6,0.9,601.92,0.75,600,600.75,100.6,5.971669980119285,6.028330019880715,2.0,630-E030525_P_B_1.B
6796,311.1,10.0,12.0,8.8,7.6,0.9,601.92,0.75,600,600.75,100.6,5.971669980119285,6.028330019880715,2.0,630-E030525_P_B_1.B
6797,311.1,10.0,12.0,8.8,7.6,0.9,601.92,0.75,600,600.75,100.6,5.971669980119285,6.028330019880715,2.0,630-E030525_P_B_1.B
6798,311.1,10.0,12.0,8.8,7.6,0.9,601.92,0.75,600,600.75,100.6,5.971669980119285,6.028330019880715,2.0,630-E030525_P_B_1.B
6799,311.1,10.5,12.5,8.8,7.6,0.93,653.0832000000001,0.75,650,650.75,100.6,6.46868787276342,6.03131212723658,2.0,630-E030525_P_B_1.B
6800,311.1,10.5,12.5,8.8,7.6,0.93,653.0832000000001,0.75,650,650.75,100.6,6.46868787276342,6.03131212723658,2.0,630-E030525_P_B_1.B
6801,311.1,10.5,12.5,8.8,7.6,0.93,653.0832000000001,0.75,650,650.75,100.6,6.46868787276342,6.03131212723658,2.0,630-E030525_P_B_1.B
6802,311.1,10.5,12.5,8.8,7.6,0.93,653.0832000000001,0.75,650,650.75,100.6,6.46868787276342,6.03131212723658,2.0,630-E030525_P_B_1.B
6803,311.1,11.0,13.0,8.8,7.6,0.96,706.2528000000001,0.75,700,700.75,100.6,6.965705765407555,6.034294234592445,2.0,630-E030525_P_B_1.B
6804,311.1,11.0,13.0,8.8,7.6,0.96,706.2528000000001,0.75,700,700.75,100.6,6.965705765407555,6.034294234592445,2.0,630-E030525_P_B_1.B
6805,311.1,11.0,13.0,8.8,7.6,0.96,706.2528000000001,0.75,700,700.75,100.6,6.965705765407555,6.034294234592445,2.0,630-E030525_P_B_1.B
6811,311.1,10.5,12.5,8.8,7.6,0.93,653.0832000000001,0.75,650,650.75,100.6,6.46868787276342,6.03131212723658,2.0,630-E030525_P_B_1.B
6812,311.1,10.5,12.5,8.8,7.6,0.93,653.0832000000001,0.75,650,650.75,100.6,6.46868787276342,6.03131212723658,2.0,630-E030525_P_B_1.B
6813,311.1,10.5,12.5,8.8,7.6,0.93,653.0832000000001,0.75,650,650.75,100.6,6.46868787276342,6.03131212723658,2.0,630-E030525_P_B_1.B
6814,311.1,10.5,12.5,8.8,7.6,0.93,653.0832000000001,0.75,650,650.75,100.6,6.46868787276342,6.03131212723658,2.0,630-E030525_P_B_1.B
6815,311.1,10.0,12.0,8.8,7.6,0.9,601.92,0.75,600,600.75,100.6,5.971669980119285,6.028330019880715,2.0,630-E030525_P_B_1.B
1,311.1,9.0,11.5,8.3,7.2,0.95,510.94800000000004,0.75,510,510.75,100.6,5.077037773359841,6.422962226640159,2.5,630-E040625_P_B_4.A
2,311.1,9.0,11.5,8.3,7.2,0.95,510.94800000000004,0.75,510,510.75,100.6,5.077037773359841,6.422962226640159,2.5,630-E040625_P_B_4.A
50,311.1,9.0,11.5,8.3,7.2,0.95,510.94800000000004,0.75,510,510.75,100.6,5.077037773359841,6.422962226640159,2.5,630-E040625_P_B_4.A
51,311.1,8.5,11.0,8.3,7.2,1.1,558.7560000000002,0.75,550,550.75,100.6,5.47465208747515,5.52534791252485,2.5,630-E040625_P_B_4.A
52,311.1,8.5,11.0,8.3,7.2,1.1,558.7560000000002,0.75,550,550.75,100.6,5.47465208747515,5.52534791252485,2.5,630-E040625_P_B_4.A
53,311.1,8.5,11.0,8.3,7.2,1.1,558.7560000000002,0.75,550,550.75,100.6,5.47465208747515,5.52534791252485,2.5,630-E040625_P_B_4.A
94,311.1,9.0,11.5,8.3,7.2,0.95,510.94800000000004,0.75,510,510.75,100.6,5.077037773359841,6.422962226640159,2.5,630-E040625_P_B_4.A
95,311.1,9.0,11.5,8.3,7.2,0.95,510.94800000000004,0.75,510,510.75,100.6,5.077037773359841,6.422962226640159,2.5,630-E040625_P_B_4.A
96,311.1,9.0,11.5,8.3,7.2,0.95,510.94800000000004,0.75,510,510.75,100.6,5.077037773359841,6.422962226640159,2.5,630-E040625_P_B_4.A
97,311.1,9.0,11.5,8.3,7.2,0.95,510.94800000000004,0.75,510,510.75,100.6,5.077037773359841,6.422962226640159,2.5,630-E040625_P_B_4.A
168,311.1,8.5,11.0,8.3,7.2,1.1,558.7560000000002,0.75,550,550.75,100.6,5.47465208747515,5.52534791252485,2.5,630-E040625_P_B_4.A
169,311.1,8.5,11.0,8.3,7.2,1.1,558.7560000000002,0.75,550,550.75,100.6,5.47465208747515,5.52534791252485,2.5,630-E040625_P_B_4.A
170,311.1,9.0,11.5,8.3,7.2,1.12,602.3808000000001,0.75,600,600.75,100.6,5.971669980119285,5.528330019880715,2.5,630-E040625_P_B_4.A
171,311.1,9.0,11.5,8.3,7.2,1.12,602.3808000000001,0.75,600,600.75,100.6,5.971669980119285,5.528330019880715,2.5,630-E040625_P_B_4.A
172,311.1,9.5,12.0,8.3,7.2,0.98,556.3656000000001,0.75,550,550.75,100.6,5.47465208747515,6.52534791252485,2.5,630-E040625_P_B_4.A
173,311.1,8.5,11.0,8.3,7.2,1.1,558.7560000000002,0.75,550,550.75,100.6,5.47465208747515,5.52534791252485,2.5,630-E040625_P_B_4.A
174,311.1,8.5,11.0,8.3,7.2,1.1,558.7560000000002,0.75,550,550.75,100.6,5.47465208747515,5.52534791252485,2.5,630-E040625_P_B_4.A
754,311.1,9.5,12.0,8.3,7.2,0.98,556.3656000000001,0.75,550,550.75,100.6,5.47465208747515,6.52534791252485,2.5,630-E040625_P_B_4.A
755,311.1,9.5,12.0,8.3,7.2,0.98,556.3656000000001,0.75,550,550.75,100.6,5.47465208747515,6.52534791252485,2.5,630-E040625_P_B_4.A
756,311.1,9.5,12.0,8.3,7.2,0.98,556.3656000000001,0.75,550,550.75,100.6,5.47465208747515,6.52534791252485,2.5,630-E040625_P_B_4.A
757,311.1,9.5,12.0,8.3,7.2,0.98,556.3656000000001,0.75,550,550.75,100.6,5.47465208747515,6.52534791252485,2.5,630-E040625_P_B_4.A
758,311.1,9.5,12.0,8.3,7.2,0.98,556.3656000000001,0.75,550,550.75,100.6,5.47465208747515,6.52534791252485,2.5,630-E040625_P_B_4.A
759,311.1,9.0,11.5,8.3,7.2,0.95,510.94800000000004,0.75,510,510.75,100.6,5.077037773359841,6.422962226640159,2.5,630-E040625_P_B_4.A
760,311.1,9.0,11.5,8.3,7.2,0.95,510.94800000000004,0.75,510,510.75,100.6,5.077037773359841,6.422962226640159,2.5,630-E040625_P_B_4.A
761,311.1,9.5,12.0,8.3,7.2,0.98,556.3656000000001,0.75,550,550.75,100.6,5.47465208747515,6.52534791252485,2.5,630-E040625_P_B_4.A
767,311.1,9.0,11.5,8.3,7.2,0.95,510.94800000000004,0.75,510,510.75,100.6,5.077037773359841,6.422962226640159,2.5,630-E040625_P_B_4.A
768,311.1,9.0,11.5,8.3,7.2,0.95,510.94800000000004,0.75,510,510.75,100.6,5.077037773359841,6.422962226640159,2.5,630-E040625_P_B_4.A
769,311.1,9.5,12.0,8.3,7.2,0.98,556.3656000000001,0.75,550,550.75,100.6,5.47465208747515,6.52534791252485,2.5,630-E040625_P_B_4.A
770,311.1,9.0,11.5,8.3,7.2,0.95,510.94800000000004,0.75,510,510.75,100.6,5.077037773359841,6.422962226640159,2.5,630-E040625_P_B_4.A
771,311.1,9.0,11.5,8.3,7.2,0.95,510.94800000000004,0.75,510,510.75,100.6,5.077037773359841,6.422962226640159,2.5,630-E040625_P_B_4.A
772,311.1,9.0,11.5,8.3,7.2,0.95,510.94800000000004,0.75,510,510.75,100.6,5.077037773359841,6.422962226640159,2.5,630-E040625_P_B_4.A
773,311.1,9.0,11.5,8.3,7.2,0.95,510.94800000000004,0.75,510,510.75,100.6,5.077037773359841,6.422962226640159,2.5,630-E040625_P_B_4.A
774,311.1,9.0,11.5,8.3,7.2,0.95,510.94800000000004,0.75,510,510.75,100.6,5.077037773359841,6.422962226640159,2.5,630-E040625_P_B_4.A
775,311.1,9.0,11.5,8.3,7.2,0.95,510.94800000000004,0.75,510,510.75,100.6,5.077037773359841,6.422962226640159,2.5,630-E040625_P_B_4.A
776,311.1,9.0,11.5,8.3,7.2,0.95,510.94800000000004,0.75,510,510.75,100.6,5.077037773359841,6.422962226640159,2.5,630-E040625_P_B_4.A
777,311.1,9.0,11.5,8.3,7.2,0.95,510.94800000000004,0.75,510,510.75,100.6,5.077037773359841,6.422962226640159,2.5,630-E040625_P_B_4.A
778,311.1,9.0,11.5,8.3,7.2,0.95,510.94800000000004,0.75,510,510.75,100.6,5.077037773359841,6.422962226640159,2.5,630-E040625_P_B_4.A
782,311.1,9.5,11.5,6.4,5.5,1.8,601.9200000000001,0.75,600,600.75,100.6,5.971669980119285,5.528330019880715,2.0,630-E040625_P_B_4.A
5600,311.1,10.0,12.5,6.8,5.9,1.75,702.1,0.75,700,700.75,100.6,6.965705765407555,5.534294234592445,2.5,630-E040625_P_B_4.A
5601,311.1,10.0,12.5,6.8,5.9,1.75,702.1,0.75,700,700.75,100.6,6.965705765407555,5.534294234592445,2.5,630-E040625_P_B_4.A
5602,311.1,9.5,12.0,6.8,5.9,1.72,655.5608,0.75,650,650.75,100.6,6.46868787276342,5.53131212723658,2.5,630-E040625_P_B_4.A
5603,311.1,9.5,12.0,6.8,5.9,1.72,655.5608,0.75,650,650.75,100.6,6.46868787276342,5.53131212723658,2.5,630-E040625_P_B_4.A
5604,311.1,9.5,12.0,6.8,5.9,1.72,655.5608,0.75,650,650.75,100.6,6.46868787276342,5.53131212723658,2.5,630-E040625_P_B_4.A
5605,311.1,9.5,12.0,6.8,5.9,1.72,655.5608,0.75,650,650.75,100.6,6.46868787276342,5.53131212723658,2.5,630-E040625_P_B_4.A
5606,311.1,9.5,12.0,6.8,5.9,1.72,655.5608,0.75,650,650.75,100.6,6.46868787276342,5.53131212723658,2.5,630-E040625_P_B_4.A
5607,311.1,9.5,12.0,6.8,5.9,1.72,655.5608,0.75,650,650.75,100.6,6.46868787276342,5.53131212723658,2.5,630-E040625_P_B_4.A
5608,311.1,9.5,12.0,6.8,5.9,1.72,655.5608,0.75,650,650.75,100.6,6.46868787276342,5.53131212723658,2.5,630-E040625_P_B_4.A
5609,311.1,9.5,12.0,6.8,5.9,1.72,655.5608,0.75,650,650.75,100.6,6.46868787276342,5.53131212723658,2.5,630-E040625_P_B_4.A
5610,311.1,9.0,11.5,6.8,5.9,1.67,603.0036,0.75,600,600.75,100.6,5.971669980119285,5.528330019880715,2.5,630-E040625_P_B_4.A
5611,311.1,9.0,11.5,6.8,5.9,1.67,603.0036,0.75,600,600.75,100.6,5.971669980119285,5.528330019880715,2.5,630-E040625_P_B_4.A
5612,311.1,9.5,12.0,6.8,5.9,1.72,655.5608,0.75,650,650.75,100.6,6.46868787276342,5.53131212723658,2.5,630-E040625_P_B_4.A
5613,311.1,9.5,12.0,6.8,5.9,1.72,655.5608,0.75,650,650.75,100.6,6.46868787276342,5.53131212723658,2.5,630-E040625_P_B_4.A
5614,311.1,9.5,12.0,6.8,5.9,1.72,655.5608,0.75,650,650.75,100.6,6.46868787276342,5.53131212723658,2.5,630-E040625_P_B_4.A
5615,311.1,9.5,12.0,6.8,5.9,1.72,655.5608,0.75,650,650.75,100.6,6.46868787276342,5.53131212723658,2.5,630-E040625_P_B_4.A
5616,311.1,10.0,12.5,6.8,5.9,1.75,702.1,0.75,700,700.75,100.6,6.965705765407555,5.534294234592445,2.5,630-E040625_P_B_4.A
5617,311.1,10.0,12.5,6.8,5.9,1.75,702.1,0.75,700,700.75,100.6,6.965705765407555,5.534294234592445,2.5,630-E040625_P_B_4.A
5618,311.1,9.5,12.0,6.8,5.9,1.72,655.5608,0.75,650,650.75,100.6,6.46868787276342,5.53131212723658,2.5,630-E040625_P_B_4.A
5619,311.1,9.5,12.0,6.8,5.9,1.72,655.5608,0.75,650,650.75,100.6,6.46868787276342,5.53131212723658,2.5,630-E040625_P_B_4.A
5661,311.1,9.5,12.0,6.8,5.9,1.72,655.5608,0.75,650,650.75,100.6,6.46868787276342,5.53131212723658,2.5,630-E040625_P_B_4.A
5662,311.1,9.5,12.0,6.8,5.9,1.72,655.5608,0.75,650,650.75,100.6,6.46868787276342,5.53131212723658,2.5,630-E040625_P_B_4.A
5663,311.1,10.0,12.5,6.8,5.9,1.75,702.1,0.75,700,700.75,100.6,6.965705765407555,5.534294234592445,2.5,630-E040625_P_B_4.A
5664,311.1,10.0,12.5,6.8,5.9,1.75,702.1,0.75,700,700.75,100.6,6.965705765407555,5.534294234592445,2.5,630-E040625_P_B_4.A
5665,311.1,10.0,12.5,6.8,5.9,1.75,702.1,0.75,700,700.75,100.6,6.965705765407555,5.534294234592445,2.5,630-E040625_P_B_4.A
5666,311.1,9.5,12.0,6.8,5.9,1.72,655.5608,0.75,650,650.75,100.6,6.46868787276342,5.53131212723658,2.5,630-E040625_P_B_4.A
5667,311.1,9.5,12.0,6.8,5.9,1.72,655.5608,0.75,650,650.75,100.6,6.46868787276342,5.53131212723658,2.5,630-E040625_P_B_4.A
5668,311.1,9.5,12.0,6.8,5.9,1.72,655.5608,0.75,650,650.75,100.6,6.46868787276342,5.53131212723658,2.5,630-E040625_P_B_4.A
5669,311.1,10.0,12.5,6.8,5.9,1.75,702.1,0.75,700,700.75,100.6,6.965705765407555,5.534294234592445,2.5,630-E040625_P_B_4.A
5670,311.1,9.5,12.0,6.8,5.9,1.72,655.5608,0.75,650,650.75,100.6,6.46868787276342,5.53131212723658,2.5,630-E040625_P_B_4.A
5671,311.1,9.0,11.5,6.8,5.9,1.67,603.0036,0.75,600,600.75,100.6,5.971669980119285,5.528330019880715,2.5,630-E040625_P_B_4.A
5672,311.1,9.5,12.0,6.8,5.9,1.72,655.5608,0.75,650,650.75,100.6,6.46868787276342,5.53131212723658,2.5,630-E040625_P_B_4.A
5673,311.1,9.5,12.0,6.8,5.9,1.72,655.5608,0.75,650,650.75,100.6,6.46868787276342,5.53131212723658,2.5,630-E040625_P_B_4.A
5674,311.1,9.5,12.0,6.8,5.9,1.72,655.5608,0.75,650,650.75,100.6,6.46868787276342,5.53131212723658,2.5,630-E040625_P_B_4.A
5675,311.1,9.5,12.0,6.8,5.9,1.72,655.5608,0.75,650,650.75,100.6,6.46868787276342,5.53131212723658,2.5,630-E040625_P_B_4.A
5676,311.1,9.5,12.0,6.8,5.9,1.72,655.5608,0.75,650,650.75,100.6,6.46868787276342,5.53131212723658,2.5,630-E040625_P_B_4.A
5677,311.1,9.5,12.0,6.8,5.9,1.72,655.5608,0.75,650,650.75,100.6,6.46868787276342,5.53131212723658,2.5,630-E040625_P_B_4.A
5678,311.1,9.5,12.0,6.8,5.9,1.72,655.5608,0.75,650,650.75,100.6,6.46868787276342,5.53131212723658,2.5,630-E040625_P_B_4.A
5679,311.1,9.5,12.0,6.8,5.9,1.72,655.5608,0.75,650,650.75,100.6,6.46868787276342,5.53131212723658,2.5,630-E040625_P_B_4.A
5680,311.1,10.0,12.5,6.8,5.9,1.75,702.1,0.75,700,700.75,100.6,6.965705765407555,5.534294234592445,2.5,630-E040625_P_B_4.A
5681,311.1,10.0,12.5,6.8,5.9,1.75,702.1,0.75,700,700.75,100.6,6.965705765407555,5.534294234592445,2.5,630-E040625_P_B_4.A
5682,311.1,9.5,12.0,6.8,5.9,1.72,655.5608,0.75,650,650.75,100.6,6.46868787276342,5.53131212723658,2.5,630-E040625_P_B_4.A
5683,311.1,9.5,12.0,6.8,5.9,1.72,655.5608,0.75,650,650.75,100.6,6.46868787276342,5.53131212723658,2.5,630-E040625_P_B_4.A
5684,311.1,10.0,12.5,6.8,5.9,1.75,702.1,0.75,700,700.75,100.6,6.965705765407555,5.534294234592445,2.5,630-E040625_P_B_4.A
5685,311.1,9.5,12.0,6.8,5.9,1.72,655.5608,0.75,650,650.75,100.6,6.46868787276342,5.53131212723658,2.5,630-E040625_P_B_4.A
5686,311.1,9.5,12.0,6.8,5.9,1.72,655.5608,0.75,650,650.75,100.6,6.46868787276342,5.53131212723658,2.5,630-E040625_P_B_4.A
5687,311.1,9.5,12.0,6.8,5.9,1.72,655.5608,0.75,650,650.75,100.6,6.46868787276342,5.53131212723658,2.5,630-E040625_P_B_4.A
5688,311.1,9.5,12.0,6.8,5.9,1.72,655.5608,0.75,650,650.75,100.6,6.46868787276342,5.53131212723658,2.5,630-E040625_P_B_4.A
5689,311.1,9.5,12.0,6.8,5.9,1.72,655.5608,0.75,650,650.75,100.6,6.46868787276342,5.53131212723658,2.5,630-E040625_P_B_4.A
5690,311.1,9.5,12.0,6.8,5.9,1.72,655.5608,0.75,650,650.75,100.6,6.46868787276342,5.53131212723658,2.5,630-E040625_P_B_4.A
5691,311.1,9.5,12.0,6.8,5.9,1.72,655.5608,0.75,650,650.75,100.6,6.46868787276342,5.53131212723658,2.5,630-E040625_P_B_4.A
5692,311.1,9.0,11.5,6.8,5.9,1.67,603.0036,0.75,600,600.75,100.6,5.971669980119285,5.528330019880715,2.5,630-E040625_P_B_4.A
5693,311.1,9.0,11.5,6.8,5.9,1.67,603.0036,0.75,600,600.75,100.6,5.971669980119285,5.528330019880715,2.5,630-E040625_P_B_4.A
5694,311.1,9.5,12.0,6.8,5.9,1.72,655.5608,0.75,650,650.75,100.6,6.46868787276342,5.53131212723658,2.5,630-E040625_P_B_4.A
5695,311.1,9.5,12.0,6.8,5.9,1.72,655.5608,0.75,650,650.75,100.6,6.46868787276342,5.53131212723658,2.5,630-E040625_P_B_4.A
5696,311.1,9.5,12.0,6.8,5.9,1.72,655.5608,0.75,650,650.75,100.6,6.46868787276342,5.53131212723658,2.5,630-E040625_P_B_4.A
5697,311.1,9.5,12.0,6.8,5.9,1.72,655.5608,0.75,650,650.75,100.6,6.46868787276342,5.53131212723658,2.5,630-E040625_P_B_4.A
5698,311.1,9.5,12.0,6.8,5.9,1.72,655.5608,0.75,650,650.75,100.6,6.46868787276342,5.53131212723658,2.5,630-E040625_P_B_4.A
5699,311.1,9.5,12.0,6.8,5.9,1.72,655.5608,0.75,650,650.75,100.6,6.46868787276342,5.53131212723658,2.5,630-E040625_P_B_4.A
5700,311.1,9.5,12.0,6.8,5.9,1.72,655.5608,0.75,650,650.75,100.6,6.46868787276342,5.53131212723658,2.5,630-E040625_P_B_4.A
5701,311.1,9.5,12.0,6.8,5.9,1.72,655.5608,0.75,650,650.75,100.6,6.46868787276342,5.53131212723658,2.5,630-E040625_P_B_4.A
5702,311.1,9.5,12.0,6.8,5.9,1.72,655.5608,0.75,650,650.75,100.6,6.46868787276342,5.53131212723658,2.5,630-E040625_P_B_4.A
5703,311.1,9.5,12.0,6.8,5.9,1.72,655.5608,0.75,650,650.75,100.6,6.46868787276342,5.53131212723658,2.5,630-E040625_P_B_4.A
5704,311.1,9.5,12.0,6.8,5.9,1.72,655.5608,0.75,650,650.75,100.6,6.46868787276342,5.53131212723658,2.5,630-E040625_P_B_4.A
5739,311.1,9.5,12.0,6.8,5.9,1.72,655.5608,0.75,650,650.75,100.6,6.46868787276342,5.53131212723658,2.5,630-E040625_P_B_4.A
5740,311.1,9.5,12.0,6.8,5.9,1.72,655.5608,0.75,650,650.75,100.6,6.46868787276342,5.53131212723658,2.5,630-E040625_P_B_4.A
5741,311.1,9.5,12.0,6.8,5.9,1.72,655.5608,0.75,650,650.75,100.6,6.46868787276342,5.53131212723658,2.5,630-E040625_P_B_4.A
5742,311.1,9.5,12.0,6.8,5.9,1.72,655.5608,0.75,650,650.75,100.6,6.46868787276342,5.53131212723658,2.5,630-E040625_P_B_4.A
5743,311.1,9.5,12.0,6.8,5.9,1.72,655.5608,0.75,650,650.75,100.6,6.46868787276342,5.53131212723658,2.5,630-E040625_P_B_4.A
5744,311.1,9.5,12.0,6.8,5.9,1.72,655.5608,0.75,650,650.75,100.6,6.46868787276342,5.53131212723658,2.5,630-E040625_P_B_4.A
5745,311.1,9.5,12.0,6.8,5.9,1.72,655.5608,0.75,650,650.75,100.6,6.46868787276342,5.53131212723658,2.5,630-E040625_P_B_4.A
5746,311.1,9.5,12.0,6.8,5.9,1.72,655.5608,0.75,650,650.75,100.6,6.46868787276342,5.53131212723658,2.5,630-E040625_P_B_4.A
5747,311.1,9.5,12.0,6.8,5.9,1.72,655.5608,0.75,650,650.75,100.6,6.46868787276342,5.53131212723658,2.5,630-E040625_P_B_4.A
5748,311.1,9.5,12.0,6.8,5.9,1.72,655.5608,0.75,650,650.75,100.6,6.46868787276342,5.53131212723658,2.5,630-E040625_P_B_4.A
5749,311.1,9.5,12.0,6.8,5.9,1.72,655.5608,0.75,650,650.75,100.6,6.46868787276342,5.53131212723658,2.5,630-E040625_P_B_4.A
5750,311.1,9.0,11.5,6.8,5.9,1.67,603.0036,0.75,600,600.75,100.6,5.971669980119285,5.528330019880715,2.5,630-E040625_P_B_4.A
5751,311.1,9.0,11.5,6.8,5.9,1.67,603.0036,0.75,600,600.75,100.6,5.971669980119285,5.528330019880715,2.5,630-E040625_P_B_4.A
5752,311.1,9.0,11.5,6.8,5.9,1.67,603.0036,0.75,600,600.75,100.6,5.971669980119285,5.528330019880715,2.5,630-E040625_P_B_4.A
5753,311.1,9.0,11.5,6.8,5.9,1.67,603.0036,0.75,600,600.75,100.6,5.971669980119285,5.528330019880715,2.5,630-E040625_P_B_4.A
5754,311.1,9.0,11.5,6.8,5.9,1.67,603.0036,0.75,600,600.75,100.6,5.971669980119285,5.528330019880715,2.5,630-E040625_P_B_4.A
5755,311.1,9.0,11.5,6.8,5.9,1.67,603.0036,0.75,600,600.75,100.6,5.971669980119285,5.528330019880715,2.5,630-E040625_P_B_4.A
5756,311.1,9.5,12.0,6.8,5.9,1.72,655.5608,0.75,650,650.75,100.6,6.46868787276342,5.53131212723658,2.5,630-E040625_P_B_4.A
5757,311.1,9.5,12.0,6.8,5.9,1.72,655.5608,0.75,650,650.75,100.6,6.46868787276342,5.53131212723658,2.5,630-E040625_P_B_4.A
5758,311.1,9.5,12.0,6.8,5.9,1.72,655.5608,0.75,650,650.75,100.6,6.46868787276342,5.53131212723658,2.5,630-E040625_P_B_4.A
5759,311.1,9.5,12.0,6.8,5.9,1.72,655.5608,0.75,650,650.75,100.6,6.46868787276342,5.53131212723658,2.5,630-E040625_P_B_4.A
5760,311.1,10.0,12.5,6.8,5.9,1.75,702.1,0.75,700,700.75,100.6,6.965705765407555,5.534294234592445,2.5,630-E040625_P_B_4.A
5761,311.1,9.5,12.0,6.8,5.9,1.72,655.5608,0.75,650,650.75,100.6,6.46868787276342,5.53131212723658,2.5,630-E040625_P_B_4.A
5762,311.1,9.5,12.0,6.8,5.9,1.72,655.5608,0.75,650,650.75,100.6,6.46868787276342,5.53131212723658,2.5,630-E040625_P_B_4.A
5763,311.1,9.5,12.0,6.8,5.9,1.72,655.5608,0.75,650,650.75,100.6,6.46868787276342,5.53131212723658,2.5,630-E040625_P_B_4.A
5764,311.1,10.0,12.5,6.8,5.9,1.75,702.1,0.75,700,700.75,100.6,6.965705765407555,5.534294234592445,2.5,630-E040625_P_B_4.A
5765,311.1,10.0,12.5,6.8,5.9,1.75,702.1,0.75,700,700.75,100.6,6.965705765407555,5.534294234592445,2.5,630-E040625_P_B_4.A
5766,311.1,10.0,12.5,6.8,5.9,1.75,702.1,0.75,700,700.75,100.6,6.965705765407555,5.534294234592445,2.5,630-E040625_P_B_4.A
5767,311.1,10.0,12.5,6.8,5.9,1.75,702.1,0.75,700,700.75,100.6,6.965705765407555,5.534294234592445,2.5,630-E040625_P_B_4.A
5768,311.1,10.0,12.5,6.8,5.9,1.75,702.1,0.75,700,700.75,100.6,6.965705765407555,5.534294234592445,2.5,630-E040625_P_B_4.A
5769,311.1,9.5,12.0,6.8,5.9,1.72,655.5608,0.75,650,650.75,100.6,6.46868787276342,5.53131212723658,2.5,630-E040625_P_B_4.A
5770,311.1,9.5,12.0,6.8,5.9,1.72,655.5608,0.75,650,650.75,100.6,6.46868787276342,5.53131212723658,2.5,630-E040625_P_B_4.A
5771,311.1,9.5,12.0,6.8,5.9,1.72,655.5608,0.75,650,650.75,100.6,6.46868787276342,5.53131212723658,2.5,630-E040625_P_B_4.A
5772,311.1,9.0,11.5,6.8,5.9,1.67,603.0036,0.75,600,600.75,100.6,5.971669980119285,5.528330019880715,2.5,630-E040625_P_B_4.A
5773,311.1,9.0,11.5,6.8,5.9,1.67,603.0036,0.75,600,600.75,100.6,5.971669980119285,5.528330019880715,2.5,630-E040625_P_B_4.A
5774,311.1,9.0,11.5,6.8,5.9,1.67,603.0036,0.75,600,600.75,100.6,5.971669980119285,5.528330019880715,2.5,630-E040625_P_B_4.A
5775,311.1,9.0,11.5,6.8,5.9,1.67,603.0036,0.75,600,600.75,100.6,5.971669980119285,5.528330019880715,2.5,630-E040625_P_B_4.A
5776,311.1,9.0,11.5,6.8,5.9,1.67,603.0036,0.75,600,600.75,100.6,5.971669980119285,5.528330019880715,2.5,630-E040625_P_B_4.A
5777,311.1,9.0,11.5,6.8,5.9,1.67,603.0036,0.75,600,600.75,100.6,5.971669980119285,5.528330019880715,2.5,630-E040625_P_B_4.A
5778,311.1,9.0,11.5,6.8,5.9,1.67,603.0036,0.75,600,600.75,100.6,5.971669980119285,5.528330019880715,2.5,630-E040625_P_B_4.A
5779,311.1,9.5,12.0,6.8,5.9,1.72,655.5608,0.75,650,650.75,100.6,6.46868787276342,5.53131212723658,2.5,630-E040625_P_B_4.A
5780,311.1,9.5,12.0,6.8,5.9,1.72,655.5608,0.75,650,650.75,100.6,6.46868787276342,5.53131212723658,2.5,630-E040625_P_B_4.A
5781,311.1,9.5,12.0,6.8,5.9,1.72,655.5608,0.75,650,650.75,100.6,6.46868787276342,5.53131212723658,2.5,630-E040625_P_B_4.A
5782,311.1,9.5,12.0,6.8,5.9,1.72,655.5608,0.75,650,650.75,100.6,6.46868787276342,5.53131212723658,2.5,630-E040625_P_B_4.A
5783,311.1,9.5,12.0,6.8,5.9,1.72,655.5608,0.75,650,650.75,100.6,6.46868787276342,5.53131212723658,2.5,630-E040625_P_B_4.A
5784,311.1,9.5,12.0,6.8,5.9,1.72,655.5608,0.75,650,650.75,100.6,6.46868787276342,5.53131212723658,2.5,630-E040625_P_B_4.A
5785,311.1,9.5,12.0,6.8,5.9,1.72,655.5608,0.75,650,650.75,100.6,6.46868787276342,5.53131212723658,2.5,630-E040625_P_B_4.A
5786,311.1,9.5,12.0,6.8,5.9,1.72,655.5608,0.75,650,650.75,100.6,6.46868787276342,5.53131212723658,2.5,630-E040625_P_B_4.A
5787,311.1,9.5,12.0,6.8,5.9,1.72,655.5608,0.75,650,650.75,100.6,6.46868787276342,5.53131212723658,2.5,630-E040625_P_B_4.A
5788,311.1,9.5,12.0,6.8,5.9,1.72,655.5608,0.75,650,650.75,100.6,6.46868787276342,5.53131212723658,2.5,630-E040625_P_B_4.A
5789,311.1,9.0,11.5,6.8,5.9,1.67,603.0036,0.75,600,600.75,100.6,5.971669980119285,5.528330019880715,2.5,630-E040625_P_B_4.A
5790,311.1,9.0,11.5,6.8,5.9,1.67,603.0036,0.75,600,600.75,100.6,5.971669980119285,5.528330019880715,2.5,630-E040625_P_B_4.A
5805,311.1,10.0,12.5,6.8,5.9,1.75,702.1,0.75,700,700.75,100.6,6.965705765407555,5.534294234592445,2.5,630-E040625_P_B_4.A
5806,311.1,10.0,12.5,6.8,5.9,1.75,702.1,0.75,700,700.75,100.6,6.965705765407555,5.534294234592445,2.5,630-E040625_P_B_4.A
5807,311.1,9.5,12.0,6.8,5.9,1.72,655.5608,0.75,650,650.75,100.6,6.46868787276342,5.53131212723658,2.5,630-E040625_P_B_4.A
5808,311.1,9.5,12.0,6.8,5.9,1.72,655.5608,0.75,650,650.75,100.6,6.46868787276342,5.53131212723658,2.5,630-E040625_P_B_4.A
5809,311.1,9.5,12.0,6.8,5.9,1.72,655.5608,0.75,650,650.75,100.6,6.46868787276342,5.53131212723658,2.5,630-E040625_P_B_4.A
5810,311.1,9.5,12.0,6.8,5.9,1.72,655.5608,0.75,650,650.75,100.6,6.46868787276342,5.53131212723658,2.5,630-E040625_P_B_4.A
5811,311.1,9.5,12.0,6.8,5.9,1.72,655.5608,0.75,650,650.75,100.6,6.46868787276342,5.53131212723658,2.5,630-E040625_P_B_4.A
5812,311.1,9.5,12.0,6.8,5.9,1.72,655.5608,0.75,650,650.75,100.6,6.46868787276342,5.53131212723658,2.5,630-E040625_P_B_4.A
5813,311.1,9.5,12.0,6.8,5.9,1.72,655.5608,0.75,650,650.75,100.6,6.46868787276342,5.53131212723658,2.5,630-E040625_P_B_4.A
5814,311.1,9.5,12.0,6.8,5.9,1.72,655.5608,0.75,650,650.75,100.6,6.46868787276342,5.53131212723658,2.5,630-E040625_P_B_4.A
5815,311.1,9.0,11.5,6.8,5.9,1.67,603.0036,0.75,600,600.75,100.6,5.971669980119285,5.528330019880715,2.5,630-E040625_P_B_4.A
5816,311.1,9.0,11.5,6.8,5.9,1.67,603.0036,0.75,600,600.75,100.6,5.971669980119285,5.528330019880715,2.5,630-E040625_P_B_4.A
5817,311.1,9.5,12.0,6.8,5.9,1.72,655.5608,0.75,650,650.75,100.6,6.46868787276342,5.53131212723658,2.5,630-E040625_P_B_4.A
5818,311.1,9.5,12.0,6.8,5.9,1.72,655.5608,0.75,650,650.75,100.6,6.46868787276342,5.53131212723658,2.5,630-E040625_P_B_4.A
5819,311.1,9.5,12.0,6.8,5.9,1.72,655.5608,0.75,650,650.75,100.6,6.46868787276342,5.53131212723658,2.5,630-E040625_P_B_4.A
5820,311.1,9.5,12.0,6.8,5.9,1.72,655.5608,0.75,650,650.75,100.6,6.46868787276342,5.53131212723658,2.5,630-E040625_P_B_4.A
5821,311.1,10.0,12.5,6.8,5.9,1.75,702.1,0.75,700,700.75,100.6,6.965705765407555,5.534294234592445,2.5,630-E040625_P_B_4.A
5822,311.1,10.0,12.5,6.8,5.9,1.75,702.1,0.75,700,700.75,100.6,6.965705765407555,5.534294234592445,2.5,630-E040625_P_B_4.A
5823,311.1,9.5,12.0,6.8,5.9,1.72,655.5608,0.75,650,650.75,100.6,6.46868787276342,5.53131212723658,2.5,630-E040625_P_B_4.A
5824,311.1,9.5,12.0,6.8,5.9,1.72,655.5608,0.75,650,650.75,100.6,6.46868787276342,5.53131212723658,2.5,630-E040625_P_B_4.A
5865,311.1,9.5,12.0,6.8,5.9,1.72,655.5608,0.75,650,650.75,100.6,6.46868787276342,5.53131212723658,2.5,630-E040625_P_B_4.A
5866,311.1,9.5,12.0,6.8,5.9,1.72,655.5608,0.75,650,650.75,100.6,6.46868787276342,5.53131212723658,2.5,630-E040625_P_B_4.A
5867,311.1,9.5,12.0,6.8,5.9,1.72,655.5608,0.75,650,650.75,100.6,6.46868787276342,5.53131212723658,2.5,630-E040625_P_B_4.A
5868,311.1,10.0,12.5,6.8,5.9,1.75,702.1,0.75,700,700.75,100.6,6.965705765407555,5.534294234592445,2.5,630-E040625_P_B_4.A
5869,311.1,10.0,12.5,6.8,5.9,1.75,702.1,0.75,700,700.75,100.6,6.965705765407555,5.534294234592445,2.5,630-E040625_P_B_4.A
5870,311.1,9.5,12.0,6.8,5.9,1.72,655.5608,0.75,650,650.75,100.6,6.46868787276342,5.53131212723658,2.5,630-E040625_P_B_4.A
5871,311.1,9.5,12.0,6.8,5.9,1.72,655.5608,0.75,650,650.75,100.6,6.46868787276342,5.53131212723658,2.5,630-E040625_P_B_4.A
5872,311.1,9.5,12.0,6.8,5.9,1.72,655.5608,0.75,650,650.75,100.6,6.46868787276342,5.53131212723658,2.5,630-E040625_P_B_4.A
5873,311.1,10.0,12.5,6.8,5.9,1.75,702.1,0.75,700,700.75,100.6,6.965705765407555,5.534294234592445,2.5,630-E040625_P_B_4.A
5874,311.1,10.0,12.5,6.8,5.9,1.75,702.1,0.75,700,700.75,100.6,6.965705765407555,5.534294234592445,2.5,630-E040625_P_B_4.A
5875,311.1,9.5,12.0,6.8,5.9,1.72,655.5608,0.75,650,650.75,100.6,6.46868787276342,5.53131212723658,2.5,630-E040625_P_B_4.A
5876,311.1,9.0,11.5,6.8,5.9,1.67,603.0036,0.75,600,600.75,100.6,5.971669980119285,5.528330019880715,2.5,630-E040625_P_B_4.A
5877,311.1,9.5,12.0,6.8,5.9,1.72,655.5608,0.75,650,650.75,100.6,6.46868787276342,5.53131212723658,2.5,630-E040625_P_B_4.A
5878,311.1,9.5,12.0,6.8,5.9,1.72,655.5608,0.75,650,650.75,100.6,6.46868787276342,5.53131212723658,2.5,630-E040625_P_B_4.A
5879,311.1,9.5,12.0,6.8,5.9,1.72,655.5608,0.75,650,650.75,100.6,6.46868787276342,5.53131212723658,2.5,630-E040625_P_B_4.A
5880,311.1,9.5,12.0,6.8,5.9,1.72,655.5608,0.75,650,650.75,100.6,6.46868787276342,5.53131212723658,2.5,630-E040625_P_B_4.A
5881,311.1,9.5,12.0,6.8,5.9,1.72,655.5608,0.75,650,650.75,100.6,6.46868787276342,5.53131212723658,2.5,630-E040625_P_B_4.A
5882,311.1,9.5,12.0,6.8,5.9,1.72,655.5608,0.75,650,650.75,100.6,6.46868787276342,5.53131212723658,2.5,630-E040625_P_B_4.A
5883,311.1,9.5,12.0,6.8,5.9,1.72,655.5608,0.75,650,650.75,100.6,6.46868787276342,5.53131212723658,2.5,630-E040625_P_B_4.A
5884,311.1,10.0,12.5,6.8,5.9,1.75,702.1,0.75,700,700.75,100.6,6.965705765407555,5.534294234592445,2.5,630-E040625_P_B_4.A
5885,311.1,10.0,12.5,6.8,5.9,1.75,702.1,0.75,700,700.75,100.6,6.965705765407555,5.534294234592445,2.5,630-E040625_P_B_4.A
5886,311.1,9.5,12.0,6.8,5.9,1.72,655.5608,0.75,650,650.75,100.6,6.46868787276342,5.53131212723658,2.5,630-E040625_P_B_4.A
5887,311.1,9.5,12.0,6.8,5.9,1.72,655.5608,0.75,650,650.75,100.6,6.46868787276342,5.53131212723658,2.5,630-E040625_P_B_4.A
5888,311.1,9.5,12.0,6.8,5.9,1.72,655.5608,0.75,650,650.75,100.6,6.46868787276342,5.53131212723658,2.5,630-E040625_P_B_4.A
5889,311.1,9.5,12.0,6.8,5.9,1.72,655.5608,0.75,650,650.75,100.6,6.46868787276342,5.53131212723658,2.5,630-E040625_P_B_4.A
5890,311.1,10.0,12.5,6.8,5.9,1.75,702.1,0.75,700,700.75,100.6,6.965705765407555,5.534294234592445,2.5,630-E040625_P_B_4.A
5891,311.1,9.5,12.0,6.8,5.9,1.72,655.5608,0.75,650,650.75,100.6,6.46868787276342,5.53131212723658,2.5,630-E040625_P_B_4.A
5892,311.1,9.5,12.0,6.8,5.9,1.72,655.5608,0.75,650,650.75,100.6,6.46868787276342,5.53131212723658,2.5,630-E040625_P_B_4.A
5893,311.1,9.5,12.0,6.8,5.9,1.72,655.5608,0.75,650,650.75,100.6,6.46868787276342,5.53131212723658,2.5,630-E040625_P_B_4.A
5894,311.1,9.5,12.0,6.8,5.9,1.72,655.5608,0.75,650,650.75,100.6,6.46868787276342,5.53131212723658,2.5,630-E040625_P_B_4.A
5895,311.1,9.5,12.0,6.8,5.9,1.72,655.5608,0.75,650,650.75,100.6,6.46868787276342,5.53131212723658,2.5,630-E040625_P_B_4.A
5896,311.1,9.0,11.5,6.8,5.9,1.67,603.0036,0.75,600,600.75,100.6,5.971669980119285,5.528330019880715,2.5,630-E040625_P_B_4.A
5897,311.1,9.0,11.5,6.8,5.9,1.67,603.0036,0.75,600,600.75,100.6,5.971669980119285,5.528330019880715,2.5,630-E040625_P_B_4.A
5898,311.1,9.0,11.5,6.8,5.9,1.67,603.0036,0.75,600,600.75,100.6,5.971669980119285,5.528330019880715,2.5,630-E040625_P_B_4.A
5899,311.1,9.0,11.5,6.8,5.9,1.67,603.0036,0.75,600,600.75,100.6,5.971669980119285,5.528330019880715,2.5,630-E040625_P_B_4.A
5900,311.1,9.5,12.0,6.8,5.9,1.72,655.5608,0.75,650,650.75,100.6,6.46868787276342,5.53131212723658,2.5,630-E040625_P_B_4.A
5901,311.1,9.5,12.0,6.8,5.9,1.72,655.5608,0.75,650,650.75,100.6,6.46868787276342,5.53131212723658,2.5,630-E040625_P_B_4.A
5902,311.1,9.5,12.0,6.8,5.9,1.72,655.5608,0.75,650,650.75,100.6,6.46868787276342,5.53131212723658,2.5,630-E040625_P_B_4.A
5903,311.1,9.5,12.0,6.8,5.9,1.72,655.5608,0.75,650,650.75,100.6,6.46868787276342,5.53131212723658,2.5,630-E040625_P_B_4.A
5904,311.1,9.5,12.0,6.8,5.9,1.72,655.5608,0.75,650,650.75,100.6,6.46868787276342,5.53131212723658,2.5,630-E040625_P_B_4.A
5905,311.1,9.5,12.0,6.8,5.9,1.72,655.5608,0.75,650,650.75,100.6,6.46868787276342,5.53131212723658,2.5,630-E040625_P_B_4.A
5906,311.1,9.5,12.0,6.8,5.9,1.72,655.5608,0.75,650,650.75,100.6,6.46868787276342,5.53131212723658,2.5,630-E040625_P_B_4.A
5907,311.1,9.5,12.0,6.8,5.9,1.72,655.5608,0.75,650,650.75,100.6,6.46868787276342,5.53131212723658,2.5,630-E040625_P_B_4.A
5908,311.1,9.5,12.0,6.8,5.9,1.72,655.5608,0.75,650,650.75,100.6,6.46868787276342,5.53131212723658,2.5,630-E040625_P_B_4.A
5909,311.1,9.5,12.0,6.8,5.9,1.72,655.5608,0.75,650,650.75,100.6,6.46868787276342,5.53131212723658,2.5,630-E040625_P_B_4.A
5910,311.1,9.5,12.0,6.8,5.9,1.72,655.5608,0.75,650,650.75,100.6,6.46868787276342,5.53131212723658,2.5,630-E040625_P_B_4.A
5943,311.1,9.0,11.5,6.8,5.9,1.67,603.0036,0.75,600,600.75,100.6,5.971669980119285,5.528330019880715,2.5,630-E040625_P_B_4.A
5944,311.1,9.0,11.5,6.8,5.9,1.67,603.0036,0.75,600,600.75,100.6,5.971669980119285,5.528330019880715,2.5,630-E040625_P_B_4.A
5945,311.1,9.5,12.0,6.8,5.9,1.72,655.5608,0.75,650,650.75,100.6,6.46868787276342,5.53131212723658,2.5,630-E040625_P_B_4.A
5946,311.1,9.5,12.0,6.8,5.9,1.72,655.5608,0.75,650,650.75,100.6,6.46868787276342,5.53131212723658,2.5,630-E040625_P_B_4.A
5947,311.1,9.5,12.0,6.8,5.9,1.72,655.5608,0.75,650,650.75,100.6,6.46868787276342,5.53131212723658,2.5,630-E040625_P_B_4.A
5948,311.1,9.5,12.0,6.8,5.9,1.72,655.5608,0.75,650,650.75,100.6,6.46868787276342,5.53131212723658,2.5,630-E040625_P_B_4.A
5949,311.1,9.5,12.0,6.8,5.9,1.72,655.5608,0.75,650,650.75,100.6,6.46868787276342,5.53131212723658,2.5,630-E040625_P_B_4.A
5950,311.1,9.5,12.0,6.8,5.9,1.72,655.5608,0.75,650,650.75,100.6,6.46868787276342,5.53131212723658,2.5,630-E040625_P_B_4.A
5951,311.1,9.5,12.0,6.8,5.9,1.72,655.5608,0.75,650,650.75,100.6,6.46868787276342,5.53131212723658,2.5,630-E040625_P_B_4.A
5952,311.1,9.5,12.0,6.8,5.9,1.72,655.5608,0.75,650,650.75,100.6,6.46868787276342,5.53131212723658,2.5,630-E040625_P_B_4.A
5953,311.1,9.5,12.0,6.8,5.9,1.72,655.5608,0.75,650,650.75,100.6,6.46868787276342,5.53131212723658,2.5,630-E040625_P_B_4.A
5954,311.1,9.0,11.5,6.8,5.9,1.67,603.0036,0.75,600,600.75,100.6,5.971669980119285,5.528330019880715,2.5,630-E040625_P_B_4.A
5955,311.1,9.0,11.5,6.8,5.9,1.67,603.0036,0.75,600,600.75,100.6,5.971669980119285,5.528330019880715,2.5,630-E040625_P_B_4.A
5956,311.1,9.0,11.5,6.8,5.9,1.67,603.0036,0.75,600,600.75,100.6,5.971669980119285,5.528330019880715,2.5,630-E040625_P_B_4.A
5957,311.1,9.0,11.5,6.8,5.9,1.67,603.0036,0.75,600,600.75,100.6,5.971669980119285,5.528330019880715,2.5,630-E040625_P_B_4.A
5958,311.1,9.0,11.5,6.8,5.9,1.67,603.0036,0.75,600,600.75,100.6,5.971669980119285,5.528330019880715,2.5,630-E040625_P_B_4.A
5959,311.1,9.0,11.5,6.8,5.9,1.67,603.0036,0.75,600,600.75,100.6,5.971669980119285,5.528330019880715,2.5,630-E040625_P_B_4.A
5960,311.1,9.5,12.0,6.8,5.9,1.72,655.5608,0.75,650,650.75,100.6,6.46868787276342,5.53131212723658,2.5,630-E040625_P_B_4.A
5961,311.1,9.5,12.0,6.8,5.9,1.72,655.5608,0.75,650,650.75,100.6,6.46868787276342,5.53131212723658,2.5,630-E040625_P_B_4.A
5962,311.1,9.5,12.0,6.8,5.9,1.72,655.5608,0.75,650,650.75,100.6,6.46868787276342,5.53131212723658,2.5,630-E040625_P_B_4.A
5963,311.1,9.5,12.0,6.8,5.9,1.72,655.5608,0.75,650,650.75,100.6,6.46868787276342,5.53131212723658,2.5,630-E040625_P_B_4.A
5964,311.1,10.0,12.5,6.8,5.9,1.75,702.1,0.75,700,700.75,100.6,6.965705765407555,5.534294234592445,2.5,630-E040625_P_B_4.A
5965,311.1,9.5,12.0,6.8,5.9,1.72,655.5608,0.75,650,650.75,100.6,6.46868787276342,5.53131212723658,2.5,630-E040625_P_B_4.A
5966,311.1,9.5,12.0,6.8,5.9,1.72,655.5608,0.75,650,650.75,100.6,6.46868787276342,5.53131212723658,2.5,630-E040625_P_B_4.A
5967,311.1,10.0,12.5,6.8,5.9,1.75,702.1,0.75,700,700.75,100.6,6.965705765407555,5.534294234592445,2.5,630-E040625_P_B_4.A
5968,311.1,10.0,12.5,6.8,5.9,1.75,702.1,0.75,700,700.75,100.6,6.965705765407555,5.534294234592445,2.5,630-E040625_P_B_4.A
5969,311.1,10.0,12.5,6.8,5.9,1.75,702.1,0.75,700,700.75,100.6,6.965705765407555,5.534294234592445,2.5,630-E040625_P_B_4.A
5970,311.1,10.0,12.5,6.8,5.9,1.75,702.1,0.75,700,700.75,100.6,6.965705765407555,5.534294234592445,2.5,630-E040625_P_B_4.A
5971,311.1,10.0,12.5,6.8,5.9,1.75,702.1,0.75,700,700.75,100.6,6.965705765407555,5.534294234592445,2.5,630-E040625_P_B_4.A
5972,311.1,10.0,12.5,6.8,5.9,1.75,702.1,0.75,700,700.75,100.6,6.965705765407555,5.534294234592445,2.5,630-E040625_P_B_4.A
5973,311.1,10.0,12.5,6.8,5.9,1.75,702.1,0.75,700,700.75,100.6,6.965705765407555,5.534294234592445,2.5,630-E040625_P_B_4.A
5974,311.1,10.0,12.5,6.8,5.9,1.75,702.1,0.75,700,700.75,100.6,6.965705765407555,5.534294234592445,2.5,630-E040625_P_B_4.A
5975,311.1,9.5,12.0,6.8,5.9,1.72,655.5608,0.75,650,650.75,100.6,6.46868787276342,5.53131212723658,2.5,630-E040625_P_B_4.A
5976,311.1,9.0,11.5,6.8,5.9,1.67,603.0036,0.75,600,600.75,100.6,5.971669980119285,5.528330019880715,2.5,630-E040625_P_B_4.A
5977,311.1,9.0,11.5,6.8,5.9,1.67,603.0036,0.75,600,600.75,100.6,5.971669980119285,5.528330019880715,2.5,630-E040625_P_B_4.A
5978,311.1,9.0,11.5,6.8,5.9,1.67,603.0036,0.75,600,600.75,100.6,5.971669980119285,5.528330019880715,2.5,630-E040625_P_B_4.A
5979,311.1,9.0,11.5,6.8,5.9,1.67,603.0036,0.75,600,600.75,100.6,5.971669980119285,5.528330019880715,2.5,630-E040625_P_B_4.A
5980,311.1,9.0,11.5,6.8,5.9,1.67,603.0036,0.75,600,600.75,100.6,5.971669980119285,5.528330019880715,2.5,630-E040625_P_B_4.A
5981,311.1,9.0,11.5,6.8,5.9,1.67,603.0036,0.75,600,600.75,100.6,5.971669980119285,5.528330019880715,2.5,630-E040625_P_B_4.A
5982,311.1,9.0,11.5,6.8,5.9,1.67,603.0036,0.75,600,600.75,100.6,5.971669980119285,5.528330019880715,2.5,630-E040625_P_B_4.A
5983,311.1,9.0,11.5,6.8,5.9,1.67,603.0036,0.75,600,600.75,100.6,5.971669980119285,5.528330019880715,2.5,630-E040625_P_B_4.A
5984,311.1,9.0,11.5,6.8,5.9,1.67,603.0036,0.75,600,600.75,100.6,5.971669980119285,5.528330019880715,2.5,630-E040625_P_B_4.A
5985,311.1,9.5,12.0,6.8,5.9,1.72,655.5608,0.75,650,650.75,100.6,6.46868787276342,5.53131212723658,2.5,630-E040625_P_B_4.A
5986,311.1,9.5,12.0,6.8,5.9,1.72,655.5608,0.75,650,650.75,100.6,6.46868787276342,5.53131212723658,2.5,630-E040625_P_B_4.A
5987,311.1,9.5,12.0,6.8,5.9,1.72,655.5608,0.75,650,650.75,100.6,6.46868787276342,5.53131212723658,2.5,630-E040625_P_B_4.A
5988,311.1,9.5,12.0,6.8,5.9,1.72,655.5608,0.75,650,650.75,100.6,6.46868787276342,5.53131212723658,2.5,630-E040625_P_B_4.A
5989,311.1,9.0,11.5,6.8,5.9,1.67,603.0036,0.75,600,600.75,100.6,5.971669980119285,5.528330019880715,2.5,630-E040625_P_B_4.A
5990,311.1,9.0,11.5,6.8,5.9,1.67,603.0036,0.75,600,600.75,100.6,5.971669980119285,5.528330019880715,2.5,630-E040625_P_B_4.A
5991,311.1,9.0,11.5,6.8,5.9,1.67,603.0036,0.75,600,600.75,100.6,5.971669980119285,5.528330019880715,2.5,630-E040625_P_B_4.A
5992,311.1,9.5,12.0,6.8,5.9,1.72,655.5608,0.75,650,650.75,100.6,6.46868787276342,5.53131212723658,2.5,630-E040625_P_B_4.A
5993,311.1,9.5,12.0,6.8,5.9,1.72,655.5608,0.75,650,650.75,100.6,6.46868787276342,5.53131212723658,2.5,630-E040625_P_B_4.A
5994,311.1,9.5,12.0,6.8,5.9,1.72,655.5608,0.75,650,650.75,100.6,6.46868787276342,5.53131212723658,2.5,630-E040625_P_B_4.A
5995,311.1,9.0,11.5,6.8,5.9,1.67,603.0036,0.75,600,600.75,100.6,5.971669980119285,5.528330019880715,2.5,630-E040625_P_B_4.A
5996,311.1,9.0,11.5,6.8,5.9,1.67,603.0036,0.75,600,600.75,100.6,5.971669980119285,5.528330019880715,2.5,630-E040625_P_B_4.A
5997,311.1,9.0,11.5,6.8,5.9,1.67,603.0036,0.75,600,600.75,100.6,5.971669980119285,5.528330019880715,2.5,630-E040625_P_B_4.A
6021,311.1,9.0,11.5,6.8,5.9,1.67,603.0036,0.75,600,600.75,100.6,5.971669980119285,5.528330019880715,2.5,630-E040625_P_B_4.A
6022,311.1,9.0,11.5,6.8,5.9,1.67,603.0036,0.75,600,600.75,100.6,5.971669980119285,5.528330019880715,2.5,630-E040625_P_B_4.A
6023,311.1,9.0,11.5,6.8,5.9,1.67,603.0036,0.75,600,600.75,100.6,5.971669980119285,5.528330019880715,2.5,630-E040625_P_B_4.A
6024,311.1,9.0,11.5,6.8,5.9,1.67,603.0036,0.75,600,600.75,100.6,5.971669980119285,5.528330019880715,2.5,630-E040625_P_B_4.A
6025,311.1,9.5,12.0,6.8,5.9,1.72,655.5608,0.75,650,650.75,100.6,6.46868787276342,5.53131212723658,2.5,630-E040625_P_B_4.A
6026,311.1,9.5,12.0,6.8,5.9,1.72,655.5608,0.75,650,650.75,100.6,6.46868787276342,5.53131212723658,2.5,630-E040625_P_B_4.A
6027,311.1,9.5,12.0,6.8,5.9,1.72,655.5608,0.75,650,650.75,100.6,6.46868787276342,5.53131212723658,2.5,630-E040625_P_B_4.A
6028,311.1,9.5,12.0,6.8,5.9,1.72,655.5608,0.75,650,650.75,100.6,6.46868787276342,5.53131212723658,2.5,630-E040625_P_B_4.A
6029,311.1,9.5,12.0,6.8,5.9,1.72,655.5608,0.75,650,650.75,100.6,6.46868787276342,5.53131212723658,2.5,630-E040625_P_B_4.A
6030,311.1,9.5,12.0,6.8,5.9,1.72,655.5608,0.75,650,650.75,100.6,6.46868787276342,5.53131212723658,2.5,630-E040625_P_B_4.A
6031,311.1,9.5,12.0,6.8,5.9,1.72,655.5608,0.75,650,650.75,100.6,6.46868787276342,5.53131212723658,2.5,630-E040625_P_B_4.A
6032,311.1,9.5,12.0,6.8,5.9,1.72,655.5608,0.75,650,650.75,100.6,6.46868787276342,5.53131212723658,2.5,630-E040625_P_B_4.A
6033,311.1,9.5,12.0,6.8,5.9,1.72,655.5608,0.75,650,650.75,100.6,6.46868787276342,5.53131212723658,2.5,630-E040625_P_B_4.A
6034,311.1,9.5,12.0,6.8,5.9,1.72,655.5608,0.75,650,650.75,100.6,6.46868787276342,5.53131212723658,2.5,630-E040625_P_B_4.A
6035,311.1,9.0,11.5,6.8,5.9,1.67,603.0036,0.75,600,600.75,100.6,5.971669980119285,5.528330019880715,2.5,630-E040625_P_B_4.A
6036,311.1,9.0,11.5,6.8,5.9,1.67,603.0036,0.75,600,600.75,100.6,5.971669980119285,5.528330019880715,2.5,630-E040625_P_B_4.A
6037,311.1,9.0,11.5,6.8,5.9,1.67,603.0036,0.75,600,600.75,100.6,5.971669980119285,5.528330019880715,2.5,630-E040625_P_B_4.A
6038,311.1,9.0,11.5,6.8,5.9,1.67,603.0036,0.75,600,600.75,100.6,5.971669980119285,5.528330019880715,2.5,630-E040625_P_B_4.A
6039,311.1,9.0,11.5,6.8,5.9,1.67,603.0036,0.75,600,600.75,100.6,5.971669980119285,5.528330019880715,2.5,630-E040625_P_B_4.A
6040,311.1,9.0,11.5,6.8,5.9,1.67,603.0036,0.75,600,600.75,100.6,5.971669980119285,5.528330019880715,2.5,630-E040625_P_B_4.A
6041,311.1,9.0,11.5,6.8,5.9,1.67,603.0036,0.75,600,600.75,100.6,5.971669980119285,5.528330019880715,2.5,630-E040625_P_B_4.A
6042,311.1,9.0,11.5,6.8,5.9,1.67,603.0036,0.75,600,600.75,100.6,5.971669980119285,5.528330019880715,2.5,630-E040625_P_B_4.A
6043,311.1,9.5,12.0,6.8,5.9,1.72,655.5608,0.75,650,650.75,100.6,6.46868787276342,5.53131212723658,2.5,630-E040625_P_B_4.A
6044,311.1,10.0,12.5,6.8,5.9,1.75,702.1,0.75,700,700.75,100.6,6.965705765407555,5.534294234592445,2.5,630-E040625_P_B_4.A
6045,311.1,10.0,12.5,6.8,5.9,1.75,702.1,0.75,700,700.75,100.6,6.965705765407555,5.534294234592445,2.5,630-E040625_P_B_4.A
6046,311.1,10.0,12.5,6.8,5.9,1.75,702.1,0.75,700,700.75,100.6,6.965705765407555,5.534294234592445,2.5,630-E040625_P_B_4.A
6047,311.1,10.0,12.5,6.8,5.9,1.75,702.1,0.75,700,700.75,100.6,6.965705765407555,5.534294234592445,2.5,630-E040625_P_B_4.A
6048,311.1,10.0,12.5,6.8,5.9,1.75,702.1,0.75,700,700.75,100.6,6.965705765407555,5.534294234592445,2.5,630-E040625_P_B_4.A
6049,311.1,10.0,12.5,6.8,5.9,1.75,702.1,0.75,700,700.75,100.6,6.965705765407555,5.534294234592445,2.5,630-E040625_P_B_4.A
6050,311.1,10.0,12.5,6.8,5.9,1.75,702.1,0.75,700,700.75,100.6,6.965705765407555,5.534294234592445,2.5,630-E040625_P_B_4.A
6051,311.1,10.0,12.5,6.8,5.9,1.75,702.1,0.75,700,700.75,100.6,6.965705765407555,5.534294234592445,2.5,630-E040625_P_B_4.A
6052,311.1,10.0,12.5,6.8,5.9,1.75,702.1,0.75,700,700.75,100.6,6.965705765407555,5.534294234592445,2.5,630-E040625_P_B_4.A
6053,311.1,10.0,12.5,6.8,5.9,1.75,702.1,0.75,700,700.75,100.6,6.965705765407555,5.534294234592445,2.5,630-E040625_P_B_4.A
6054,311.1,10.0,12.5,6.8,5.9,1.75,702.1,0.75,700,700.75,100.6,6.965705765407555,5.534294234592445,2.5,630-E040625_P_B_4.A
6055,311.1,10.0,12.5,6.8,5.9,1.75,702.1,0.75,700,700.75,100.6,6.965705765407555,5.534294234592445,2.5,630-E040625_P_B_4.A
6056,311.1,10.0,12.5,6.8,5.9,1.75,702.1,0.75,700,700.75,100.6,6.965705765407555,5.534294234592445,2.5,630-E040625_P_B_4.A
6057,311.1,9.5,12.0,6.8,5.9,1.72,655.5608,0.75,650,650.75,100.6,6.46868787276342,5.53131212723658,2.5,630-E040625_P_B_4.A
6058,311.1,9.5,12.0,6.8,5.9,1.72,655.5608,0.75,650,650.75,100.6,6.46868787276342,5.53131212723658,2.5,630-E040625_P_B_4.A
6059,311.1,9.0,11.5,6.8,5.9,1.67,603.0036,0.75,600,600.75,100.6,5.971669980119285,5.528330019880715,2.5,630-E040625_P_B_4.A
6060,311.1,9.0,11.5,6.8,5.9,1.67,603.0036,0.75,600,600.75,100.6,5.971669980119285,5.528330019880715,2.5,630-E040625_P_B_4.A
6061,311.1,9.0,11.5,6.8,5.9,1.67,603.0036,0.75,600,600.75,100.6,5.971669980119285,5.528330019880715,2.5,630-E040625_P_B_4.A
6062,311.1,9.0,11.5,6.8,5.9,1.67,603.0036,0.75,600,600.75,100.6,5.971669980119285,5.528330019880715,2.5,630-E040625_P_B_4.A
6063,311.1,9.0,11.5,6.8,5.9,1.67,603.0036,0.75,600,600.75,100.6,5.971669980119285,5.528330019880715,2.5,630-E040625_P_B_4.A
6064,311.1,9.0,11.5,6.8,5.9,1.67,603.0036,0.75,600,600.75,100.6,5.971669980119285,5.528330019880715,2.5,630-E040625_P_B_4.A
6065,311.1,9.0,11.5,6.8,5.9,1.67,603.0036,0.75,600,600.75,100.6,5.971669980119285,5.528330019880715,2.5,630-E040625_P_B_4.A
6066,311.1,9.5,12.0,6.8,5.9,1.72,655.5608,0.75,650,650.75,100.6,6.46868787276342,5.53131212723658,2.5,630-E040625_P_B_4.A
6067,311.1,9.5,12.0,6.8,5.9,1.72,655.5608,0.75,650,650.75,100.6,6.46868787276342,5.53131212723658,2.5,630-E040625_P_B_4.A
6068,311.1,9.5,12.0,6.8,5.9,1.72,655.5608,0.75,650,650.75,100.6,6.46868787276342,5.53131212723658,2.5,630-E040625_P_B_4.A
6069,311.1,9.5,12.0,6.8,5.9,1.72,655.5608,0.75,650,650.75,100.6,6.46868787276342,5.53131212723658,2.5,630-E040625_P_B_4.A
6070,311.1,9.0,11.5,6.8,5.9,1.67,603.0036,0.75,600,600.75,100.6,5.971669980119285,5.528330019880715,2.5,630-E040625_P_B_4.A
6071,311.1,9.0,11.5,6.8,5.9,1.67,603.0036,0.75,600,600.75,100.6,5.971669980119285,5.528330019880715,2.5,630-E040625_P_B_4.A
6072,311.1,9.0,11.5,6.8,5.9,1.67,603.0036,0.75,600,600.75,100.6,5.971669980119285,5.528330019880715,2.5,630-E040625_P_B_4.A
6073,311.1,9.5,12.0,6.8,5.9,1.72,655.5608,0.75,650,650.75,100.6,6.46868787276342,5.53131212723658,2.5,630-E040625_P_B_4.A
6074,311.1,9.5,12.0,6.8,5.9,1.72,655.5608,0.75,650,650.75,100.6,6.46868787276342,5.53131212723658,2.5,630-E040625_P_B_4.A
6075,311.1,9.5,12.0,6.8,5.9,1.72,655.5608,0.75,650,650.75,100.6,6.46868787276342,5.53131212723658,2.5,630-E040625_P_B_4.A
6076,311.1,9.5,12.0,6.8,5.9,1.72,655.5608,0.75,650,650.75,100.6,6.46868787276342,5.53131212723658,2.5,630-E040625_P_B_4.A
6077,311.1,9.0,11.5,6.8,5.9,1.67,603.0036,0.75,600,600.75,100.6,5.971669980119285,5.528330019880715,2.5,630-E040625_P_B_4.A
6078,311.1,9.0,11.5,6.8,5.9,1.67,603.0036,0.75,600,600.75,100.6,5.971669980119285,5.528330019880715,2.5,630-E040625_P_B_4.A
6115,311.1,8.5,11.0,6.8,5.9,1.64,559.2728,0.75,550,550.75,100.6,5.47465208747515,5.52534791252485,2.5,630-E040625_P_B_4.A
6116,311.1,9.0,11.5,6.8,5.9,1.67,603.0036,0.75,600,600.75,100.6,5.971669980119285,5.528330019880715,2.5,630-E040625_P_B_4.A
6117,311.1,9.0,11.5,6.8,5.9,1.67,603.0036,0.75,600,600.75,100.6,5.971669980119285,5.528330019880715,2.5,630-E040625_P_B_4.A
6118,311.1,9.0,11.5,6.8,5.9,1.67,603.0036,0.75,600,600.75,100.6,5.971669980119285,5.528330019880715,2.5,630-E040625_P_B_4.A
6119,311.1,9.0,11.5,6.8,5.9,1.67,603.0036,0.75,600,600.75,100.6,5.971669980119285,5.528330019880715,2.5,630-E040625_P_B_4.A
6120,311.1,9.5,12.0,6.8,5.9,1.72,655.5608,0.75,650,650.75,100.6,6.46868787276342,5.53131212723658,2.5,630-E040625_P_B_4.A
6121,311.1,9.5,12.0,6.8,5.9,1.72,655.5608,0.75,650,650.75,100.6,6.46868787276342,5.53131212723658,2.5,630-E040625_P_B_4.A
6122,311.1,9.5,12.0,6.8,5.9,1.72,655.5608,0.75,650,650.75,100.6,6.46868787276342,5.53131212723658,2.5,630-E040625_P_B_4.A
6123,311.1,9.5,12.0,6.8,5.9,1.72,655.5608,0.75,650,650.75,100.6,6.46868787276342,5.53131212723658,2.5,630-E040625_P_B_4.A
6124,311.1,9.5,12.0,6.8,5.9,1.72,655.5608,0.75,650,650.75,100.6,6.46868787276342,5.53131212723658,2.5,630-E040625_P_B_4.A
6125,311.1,9.5,12.0,6.8,5.9,1.72,655.5608,0.75,650,650.75,100.6,6.46868787276342,5.53131212723658,2.5,630-E040625_P_B_4.A
6126,311.1,9.5,12.0,6.8,5.9,1.72,655.5608,0.75,650,650.75,100.6,6.46868787276342,5.53131212723658,2.5,630-E040625_P_B_4.A
6127,311.1,9.5,12.0,6.8,5.9,1.72,655.5608,0.75,650,650.75,100.6,6.46868787276342,5.53131212723658,2.5,630-E040625_P_B_4.A
6128,311.1,9.5,12.0,6.8,5.9,1.72,655.5608,0.75,650,650.75,100.6,6.46868787276342,5.53131212723658,2.5,630-E040625_P_B_4.A
6129,311.1,9.5,12.0,6.8,5.9,1.72,655.5608,0.75,650,650.75,100.6,6.46868787276342,5.53131212723658,2.5,630-E040625_P_B_4.A
6130,311.1,9.0,11.5,6.8,5.9,1.67,603.0036,0.75,600,600.75,100.6,5.971669980119285,5.528330019880715,2.5,630-E040625_P_B_4.A
6131,311.1,9.0,11.5,6.8,5.9,1.67,603.0036,0.75,600,600.75,100.6,5.971669980119285,5.528330019880715,2.5,630-E040625_P_B_4.A
6132,311.1,9.0,11.5,6.8,5.9,1.67,603.0036,0.75,600,600.75,100.6,5.971669980119285,5.528330019880715,2.5,630-E040625_P_B_4.A
6133,311.1,9.0,11.5,6.8,5.9,1.67,603.0036,0.75,600,600.75,100.6,5.971669980119285,5.528330019880715,2.5,630-E040625_P_B_4.A
6134,311.1,9.0,11.5,6.8,5.9,1.67,603.0036,0.75,600,600.75,100.6,5.971669980119285,5.528330019880715,2.5,630-E040625_P_B_4.A
6135,311.1,9.0,11.5,6.8,5.9,1.67,603.0036,0.75,600,600.75,100.6,5.971669980119285,5.528330019880715,2.5,630-E040625_P_B_4.A
6136,311.1,9.0,11.5,6.8,5.9,1.67,603.0036,0.75,600,600.75,100.6,5.971669980119285,5.528330019880715,2.5,630-E040625_P_B_4.A
6137,311.1,9.0,11.5,6.8,5.9,1.67,603.0036,0.75,600,600.75,100.6,5.971669980119285,5.528330019880715,2.5,630-E040625_P_B_4.A
6138,311.1,9.5,12.0,6.8,5.9,1.72,655.5608,0.75,650,650.75,100.6,6.46868787276342,5.53131212723658,2.5,630-E040625_P_B_4.A
6139,311.1,10.0,12.5,6.8,5.9,1.75,702.1,0.75,700,700.75,100.6,6.965705765407555,5.534294234592445,2.5,630-E040625_P_B_4.A
6140,311.1,10.0,12.5,6.8,5.9,1.75,702.1,0.75,700,700.75,100.6,6.965705765407555,5.534294234592445,2.5,630-E040625_P_B_4.A
6141,311.1,10.0,12.5,6.8,5.9,1.75,702.1,0.75,700,700.75,100.6,6.965705765407555,5.534294234592445,2.5,630-E040625_P_B_4.A
6142,311.1,10.0,12.5,6.8,5.9,1.75,702.1,0.75,700,700.75,100.6,6.965705765407555,5.534294234592445,2.5,630-E040625_P_B_4.A
6143,311.1,10.0,12.5,6.8,5.9,1.75,702.1,0.75,700,700.75,100.6,6.965705765407555,5.534294234592445,2.5,630-E040625_P_B_4.A
6144,311.1,10.0,12.5,6.8,5.9,1.75,702.1,0.75,700,700.75,100.6,6.965705765407555,5.534294234592445,2.5,630-E040625_P_B_4.A
6145,311.1,10.0,12.5,6.8,5.9,1.75,702.1,0.75,700,700.75,100.6,6.965705765407555,5.534294234592445,2.5,630-E040625_P_B_4.A
8197,311.1,9.5,12.0,8.3,7.2,0.98,556.3656000000001,0.75,550,550.75,100.6,5.47465208747515,6.52534791252485,2.5,630-E040625_P_B_4.A
8198,311.1,9.5,12.0,8.3,7.2,0.98,556.3656000000001,0.75,550,550.75,100.6,5.47465208747515,6.52534791252485,2.5,630-E040625_P_B_4.A
8292,311.1,9.5,12.0,8.3,7.2,0.98,556.3656000000001,0.75,550,550.75,100.6,5.47465208747515,6.52534791252485,2.5,630-E040625_P_B_4.A
9053,311.1,9.5,12.0,8.3,7.2,0.98,556.3656000000001,0.75,550,550.75,100.6,5.47465208747515,6.52534791252485,2.5,630-E040625_P_B_4.A
9054,311.1,9.5,12.0,8.3,7.2,0.98,556.3656000000001,0.75,550,550.75,100.6,5.47465208747515,6.52534791252485,2.5,630-E040625_P_B_4.A
9095,311.1,9.5,12.0,8.3,7.2,1.16,658.5552000000001,0.75,650,650.75,100.6,6.46868787276342,5.53131212723658,2.5,630-E040625_P_B_4.A
9101,311.1,9.5,12.0,8.3,7.2,1.16,658.5552000000001,0.75,650,650.75,100.6,6.46868787276342,5.53131212723658,2.5,630-E040625_P_B_4.A
9102,311.1,9.5,12.0,8.3,7.2,1.16,658.5552000000001,0.75,650,650.75,100.6,6.46868787276342,5.53131212723658,2.5,630-E040625_P_B_4.A
9103,311.1,9.5,12.0,8.3,7.2,1.16,658.5552000000001,0.75,650,650.75,100.6,6.46868787276342,5.53131212723658,2.5,630-E040625_P_B_4.A
9104,311.1,9.5,12.0,8.3,7.2,0.98,556.3656000000001,0.75,550,550.75,100.6,5.47465208747515,6.52534791252485,2.5,630-E040625_P_B_4.A
9105,311.1,9.5,12.0,8.3,7.2,0.98,556.3656000000001,0.75,550,550.75,100.6,5.47465208747515,6.52534791252485,2.5,630-E040625_P_B_4.A
9106,311.1,9.5,12.0,8.3,7.2,1.16,658.5552000000001,0.75,650,650.75,100.6,6.46868787276342,5.53131212723658,2.5,630-E040625_P_B_4.A
9107,311.1,9.5,12.0,8.3,7.2,0.98,556.3656000000001,0.75,550,550.75,100.6,5.47465208747515,6.52534791252485,2.5,630-E040625_P_B_4.A
9108,311.1,9.5,12.0,8.3,7.2,0.98,556.3656000000001,0.75,550,550.75,100.6,5.47465208747515,6.52534791252485,2.5,630-E040625_P_B_4.A
9109,311.1,9.5,12.0,8.3,7.2,0.98,556.3656000000001,0.75,550,550.75,100.6,5.47465208747515,6.52534791252485,2.5,630-E040625_P_B_4.A
9110,311.1,9.5,12.0,8.3,7.2,0.98,556.3656000000001,0.75,550,550.75,100.6,5.47465208747515,6.52534791252485,2.5,630-E040625_P_B_4.A
9111,311.1,9.5,12.0,8.3,7.2,1.16,658.5552000000001,0.75,650,650.75,100.6,6.46868787276342,5.53131212723658,2.5,630-E040625_P_B_4.A
9114,311.1,9.5,12.0,8.3,7.2,1.16,658.5552000000001,0.75,650,650.75,100.6,6.46868787276342,5.53131212723658,2.5,630-E040625_P_B_4.A
9121,311.1,9.5,12.0,8.3,7.2,0.98,556.3656000000001,0.75,550,550.75,100.6,5.47465208747515,6.52534791252485,2.5,630-E040625_P_B_4.A
9123,311.1,9.5,12.0,8.3,7.2,0.98,556.3656000000001,0.75,550,550.75,100.6,5.47465208747515,6.52534791252485,2.5,630-E040625_P_B_4.A
9124,311.1,9.5,12.0,8.3,7.2,0.98,556.3656000000001,0.75,550,550.75,100.6,5.47465208747515,6.52534791252485,2.5,630-E040625_P_B_4.A
9162,311.1,9.5,12.0,8.3,7.2,0.98,556.3656000000001,0.75,550,550.75,100.6,5.47465208747515,6.52534791252485,2.5,630-E040625_P_B_4.A
9163,311.1,9.5,12.0,8.3,7.2,1.16,658.5552000000001,0.75,650,650.75,100.6,6.46868787276342,5.53131212723658,2.5,630-E040625_P_B_4.A
9166,311.1,9.5,12.0,8.3,7.2,0.98,556.3656000000001,0.75,550,550.75,100.6,5.47465208747515,6.52534791252485,2.5,630-E040625_P_B_4.A
9167,311.1,9.5,12.0,8.3,7.2,0.98,556.3656000000001,0.75,550,550.75,100.6,5.47465208747515,6.52534791252485,2.5,630-E040625_P_B_4.A
9168,311.1,9.5,12.0,8.3,7.2,1.16,658.5552000000001,0.75,650,650.75,100.6,6.46868787276342,5.53131212723658,2.5,630-E040625_P_B_4.A
9170,311.1,9.5,12.0,8.3,7.2,1.16,658.5552000000001,0.75,650,650.75,100.6,6.46868787276342,5.53131212723658,2.5,630-E040625_P_B_4.A
9171,311.1,9.5,12.0,8.3,7.2,0.98,556.3656000000001,0.75,550,550.75,100.6,5.47465208747515,6.52534791252485,2.5,630-E040625_P_B_4.A
9172,311.1,9.5,12.0,8.3,7.2,0.98,556.3656000000001,0.75,550,550.75,100.6,5.47465208747515,6.52534791252485,2.5,630-E040625_P_B_4.A
9175,311.1,9.5,12.0,8.3,7.2,1.16,658.5552000000001,0.75,650,650.75,100.6,6.46868787276342,5.53131212723658,2.5,630-E040625_P_B_4.A
9176,311.1,9.5,12.0,8.3,7.2,0.98,556.3656000000001,0.75,550,550.75,100.6,5.47465208747515,6.52534791252485,2.5,630-E040625_P_B_4.A
9177,311.1,9.5,12.0,8.3,7.2,0.98,556.3656000000001,0.75,550,550.75,100.6,5.47465208747515,6.52534791252485,2.5,630-E040625_P_B_4.A
9178,311.1,9.5,12.0,8.3,7.2,0.98,556.3656000000001,0.75,550,550.75,100.6,5.47465208747515,6.52534791252485,2.5,630-E040625_P_B_4.A
9179,311.1,9.5,12.0,8.3,7.2,1.16,658.5552000000001,0.75,650,650.75,100.6,6.46868787276342,5.53131212723658,2.5,630-E040625_P_B_4.A
9334,311.1,9.0,11.5,8.3,7.2,1.12,602.3808000000001,0.75,600,600.75,100.6,5.971669980119285,5.528330019880715,2.5,630-E040625_P_B_4.A
9335,311.1,9.5,12.0,8.3,7.2,1.16,658.5552000000001,0.75,650,650.75,100.6,6.46868787276342,5.53131212723658,2.5,630-E040625_P_B_4.A
9336,311.1,9.5,12.0,8.3,7.2,1.16,658.5552000000001,0.75,650,650.75,100.6,6.46868787276342,5.53131212723658,2.5,630-E040625_P_B_4.A
9337,311.1,9.0,11.5,8.3,7.2,1.12,602.3808000000001,0.75,600,600.75,100.6,5.971669980119285,5.528330019880715,2.5,630-E040625_P_B_4.A
9338,311.1,9.0,11.5,8.3,7.2,1.12,602.3808000000001,0.75,600,600.75,100.6,5.971669980119285,5.528330019880715,2.5,630-E040625_P_B_4.A
9339,311.1,9.0,11.5,8.3,7.2,1.12,602.3808000000001,0.75,600,600.75,100.6,5.971669980119285,5.528330019880715,2.5,630-E040625_P_B_4.A
9340,311.1,9.5,12.0,8.3,7.2,1.16,658.5552000000001,0.75,650,650.75,100.6,6.46868787276342,5.53131212723658,2.5,630-E040625_P_B_4.A
9341,311.1,9.5,12.0,8.3,7.2,1.16,658.5552000000001,0.75,650,650.75,100.6,6.46868787276342,5.53131212723658,2.5,630-E040625_P_B_4.A
9342,311.1,9.5,12.0,8.3,7.2,1.16,658.5552000000001,0.75,650,650.75,100.6,6.46868787276342,5.53131212723658,2.5,630-E040625_P_B_4.A
9343,311.1,9.5,12.0,8.3,7.2,1.16,658.5552000000001,0.75,650,650.75,100.6,6.46868787276342,5.53131212723658,2.5,630-E040625_P_B_4.A
9344,311.1,9.5,12.0,8.3,7.2,1.16,658.5552000000001,0.75,650,650.75,100.6,6.46868787276342,5.53131212723658,2.5,630-E040625_P_B_4.A
9345,311.1,9.5,12.0,8.3,7.2,1.16,658.5552000000001,0.75,650,650.75,100.6,6.46868787276342,5.53131212723658,2.5,630-E040625_P_B_4.A
9361,311.1,9.5,12.0,8.3,7.2,0.98,556.3656000000001,0.75,550,550.75,100.6,5.47465208747515,6.52534791252485,2.5,630-E040625_P_B_4.A
9362,311.1,9.0,11.5,8.3,7.2,1.12,602.3808000000001,0.75,600,600.75,100.6,5.971669980119285,5.528330019880715,2.5,630-E040625_P_B_4.A
9363,311.1,9.0,11.5,8.3,7.2,1.12,602.3808000000001,0.75,600,600.75,100.6,5.971669980119285,5.528330019880715,2.5,630-E040625_P_B_4.A
9364,311.1,9.0,11.5,8.3,7.2,1.12,602.3808000000001,0.75,600,600.75,100.6,5.971669980119285,5.528330019880715,2.5,630-E040625_P_B_4.A
9411,311.1,9.0,11.5,8.3,7.2,1.12,602.3808000000001,0.75,600,600.75,100.6,5.971669980119285,5.528330019880715,2.5,630-E040625_P_B_4.A
9412,311.1,9.0,11.5,8.3,7.2,1.12,602.3808000000001,0.75,600,600.75,100.6,5.971669980119285,5.528330019880715,2.5,630-E040625_P_B_4.A
9413,311.1,9.0,11.5,8.3,7.2,1.12,602.3808000000001,0.75,600,600.75,100.6,5.971669980119285,5.528330019880715,2.5,630-E040625_P_B_4.A
9414,311.1,9.0,11.5,8.3,7.2,0.95,510.94800000000004,0.75,510,510.75,100.6,5.077037773359841,6.422962226640159,2.5,630-E040625_P_B_4.A
9415,311.1,9.0,11.5,8.3,7.2,0.95,510.94800000000004,0.75,510,510.75,100.6,5.077037773359841,6.422962226640159,2.5,630-E040625_P_B_4.A
9416,311.1,9.0,11.5,8.3,7.2,0.95,510.94800000000004,0.75,510,510.75,100.6,5.077037773359841,6.422962226640159,2.5,630-E040625_P_B_4.A
9417,311.1,9.5,12.0,8.3,7.2,0.98,556.3656000000001,0.75,550,550.75,100.6,5.47465208747515,6.52534791252485,2.5,630-E040625_P_B_4.A
9418,311.1,9.5,12.0,8.3,7.2,0.98,556.3656000000001,0.75,550,550.75,100.6,5.47465208747515,6.52534791252485,2.5,630-E040625_P_B_4.A
9419,311.1,9.5,12.0,8.3,7.2,0.98,556.3656000000001,0.75,550,550.75,100.6,5.47465208747515,6.52534791252485,2.5,630-E040625_P_B_4.A
9420,311.1,9.5,12.0,8.3,7.2,0.98,556.3656000000001,0.75,550,550.75,100.6,5.47465208747515,6.52534791252485,2.5,630-E040625_P_B_4.A
9421,311.1,9.5,12.0,8.3,7.2,0.98,556.3656000000001,0.75,550,550.75,100.6,5.47465208747515,6.52534791252485,2.5,630-E040625_P_B_4.A
9422,311.1,9.5,12.0,8.3,7.2,0.98,556.3656000000001,0.75,550,550.75,100.6,5.47465208747515,6.52534791252485,2.5,630-E040625_P_B_4.A
9423,311.1,9.5,12.0,8.3,7.2,0.98,556.3656000000001,0.75,550,550.75,100.6,5.47465208747515,6.52534791252485,2.5,630-E040625_P_B_4.A
9424,311.1,9.5,12.0,8.3,7.2,0.98,556.3656000000001,0.75,550,550.75,100.6,5.47465208747515,6.52534791252485,2.5,630-E040625_P_B_4.A
9425,311.1,9.5,12.0,8.3,7.2,0.98,556.3656000000001,0.75,550,550.75,100.6,5.47465208747515,6.52534791252485,2.5,630-E040625_P_B_4.A
9426,311.1,9.5,12.0,8.3,7.2,0.98,556.3656000000001,0.75,550,550.75,100.6,5.47465208747515,6.52534791252485,2.5,630-E040625_P_B_4.A
9427,311.1,9.5,12.0,8.3,7.2,0.98,556.3656000000001,0.75,550,550.75,100.6,5.47465208747515,6.52534791252485,2.5,630-E040625_P_B_4.A
9428,311.1,9.5,12.0,8.3,7.2,0.98,556.3656000000001,0.75,550,550.75,100.6,5.47465208747515,6.52534791252485,2.5,630-E040625_P_B_4.A
9430,311.1,9.5,12.0,8.3,7.2,0.98,556.3656000000001,0.75,550,550.75,100.6,5.47465208747515,6.52534791252485,2.5,630-E040625_P_B_4.A
9438,311.1,9.5,12.0,8.3,7.2,0.98,556.3656000000001,0.75,550,550.75,100.6,5.47465208747515,6.52534791252485,2.5,630-E040625_P_B_4.A
9439,311.1,9.0,11.5,8.3,7.2,0.95,510.94800000000004,0.75,510,510.75,100.6,5.077037773359841,6.422962226640159,2.5,630-E040625_P_B_4.A
9440,311.1,9.0,11.5,8.3,7.2,0.95,510.94800000000004,0.75,510,510.75,100.6,5.077037773359841,6.422962226640159,2.5,630-E040625_P_B_4.A
9441,311.1,9.0,11.5,8.3,7.2,0.95,510.94800000000004,0.75,510,510.75,100.6,5.077037773359841,6.422962226640159,2.5,630-E040625_P_B_4.A
9442,311.1,9.5,12.0,8.3,7.2,0.98,556.3656000000001,0.75,550,550.75,100.6,5.47465208747515,6.52534791252485,2.5,630-E040625_P_B_4.A
9443,311.1,9.5,12.0,8.3,7.2,0.98,556.3656000000001,0.75,550,550.75,100.6,5.47465208747515,6.52534791252485,2.5,630-E040625_P_B_4.A
9444,311.1,9.5,12.0,8.3,7.2,0.98,556.3656000000001,0.75,550,550.75,100.6,5.47465208747515,6.52534791252485,2.5,630-E040625_P_B_4.A
9445,311.1,9.5,12.0,8.3,7.2,0.98,556.3656000000001,0.75,550,550.75,100.6,5.47465208747515,6.52534791252485,2.5,630-E040625_P_B_4.A
9446,311.1,9.5,12.0,8.3,7.2,0.98,556.3656000000001,0.75,550,550.75,100.6,5.47465208747515,6.52534791252485,2.5,630-E040625_P_B_4.A
9447,311.1,9.5,12.0,8.3,7.2,0.98,556.3656000000001,0.75,550,550.75,100.6,5.47465208747515,6.52534791252485,2.5,630-E040625_P_B_4.A
9448,311.1,9.5,12.0,8.3,7.2,0.98,556.3656000000001,0.75,550,550.75,100.6,5.47465208747515,6.52534791252485,2.5,630-E040625_P_B_4.A
9449,311.1,9.5,12.0,8.3,7.2,0.98,556.3656000000001,0.75,550,550.75,100.6,5.47465208747515,6.52534791252485,2.5,630-E040625_P_B_4.A
9451,311.1,9.5,12.0,8.3,7.2,0.98,556.3656000000001,0.75,550,550.75,100.6,5.47465208747515,6.52534791252485,2.5,630-E040625_P_B_4.A
9452,311.1,9.5,12.0,8.3,7.2,0.98,556.3656000000001,0.75,550,550.75,100.6,5.47465208747515,6.52534791252485,2.5,630-E040625_P_B_4.A
9465,311.1,9.5,12.0,8.3,7.2,0.98,556.3656000000001,0.75,550,550.75,100.6,5.47465208747515,6.52534791252485,2.5,630-E040625_P_B_4.A
9466,311.1,9.5,12.0,8.3,7.2,0.98,556.3656000000001,0.75,550,550.75,100.6,5.47465208747515,6.52534791252485,2.5,630-E040625_P_B_4.A
9467,311.1,9.5,12.0,8.3,7.2,0.98,556.3656000000001,0.75,550,550.75,100.6,5.47465208747515,6.52534791252485,2.5,630-E040625_P_B_4.A
9468,311.1,9.5,12.0,8.3,7.2,0.98,556.3656000000001,0.75,550,550.75,100.6,5.47465208747515,6.52534791252485,2.5,630-E040625_P_B_4.A
9469,311.1,9.0,11.5,8.3,7.2,0.95,510.94800000000004,0.75,510,510.75,100.6,5.077037773359841,6.422962226640159,2.5,630-E040625_P_B_4.A
9470,311.1,9.0,11.5,8.3,7.2,0.95,510.94800000000004,0.75,510,510.75,100.6,5.077037773359841,6.422962226640159,2.5,630-E040625_P_B_4.A
9471,311.1,9.0,11.5,8.3,7.2,0.95,510.94800000000004,0.75,510,510.75,100.6,5.077037773359841,6.422962226640159,2.5,630-E040625_P_B_4.A
9472,311.1,9.5,12.0,8.3,7.2,0.98,556.3656000000001,0.75,550,550.75,100.6,5.47465208747515,6.52534791252485,2.5,630-E040625_P_B_4.A
9473,311.1,9.5,12.0,8.3,7.2,0.98,556.3656000000001,0.75,550,550.75,100.6,5.47465208747515,6.52534791252485,2.5,630-E040625_P_B_4.A
9474,311.1,9.5,12.0,8.3,7.2,0.98,556.3656000000001,0.75,550,550.75,100.6,5.47465208747515,6.52534791252485,2.5,630-E040625_P_B_4.A
9475,311.1,9.5,12.0,8.3,7.2,0.98,556.3656000000001,0.75,550,550.75,100.6,5.47465208747515,6.52534791252485,2.5,630-E040625_P_B_4.A
9476,311.1,9.0,11.5,8.3,7.2,0.95,510.94800000000004,0.75,510,510.75,100.6,5.077037773359841,6.422962226640159,2.5,630-E040625_P_B_4.A
9477,311.1,9.0,11.5,8.3,7.2,0.95,510.94800000000004,0.75,510,510.75,100.6,5.077037773359841,6.422962226640159,2.5,630-E040625_P_B_4.A
9478,311.1,9.0,11.5,8.3,7.2,0.95,510.94800000000004,0.75,510,510.75,100.6,5.077037773359841,6.422962226640159,2.5,630-E040625_P_B_4.A
9479,311.1,9.0,11.5,8.3,7.2,0.95,510.94800000000004,0.75,510,510.75,100.6,5.077037773359841,6.422962226640159,2.5,630-E040625_P_B_4.A
9480,311.1,9.0,11.5,8.3,7.2,0.95,510.94800000000004,0.75,510,510.75,100.6,5.077037773359841,6.422962226640159,2.5,630-E040625_P_B_4.A
9481,311.1,9.0,11.5,8.3,7.2,0.95,510.94800000000004,0.75,510,510.75,100.6,5.077037773359841,6.422962226640159,2.5,630-E040625_P_B_4.A
9482,311.1,9.0,11.5,8.3,7.2,0.95,510.94800000000004,0.75,510,510.75,100.6,5.077037773359841,6.422962226640159,2.5,630-E040625_P_B_4.A
9483,311.1,9.0,11.5,8.3,7.2,0.95,510.94800000000004,0.75,510,510.75,100.6,5.077037773359841,6.422962226640159,2.5,630-E040625_P_B_4.A
9484,311.1,9.0,11.5,8.3,7.2,0.95,510.94800000000004,0.75,510,510.75,100.6,5.077037773359841,6.422962226640159,2.5,630-E040625_P_B_4.A
9485,311.1,9.0,11.5,8.3,7.2,0.95,510.94800000000004,0.75,510,510.75,100.6,5.077037773359841,6.422962226640159,2.5,630-E040625_P_B_4.A
9486,311.1,9.5,12.0,8.3,7.2,0.98,556.3656000000001,0.75,550,550.75,100.6,5.47465208747515,6.52534791252485,2.5,630-E040625_P_B_4.A
9487,311.1,9.5,12.0,8.3,7.2,0.98,556.3656000000001,0.75,550,550.75,100.6,5.47465208747515,6.52534791252485,2.5,630-E040625_P_B_4.A
9488,311.1,9.0,11.5,8.3,7.2,0.95,510.94800000000004,0.75,510,510.75,100.6,5.077037773359841,6.422962226640159,2.5,630-E040625_P_B_4.A
9489,311.1,9.0,11.5,8.3,7.2,0.95,510.94800000000004,0.75,510,510.75,100.6,5.077037773359841,6.422962226640159,2.5,630-E040625_P_B_4.A
9490,311.1,9.0,11.5,8.3,7.2,0.95,510.94800000000004,0.75,510,510.75,100.6,5.077037773359841,6.422962226640159,2.5,630-E040625_P_B_4.A
9491,311.1,9.5,12.0,8.3,7.2,0.98,556.3656000000001,0.75,550,550.75,100.6,5.47465208747515,6.52534791252485,2.5,630-E040625_P_B_4.A
9492,311.1,9.5,12.0,8.3,7.2,0.98,556.3656000000001,0.75,550,550.75,100.6,5.47465208747515,6.52534791252485,2.5,630-E040625_P_B_4.A
9493,311.1,9.5,12.0,8.3,7.2,0.98,556.3656000000001,0.75,550,550.75,100.6,5.47465208747515,6.52534791252485,2.5,630-E040625_P_B_4.A
9494,311.1,9.5,12.0,8.3,7.2,0.98,556.3656000000001,0.75,550,550.75,100.6,5.47465208747515,6.52534791252485,2.5,630-E040625_P_B_4.A
9495,311.1,9.5,12.0,8.3,7.2,0.98,556.3656000000001,0.75,550,550.75,100.6,5.47465208747515,6.52534791252485,2.5,630-E040625_P_B_4.A
9496,311.1,9.5,12.0,8.3,7.2,0.98,556.3656000000001,0.75,550,550.75,100.6,5.47465208747515,6.52534791252485,2.5,630-E040625_P_B_4.A
9497,311.1,9.5,12.0,8.3,7.2,0.98,556.3656000000001,0.75,550,550.75,100.6,5.47465208747515,6.52534791252485,2.5,630-E040625_P_B_4.A
9498,311.1,9.5,12.0,8.3,7.2,0.98,556.3656000000001,0.75,550,550.75,100.6,5.47465208747515,6.52534791252485,2.5,630-E040625_P_B_4.A
9499,311.1,9.5,12.0,8.3,7.2,0.98,556.3656000000001,0.75,550,550.75,100.6,5.47465208747515,6.52534791252485,2.5,630-E040625_P_B_4.A
9500,311.1,9.5,12.0,8.3,7.2,0.98,556.3656000000001,0.75,550,550.75,100.6,5.47465208747515,6.52534791252485,2.5,630-E040625_P_B_4.A
9501,311.1,9.5,12.0,8.3,7.2,0.98,556.3656000000001,0.75,550,550.75,100.6,5.47465208747515,6.52534791252485,2.5,630-E040625_P_B_4.A
9502,311.1,9.5,12.0,8.3,7.2,0.98,556.3656000000001,0.75,550,550.75,100.6,5.47465208747515,6.52534791252485,2.5,630-E040625_P_B_4.A
9503,311.1,9.5,12.0,8.3,7.2,0.98,556.3656000000001,0.75,550,550.75,100.6,5.47465208747515,6.52534791252485,2.5,630-E040625_P_B_4.A
9504,311.1,9.5,12.0,8.3,7.2,0.98,556.3656000000001,0.75,550,550.75,100.6,5.47465208747515,6.52534791252485,2.5,630-E040625_P_B_4.A
9505,311.1,9.5,12.0,8.3,7.2,0.98,556.3656000000001,0.75,550,550.75,100.6,5.47465208747515,6.52534791252485,2.5,630-E040625_P_B_4.A
9506,311.1,9.0,11.5,8.3,7.2,0.95,510.94800000000004,0.75,510,510.75,100.6,5.077037773359841,6.422962226640159,2.5,630-E040625_P_B_4.A
9507,311.1,9.0,11.5,8.3,7.2,0.95,510.94800000000004,0.75,510,510.75,100.6,5.077037773359841,6.422962226640159,2.5,630-E040625_P_B_4.A
9508,311.1,9.0,11.5,8.3,7.2,0.95,510.94800000000004,0.75,510,510.75,100.6,5.077037773359841,6.422962226640159,2.5,630-E040625_P_B_4.A
9509,311.1,9.5,12.0,8.3,7.2,0.98,556.3656000000001,0.75,550,550.75,100.6,5.47465208747515,6.52534791252485,2.5,630-E040625_P_B_4.A
9510,311.1,9.5,12.0,8.3,7.2,0.98,556.3656000000001,0.75,550,550.75,100.6,5.47465208747515,6.52534791252485,2.5,630-E040625_P_B_4.A
9511,311.1,9.0,11.5,8.3,7.2,0.95,510.94800000000004,0.75,510,510.75,100.6,5.077037773359841,6.422962226640159,2.5,630-E040625_P_B_4.A
9512,311.1,9.0,11.5,8.3,7.2,0.95,510.94800000000004,0.75,510,510.75,100.6,5.077037773359841,6.422962226640159,2.5,630-E040625_P_B_4.A
9513,311.1,9.0,11.5,8.3,7.2,0.95,510.94800000000004,0.75,510,510.75,100.6,5.077037773359841,6.422962226640159,2.5,630-E040625_P_B_4.A
9514,311.1,9.0,11.5,8.3,7.2,0.95,510.94800000000004,0.75,510,510.75,100.6,5.077037773359841,6.422962226640159,2.5,630-E040625_P_B_4.A
9515,311.1,9.0,11.5,8.3,7.2,0.95,510.94800000000004,0.75,510,510.75,100.6,5.077037773359841,6.422962226640159,2.5,630-E040625_P_B_4.A
9516,311.1,9.0,11.5,8.3,7.2,0.95,510.94800000000004,0.75,510,510.75,100.6,5.077037773359841,6.422962226640159,2.5,630-E040625_P_B_4.A
