Id_Drill_Trans,Drill_Start_Timestamp,End_Timestamp,X,Y,Z,Depth,Pit_Name,Drill_Passport,Hole_Code,Cycle_Shift_Date,Short_Name,Litology_Code,SEGMENT_DEPTH,WEIGHT_ON_BIT,ROTATION_PER_MINUTE,TORQUE,RATE_OF_PENETRATION
1667127,2025-08-01 07:34:00,2025-08-01 08:00:00,101221.47,60791.35,620.09,17.52,К-р Восточный,605-E230725_P_B_9.B,5017,2025-08-01,PV №52,mica-quartz_carbonate_massive_rocks,-19.19,-36.28,2,0.32,954.0
1611846,2025-06-08 02:59:00,2025-06-08 03:17:00,101771.4,60115.36,639.11,11.24,К-р Восточный,630-E040625_P_B_4.A,5957,2025-06-08,PV №52,carbonized_quartz-mica_hornfels_shists,-2.21,-14.55,9,0.99,66.0
1612678,2025-06-08 20:13:00,2025-06-08 20:31:00,101857.07,60103.89,639.47,11.62,К-р Восточный,630-E040625_P_B_4.A,5704,2025-06-09,PV №52,carbonized_quartz-mica_hornfels_shists,-2.15,-12.23,0,0.14,168.0
1612728,2025-06-09 00:16:00,2025-06-09 00:32:00,101775.82,60097.89,639.28,11.36,К-р Восточный,630-E040625_P_B_4.A,5692,2025-06-09,PV №52,carbonized_quartz-mica_hornfels_shists,-2.03,-15.44,0,0.0,126.6
1611688,2025-06-07 23:58:00,2025-06-08 00:18:00,101828.14,60125.68,639.36,11.74,К-р Восточный,630-E040625_P_B_4.A,5784,2025-06-08,PV №52,carbonized_quartz-mica_hornfels_shists,-2.02,-13.53,0,0.63,215.4
1610826,2025-06-07 02:19:00,2025-06-07 02:35:00,101716.88,60110.85,639.53,11.58,К-р Восточный,630-E040625_P_B_4.A,5965,2025-06-07,PV №52,carbonized_quartz-mica_hornfels_shists,-1.99,-14.09,15,1.52,132.0
1611649,2025-06-07 23:18:00,2025-06-07 23:36:00,101841.81,60126.79,639.26,11.78,К-р Восточный,630-E040625_P_B_4.A,5786,2025-06-08,PV №52,carbonized_quartz-mica_hornfels_shists,-1.95,-16.51,6,1.53,96.0
1611719,2025-06-08 00:20:00,2025-06-08 00:37:00,101821.33,60125.18,639.29,11.6,К-р Восточный,630-E040625_P_B_4.A,5783,2025-06-08,PV №52,carbonized_quartz-mica_hornfels_shists,-1.95,-9.41,0,0.97,222.0
1579121,2025-05-06 19:36:00,2025-05-06 19:49:00,101276.2,60636.97,639.76,12.21,К-р Восточный,630-E030525_P_B_1.B,6056,2025-05-07,PV №52,quartz-mica foliated schists,-1.87,-4.48,5,0.67,371.4
1581519,2025-05-09 05:12:00,2025-05-09 05:27:00,101299.73,60504.23,640.33,12.71,К-р Восточный,630-E030525_P_B_1.B,5875,2025-05-09,PV №52,quartz-mica foliated schists,-1.86,-9.15,17,1.03,180.0
1580426,2025-05-08 05:59:00,2025-05-08 06:11:00,101295.19,60565.54,640.4,12.61,К-р Восточный,630-E030525_P_B_1.B,5942,2025-05-08,PV №52,quartz-mica foliated schists,-1.83,5.57,9,1.12,720.6
1611870,2025-06-08 03:28:00,2025-06-08 03:45:00,101865.77,60123.21,639.31,11.48,К-р Восточный,630-E040625_P_B_4.A,5943,2025-06-08,PV №52,carbonized_quartz-mica_hornfels_shists,-1.82,-13.35,8,0.85,204.0
1609736,2025-06-05 21:03:00,2025-06-05 21:22:00,101715.97,60122.64,639.63,12.14,К-р Восточный,630-E040625_P_B_4.A,6055,2025-06-06,PV №52,fault_zone,-1.82,-0.95,0,0.71,126.0
1666227,2025-07-31 10:56:00,2025-07-31 11:21:00,101198.21,60785.39,620.07,17.55,К-р Восточный,605-E230725_P_B_9.B,5007,2025-07-31,PV №52,mica-quartz_carbonate_massive_rocks,-1.81,9.61,59,4.52,120.0
1666172,2025-07-31 09:42:00,2025-07-31 10:00:00,101196.48,60812.38,620.0,17.71,К-р Восточный,605-E230725_P_B_9.B,4992,2025-07-31,PV №52,mica-quartz_carbonate_massive_rocks,-1.81,-0.71,32,2.06,185.4
1611622,2025-06-07 21:13:00,2025-06-07 21:29:00,101783.81,60127.88,638.82,11.23,К-р Восточный,630-E040625_P_B_4.A,6065,2025-06-08,PV №52,carbonized_quartz-mica_hornfels_shists,-1.8,-7.88,0,0.65,288.0
1609826,2025-06-06 01:52:00,2025-06-06 02:08:00,101699.42,60114.81,639.51,12.46,К-р Восточный,630-E040625_P_B_4.A,5765,2025-06-06,PV №52,carbonized_quartz-mica_hornfels_shists,-1.77,-16.29,0,0.6,72.0
1609858,2025-06-06 02:10:00,2025-06-06 02:26:00,101706.2,60115.6,639.62,12.31,К-р Восточный,630-E040625_P_B_4.A,5766,2025-06-06,PV №52,carbonized_quartz-mica_hornfels_shists,-1.76,-16.37,10,0.44,114.0
1611648,2025-06-07 21:59:00,2025-06-07 22:15:00,101868.72,60128.47,639.2,11.16,К-р Восточный,630-E040625_P_B_4.A,5790,2025-06-08,PV №52,carbonized_quartz-mica_hornfels_shists,-1.76,-13.16,19,0.92,132.0
1611670,2025-06-07 19:33:00,2025-06-07 19:52:00,101810.62,60130.23,639.41,11.97,К-р Восточный,630-E040625_P_B_4.A,6069,2025-06-08,PV №52,carbonized_quartz-mica_hornfels_shists,-1.75,-5.07,23,1.86,216.0
1612711,2025-06-08 19:43:00,2025-06-08 20:01:00,101771.72,60103.85,639.37,11.36,К-р Восточный,630-E040625_P_B_4.A,5897,2025-06-09,PV №52,carbonized_quartz-mica_hornfels_shists,-1.73,-10.31,0,0.29,173.4
1609819,2025-06-06 01:32:00,2025-06-06 01:49:00,101692.63,60115.3,639.36,12.25,К-р Восточный,630-E040625_P_B_4.A,5764,2025-06-06,PV №52,carbonized_quartz-mica_hornfels_shists,-1.71,-14.66,12,0.58,90.0
1580227,2025-05-08 01:57:00,2025-05-08 02:11:00,101250.03,60576.84,640.58,12.07,К-р Восточный,630-E030525_P_B_1.B,6087,2025-05-08,PV №52,quartz-mica foliated schists,-1.71,-2.17,13,1.09,168.0
1581549,2025-05-09 05:46:00,2025-05-09 05:58:00,101317.22,60505.61,640.34,13.01,К-р Восточный,630-E030525_P_B_1.B,5991,2025-05-09,PV №52,mica-quartz_carbonate_massive_rocks,-1.68,-15.51,0,0.58,168.0
1612666,2025-06-08 21:46:00,2025-06-08 22:04:00,101823.21,60101.57,639.42,11.58,К-р Восточный,630-E040625_P_B_4.A,5699,2025-06-09,PV №52,carbonized_quartz-mica_hornfels_shists,-1.67,-11.77,0,0.09,204.0
1581174,2025-05-08 21:28:00,2025-05-08 21:44:00,101302.23,60527.41,640.05,12.13,К-р Восточный,630-E030525_P_B_1.B,5926,2025-05-09,PV №52,quartz-mica foliated schists,-1.65,0.94,14,1.17,486.0
1580316,2025-05-08 03:33:00,2025-05-08 03:46:00,101285.3,60579.36,640.33,12.59,К-р Восточный,630-E030525_P_B_1.B,6091,2025-05-08,PV №52,quartz-mica foliated schists,-1.65,4.39,22,1.46,460.8
1581127,2025-05-08 19:36:00,2025-05-08 19:50:00,101279.64,60533.24,640.29,12.73,К-р Восточный,630-E030525_P_B_1.B,5891,2025-05-09,PV №52,quartz-mica foliated schists,-1.64,-17.64,0,0.02,144.6
1581377,2025-05-09 02:50:00,2025-05-09 03:00:00,101325.77,60506.14,639.77,12.54,К-р Восточный,630-E030525_P_B_1.B,5992,2025-05-09,PV №52,mica-quartz_carbonate_massive_rocks,-1.64,3.98,32,2.23,462.0
1581727,2025-05-09 10:15:00,2025-05-09 10:26:00,101327.18,60491.38,640.1,12.51,К-р Восточный,630-E030525_P_B_1.B,6000,2025-05-09,PV №52,mica-quartz_carbonate_massive_rocks,-1.64,13.71,48,2.09,60.0
1580410,2025-05-08 05:27:00,2025-05-08 05:42:00,101312.51,60566.84,639.78,12.6,К-р Восточный,630-E030525_P_B_1.B,5981,2025-05-08,PV №52,quartz-mica foliated schists,-1.63,-4.87,12,1.36,84.0
1579812,2025-05-07 17:19:00,2025-05-07 17:33:00,101237.85,60621.34,640.57,12.15,К-р Восточный,630-E030525_P_B_1.B,6120,2025-05-07,PV №52,quartz-mica foliated schists,-1.63,1.57,55,4.8,306.0
1580521,2025-05-08 08:42:00,2025-05-08 08:54:00,101231.7,60591.11,640.32,12.51,К-р Восточный,630-E030525_P_B_1.B,6103,2025-05-08,PV №52,quartz-mica foliated schists,-1.62,3.44,92,3.77,108.0
1580245,2025-05-08 02:13:00,2025-05-08 02:26:00,101254.86,60569.48,640.52,12.62,К-р Восточный,630-E030525_P_B_1.B,6011,2025-05-08,PV №52,quartz-mica foliated schists,-1.61,3.74,21,1.77,251.4
1580964,2025-05-08 18:15:00,2025-05-08 18:26:00,101266.79,60540.21,640.28,12.0,К-р Восточный,630-E030525_P_B_1.B,5931,2025-05-08,PV №52,quartz-mica foliated schists,-1.6,14.31,80,4.21,203.4
1580686,2025-05-08 11:51:00,2025-05-08 12:03:00,101308.57,60558.5,639.92,12.53,К-р Восточный,630-E030525_P_B_1.B,5954,2025-05-08,PV №52,quartz-mica foliated schists,-1.6,-7.69,52,2.81,324.0
1668665,2025-08-02 20:55:00,2025-08-02 21:15:00,101288.75,60687.28,621.52,19.53,К-р Восточный,605-E230725_P_B_9.B,8160,2025-08-03,PV №52,quartz-mica foliated schists,-1.58,-3.28,17,1.11,168.0
1668425,2025-08-02 16:43:00,2025-08-02 17:04:00,101261.97,60705.5,620.54,18.0,К-р Восточный,605-E230725_P_B_9.B,5031,2025-08-02,PV №52,mica-quartz_carbonate_massive_rocks,-1.57,12.69,78,4.09,366.6
1579446,2025-05-07 06:10:00,2025-05-07 06:24:00,101265.6,60608.65,640.1,12.18,К-р Восточный,630-E030525_P_B_1.B,6111,2025-05-07,PV №52,quartz-mica foliated schists,-1.56,-5.57,16,1.5,60.0
1579628,2025-05-07 12:31:00,2025-05-07 12:44:00,101283.36,60594.29,639.96,12.09,К-р Восточный,630-E030525_P_B_1.B,6097,2025-05-07,PV №52,quartz-mica foliated schists,-1.53,-10.46,24,1.32,420.6
1580672,2025-05-08 11:37:00,2025-05-08 11:49:00,101317.87,60559.19,639.52,12.5,К-р Восточный,630-E030525_P_B_1.B,5953,2025-05-08,PV №52,quartz-mica foliated schists,-1.53,19.63,73,3.85,220.8
1612263,2025-06-08 12:24:00,2025-06-08 12:45:00,101795.18,60111.38,639.04,12.05,К-р Восточный,630-E040625_P_B_4.A,5749,2025-06-08,PV №52,carbonized_quartz-mica_hornfels_shists,-1.53,-13.98,17,0.82,210.0
1581600,2025-05-09 07:35:00,2025-05-09 07:49:00,101287.08,60495.93,640.61,12.57,К-р Восточный,630-E030525_P_B_1.B,5911,2025-05-09,PV №52,quartz-mica foliated schists,-1.51,5.33,76,4.39,204.0
1609890,2025-06-06 03:06:00,2025-06-06 03:23:00,101726.39,60117.55,639.35,11.65,К-р Восточный,630-E040625_P_B_4.A,5769,2025-06-06,PV №52,carbonized_quartz-mica_hornfels_shists,-1.51,-7.71,27,1.59,228.0
1666474,2025-07-31 17:42:00,2025-07-31 18:10:00,101211.23,60755.47,620.13,17.52,К-р Восточный,605-E230725_P_B_9.B,5067,2025-07-31,PV №52,mica-quartz_carbonate_massive_rocks,-1.51,18.73,78,3.76,354.0
1580758,2025-05-08 13:43:00,2025-05-08 13:58:00,101332.78,60537.58,639.31,12.51,К-р Восточный,630-E030525_P_B_1.B,5986,2025-05-08,PV №52,quartz-mica foliated schists,-1.51,18.64,76,3.6,287.4
1580368,2025-05-08 04:37:00,2025-05-08 04:51:00,101264.01,60570.39,640.46,12.57,К-р Восточный,630-E030525_P_B_1.B,6012,2025-05-08,PV №52,quartz-mica foliated schists,-1.5,-4.38,0,0.56,360.0
1611380,2025-06-07 16:36:00,2025-06-07 16:54:00,101858.28,60134.2,638.8,12.04,К-р Восточный,630-E040625_P_B_4.A,6076,2025-06-07,PV №52,carbonized_quartz-mica_hornfels_shists,-1.5,-3.22,16,0.89,684.0
1667842,2025-08-02 01:44:00,2025-08-02 02:12:00,101238.33,60784.5,620.16,17.51,К-р Восточный,605-E230725_P_B_9.B,5019,2025-08-02,PV №52,mica-quartz_carbonate_massive_rocks,-1.49,-20.97,81,0.47,72.0
1580772,2025-05-08 14:17:00,2025-05-08 14:29:00,101318.89,60544.02,639.66,12.51,К-р Восточный,630-E030525_P_B_1.B,5956,2025-05-08,PV №52,quartz-mica foliated schists,-1.49,11.96,67,4.25,635.4
1579852,2025-05-07 18:10:00,2025-05-07 18:23:00,101253.17,60599.96,640.17,12.02,К-р Восточный,630-E030525_P_B_1.B,6031,2025-05-07,PV №52,quartz-mica foliated schists,-1.49,-4.3,67,7.9,54.0
1609194,2025-06-05 10:39:00,2025-06-05 10:56:00,101748.66,60137.22,638.69,11.7,К-р Восточный,630-E040625_P_B_4.A,6040,2025-06-05,PV №52,fault_zone,-1.47,9.21,17,1.71,102.0
1666937,2025-08-01 03:11:00,2025-08-01 03:39:00,101221.55,60743.61,620.17,17.55,К-р Восточный,605-E230725_P_B_9.B,5091,2025-08-01,PV №52,mica-quartz_carbonate_massive_rocks,-1.47,-10.47,0,0.36,96.0
1611960,2025-06-08 04:43:00,2025-06-08 04:59:00,101838.55,60120.79,639.38,11.63,К-р Восточный,630-E040625_P_B_4.A,5947,2025-06-08,PV №52,carbonized_quartz-mica_hornfels_shists,-1.47,-13.34,11,1.15,138.0
1668437,2025-08-02 17:07:00,2025-08-02 17:27:00,101277.84,60709.12,621.34,19.0,К-р Восточный,605-E230725_P_B_9.B,8184,2025-08-02,PV №52,mica-quartz_carbonate_massive_rocks,-1.47,12.79,80,3.73,384.0
1609173,2025-06-05 10:04:00,2025-06-05 10:20:00,101735.1,60136.16,639.0,11.59,К-р Восточный,630-E040625_P_B_4.A,6042,2025-06-05,PV №52,carbonized_quartz-mica_hornfels_shists,-1.46,12.2,29,2.49,168.0
1672834,2025-08-06 22:00:00,2025-08-06 22:18:00,101210.6,60840.92,620.27,17.51,К-р Восточный,605-E230725_P_B_9.B,4996,2025-08-07,PV №52,mica-quartz_carbonate_massive_rocks,-1.46,10.19,55,3.47,707.4
1666489,2025-07-31 18:11:00,2025-07-31 18:48:00,101213.25,60746.54,620.13,17.5,К-р Восточный,605-E230725_P_B_9.B,5066,2025-07-31,PV №52,mica-quartz_carbonate_massive_rocks,-1.46,16.22,90,4.74,318.0
1611829,2025-06-08 02:41:00,2025-06-08 02:56:00,101774.13,60121.17,639.06,11.33,К-р Восточный,630-E040625_P_B_4.A,5776,2025-06-08,PV №52,carbonized_quartz-mica_hornfels_shists,-1.45,-9.16,5,0.63,604.8
1612327,2025-06-08 14:16:00,2025-06-08 14:36:00,101768.21,60109.18,638.77,11.48,К-р Восточный,630-E040625_P_B_4.A,5753,2025-06-08,PV №52,carbonized_quartz-mica_hornfels_shists,-1.44,-8.45,15,0.59,598.8
1668795,2025-08-03 01:55:00,2025-08-03 02:14:00,101274.54,60685.55,620.98,18.62,К-р Восточный,605-E230725_P_B_9.B,8175,2025-08-03,PV №52,quartz-mica foliated schists,-1.44,-16.2,29,0.92,168.0
1581466,2025-05-09 04:12:00,2025-05-09 04:27:00,101312.18,60512.81,640.0,12.66,К-р Восточный,630-E030525_P_B_1.B,5962,2025-05-09,PV №52,quartz-mica foliated schists,-1.44,-2.18,13,1.3,114.0
1613730,2025-06-10 01:06:00,2025-06-10 01:27:00,101837.47,60091.24,639.81,12.52,К-р Восточный,630-E040625_P_B_4.A,5663,2025-06-10,PV №52,carbonized_quartz-mica_hornfels_shists,-1.43,10.09,0,0.0,366.0
1611060,2025-06-07 07:35:00,2025-06-07 07:54:00,101747.96,60108.14,638.82,11.79,К-р Восточный,630-E040625_P_B_4.A,5756,2025-06-07,PV №52,carbonized_quartz-mica_hornfels_shists,-1.39,4.89,14,1.19,318.6
1667883,2025-08-02 02:42:00,2025-08-02 03:14:00,101247.41,60775.33,619.96,17.63,К-р Восточный,605-E230725_P_B_9.B,5023,2025-08-02,PV №52,mica-quartz_carbonate_massive_rocks,-1.39,-12.63,0,0.95,150.6
1581799,2025-05-09 11:34:00,2025-05-09 11:48:00,101368.99,60488.16,639.68,12.05,К-р Восточный,630-E030525_P_B_1.B,5979,2025-05-09,PV №52,carbonaceous quartz-mica calcium metasomatites,-1.39,10.29,59,3.54,504.6
1579611,2025-05-07 12:02:00,2025-05-07 12:15:00,101298.59,60594.74,639.8,12.21,К-р Восточный,630-E030525_P_B_1.B,6095,2025-05-07,PV №52,quartz-mica foliated schists,-1.39,-16.46,10,1.19,439.2
1580434,2025-05-08 06:13:00,2025-05-08 06:35:00,101290.01,60572.32,640.42,12.63,К-р Восточный,630-E030525_P_B_1.B,6015,2025-05-08,PV №52,quartz-mica foliated schists,-1.39,-3.89,11,0.68,233.4
1666303,2025-07-31 13:02:00,2025-07-31 13:26:00,101204.62,60749.38,620.07,17.5,К-р Восточный,605-E230725_P_B_9.B,5097,2025-07-31,PV №52,mica-quartz_carbonate_massive_rocks,-1.38,0.84,73,4.77,558.0
1667172,2025-08-01 08:31:00,2025-08-01 09:03:00,101223.06,60775.03,620.17,17.83,К-р Восточный,605-E230725_P_B_9.B,5048,2025-08-01,PV №52,mica-quartz_carbonate_massive_rocks,-1.38,13.77,82,4.99,494.4
1581311,2025-05-09 01:49:00,2025-05-09 02:03:00,101315.89,60520.76,640.0,12.77,К-р Восточный,630-E030525_P_B_1.B,5990,2025-05-09,PV №52,quartz-mica foliated schists,-1.35,2.43,43,3.47,546.0
1578828,2025-05-06 15:35:00,2025-05-06 15:47:00,101238.52,60675.36,640.17,12.79,К-р Восточный,630-E030525_P_B_1.B,6078,2025-05-06,PV №52,quartz-mica foliated schists,-1.34,-6.63,27,1.57,468.0
1581137,2025-05-08 20:25:00,2025-05-08 20:38:00,101267.47,60524.73,640.21,12.67,К-р Восточный,630-E030525_P_B_1.B,5922,2025-05-09,PV №52,quartz-mica foliated schists,-1.34,-0.1,18,1.96,162.6
1666452,2025-07-31 17:09:00,2025-07-31 17:41:00,101209.34,60764.47,620.12,17.5,К-р Восточный,605-E230725_P_B_9.B,5068,2025-07-31,PV №52,mica-quartz_carbonate_massive_rocks,-1.33,20.3,75,4.56,450.0
1579868,2025-05-07 19:30:00,2025-05-07 19:51:00,101212.09,60634.8,640.36,12.61,К-р Восточный,630-E030525_P_B_1.B,6124,2025-05-07,PV №52,quartz-mica foliated schists,-1.32,-2.41,18,1.11,179.4
1579444,2025-05-07 05:54:00,2025-05-07 06:08:00,101260.52,60615.82,639.9,12.13,К-р Восточный,630-E030525_P_B_1.B,6041,2025-05-07,PV №52,quartz-mica foliated schists,-1.32,-2.77,12,1.34,143.4
1581412,2025-05-09 03:19:00,2025-05-09 03:34:00,101285.92,60511.18,640.25,12.54,К-р Восточный,630-E030525_P_B_1.B,5916,2025-05-09,PV №52,quartz-mica foliated schists,-1.32,-14.11,4,0.26,264.0
1667479,2025-08-01 16:33:00,2025-08-01 16:59:00,101234.99,60755.61,620.01,17.54,К-р Восточный,605-E230725_P_B_9.B,5073,2025-08-01,PV №52,mica-quartz_carbonate_massive_rocks,-1.31,-7.05,3,0.2,750.0
1580837,2025-05-08 15:43:00,2025-05-08 15:56:00,101301.37,60542.85,640.09,12.51,К-р Восточный,630-E030525_P_B_1.B,5927,2025-05-08,PV №52,quartz-mica foliated schists,-1.3,1.81,54,3.67,522.0
1579126,2025-05-06 22:55:00,2025-05-06 23:07:00,101282.91,60609.81,639.82,12.15,К-р Восточный,630-E030525_P_B_1.B,6113,2025-05-07,PV №52,quartz-mica foliated schists,-1.3,-1.87,0,0.65,138.0
1672560,2025-08-06 16:47:00,2025-08-06 17:11:00,101236.62,60810.85,620.48,18.47,К-р Восточный,605-E230725_P_B_9.B,4987,2025-08-06,PV №52,mica-quartz_carbonate_massive_rocks,-1.29,-12.2,0,1.09,102.0
1612485,2025-06-08 17:54:00,2025-06-08 18:13:00,101798.65,60105.89,638.98,12.08,К-р Восточный,630-E040625_P_B_4.A,5901,2025-06-08,PV №52,carbonized_quartz-mica_hornfels_shists,-1.28,-0.78,7,0.32,162.0
1667411,2025-08-01 14:50:00,2025-08-01 15:18:00,101230.35,60780.35,620.11,17.03,К-р Восточный,605-E230725_P_B_9.B,5047,2025-08-01,PV №52,mica-quartz_carbonate_massive_rocks,-1.28,-6.96,41,1.65,678.0
1581156,2025-05-08 23:08:00,2025-05-08 23:20:00,101339.01,60514.98,639.53,12.5,К-р Восточный,630-E030525_P_B_1.B,5965,2025-05-09,PV №52,mica-quartz_carbonate_massive_rocks,-1.28,4.51,19,1.91,222.0
1579399,2025-05-07 04:53:00,2025-05-07 05:05:00,101240.5,60644.71,640.22,12.22,К-р Восточный,630-E030525_P_B_1.B,6060,2025-05-07,PV №52,quartz-mica foliated schists,-1.27,-2.08,44,2.71,348.0
1672857,2025-08-06 23:47:00,2025-08-07 00:05:00,101227.85,60814.82,619.99,18.36,К-р Восточный,605-E230725_P_B_9.B,5002,2025-08-07,PV №52,mica-quartz_carbonate_massive_rocks,-1.27,10.93,45,4.33,72.6
1579539,2025-05-07 09:40:00,2025-05-07 09:53:00,101251.97,60615.19,639.93,12.05,К-р Восточный,630-E030525_P_B_1.B,6042,2025-05-07,PV №52,quartz-mica foliated schists,-1.27,15.36,0,0.88,372.6
1670655,2025-08-04 22:03:00,2025-08-04 22:21:00,101299.83,60652.65,623.51,19.53,К-р Восточный,605-E230725_P_B_9.B,8193,2025-08-05,PV №52,quartz-mica foliated schists,-1.25,-17.12,8,0.35,336.0
1582404,2025-05-10 01:17:00,2025-05-10 01:35:00,101263.9,60517.19,640.17,13.62,К-р Восточный,630-E030525_P_B_1.B,5882,2025-05-10,PV №52,quartz-mica foliated schists,-1.24,-5.92,4,0.35,240.0
1672630,2025-08-06 19:10:00,2025-08-06 19:25:00,101227.38,60824.16,620.05,18.07,К-р Восточный,605-E230725_P_B_9.B,5001,2025-08-06,PV №52,mica-quartz_carbonate_massive_rocks,-1.21,-5.9,69,2.83,336.0
1579130,2025-05-06 23:28:00,2025-05-06 23:42:00,101253.25,60653.44,639.85,12.14,К-р Восточный,630-E030525_P_B_1.B,6136,2025-05-07,PV №52,quartz-mica foliated schists,-1.21,0.34,0,0.79,258.0
1612179,2025-06-08 10:17:00,2025-06-08 10:36:00,101835.84,60114.56,639.08,12.05,К-р Восточный,630-E040625_P_B_4.A,5743,2025-06-08,PV №52,carbonized_quartz-mica_hornfels_shists,-1.21,13.4,13,1.71,174.0
1668131,2025-08-02 09:14:00,2025-08-02 09:35:00,101263.56,60738.03,620.44,18.26,К-р Восточный,605-E230725_P_B_9.B,8169,2025-08-02,PV №52,mica-quartz_carbonate_massive_rocks,-1.21,-6.98,17,0.91,670.8
1580580,2025-05-08 09:45:00,2025-05-08 09:57:00,101251.46,60561.67,640.61,12.53,К-р Восточный,630-E030525_P_B_1.B,5937,2025-05-08,PV №52,quartz-mica foliated schists,-1.19,23.39,96,5.67,486.0
1579850,2025-05-07 18:25:00,2025-05-07 18:37:00,101257.69,60592.64,640.11,12.55,К-р Восточный,630-E030525_P_B_1.B,6100,2025-05-07,PV №52,quartz-mica foliated schists,-1.18,10.94,79,3.35,648.6
1580459,2025-05-08 07:13:00,2025-05-08 07:31:00,101286.34,60564.41,640.17,12.75,К-р Восточный,630-E030525_P_B_1.B,5941,2025-05-08,PV №52,quartz-mica foliated schists,-1.18,12.03,51,2.78,168.0
1609444,2025-06-05 16:07:00,2025-06-05 16:20:00,101732.41,60129.9,638.99,11.65,К-р Восточный,630-E040625_P_B_4.A,5976,2025-06-05,PV №52,fault_zone,-1.17,11.0,24,2.06,78.0
1579107,2025-05-06 23:13:00,2025-05-06 23:26:00,101248.17,60660.87,640.01,12.18,К-р Восточный,630-E030525_P_B_1.B,6070,2025-05-07,PV №52,quartz-mica foliated schists,-1.17,6.99,13,1.2,647.4
1609072,2025-06-05 07:52:00,2025-06-05 08:06:00,101681.16,60132.33,639.32,12.56,К-р Восточный,630-E040625_P_B_4.A,6050,2025-06-05,PV №52,carbonized_quartz-mica_hornfels_shists,-1.16,3.76,0,0.75,216.0
1668058,2025-08-02 07:08:00,2025-08-02 07:31:00,101268.27,60753.27,621.06,18.52,К-р Восточный,605-E230725_P_B_9.B,8179,2025-08-02,PV №52,mica-quartz_carbonate_massive_rocks,-1.14,3.75,58,3.52,306.0
1580320,2025-05-08 03:49:00,2025-05-08 04:02:00,101276.38,60578.7,640.41,12.16,К-р Восточный,630-E030525_P_B_1.B,6090,2025-05-08,PV №52,quartz-mica foliated schists,-1.1,6.99,24,1.05,576.0
1668242,2025-08-02 12:22:00,2025-08-02 12:49:00,101252.75,60750.34,619.83,17.56,К-р Восточный,605-E230725_P_B_9.B,5026,2025-08-02,PV №52,mica-quartz_carbonate_massive_rocks,-1.1,9.87,103,4.0,606.0
1609338,2025-06-05 14:05:00,2025-06-05 14:20:00,101684.99,60126.61,639.28,12.62,К-р Восточный,630-E040625_P_B_4.A,5969,2025-06-05,PV №52,carbonized_quartz-mica_hornfels_shists,-1.02,13.34,10,1.47,959.4
1614745,2025-06-10 19:44:00,2025-06-10 20:04:00,101762.94,60084.87,639.34,12.03,К-р Восточный,630-E040625_P_B_4.A,5674,2025-06-11,PV №52,carbonized_quartz-mica_hornfels_shists,-0.9,-6.38,4,0.45,186.0
1668662,2025-08-02 22:06:00,2025-08-02 22:29:00,101285.8,60673.51,621.42,18.58,К-р Восточный,605-E230725_P_B_9.B,8188,2025-08-03,PV №52,quartz-mica foliated schists,0.01,58.28,64,4.78,24.0
1608626,2025-06-04 23:11:00,2025-06-04 23:27:00,101711.92,60138.96,639.44,12.62,К-р Восточный,630-E040625_P_B_4.A,6140,2025-06-05,PV №52,carbonized_quartz-mica_hornfels_shists,0.01,97.57,48,6.11,66.0
1612410,2025-06-08 16:27:00,2025-06-08 16:45:00,101826.06,60108.2,639.34,12.11,К-р Восточный,630-E040625_P_B_4.A,5905,2025-06-08,PV №52,carbonized_quartz-mica_hornfels_shists,0.01,7.19,67,3.3,12.0
1609890,2025-06-06 03:06:00,2025-06-06 03:23:00,101726.39,60117.55,639.35,11.65,К-р Восточный,630-E040625_P_B_4.A,5769,2025-06-06,PV №52,carbonized_quartz-mica_hornfels_shists,0.01,38.46,51,3.59,198.0
1613629,2025-06-09 19:41:00,2025-06-09 20:02:00,101786.6,60092.87,638.87,12.01,К-р Восточный,630-E040625_P_B_4.A,5875,2025-06-10,PV №52,carbonized_quartz-mica_hornfels_shists,0.01,65.83,114,8.72,96.0
1609909,2025-06-06 03:25:00,2025-06-06 03:45:00,101733.25,60118.09,639.33,11.69,К-р Восточный,630-E040625_P_B_4.A,5770,2025-06-06,PV №52,carbonized_quartz-mica_hornfels_shists,0.01,34.29,62,4.24,48.0
1580952,2025-05-08 17:59:00,2025-05-08 18:12:00,101261.27,60547.81,640.38,12.5,К-р Восточный,630-E030525_P_B_1.B,5899,2025-05-08,PV №52,quartz-mica foliated schists,0.01,161.63,113,9.21,48.0
1611665,2025-06-07 20:17:00,2025-06-07 20:50:00,101797.12,60129.31,639.9,12.01,К-р Восточный,630-E040625_P_B_4.A,6067,2025-06-08,PV №52,carbonized_quartz-mica_hornfels_shists,0.01,114.77,29,9.62,66.0
1609858,2025-06-06 02:10:00,2025-06-06 02:26:00,101706.2,60115.6,639.62,12.31,К-р Восточный,630-E040625_P_B_4.A,5766,2025-06-06,PV №52,carbonized_quartz-mica_hornfels_shists,0.01,38.66,25,4.31,24.0
1667411,2025-08-01 14:50:00,2025-08-01 15:18:00,101230.35,60780.35,620.11,17.03,К-р Восточный,605-E230725_P_B_9.B,5047,2025-08-01,PV №52,mica-quartz_carbonate_massive_rocks,0.01,57.47,26,3.71,6.0
1609686,2025-06-05 21:43:00,2025-06-05 22:10:00,101729.3,60123.29,639.27,11.64,К-р Восточный,630-E040625_P_B_4.A,6057,2025-06-06,PV №52,carbonized_quartz-mica_hornfels_shists,0.01,29.76,63,6.86,5.4
1612276,2025-06-08 12:48:00,2025-06-08 13:06:00,101788.41,60111.0,638.8,11.57,К-р Восточный,630-E040625_P_B_4.A,5750,2025-06-08,PV №52,carbonized_quartz-mica_hornfels_shists,0.01,71.31,102,9.54,78.0
1581634,2025-05-09 08:16:00,2025-05-09 08:33:00,101357.94,60501.33,639.68,12.54,К-р Восточный,630-E030525_P_B_1.B,5967,2025-05-09,PV №52,carbonaceous quartz-mica calcium metasomatites,0.01,81.3,113,10.81,162.0
1613760,2025-06-10 01:54:00,2025-06-10 02:15:00,101824.38,60090.07,639.24,12.52,К-р Восточный,630-E040625_P_B_4.A,5665,2025-06-10,PV №52,carbonized_quartz-mica_hornfels_shists,0.01,-6.16,0,1.13,24.0
1578927,2025-05-06 18:14:00,2025-05-06 18:26:00,101255.11,60661.09,639.85,12.17,К-р Восточный,630-E030525_P_B_1.B,6071,2025-05-06,PV №52,quartz-mica foliated schists,0.01,50.16,107,6.58,240.0
1578949,2025-05-06 19:18:00,2025-05-06 19:32:00,101273.17,60644.23,639.65,12.22,К-р Восточный,630-E030525_P_B_1.B,6132,2025-05-06,PV №52,quartz-mica foliated schists,0.01,124.26,92,7.36,149.4
1612179,2025-06-08 10:17:00,2025-06-08 10:36:00,101835.84,60114.56,639.08,12.05,К-р Восточный,630-E040625_P_B_4.A,5743,2025-06-08,PV №52,carbonized_quartz-mica_hornfels_shists,0.01,19.32,52,2.22,30.0
1614370,2025-06-10 16:45:00,2025-06-10 17:07:00,101729.17,60082.11,639.17,12.01,К-р Восточный,630-E040625_P_B_4.A,5679,2025-06-10,PV №52,carbonized_quartz-mica_hornfels_shists,0.01,69.05,106,11.11,19.8
1612031,2025-06-08 07:26:00,2025-06-08 07:44:00,101797.92,60117.95,639.02,12.12,К-р Восточный,630-E040625_P_B_4.A,5953,2025-06-08,PV №52,carbonized_quartz-mica_hornfels_shists,0.01,-22.05,51,1.53,54.0
1578869,2025-05-06 16:36:00,2025-05-06 16:53:00,101264.63,60673.4,639.77,12.54,К-р Восточный,630-E030525_P_B_1.B,6074,2025-05-06,PV №52,quartz-mica foliated schists,0.01,57.83,115,6.51,348.0
1612356,2025-06-08 15:03:00,2025-06-08 15:22:00,101853.04,60110.12,639.0,12.12,К-р Восточный,630-E040625_P_B_4.A,5909,2025-06-08,PV №52,carbonized_quartz-mica_hornfels_shists,0.01,30.26,101,6.05,36.0
1667883,2025-08-02 02:42:00,2025-08-02 03:14:00,101247.41,60775.33,619.96,17.63,К-р Восточный,605-E230725_P_B_9.B,5023,2025-08-02,PV №52,mica-quartz_carbonate_massive_rocks,0.01,15.75,82,4.09,54.0
1668181,2025-08-02 10:38:00,2025-08-02 11:01:00,101273.72,60726.52,621.53,18.5,К-р Восточный,605-E230725_P_B_9.B,8182,2025-08-02,PV №52,mica-quartz_carbonate_massive_rocks,0.01,38.5,71,5.09,162.0
1666394,2025-07-31 15:42:00,2025-07-31 16:05:00,101205.65,60790.31,619.95,17.55,К-р Восточный,605-E230725_P_B_9.B,5014,2025-07-31,PV №52,mica-quartz_carbonate_massive_rocks,0.01,50.0,108,5.45,24.0
1668737,2025-08-03 00:45:00,2025-08-03 01:09:00,101241.94,60687.12,620.9,17.72,К-р Восточный,605-E230725_P_B_9.B,5058,2025-08-03,PV №52,quartz-mica foliated schists,0.01,105.33,70,11.49,30.0
1612443,2025-06-08 17:12:00,2025-06-08 17:35:00,101812.58,60107.23,639.26,12.26,К-р Восточный,630-E040625_P_B_4.A,5903,2025-06-08,PV №52,carbonized_quartz-mica_hornfels_shists,0.01,36.36,114,7.65,55.2
1612243,2025-06-08 12:00:00,2025-06-08 12:22:00,101801.65,60111.77,638.9,12.06,К-р Восточный,630-E040625_P_B_4.A,5748,2025-06-08,PV №52,carbonized_quartz-mica_hornfels_shists,0.01,123.88,112,11.36,48.0
1612276,2025-06-08 12:48:00,2025-06-08 13:06:00,101788.41,60111.0,638.8,11.57,К-р Восточный,630-E040625_P_B_4.A,5750,2025-06-08,PV №52,carbonized_quartz-mica_hornfels_shists,0.01,17.89,57,3.63,90.0
1667959,2025-08-02 04:18:00,2025-08-02 04:43:00,101238.74,60776.94,619.83,17.44,К-р Восточный,605-E230725_P_B_9.B,5046,2025-08-02,PV №52,mica-quartz_carbonate_massive_rocks,0.01,49.59,75,5.14,90.0
1666830,2025-08-01 01:12:00,2025-08-01 01:40:00,101214.89,60778.02,620.29,17.57,К-р Восточный,605-E230725_P_B_9.B,5070,2025-08-01,PV №52,mica-quartz_carbonate_massive_rocks,0.01,-3.11,26,3.81,66.0
1614955,2025-06-11 04:11:00,2025-06-11 04:34:00,101749.72,60073.4,639.41,12.0,К-р Восточный,630-E040625_P_B_4.A,5604,2025-06-11,PV №52,carbonized_quartz-mica_hornfels_shists,0.01,59.24,114,7.19,23.4
1672560,2025-08-06 16:47:00,2025-08-06 17:11:00,101236.62,60810.85,620.48,18.47,К-р Восточный,605-E230725_P_B_9.B,4987,2025-08-06,PV №52,mica-quartz_carbonate_massive_rocks,0.01,89.92,74,10.31,144.6
1666849,2025-08-01 01:42:00,2025-08-01 02:10:00,101216.12,60770.68,620.25,17.58,К-р Восточный,605-E230725_P_B_9.B,5094,2025-08-01,PV №52,mica-quartz_carbonate_massive_rocks,0.01,280.99,109,19.48,108.0
1611898,2025-06-08 04:06:00,2025-06-08 04:23:00,101852.19,60121.79,639.55,12.04,К-р Восточный,630-E040625_P_B_4.A,5945,2025-06-08,PV №52,carbonized_quartz-mica_hornfels_shists,0.01,125.5,59,9.06,108.0
1613035,2025-06-09 05:28:00,2025-06-09 05:48:00,101731.14,60100.34,638.96,12.02,К-р Восточный,630-E040625_P_B_4.A,5891,2025-06-09,PV №52,carbonized_quartz-mica_hornfels_shists,0.01,18.56,37,3.55,107.4
1667252,2025-08-01 10:35:00,2025-08-01 11:01:00,101230.39,60740.84,620.1,17.58,К-р Восточный,605-E230725_P_B_9.B,5052,2025-08-01,PV №52,mica-quartz_carbonate_massive_rocks,0.01,302.22,107,12.25,390.0
1668181,2025-08-02 10:38:00,2025-08-02 11:01:00,101273.72,60726.52,621.53,18.5,К-р Восточный,605-E230725_P_B_9.B,8182,2025-08-02,PV №52,mica-quartz_carbonate_massive_rocks,0.01,33.29,95,6.01,90.0
1614070,2025-06-10 09:03:00,2025-06-10 09:27:00,101831.55,60079.69,639.47,12.64,К-р Восточный,630-E040625_P_B_4.A,5616,2025-06-10,PV №52,carbonized_quartz-mica_hornfels_shists,0.01,4.49,35,2.1,42.0
1668131,2025-08-02 09:14:00,2025-08-02 09:35:00,101263.56,60738.03,620.44,18.26,К-р Восточный,605-E230725_P_B_9.B,8169,2025-08-02,PV №52,mica-quartz_carbonate_massive_rocks,0.01,63.07,77,4.96,30.0
1609338,2025-06-05 14:05:00,2025-06-05 14:20:00,101684.99,60126.61,639.28,12.62,К-р Восточный,630-E040625_P_B_4.A,5969,2025-06-05,PV №52,carbonized_quartz-mica_hornfels_shists,0.01,44.96,62,3.75,36.0
1612179,2025-06-08 10:17:00,2025-06-08 10:36:00,101835.84,60114.56,639.08,12.05,К-р Восточный,630-E040625_P_B_4.A,5743,2025-06-08,PV №52,carbonized_quartz-mica_hornfels_shists,0.01,57.59,62,6.11,36.0
1612701,2025-06-08 20:33:00,2025-06-08 20:48:00,101850.31,60103.51,639.38,11.66,К-р Восточный,630-E040625_P_B_4.A,5703,2025-06-09,PV №52,carbonized_quartz-mica_hornfels_shists,0.01,50.91,74,4.54,354.0
1612692,2025-06-08 23:09:00,2025-06-08 23:29:00,101795.96,60099.66,639.31,11.73,К-р Восточный,630-E040625_P_B_4.A,5695,2025-06-09,PV №52,carbonized_quartz-mica_hornfels_shists,0.01,115.03,114,9.39,30.0
1613249,2025-06-09 12:11:00,2025-06-09 12:30:00,101755.43,60095.85,639.0,12.05,К-р Восточный,630-E040625_P_B_4.A,5689,2025-06-09,PV №52,carbonized_quartz-mica_hornfels_shists,0.01,-4.42,78,7.17,12.0
1581360,2025-05-09 02:35:00,2025-05-09 02:46:00,101339.91,60499.85,639.99,12.54,К-р Восточный,630-E030525_P_B_1.B,5969,2025-05-09,PV №52,mica-quartz_carbonate_massive_rocks,0.01,-44.9,90,3.98,12.0
1609686,2025-06-05 21:43:00,2025-06-05 22:10:00,101729.3,60123.29,639.27,11.64,К-р Восточный,630-E040625_P_B_4.A,6057,2025-06-06,PV №52,carbonized_quartz-mica_hornfels_shists,0.01,27.36,67,5.19,24.0
1668437,2025-08-02 17:07:00,2025-08-02 17:27:00,101277.84,60709.12,621.34,19.0,К-р Восточный,605-E230725_P_B_9.B,8184,2025-08-02,PV №52,mica-quartz_carbonate_massive_rocks,0.01,69.28,101,6.12,138.0
1579138,2025-05-06 21:17:00,2025-05-06 21:32:00,101291.05,60610.15,639.83,12.56,К-р Восточный,630-E030525_P_B_1.B,6114,2025-05-07,PV №52,quartz-mica foliated schists,0.01,316.17,0,23.51,54.0
1580245,2025-05-08 02:13:00,2025-05-08 02:26:00,101254.86,60569.48,640.52,12.62,К-р Восточный,630-E030525_P_B_1.B,6011,2025-05-08,PV №52,quartz-mica foliated schists,0.01,132.51,98,8.55,126.0
1613035,2025-06-09 05:28:00,2025-06-09 05:48:00,101731.14,60100.34,638.96,12.02,К-р Восточный,630-E040625_P_B_4.A,5891,2025-06-09,PV №52,carbonized_quartz-mica_hornfels_shists,0.01,141.55,93,8.86,114.0
1580063,2025-05-07 23:50:00,2025-05-08 00:06:00,101303.11,60586.67,640.03,12.71,К-р Восточный,630-E030525_P_B_1.B,6094,2025-05-08,PV №52,quartz-mica foliated schists,0.01,227.64,113,17.52,120.0
1578869,2025-05-06 16:36:00,2025-05-06 16:53:00,101264.63,60673.4,639.77,12.54,К-р Восточный,630-E030525_P_B_1.B,6074,2025-05-06,PV №52,quartz-mica foliated schists,0.01,149.87,5,13.47,161.4
1610773,2025-06-07 01:19:00,2025-06-07 01:37:00,101696.49,60108.7,639.19,12.29,К-р Восточный,630-E040625_P_B_4.A,5968,2025-06-07,PV №52,carbonized_quartz-mica_hornfels_shists,0.01,-4.29,17,0.94,36.0
1613001,2025-06-09 05:04:00,2025-06-09 05:26:00,101724.25,60099.69,639.15,12.52,К-р Восточный,630-E040625_P_B_4.A,5890,2025-06-09,PV №52,carbonized_quartz-mica_hornfels_shists,0.01,39.43,95,6.6,59.4
1667753,2025-08-01 21:39:00,2025-08-01 22:10:00,101249.72,60789.86,620.82,18.33,К-р Восточный,605-E230725_P_B_9.B,8163,2025-08-02,PV №52,mica-quartz_carbonate_massive_rocks,0.01,128.45,102,8.31,42.0
1609191,2025-06-05 10:22:00,2025-06-05 10:37:00,101741.86,60136.53,638.72,11.6,К-р Восточный,630-E040625_P_B_4.A,6041,2025-06-05,PV №52,carbonized_quartz-mica_hornfels_shists,0.01,64.49,105,6.74,54.0
1610983,2025-06-07 05:04:00,2025-06-07 05:26:00,101707.3,60103.88,639.86,11.71,К-р Восточный,630-E040625_P_B_4.A,5762,2025-06-07,PV №52,carbonized_quartz-mica_hornfels_shists,0.01,134.53,91,14.49,203.4
1609105,2025-06-05 08:24:00,2025-06-05 08:38:00,101694.52,60132.92,639.42,12.58,К-р Восточный,630-E040625_P_B_4.A,6048,2025-06-05,PV №52,carbonized_quartz-mica_hornfels_shists,0.01,402.56,109,16.11,54.0
1609072,2025-06-05 07:52:00,2025-06-05 08:06:00,101681.16,60132.33,639.32,12.56,К-р Восточный,630-E040625_P_B_4.A,6050,2025-06-05,PV №52,carbonized_quartz-mica_hornfels_shists,0.01,34.84,95,5.3,263.4
1580003,2025-05-07 22:52:00,2025-05-07 23:06:00,101230.41,60606.07,640.25,12.11,К-р Восточный,630-E030525_P_B_1.B,6107,2025-05-08,PV №52,quartz-mica foliated schists,0.01,105.73,102,7.59,102.0
1666429,2025-07-31 16:37:00,2025-07-31 17:07:00,101207.51,60773.5,620.11,17.53,К-р Восточный,605-E230725_P_B_9.B,5069,2025-07-31,PV №52,mica-quartz_carbonate_massive_rocks,0.01,86.38,92,11.58,18.0
1614789,2025-06-11 01:18:00,2025-06-11 01:42:00,101753.35,60078.2,639.45,12.03,К-р Восточный,630-E040625_P_B_4.A,5810,2025-06-11,PV №52,carbonized_quartz-mica_hornfels_shists,0.01,24.78,104,5.79,18.6
1581770,2025-05-09 11:14:00,2025-05-09 11:27:00,101291.51,60488.7,640.58,13.0,К-р Восточный,630-E030525_P_B_1.B,5871,2025-05-09,PV №52,quartz-mica foliated schists,0.01,446.06,109,16.73,60.0
1614124,2025-06-10 10:04:00,2025-06-10 10:25:00,101817.38,60078.48,638.94,12.54,К-р Восточный,630-E040625_P_B_4.A,5614,2025-06-10,PV №52,carbonized_quartz-mica_hornfels_shists,0.01,50.78,94,7.22,63.6
1614755,2025-06-11 00:56:00,2025-06-11 01:16:00,101746.76,60078.09,639.4,12.02,К-р Восточный,630-E040625_P_B_4.A,5809,2025-06-11,PV №52,carbonized_quartz-mica_hornfels_shists,0.01,70.43,48,6.77,192.0
1609686,2025-06-05 21:43:00,2025-06-05 22:10:00,101729.3,60123.29,639.27,11.64,К-р Восточный,630-E040625_P_B_4.A,6057,2025-06-06,PV №52,carbonized_quartz-mica_hornfels_shists,0.01,49.11,6,8.58,84.6
1667264,2025-08-01 11:04:00,2025-08-01 11:27:00,101231.91,60731.84,619.6,17.65,К-р Восточный,605-E230725_P_B_9.B,5053,2025-08-01,PV №52,mica-quartz_carbonate_massive_rocks,0.01,49.51,116,5.44,306.0
1612206,2025-06-08 11:01:00,2025-06-08 11:19:00,101822.38,60113.49,639.08,12.04,К-р Восточный,630-E040625_P_B_4.A,5745,2025-06-08,PV №52,carbonized_quartz-mica_hornfels_shists,0.01,155.04,113,9.08,66.0
1580203,2025-05-08 01:41:00,2025-05-08 01:55:00,101245.12,60584.1,640.59,12.07,К-р Восточный,630-E030525_P_B_1.B,6023,2025-05-08,PV №52,quartz-mica foliated schists,0.01,135.37,97,8.54,54.0
1580344,2025-05-08 04:04:00,2025-05-08 04:17:00,101267.74,60578.15,640.47,12.26,К-р Восточный,630-E030525_P_B_1.B,6089,2025-05-08,PV №52,quartz-mica foliated schists,0.01,104.84,82,6.8,174.0
1581855,2025-05-09 13:09:00,2025-05-09 13:21:00,101314.29,60482.79,640.25,13.01,К-р Восточный,630-E030525_P_B_1.B,5973,2025-05-09,PV №52,mica-quartz_carbonate_massive_rocks,0.01,451.18,109,17.31,72.0
1612235,2025-06-08 11:42:00,2025-06-08 11:58:00,101808.9,60112.44,638.95,12.1,К-р Восточный,630-E040625_P_B_4.A,5747,2025-06-08,PV №52,carbonized_quartz-mica_hornfels_shists,0.01,67.62,110,9.34,18.0
1666155,2025-07-31 09:18:00,2025-07-31 09:39:00,101195.77,60821.6,620.14,17.08,К-р Восточный,605-E230725_P_B_9.B,4991,2025-07-31,PV №52,mica-quartz_carbonate_massive_rocks,0.01,79.83,108,9.37,138.0
1579669,2025-05-07 13:35:00,2025-05-07 13:49:00,101261.6,60600.3,640.04,11.52,К-р Восточный,630-E030525_P_B_1.B,6032,2025-05-07,PV №52,quartz-mica foliated schists,0.01,400.58,108,15.88,36.0
1611019,2025-06-07 05:50:00,2025-06-07 06:06:00,101720.63,60105.17,639.46,12.23,К-р Восточный,630-E040625_P_B_4.A,5760,2025-06-07,PV №52,carbonized_quartz-mica_hornfels_shists,0.01,47.26,5,12.63,5.4
1578926,2025-05-06 17:57:00,2025-05-06 18:12:00,101261.56,60661.55,639.63,12.76,К-р Восточный,630-E030525_P_B_1.B,6072,2025-05-06,PV №52,quartz-mica foliated schists,0.01,41.74,73,13.78,48.0
1670097,2025-08-04 10:18:00,2025-08-04 10:37:00,101252.15,60675.62,620.03,17.52,К-р Восточный,605-E230725_P_B_9.B,5082,2025-08-04,PV №52,quartz-mica foliated schists,0.01,149.38,105,9.66,66.0
1611441,2025-06-07 18:00:00,2025-06-07 18:16:00,101830.98,60132.01,638.79,11.49,К-р Восточный,630-E040625_P_B_4.A,6072,2025-06-07,PV №52,carbonized_quartz-mica_hornfels_shists,0.01,61.95,115,9.47,72.0
1666290,2025-07-31 12:27:00,2025-07-31 13:00:00,101202.47,60758.41,620.12,17.5,К-р Восточный,605-E230725_P_B_9.B,5096,2025-07-31,PV №52,mica-quartz_carbonate_massive_rocks,0.01,394.66,109,14.88,66.0
1612127,2025-06-08 09:12:00,2025-06-08 09:32:00,101855.9,60116.22,638.99,12.11,К-р Восточный,630-E040625_P_B_4.A,5740,2025-06-08,PV №52,carbonized_quartz-mica_hornfels_shists,0.01,-21.84,35,0.77,443.4
1581137,2025-05-08 20:25:00,2025-05-08 20:38:00,101267.47,60524.73,640.21,12.67,К-р Восточный,630-E030525_P_B_1.B,5922,2025-05-09,PV №52,quartz-mica foliated schists,0.01,-29.86,56,1.98,18.0
1609686,2025-06-05 21:43:00,2025-06-05 22:10:00,101729.3,60123.29,639.27,11.64,К-р Восточный,630-E040625_P_B_4.A,6057,2025-06-06,PV №52,carbonized_quartz-mica_hornfels_shists,0.01,25.75,66,7.07,30.0
1581473,2025-05-09 04:32:00,2025-05-09 04:47:00,101282.12,60502.77,640.16,12.64,К-р Восточный,630-E030525_P_B_1.B,5877,2025-05-09,PV №52,quartz-mica foliated schists,0.01,399.67,108,18.03,78.0
1613873,2025-06-10 03:50:00,2025-06-10 04:10:00,101848.12,60086.11,639.58,12.52,К-р Восточный,630-E040625_P_B_4.A,5824,2025-06-10,PV №52,carbonized_quartz-mica_hornfels_shists,0.01,15.24,31,2.21,6.0
1581244,2025-05-09 00:29:00,2025-05-09 00:43:00,101272.14,60517.76,640.15,12.58,К-р Восточный,630-E030525_P_B_1.B,5883,2025-05-09,PV №52,quartz-mica foliated schists,0.01,-45.41,24,3.6,138.0
1667230,2025-08-01 10:01:00,2025-08-01 10:33:00,101228.62,60749.99,620.01,17.5,К-р Восточный,605-E230725_P_B_9.B,5051,2025-08-01,PV №52,mica-quartz_carbonate_massive_rocks,0.01,391.56,108,18.05,78.0
1670069,2025-08-04 09:37:00,2025-08-04 09:56:00,101236.86,60672.1,620.06,17.52,К-р Восточный,605-E230725_P_B_9.B,5083,2025-08-04,PV №52,quartz-mica foliated schists,0.01,434.33,107,20.0,60.0
1614094,2025-06-10 09:30:00,2025-06-10 10:01:00,101823.95,60079.11,639.12,12.52,К-р Восточный,630-E040625_P_B_4.A,5615,2025-06-10,PV №52,carbonized_quartz-mica_hornfels_shists,0.01,75.22,20,4.25,78.0
1580386,2025-05-08 04:56:00,2025-05-08 05:08:00,101307.19,60573.95,640.04,12.71,К-р Восточный,630-E030525_P_B_1.B,5952,2025-05-08,PV №52,quartz-mica foliated schists,0.01,-32.84,58,4.56,48.0
1666830,2025-08-01 01:12:00,2025-08-01 01:40:00,101214.89,60778.02,620.29,17.57,К-р Восточный,605-E230725_P_B_9.B,5070,2025-08-01,PV №52,mica-quartz_carbonate_massive_rocks,0.01,20.71,69,4.89,30.0
1608593,2025-06-04 22:33:00,2025-06-04 22:35:00,101698.03,60136.01,639.46,12.54,К-р Восточный,630-E040625_P_B_4.A,6142,2025-06-05,PV №52,carbonized_quartz-mica_hornfels_shists,0.01,83.56,41,7.99,36.0
1609860,2025-06-06 02:28:00,2025-06-06 02:44:00,101712.98,60116.29,639.53,12.31,К-р Восточный,630-E040625_P_B_4.A,5767,2025-06-06,PV №52,carbonized_quartz-mica_hornfels_shists,0.01,46.05,0,1.57,30.0
1614355,2025-06-10 16:22:00,2025-06-10 16:43:00,101722.39,60081.78,639.4,12.51,К-р Восточный,630-E040625_P_B_4.A,5680,2025-06-10,PV №52,carbonized_quartz-mica_hornfels_shists,0.01,411.05,107,18.42,54.0
1612167,2025-06-08 09:55:00,2025-06-08 10:15:00,101842.71,60115.19,639.2,12.1,К-р Восточный,630-E040625_P_B_4.A,5742,2025-06-08,PV №52,carbonized_quartz-mica_hornfels_shists,0.01,6.25,33,1.74,78.0
1670097,2025-08-04 10:18:00,2025-08-04 10:37:00,101252.15,60675.62,620.03,17.52,К-р Восточный,605-E230725_P_B_9.B,5082,2025-08-04,PV №52,quartz-mica foliated schists,0.01,230.68,113,10.74,108.0
1667252,2025-08-01 10:35:00,2025-08-01 11:01:00,101230.39,60740.84,620.1,17.58,К-р Восточный,605-E230725_P_B_9.B,5052,2025-08-01,PV №52,mica-quartz_carbonate_massive_rocks,0.01,419.49,108,15.88,54.0
1666383,2025-07-31 15:15:00,2025-07-31 15:40:00,101205.22,60799.5,619.87,17.5,К-р Восточный,605-E230725_P_B_9.B,5015,2025-07-31,PV №52,mica-quartz_carbonate_massive_rocks,0.01,68.44,62,4.51,102.0
1580080,2025-05-07 21:37:00,2025-05-07 21:53:00,101234.12,60613.71,640.32,12.03,К-р Восточный,630-E030525_P_B_1.B,6044,2025-05-08,PV №52,quartz-mica foliated schists,0.01,92.52,63,8.65,30.0
1611895,2025-06-08 03:47:00,2025-06-08 04:03:00,101858.93,60122.35,639.26,11.15,К-р Восточный,630-E040625_P_B_4.A,5944,2025-06-08,PV №52,carbonized_quartz-mica_hornfels_shists,0.01,76.67,42,7.81,96.0
1578624,2025-05-06 09:32:00,2025-05-06 09:43:00,101255.62,60683.48,639.94,12.67,К-р Восточный,630-E030525_P_B_1.B,6152,2025-05-06,PV №52,quartz-mica foliated schists,0.01,-44.39,93,3.5,54.0
1609909,2025-06-06 03:25:00,2025-06-06 03:45:00,101733.25,60118.09,639.33,11.69,К-р Восточный,630-E040625_P_B_4.A,5770,2025-06-06,PV №52,carbonized_quartz-mica_hornfels_shists,0.01,93.17,41,14.75,60.0
1581267,2025-05-09 00:59:00,2025-05-09 01:11:00,101289.88,60518.65,640.26,12.73,К-р Восточный,630-E030525_P_B_1.B,5885,2025-05-09,PV №52,quartz-mica foliated schists,0.01,139.08,103,11.68,90.0
1612019,2025-06-08 06:12:00,2025-06-08 06:29:00,101804.75,60118.4,639.29,11.69,К-р Восточный,630-E040625_P_B_4.A,5952,2025-06-08,PV №52,carbonized_quartz-mica_hornfels_shists,0.01,186.3,111,11.63,24.0
1609826,2025-06-06 01:52:00,2025-06-06 02:08:00,101699.42,60114.81,639.51,12.46,К-р Восточный,630-E040625_P_B_4.A,5765,2025-06-06,PV №52,carbonized_quartz-mica_hornfels_shists,0.01,119.02,114,7.37,78.0
1672560,2025-08-06 16:47:00,2025-08-06 17:11:00,101236.62,60810.85,620.48,18.47,К-р Восточный,605-E230725_P_B_9.B,4987,2025-08-06,PV №52,mica-quartz_carbonate_massive_rocks,0.01,108.53,56,7.06,264.0
1581360,2025-05-09 02:35:00,2025-05-09 02:46:00,101339.91,60499.85,639.99,12.54,К-р Восточный,630-E030525_P_B_1.B,5969,2025-05-09,PV №52,mica-quartz_carbonate_massive_rocks,0.01,-44.03,73,2.54,24.0
1667564,2025-08-01 19:21:00,2025-08-01 20:03:00,101244.7,60711.32,620.3,19.41,К-р Восточный,605-E230725_P_B_9.B,5078,2025-08-01,PV №52,mica-quartz_carbonate_massive_rocks,0.01,154.69,114,13.33,72.0
1667994,2025-08-02 04:45:00,2025-08-02 05:09:00,101240.41,60769.58,619.85,17.82,К-р Восточный,605-E230725_P_B_9.B,5045,2025-08-02,PV №52,mica-quartz_carbonate_massive_rocks,0.01,178.35,112,9.78,138.0
1609453,2025-06-05 16:22:00,2025-06-05 16:36:00,101738.74,60130.64,639.05,11.72,К-р Восточный,630-E040625_P_B_4.A,5977,2025-06-05,PV №52,carbonized_quartz-mica_hornfels_shists,0.01,63.59,110,6.98,54.0
1614450,2025-06-10 18:04:00,2025-06-10 18:28:00,101749.59,60084.05,639.24,12.38,К-р Восточный,630-E040625_P_B_4.A,5676,2025-06-10,PV №52,carbonized_quartz-mica_hornfels_shists,0.01,80.15,20,15.07,18.0
1611979,2025-06-08 05:20:00,2025-06-08 05:37:00,101825.16,60119.91,639.32,11.73,К-р Восточный,630-E040625_P_B_4.A,5949,2025-06-08,PV №52,carbonized_quartz-mica_hornfels_shists,0.01,8.94,53,3.09,48.0
1578927,2025-05-06 18:14:00,2025-05-06 18:26:00,101255.11,60661.09,639.85,12.17,К-р Восточный,630-E030525_P_B_1.B,6071,2025-05-06,PV №52,quartz-mica foliated schists,0.01,438.46,107,17.56,60.0
1580426,2025-05-08 05:59:00,2025-05-08 06:11:00,101295.19,60565.54,640.4,12.61,К-р Восточный,630-E030525_P_B_1.B,5942,2025-05-08,PV №52,quartz-mica foliated schists,0.01,419.87,106,15.95,54.0
1672878,2025-08-06 19:58:00,2025-08-06 20:16:00,101194.63,60840.0,620.48,17.5,К-р Восточный,605-E230725_P_B_9.B,4989,2025-08-07,PV №52,quartz-mica foliated schists,0.01,89.96,72,6.44,132.0
1668795,2025-08-03 01:55:00,2025-08-03 02:14:00,101274.54,60685.55,620.98,18.62,К-р Восточный,605-E230725_P_B_9.B,8175,2025-08-03,PV №52,quartz-mica foliated schists,0.01,7.92,33,1.8,84.0
1613802,2025-06-10 02:18:00,2025-06-10 02:39:00,101817.38,60089.68,638.91,12.02,К-р Восточный,630-E040625_P_B_4.A,5666,2025-06-10,PV №52,carbonized_quartz-mica_hornfels_shists,0.01,36.84,80,5.29,12.0
1581600,2025-05-09 07:35:00,2025-05-09 07:49:00,101287.08,60495.93,640.61,12.57,К-р Восточный,630-E030525_P_B_1.B,5911,2025-05-09,PV №52,quartz-mica foliated schists,0.01,71.99,17,9.85,48.0
1667264,2025-08-01 11:04:00,2025-08-01 11:27:00,101231.91,60731.84,619.6,17.65,К-р Восточный,605-E230725_P_B_9.B,5053,2025-08-01,PV №52,mica-quartz_carbonate_massive_rocks,0.01,53.57,84,4.21,509.4
1614859,2025-06-11 02:39:00,2025-06-11 02:59:00,101722.91,60070.08,639.55,12.52,К-р Восточный,630-E040625_P_B_4.A,5600,2025-06-11,PV №52,carbonized_quartz-mica_hornfels_shists,0.01,1.88,116,5.2,18.0
1579669,2025-05-07 13:35:00,2025-05-07 13:49:00,101261.6,60600.3,640.04,11.52,К-р Восточный,630-E030525_P_B_1.B,6032,2025-05-07,PV №52,quartz-mica foliated schists,0.01,238.44,112,11.53,90.0
1668484,2025-08-02 18:19:00,2025-08-02 18:41:00,101257.28,60690.66,620.42,17.51,К-р Восточный,605-E230725_P_B_9.B,5036,2025-08-02,PV №52,quartz-mica foliated schists,0.01,287.84,66,23.02,126.0
1614789,2025-06-11 01:18:00,2025-06-11 01:42:00,101753.35,60078.2,639.45,12.03,К-р Восточный,630-E040625_P_B_4.A,5810,2025-06-11,PV №52,carbonized_quartz-mica_hornfels_shists,0.01,11.89,63,3.59,30.0
1579602,2025-05-07 11:42:00,2025-05-07 11:59:00,101287.36,60602.61,639.91,12.48,К-р Восточный,630-E030525_P_B_1.B,6035,2025-05-07,PV №52,quartz-mica foliated schists,0.01,-12.42,14,0.87,156.0
1667531,2025-08-01 17:28:00,2025-08-01 17:51:00,101238.75,60738.04,620.11,17.28,К-р Восточный,605-E230725_P_B_9.B,5075,2025-08-01,PV №52,mica-quartz_carbonate_massive_rocks,0.01,335.96,30,19.44,66.0
1612276,2025-06-08 12:48:00,2025-06-08 13:06:00,101788.41,60111.0,638.8,11.57,К-р Восточный,630-E040625_P_B_4.A,5750,2025-06-08,PV №52,carbonized_quartz-mica_hornfels_shists,0.01,27.0,59,3.84,18.0
1612356,2025-06-08 15:03:00,2025-06-08 15:22:00,101853.04,60110.12,639.0,12.12,К-р Восточный,630-E040625_P_B_4.A,5909,2025-06-08,PV №52,carbonized_quartz-mica_hornfels_shists,0.01,15.86,57,4.83,54.0
1582396,2025-05-10 00:53:00,2025-05-10 01:08:00,101278.36,60495.0,640.26,13.57,К-р Восточный,630-E030525_P_B_1.B,5910,2025-05-10,PV №52,quartz-mica foliated schists,0.01,-46.58,57,2.97,30.0
1612309,2025-06-08 13:54:00,2025-06-08 14:12:00,101774.56,60109.56,638.7,11.54,К-р Восточный,630-E040625_P_B_4.A,5752,2025-06-08,PV №52,carbonized_quartz-mica_hornfels_shists,0.01,-4.28,54,1.29,780.0
1581171,2025-05-08 20:40:00,2025-05-08 20:56:00,101276.29,60525.78,640.39,12.72,К-р Восточный,630-E030525_P_B_1.B,5923,2025-05-09,PV №52,quartz-mica foliated schists,0.01,-36.63,58,2.44,6.0
1672560,2025-08-06 16:47:00,2025-08-06 17:11:00,101236.62,60810.85,620.48,18.47,К-р Восточный,605-E230725_P_B_9.B,4987,2025-08-06,PV №52,mica-quartz_carbonate_massive_rocks,0.01,85.41,74,9.15,78.0
1581139,2025-05-08 22:36:00,2025-05-08 22:48:00,101333.75,60521.98,639.25,12.27,К-р Восточный,630-E030525_P_B_1.B,5988,2025-05-09,PV №52,mica-quartz_carbonate_massive_rocks,0.01,-47.19,68,4.25,24.0
1611688,2025-06-07 23:58:00,2025-06-08 00:18:00,101828.14,60125.68,639.36,11.74,К-р Восточный,630-E040625_P_B_4.A,5784,2025-06-08,PV №52,carbonized_quartz-mica_hornfels_shists,0.01,92.86,32,7.11,48.0
1579320,2025-05-07 03:13:00,2025-05-07 03:25:00,101274.31,60609.08,639.88,11.62,К-р Восточный,630-E030525_P_B_1.B,6112,2025-05-07,PV №52,quartz-mica foliated schists,0.01,22.44,99,6.83,42.0
1580070,2025-05-07 23:08:00,2025-05-07 23:21:00,101234.85,60598.81,640.27,12.11,К-р Восточный,630-E030525_P_B_1.B,6029,2025-05-08,PV №52,quartz-mica foliated schists,0.01,104.28,70,7.98,90.0
1611036,2025-06-07 06:26:00,2025-06-07 06:41:00,101734.07,60106.33,639.29,11.35,К-р Восточный,630-E040625_P_B_4.A,5758,2025-06-07,PV №52,carbonized_quartz-mica_hornfels_shists,0.01,118.41,69,8.58,36.0
1667138,2025-08-01 08:02:00,2025-08-01 08:29:00,101222.04,60783.45,620.34,17.04,К-р Восточный,605-E230725_P_B_9.B,5018,2025-08-01,PV №52,mica-quartz_carbonate_massive_rocks,0.01,298.27,111,10.46,252.0
1581154,2025-05-08 23:41:00,2025-05-08 23:52:00,101343.77,60507.68,639.54,12.72,К-р Восточный,630-E030525_P_B_1.B,5994,2025-05-09,PV №52,mica-quartz_carbonate_massive_rocks,0.01,438.99,110,15.9,72.0
1613144,2025-06-09 09:23:00,2025-06-09 09:44:00,101714.77,60093.01,639.13,12.02,К-р Восточный,630-E040625_P_B_4.A,5683,2025-06-09,PV №52,carbonized_quartz-mica_hornfels_shists,0.01,247.74,110,10.62,42.0
1668484,2025-08-02 18:19:00,2025-08-02 18:41:00,101257.28,60690.66,620.42,17.51,К-р Восточный,605-E230725_P_B_9.B,5036,2025-08-02,PV №52,quartz-mica foliated schists,0.01,74.99,96,5.35,60.0
1613045,2025-06-09 06:11:00,2025-06-09 06:32:00,101744.75,60101.1,638.89,12.02,К-р Восточный,630-E040625_P_B_4.A,5893,2025-06-09,PV №52,carbonized_quartz-mica_hornfels_shists,0.01,6.57,52,5.23,30.0
1609150,2025-06-05 09:31:00,2025-06-05 09:46:00,101721.53,60135.0,639.25,12.58,К-р Восточный,630-E040625_P_B_4.A,6044,2025-06-05,PV №52,carbonized_quartz-mica_hornfels_shists,0.01,42.6,106,5.4,216.0
1613730,2025-06-10 01:06:00,2025-06-10 01:27:00,101837.47,60091.24,639.81,12.52,К-р Восточный,630-E040625_P_B_4.A,5663,2025-06-10,PV №52,carbonized_quartz-mica_hornfels_shists,0.01,-7.43,6,2.37,6.0
1581170,2025-05-08 23:24:00,2025-05-08 23:39:00,101352.76,60508.48,639.53,12.76,К-р Восточный,630-E030525_P_B_1.B,5995,2025-05-09,PV №52,mica-quartz_carbonate_massive_rocks,0.01,-46.5,114,6.47,18.0
1579602,2025-05-07 11:42:00,2025-05-07 11:59:00,101287.36,60602.61,639.91,12.48,К-р Восточный,630-E030525_P_B_1.B,6035,2025-05-07,PV №52,quartz-mica foliated schists,0.01,-53.0,100,4.16,6.0
1581191,2025-05-08 22:03:00,2025-05-08 22:17:00,101319.81,60528.56,639.68,12.12,К-р Восточный,630-E030525_P_B_1.B,5960,2025-05-09,PV №52,quartz-mica foliated schists,0.01,439.24,109,17.2,60.0
1667564,2025-08-01 19:21:00,2025-08-01 20:03:00,101244.7,60711.32,620.3,19.41,К-р Восточный,605-E230725_P_B_9.B,5078,2025-08-01,PV №52,mica-quartz_carbonate_massive_rocks,0.01,-59.12,5,0.55,156.0
1667883,2025-08-02 02:42:00,2025-08-02 03:14:00,101247.41,60775.33,619.96,17.63,К-р Восточный,605-E230725_P_B_9.B,5023,2025-08-02,PV №52,mica-quartz_carbonate_massive_rocks,0.01,95.88,82,7.42,36.0
1608787,2025-06-05 01:29:00,2025-06-05 01:47:00,101724.34,60139.69,639.34,12.1,К-р Восточный,630-E040625_P_B_4.A,6138,2025-06-05,PV №52,carbonized_quartz-mica_hornfels_shists,0.01,218.41,0,22.0,12.0
1580080,2025-05-07 21:37:00,2025-05-07 21:53:00,101234.12,60613.71,640.32,12.03,К-р Восточный,630-E030525_P_B_1.B,6044,2025-05-08,PV №52,quartz-mica foliated schists,0.01,29.95,110,6.15,30.0
1579134,2025-05-06 23:59:00,2025-05-07 00:11:00,101261.13,60638.85,639.89,12.17,К-р Восточный,630-E030525_P_B_1.B,6130,2025-05-07,PV №52,quartz-mica foliated schists,0.01,-41.37,58,2.5,84.0
1667536,2025-08-01 17:53:00,2025-08-01 18:14:00,101240.7,60729.01,620.37,17.53,К-р Восточный,605-E230725_P_B_9.B,5076,2025-08-01,PV №52,mica-quartz_carbonate_massive_rocks,0.01,21.05,117,4.79,89.4
1611235,2025-06-07 11:17:00,2025-06-07 11:34:00,101875.43,60141.51,638.78,11.61,К-р Восточный,630-E040625_P_B_4.A,5997,2025-06-07,PV №52,carbonized_quartz-mica_hornfels_shists,0.01,11.95,69,2.79,96.0
1668688,2025-08-02 23:22:00,2025-08-02 23:40:00,101272.9,60693.84,620.79,18.53,К-р Восточный,605-E230725_P_B_9.B,8174,2025-08-03,PV №52,quartz-mica foliated schists,0.01,69.96,112,7.13,120.0
1609150,2025-06-05 09:31:00,2025-06-05 09:46:00,101721.53,60135.0,639.25,12.58,К-р Восточный,630-E040625_P_B_4.A,6044,2025-06-05,PV №52,carbonized_quartz-mica_hornfels_shists,0.01,53.33,111,5.66,84.0
1612356,2025-06-08 15:03:00,2025-06-08 15:22:00,101853.04,60110.12,639.0,12.12,К-р Восточный,630-E040625_P_B_4.A,5909,2025-06-08,PV №52,carbonized_quartz-mica_hornfels_shists,0.01,3.72,55,2.49,96.0
1667940,2025-08-02 03:49:00,2025-08-02 04:14:00,101257.63,60765.24,620.6,18.28,К-р Восточный,605-E230725_P_B_9.B,8166,2025-08-02,PV №52,mica-quartz_carbonate_massive_rocks,0.01,121.31,98,8.88,108.0
1581177,2025-05-08 22:53:00,2025-05-08 23:05:00,101347.8,60515.62,639.61,12.59,К-р Восточный,630-E030525_P_B_1.B,5966,2025-05-09,PV №52,mica-quartz_carbonate_massive_rocks,0.01,-36.14,69,4.53,257.4
1578391,2025-05-06 09:01:00,2025-05-06 09:14:00,101261.0,60688.11,641.71,13.02,К-р Восточный,630-E030525_P_B_1.B,6151,2025-05-06,PV №52,quartz-mica foliated schists,0.01,52.82,109,9.13,24.6
1611431,2025-06-07 17:39:00,2025-06-07 17:58:00,101837.84,60132.48,638.99,12.02,К-р Восточный,630-E040625_P_B_4.A,6073,2025-06-07,PV №52,carbonized_quartz-mica_hornfels_shists,0.01,108.4,104,7.51,78.0
1612912,2025-06-09 03:19:00,2025-06-09 03:44:00,101703.95,60097.62,639.5,11.49,К-р Восточный,630-E040625_P_B_4.A,5887,2025-06-09,PV №52,carbonized_quartz-mica_hornfels_shists,0.01,49.94,81,6.39,66.0
1609350,2025-06-05 14:22:00,2025-06-05 14:38:00,101691.48,60127.21,639.29,12.58,К-р Восточный,630-E040625_P_B_4.A,5970,2025-06-05,PV №52,carbonized_quartz-mica_hornfels_shists,0.01,58.62,103,7.22,66.6
1666290,2025-07-31 12:27:00,2025-07-31 13:00:00,101202.47,60758.41,620.12,17.5,К-р Восточный,605-E230725_P_B_9.B,5096,2025-07-31,PV №52,mica-quartz_carbonate_massive_rocks,0.01,100.86,108,8.5,54.0
1579850,2025-05-07 18:25:00,2025-05-07 18:37:00,101257.69,60592.64,640.11,12.55,К-р Восточный,630-E030525_P_B_1.B,6100,2025-05-07,PV №52,quartz-mica foliated schists,0.01,-12.64,91,3.71,12.0
1613993,2025-06-10 07:06:00,2025-06-10 07:22:00,101794.46,60081.85,638.98,11.61,К-р Восточный,630-E040625_P_B_4.A,5816,2025-06-10,PV №52,carbonized_quartz-mica_hornfels_shists,0.01,81.36,93,6.75,414.0
1668704,2025-08-02 21:19:00,2025-08-02 21:38:00,101283.1,60682.49,621.57,19.16,К-р Восточный,605-E230725_P_B_9.B,8187,2025-08-03,PV №52,quartz-mica foliated schists,0.01,18.89,39,2.72,228.0
1609105,2025-06-05 08:24:00,2025-06-05 08:38:00,101694.52,60132.92,639.42,12.58,К-р Восточный,630-E040625_P_B_4.A,6048,2025-06-05,PV №52,carbonized_quartz-mica_hornfels_shists,0.01,84.81,89,6.62,210.0
1667082,2025-08-01 06:16:00,2025-08-01 06:57:00,101220.41,60809.54,619.99,17.5,К-р Восточный,605-E230725_P_B_9.B,4976,2025-08-01,PV №52,mica-quartz_carbonate_massive_rocks,0.01,15.2,97,4.61,120.0
1612179,2025-06-08 10:17:00,2025-06-08 10:36:00,101835.84,60114.56,639.08,12.05,К-р Восточный,630-E040625_P_B_4.A,5743,2025-06-08,PV №52,carbonized_quartz-mica_hornfels_shists,0.01,27.11,92,6.71,54.0
1581560,2025-05-09 06:02:00,2025-05-09 06:13:00,101330.7,60499.17,640.03,12.58,К-р Восточный,630-E030525_P_B_1.B,5970,2025-05-09,PV №52,mica-quartz_carbonate_massive_rocks,0.01,16.32,103,4.8,432.0
1667921,2025-08-02 03:18:00,2025-08-02 03:46:00,101265.69,60762.86,621.03,18.04,К-р Восточный,605-E230725_P_B_9.B,8178,2025-08-02,PV №52,mica-quartz_carbonate_massive_rocks,0.01,-38.39,82,6.19,132.0
1666725,2025-07-31 20:18:00,2025-07-31 20:45:00,101212.3,60713.71,620.49,18.01,К-р Восточный,605-E230725_P_B_9.B,5101,2025-08-01,PV №52,mica-quartz_carbonate_massive_rocks,0.01,47.72,32,7.3,78.0
1612912,2025-06-09 03:19:00,2025-06-09 03:44:00,101703.95,60097.62,639.5,11.49,К-р Восточный,630-E040625_P_B_4.A,5887,2025-06-09,PV №52,carbonized_quartz-mica_hornfels_shists,0.01,114.0,109,10.25,36.0
1611657,2025-06-07 22:38:00,2025-06-07 22:57:00,101855.24,60127.65,639.24,11.81,К-р Восточный,630-E040625_P_B_4.A,5788,2025-06-08,PV №52,carbonized_quartz-mica_hornfels_shists,0.01,200.74,94,10.01,90.0
1613343,2025-06-09 14:43:00,2025-06-09 15:01:00,101711.8,60086.6,639.45,12.01,К-р Восточный,630-E040625_P_B_4.A,5886,2025-06-09,PV №52,carbonized_quartz-mica_hornfels_shists,0.01,160.79,101,10.3,246.0
1611979,2025-06-08 05:20:00,2025-06-08 05:37:00,101825.16,60119.91,639.32,11.73,К-р Восточный,630-E040625_P_B_4.A,5949,2025-06-08,PV №52,carbonized_quartz-mica_hornfels_shists,0.01,-2.8,48,2.75,18.0
1613204,2025-06-09 10:42:00,2025-06-09 11:26:00,101734.95,60094.75,638.87,12.0,К-р Восточный,630-E040625_P_B_4.A,5686,2025-06-09,PV №52,carbonized_quartz-mica_hornfels_shists,0.01,-57.03,1,0.15,90.0
1610983,2025-06-07 05:04:00,2025-06-07 05:26:00,101707.3,60103.88,639.86,11.71,К-р Восточный,630-E040625_P_B_4.A,5762,2025-06-07,PV №52,carbonized_quartz-mica_hornfels_shists,0.01,94.9,85,14.64,72.0
1611380,2025-06-07 16:36:00,2025-06-07 16:54:00,101858.28,60134.2,638.8,12.04,К-р Восточный,630-E040625_P_B_4.A,6076,2025-06-07,PV №52,carbonized_quartz-mica_hornfels_shists,0.01,18.32,115,5.42,18.0
1666937,2025-08-01 03:11:00,2025-08-01 03:39:00,101221.55,60743.61,620.17,17.55,К-р Восточный,605-E230725_P_B_9.B,5091,2025-08-01,PV №52,mica-quartz_carbonate_massive_rocks,0.01,-26.41,39,3.18,66.0
1579320,2025-05-07 03:13:00,2025-05-07 03:25:00,101274.31,60609.08,639.88,11.62,К-р Восточный,630-E030525_P_B_1.B,6112,2025-05-07,PV №52,quartz-mica foliated schists,0.01,109.06,72,7.45,78.0
1613932,2025-06-10 04:55:00,2025-06-10 05:17:00,101827.88,60084.46,639.35,12.51,К-р Восточный,630-E040625_P_B_4.A,5821,2025-06-10,PV №52,carbonized_quartz-mica_hornfels_shists,0.01,23.57,102,8.69,36.0
1611692,2025-06-07 22:18:00,2025-06-07 22:36:00,101861.93,60128.11,639.47,11.33,К-р Восточный,630-E040625_P_B_4.A,5789,2025-06-08,PV №52,carbonized_quartz-mica_hornfels_shists,0.01,82.03,72,7.51,42.0
1582357,2025-05-10 00:17:00,2025-05-10 00:32:00,101288.53,60480.75,640.72,13.77,К-р Восточный,630-E030525_P_B_1.B,5907,2025-05-10,PV №52,mica-quartz_carbonate_massive_rocks,0.01,430.25,108,17.76,54.0
1581106,2025-05-08 22:20:00,2025-05-08 22:32:00,101328.62,60529.07,639.53,12.21,К-р Восточный,630-E030525_P_B_1.B,5959,2025-05-09,PV №52,mica-quartz_carbonate_massive_rocks,0.01,0.0,0,0.0,66.0
1611141,2025-06-07 09:15:00,2025-06-07 09:32:00,101757.1,60114.34,639.0,11.7,К-р Восточный,630-E040625_P_B_4.A,5959,2025-06-07,PV №52,carbonized_quartz-mica_hornfels_shists,0.01,57.1,55,5.34,108.0
1612678,2025-06-08 20:13:00,2025-06-08 20:31:00,101857.07,60103.89,639.47,11.62,К-р Восточный,630-E040625_P_B_4.A,5704,2025-06-09,PV №52,carbonized_quartz-mica_hornfels_shists,0.01,59.97,0,6.15,24.0
1581127,2025-05-08 19:36:00,2025-05-08 19:50:00,101279.64,60533.24,640.29,12.73,К-р Восточный,630-E030525_P_B_1.B,5891,2025-05-09,PV №52,quartz-mica foliated schists,0.01,-36.41,61,3.57,161.4
1609166,2025-06-05 09:48:00,2025-06-05 10:03:00,101728.27,60135.44,639.05,12.09,К-р Восточный,630-E040625_P_B_4.A,6043,2025-06-05,PV №52,carbonized_quartz-mica_hornfels_shists,0.01,62.73,102,8.09,72.0
1672878,2025-08-06 19:58:00,2025-08-06 20:16:00,101194.63,60840.0,620.48,17.5,К-р Восточный,605-E230725_P_B_9.B,4989,2025-08-07,PV №52,quartz-mica foliated schists,0.01,171.93,91,12.42,48.0
1581360,2025-05-09 02:35:00,2025-05-09 02:46:00,101339.91,60499.85,639.99,12.54,К-р Восточный,630-E030525_P_B_1.B,5969,2025-05-09,PV №52,mica-quartz_carbonate_massive_rocks,0.01,67.83,98,7.63,192.0
1579249,2025-05-07 02:09:00,2025-05-07 02:22:00,101254.33,60638.11,640.04,12.15,К-р Восточный,630-E030525_P_B_1.B,6129,2025-05-07,PV №52,quartz-mica foliated schists,0.01,420.44,108,16.25,54.0
1614981,2025-06-11 04:36:00,2025-06-11 04:55:00,101756.77,60073.7,639.38,12.01,К-р Восточный,630-E040625_P_B_4.A,5605,2025-06-11,PV №52,carbonized_quartz-mica_hornfels_shists,0.01,53.32,96,8.44,66.0
1613802,2025-06-10 02:18:00,2025-06-10 02:39:00,101817.38,60089.68,638.91,12.02,К-р Восточный,630-E040625_P_B_4.A,5666,2025-06-10,PV №52,carbonized_quartz-mica_hornfels_shists,0.01,2.05,34,2.41,6.0
1666474,2025-07-31 17:42:00,2025-07-31 18:10:00,101211.23,60755.47,620.13,17.52,К-р Восточный,605-E230725_P_B_9.B,5067,2025-07-31,PV №52,mica-quartz_carbonate_massive_rocks,0.01,413.73,111,13.65,30.0
1582274,2025-05-09 23:48:00,2025-05-10 00:00:00,101298.32,60466.69,640.4,13.73,К-р Восточный,630-E030525_P_B_1.B,6774,2025-05-10,PV №52,mica-quartz_carbonate_massive_rocks,0.01,424.3,108,17.99,72.0
1614402,2025-06-10 17:12:00,2025-06-10 17:38:00,101736.03,60082.64,639.12,12.1,К-р Восточный,630-E040625_P_B_4.A,5678,2025-06-10,PV №52,carbonized_quartz-mica_hornfels_shists,0.01,47.55,74,6.76,18.0
1611898,2025-06-08 04:06:00,2025-06-08 04:23:00,101852.19,60121.79,639.55,12.04,К-р Восточный,630-E040625_P_B_4.A,5945,2025-06-08,PV №52,carbonized_quartz-mica_hornfels_shists,0.01,41.26,30,2.32,78.0
1666383,2025-07-31 15:15:00,2025-07-31 15:40:00,101205.22,60799.5,619.87,17.5,К-р Восточный,605-E230725_P_B_9.B,5015,2025-07-31,PV №52,mica-quartz_carbonate_massive_rocks,0.01,62.89,77,6.36,168.0
1609686,2025-06-05 21:43:00,2025-06-05 22:10:00,101729.3,60123.29,639.27,11.64,К-р Восточный,630-E040625_P_B_4.A,6057,2025-06-06,PV №52,carbonized_quartz-mica_hornfels_shists,0.01,110.68,105,6.66,90.0
1580023,2025-05-07 21:06:00,2025-05-07 21:20:00,101224.33,60628.38,640.14,12.61,К-р Восточный,630-E030525_P_B_1.B,6049,2025-05-08,PV №52,quartz-mica foliated schists,0.01,419.29,110,15.19,60.0
1666429,2025-07-31 16:37:00,2025-07-31 17:07:00,101207.51,60773.5,620.11,17.53,К-р Восточный,605-E230725_P_B_9.B,5069,2025-07-31,PV №52,mica-quartz_carbonate_massive_rocks,0.01,147.47,94,8.7,66.0
1613001,2025-06-09 05:04:00,2025-06-09 05:26:00,101724.25,60099.69,639.15,12.52,К-р Восточный,630-E040625_P_B_4.A,5890,2025-06-09,PV №52,carbonized_quartz-mica_hornfels_shists,0.01,-0.94,42,2.22,12.0
1611670,2025-06-07 19:33:00,2025-06-07 19:52:00,101810.62,60130.23,639.41,11.97,К-р Восточный,630-E040625_P_B_4.A,6069,2025-06-08,PV №52,carbonized_quartz-mica_hornfels_shists,0.01,57.49,114,7.84,47.4
1666247,2025-07-31 11:24:00,2025-07-31 11:53:00,101199.12,60775.76,620.23,17.55,К-р Восточный,605-E230725_P_B_9.B,5008,2025-07-31,PV №52,mica-quartz_carbonate_massive_rocks,0.02,73.43,97,9.22,246.0
1666172,2025-07-31 09:42:00,2025-07-31 10:00:00,101196.48,60812.38,620.0,17.71,К-р Восточный,605-E230725_P_B_9.B,4992,2025-07-31,PV №52,mica-quartz_carbonate_massive_rocks,0.02,83.29,78,7.66,119.4
1582419,2025-05-10 01:37:00,2025-05-10 01:52:00,101268.52,60510.08,640.42,13.26,К-р Восточный,630-E030525_P_B_1.B,5918,2025-05-10,PV №52,quartz-mica foliated schists,0.02,85.95,83,7.87,60.0
1610839,2025-06-07 02:38:00,2025-06-07 02:56:00,101723.47,60111.39,639.53,12.62,К-р Восточный,630-E040625_P_B_4.A,5964,2025-06-07,PV №52,carbonized_quartz-mica_hornfels_shists,0.02,149.39,112,9.42,198.0
1613343,2025-06-09 14:43:00,2025-06-09 15:01:00,101711.8,60086.6,639.45,12.01,К-р Восточный,630-E040625_P_B_4.A,5886,2025-06-09,PV №52,carbonized_quartz-mica_hornfels_shists,0.02,113.02,75,7.82,210.0
1668704,2025-08-02 21:19:00,2025-08-02 21:38:00,101283.1,60682.49,621.57,19.16,К-р Восточный,605-E230725_P_B_9.B,8187,2025-08-03,PV №52,quartz-mica foliated schists,0.02,228.42,111,11.79,216.0
1578840,2025-05-06 16:03:00,2025-05-06 16:16:00,101243.35,60667.88,639.85,12.79,К-р Восточный,630-E030525_P_B_1.B,6148,2025-05-06,PV №52,quartz-mica foliated schists,0.02,65.45,113,7.39,66.6
1611622,2025-06-07 21:13:00,2025-06-07 21:29:00,101783.81,60127.88,638.82,11.23,К-р Восточный,630-E040625_P_B_4.A,6065,2025-06-08,PV №52,carbonized_quartz-mica_hornfels_shists,0.02,68.47,29,8.6,114.0
1608650,2025-06-04 22:50:00,2025-06-04 23:08:00,101705.36,60138.67,639.5,12.67,К-р Восточный,630-E040625_P_B_4.A,6141,2025-06-05,PV №52,carbonized_quartz-mica_hornfels_shists,0.02,17.02,50,3.17,205.2
1612410,2025-06-08 16:27:00,2025-06-08 16:45:00,101826.06,60108.2,639.34,12.11,К-р Восточный,630-E040625_P_B_4.A,5905,2025-06-08,PV №52,carbonized_quartz-mica_hornfels_shists,0.02,430.2,107,18.32,60.0
1579399,2025-05-07 04:53:00,2025-05-07 05:05:00,101240.5,60644.71,640.22,12.22,К-р Восточный,630-E030525_P_B_1.B,6060,2025-05-07,PV №52,quartz-mica foliated schists,0.02,113.02,85,7.01,114.0
1609723,2025-06-05 20:07:00,2025-06-05 20:25:00,101695.76,60120.83,639.42,12.01,К-р Восточный,630-E040625_P_B_4.A,6052,2025-06-06,PV №52,carbonized_quartz-mica_hornfels_shists,0.02,17.68,40,2.43,150.0
1666353,2025-07-31 14:28:00,2025-07-31 14:50:00,101204.2,60817.85,619.72,17.53,К-р Восточный,605-E230725_P_B_9.B,4974,2025-07-31,PV №52,mica-quartz_carbonate_massive_rocks,0.02,61.0,58,4.34,168.0
1609686,2025-06-05 21:43:00,2025-06-05 22:10:00,101729.3,60123.29,639.27,11.64,К-р Восточный,630-E040625_P_B_4.A,6057,2025-06-06,PV №52,carbonized_quartz-mica_hornfels_shists,0.02,58.13,114,7.86,57.0
1612243,2025-06-08 12:00:00,2025-06-08 12:22:00,101801.65,60111.77,638.9,12.06,К-р Восточный,630-E040625_P_B_4.A,5748,2025-06-08,PV №52,carbonized_quartz-mica_hornfels_shists,0.02,237.67,107,16.91,96.0
1612692,2025-06-08 23:09:00,2025-06-08 23:29:00,101795.96,60099.66,639.31,11.73,К-р Восточный,630-E040625_P_B_4.A,5695,2025-06-09,PV №52,carbonized_quartz-mica_hornfels_shists,0.02,21.37,38,3.03,137.4
1667282,2025-08-01 11:29:00,2025-08-01 11:50:00,101234.02,60722.94,620.37,18.05,К-р Восточный,605-E230725_P_B_9.B,5054,2025-08-01,PV №52,mica-quartz_carbonate_massive_rocks,0.02,416.76,111,15.0,96.0
1615045,2025-06-11 06:10:00,2025-06-11 06:29:00,101783.5,60076.04,639.28,12.0,К-р Восточный,630-E040625_P_B_4.A,5609,2025-06-11,PV №52,carbonized_quartz-mica_hornfels_shists,0.02,179.25,112,11.33,101.4
1613988,2025-06-10 06:27:00,2025-06-10 06:47:00,101800.66,60082.28,638.89,12.02,К-р Восточный,630-E040625_P_B_4.A,5817,2025-06-10,PV №52,carbonized_quartz-mica_hornfels_shists,0.02,113.81,114,7.65,234.0
1613442,2025-06-09 17:19:00,2025-06-09 17:41:00,101759.23,60090.71,638.97,12.1,К-р Восточный,630-E040625_P_B_4.A,5879,2025-06-09,PV №52,carbonized_quartz-mica_hornfels_shists,0.02,372.66,111,12.94,24.0
1578893,2025-05-06 17:10:00,2025-05-06 17:22:00,101255.6,60676.73,639.78,12.53,К-р Восточный,630-E030525_P_B_1.B,6076,2025-05-06,PV №52,quartz-mica foliated schists,0.02,-10.2,108,5.49,54.0
1613730,2025-06-10 01:06:00,2025-06-10 01:27:00,101837.47,60091.24,639.81,12.52,К-р Восточный,630-E040625_P_B_4.A,5663,2025-06-10,PV №52,carbonized_quartz-mica_hornfels_shists,0.02,57.36,89,7.24,90.0
1668324,2025-08-02 14:21:00,2025-08-02 14:47:00,101245.92,60743.84,621.6,17.04,К-р Восточный,605-E230725_P_B_9.B,5042,2025-08-02,PV №52,mica-quartz_carbonate_massive_rocks,0.02,148.34,112,14.05,66.0
1610826,2025-06-07 02:19:00,2025-06-07 02:35:00,101716.88,60110.85,639.53,11.58,К-р Восточный,630-E040625_P_B_4.A,5965,2025-06-07,PV №52,carbonized_quartz-mica_hornfels_shists,0.02,9.37,37,1.95,330.0
1668737,2025-08-03 00:45:00,2025-08-03 01:09:00,101241.94,60687.12,620.9,17.72,К-р Восточный,605-E230725_P_B_9.B,5058,2025-08-03,PV №52,quartz-mica foliated schists,0.02,44.04,42,4.63,66.0
1609338,2025-06-05 14:05:00,2025-06-05 14:20:00,101684.99,60126.61,639.28,12.62,К-р Восточный,630-E040625_P_B_4.A,5969,2025-06-05,PV №52,carbonized_quartz-mica_hornfels_shists,0.02,34.06,59,2.68,503.4
1582419,2025-05-10 01:37:00,2025-05-10 01:52:00,101268.52,60510.08,640.42,13.26,К-р Восточный,630-E030525_P_B_1.B,5918,2025-05-10,PV №52,quartz-mica foliated schists,0.02,-15.47,64,3.8,24.0
1613656,2025-06-09 22:08:00,2025-06-09 22:30:00,101833.83,60096.61,639.49,12.51,К-р Восточный,630-E040625_P_B_4.A,5868,2025-06-10,PV №52,carbonized_quartz-mica_hornfels_shists,0.02,80.28,85,11.93,30.0
1579300,2025-05-07 02:56:00,2025-05-07 03:11:00,101269.03,60616.29,639.66,12.12,К-р Восточный,630-E030525_P_B_1.B,6040,2025-05-07,PV №52,quartz-mica foliated schists,0.02,417.77,110,14.98,54.0
1578949,2025-05-06 19:18:00,2025-05-06 19:32:00,101273.17,60644.23,639.65,12.22,К-р Восточный,630-E030525_P_B_1.B,6132,2025-05-06,PV №52,quartz-mica foliated schists,0.02,79.07,112,12.68,42.0
1581192,2025-05-08 21:48:00,2025-05-08 22:00:00,101310.92,60527.91,639.69,12.03,К-р Восточный,630-E030525_P_B_1.B,5961,2025-05-09,PV №52,quartz-mica foliated schists,0.02,172.04,112,10.28,72.0
1672889,2025-08-06 20:40:00,2025-08-06 20:59:00,101201.63,60844.76,620.55,18.11,К-р Восточный,605-E230725_P_B_9.B,4971,2025-08-07,PV №52,quartz-mica foliated schists,0.02,48.4,62,4.46,114.0
1612912,2025-06-09 03:19:00,2025-06-09 03:44:00,101703.95,60097.62,639.5,11.49,К-р Восточный,630-E040625_P_B_4.A,5887,2025-06-09,PV №52,carbonized_quartz-mica_hornfels_shists,0.02,30.93,40,1.85,36.0
1614955,2025-06-11 04:11:00,2025-06-11 04:34:00,101749.72,60073.4,639.41,12.0,К-р Восточный,630-E040625_P_B_4.A,5604,2025-06-11,PV №52,carbonized_quartz-mica_hornfels_shists,0.02,297.97,83,9.75,150.6
1579134,2025-05-06 23:59:00,2025-05-07 00:11:00,101261.13,60638.85,639.89,12.17,К-р Восточный,630-E030525_P_B_1.B,6130,2025-05-07,PV №52,quartz-mica foliated schists,0.02,72.91,4,5.85,42.0
1609364,2025-06-05 14:39:00,2025-06-05 14:55:00,101698.35,60127.68,639.36,12.56,К-р Восточный,630-E040625_P_B_4.A,5971,2025-06-05,PV №52,carbonized_quartz-mica_hornfels_shists,0.02,80.67,117,6.22,36.0
1580012,2025-05-07 20:17:00,2025-05-07 20:31:00,101220.4,60620.35,640.4,12.9,К-р Восточный,630-E030525_P_B_1.B,6122,2025-05-08,PV №52,quartz-mica foliated schists,0.02,111.9,98,6.85,96.0
1581377,2025-05-09 02:50:00,2025-05-09 03:00:00,101325.77,60506.14,639.77,12.54,К-р Восточный,630-E030525_P_B_1.B,5992,2025-05-09,PV №52,mica-quartz_carbonate_massive_rocks,0.02,-36.62,59,1.61,24.0
1611688,2025-06-07 23:58:00,2025-06-08 00:18:00,101828.14,60125.68,639.36,11.74,К-р Восточный,630-E040625_P_B_4.A,5784,2025-06-08,PV №52,carbonized_quartz-mica_hornfels_shists,0.02,266.39,111,14.42,36.0
1666290,2025-07-31 12:27:00,2025-07-31 13:00:00,101202.47,60758.41,620.12,17.5,К-р Восточный,605-E230725_P_B_9.B,5096,2025-07-31,PV №52,mica-quartz_carbonate_massive_rocks,0.02,172.4,111,8.98,304.8
1609909,2025-06-06 03:25:00,2025-06-06 03:45:00,101733.25,60118.09,639.33,11.69,К-р Восточный,630-E040625_P_B_4.A,5770,2025-06-06,PV №52,carbonized_quartz-mica_hornfels_shists,0.02,34.25,48,4.76,294.0
1668821,2025-08-03 02:17:00,2025-08-03 02:39:00,101267.64,60678.66,620.43,18.02,К-р Восточный,605-E230725_P_B_9.B,5034,2025-08-03,PV №52,quartz-mica foliated schists,0.02,104.79,99,7.91,66.0
1579504,2025-05-07 08:38:00,2025-05-07 08:50:00,101231.91,60644.24,640.13,12.33,К-р Восточный,630-E030525_P_B_1.B,6061,2025-05-07,PV №52,quartz-mica foliated schists,0.02,433.82,109,15.27,72.0
1613045,2025-06-09 06:11:00,2025-06-09 06:32:00,101744.75,60101.1,638.89,12.02,К-р Восточный,630-E040625_P_B_4.A,5893,2025-06-09,PV №52,carbonized_quartz-mica_hornfels_shists,0.02,70.59,62,8.05,48.0
1611159,2025-06-07 09:33:00,2025-06-07 09:52:00,101754.63,60108.34,638.79,11.53,К-р Восточный,630-E040625_P_B_4.A,5755,2025-06-07,PV №52,carbonized_quartz-mica_hornfels_shists,0.02,155.56,113,10.81,55.8
1666247,2025-07-31 11:24:00,2025-07-31 11:53:00,101199.12,60775.76,620.23,17.55,К-р Восточный,605-E230725_P_B_9.B,5008,2025-07-31,PV №52,mica-quartz_carbonate_massive_rocks,0.02,58.13,115,8.32,54.0
1614230,2025-06-10 12:47:00,2025-06-10 13:08:00,101780.35,60080.18,639.25,12.01,К-р Восточный,630-E040625_P_B_4.A,5814,2025-06-10,PV №52,carbonized_quartz-mica_hornfels_shists,0.02,10.5,59,3.71,54.0
1614177,2025-06-10 11:10:00,2025-06-10 11:30:00,101797.55,60077.27,638.98,11.54,К-р Восточный,630-E040625_P_B_4.A,5611,2025-06-10,PV №52,carbonized_quartz-mica_hornfels_shists,0.02,99.44,97,7.0,66.0
1609909,2025-06-06 03:25:00,2025-06-06 03:45:00,101733.25,60118.09,639.33,11.69,К-р Восточный,630-E040625_P_B_4.A,5770,2025-06-06,PV №52,carbonized_quartz-mica_hornfels_shists,0.02,159.14,37,18.51,42.0
1667172,2025-08-01 08:31:00,2025-08-01 09:03:00,101223.06,60775.03,620.17,17.83,К-р Восточный,605-E230725_P_B_9.B,5048,2025-08-01,PV №52,mica-quartz_carbonate_massive_rocks,0.02,36.73,72,4.71,54.0
1670097,2025-08-04 10:18:00,2025-08-04 10:37:00,101252.15,60675.62,620.03,17.52,К-р Восточный,605-E230725_P_B_9.B,5082,2025-08-04,PV №52,quartz-mica foliated schists,0.02,83.02,107,11.37,24.0
1612062,2025-06-08 08:03:00,2025-06-08 08:21:00,101784.28,60116.32,638.66,11.57,К-р Восточный,630-E040625_P_B_4.A,5955,2025-06-08,PV №52,carbonized_quartz-mica_hornfels_shists,0.02,399.63,107,17.34,42.0
1612678,2025-06-08 20:13:00,2025-06-08 20:31:00,101857.07,60103.89,639.47,11.62,К-р Восточный,630-E040625_P_B_4.A,5704,2025-06-09,PV №52,carbonized_quartz-mica_hornfels_shists,0.02,-9.34,0,0.39,6.0
1667469,2025-08-01 15:44:00,2025-08-01 16:09:00,101233.31,60764.77,620.08,17.01,К-р Восточный,605-E230725_P_B_9.B,5072,2025-08-01,PV №52,mica-quartz_carbonate_massive_rocks,0.02,72.63,106,6.51,270.0
1581360,2025-05-09 02:35:00,2025-05-09 02:46:00,101339.91,60499.85,639.99,12.54,К-р Восточный,630-E030525_P_B_1.B,5969,2025-05-09,PV №52,mica-quartz_carbonate_massive_rocks,0.02,110.18,91,8.62,90.6
1667411,2025-08-01 14:50:00,2025-08-01 15:18:00,101230.35,60780.35,620.11,17.03,К-р Восточный,605-E230725_P_B_9.B,5047,2025-08-01,PV №52,mica-quartz_carbonate_massive_rocks,0.02,64.47,97,6.12,54.0
1668324,2025-08-02 14:21:00,2025-08-02 14:47:00,101245.92,60743.84,621.6,17.04,К-р Восточный,605-E230725_P_B_9.B,5042,2025-08-02,PV №52,mica-quartz_carbonate_massive_rocks,0.02,68.86,101,6.26,101.4
1612658,2025-06-08 22:49:00,2025-06-08 23:07:00,101802.79,60100.15,639.32,11.52,К-р Восточный,630-E040625_P_B_4.A,5696,2025-06-09,PV №52,carbonized_quartz-mica_hornfels_shists,0.02,87.01,90,6.96,78.0
1614725,2025-06-10 23:47:00,2025-06-11 00:07:00,101726.14,60076.28,639.35,12.5,К-р Восточный,630-E040625_P_B_4.A,5806,2025-06-11,PV №52,carbonized_quartz-mica_hornfels_shists,0.02,22.54,113,6.99,18.0
1580281,2025-05-08 03:01:00,2025-05-08 03:14:00,101299.7,60579.55,640.23,12.58,К-р Восточный,630-E030525_P_B_1.B,6093,2025-05-08,PV №52,quartz-mica foliated schists,0.02,130.63,93,8.3,84.0
1608650,2025-06-04 22:50:00,2025-06-04 23:08:00,101705.36,60138.67,639.5,12.67,К-р Восточный,630-E040625_P_B_4.A,6141,2025-06-05,PV №52,carbonized_quartz-mica_hornfels_shists,0.02,62.25,30,0.4,102.0
1581466,2025-05-09 04:12:00,2025-05-09 04:27:00,101312.18,60512.81,640.0,12.66,К-р Восточный,630-E030525_P_B_1.B,5962,2025-05-09,PV №52,quartz-mica foliated schists,0.02,88.27,34,2.42,36.0
1666830,2025-08-01 01:12:00,2025-08-01 01:40:00,101214.89,60778.02,620.29,17.57,К-р Восточный,605-E230725_P_B_9.B,5070,2025-08-01,PV №52,mica-quartz_carbonate_massive_rocks,0.02,46.22,27,2.57,366.0
1613461,2025-06-09 17:43:00,2025-06-09 18:03:00,101766.02,60091.05,638.9,12.01,К-р Восточный,630-E040625_P_B_4.A,5878,2025-06-09,PV №52,carbonized_quartz-mica_hornfels_shists,0.02,-5.41,35,2.67,60.0
1666353,2025-07-31 14:28:00,2025-07-31 14:50:00,101204.2,60817.85,619.72,17.53,К-р Восточный,605-E230725_P_B_9.B,4974,2025-07-31,PV №52,mica-quartz_carbonate_massive_rocks,0.02,69.33,116,6.48,108.0
1667536,2025-08-01 17:53:00,2025-08-01 18:14:00,101240.7,60729.01,620.37,17.53,К-р Восточный,605-E230725_P_B_9.B,5076,2025-08-01,PV №52,mica-quartz_carbonate_massive_rocks,0.02,22.67,118,4.42,66.0
1667252,2025-08-01 10:35:00,2025-08-01 11:01:00,101230.39,60740.84,620.1,17.58,К-р Восточный,605-E230725_P_B_9.B,5052,2025-08-01,PV №52,mica-quartz_carbonate_massive_rocks,0.02,418.48,110,15.64,42.0
1668726,2025-08-03 00:03:00,2025-08-03 00:31:00,101233.09,60690.36,621.35,17.92,К-р Восточный,605-E230725_P_B_9.B,5085,2025-08-03,PV №52,quartz-mica foliated schists,0.02,14.38,75,4.64,90.0
1579117,2025-05-06 22:39:00,2025-05-06 22:51:00,101277.94,60617.0,639.78,12.21,К-р Восточный,630-E030525_P_B_1.B,6039,2025-05-07,PV №52,quartz-mica foliated schists,0.02,74.85,67,7.34,48.0
1667333,2025-08-01 12:41:00,2025-08-01 13:00:00,101229.46,60796.7,619.95,13.79,К-р Восточный,605-E230725_P_B_9.B,5011,2025-08-01,PV №52,mica-quartz_carbonate_massive_rocks,0.02,23.97,101,4.84,4.2
1580744,2025-05-08 13:25:00,2025-05-08 13:41:00,101338.17,60530.32,639.29,12.01,К-р Восточный,630-E030525_P_B_1.B,5958,2025-05-08,PV №52,mica-quartz_carbonate_massive_rocks,0.02,21.92,115,6.05,102.0
1613988,2025-06-10 06:27:00,2025-06-10 06:47:00,101800.66,60082.28,638.89,12.02,К-р Восточный,630-E040625_P_B_4.A,5817,2025-06-10,PV №52,carbonized_quartz-mica_hornfels_shists,0.02,48.98,69,5.48,90.0
1611670,2025-06-07 19:33:00,2025-06-07 19:52:00,101810.62,60130.23,639.41,11.97,К-р Восточный,630-E040625_P_B_4.A,6069,2025-06-08,PV №52,carbonized_quartz-mica_hornfels_shists,0.02,256.68,18,22.87,508.2
1613730,2025-06-10 01:06:00,2025-06-10 01:27:00,101837.47,60091.24,639.81,12.52,К-р Восточный,630-E040625_P_B_4.A,5663,2025-06-10,PV №52,carbonized_quartz-mica_hornfels_shists,0.02,78.98,104,8.18,65.4
1613001,2025-06-09 05:04:00,2025-06-09 05:26:00,101724.25,60099.69,639.15,12.52,К-р Восточный,630-E040625_P_B_4.A,5890,2025-06-09,PV №52,carbonized_quartz-mica_hornfels_shists,0.02,38.95,71,5.92,282.6
1612327,2025-06-08 14:16:00,2025-06-08 14:36:00,101768.21,60109.18,638.77,11.48,К-р Восточный,630-E040625_P_B_4.A,5753,2025-06-08,PV №52,carbonized_quartz-mica_hornfels_shists,0.02,-19.92,56,1.27,120.0
1578612,2025-05-06 09:18:00,2025-05-06 09:29:00,101262.91,60681.21,639.54,12.09,К-р Восточный,630-E030525_P_B_1.B,6075,2025-05-06,PV №52,quartz-mica foliated schists,0.02,12.51,89,8.18,30.0
1609194,2025-06-05 10:39:00,2025-06-05 10:56:00,101748.66,60137.22,638.69,11.7,К-р Восточный,630-E040625_P_B_4.A,6040,2025-06-05,PV №52,fault_zone,0.02,48.55,60,5.64,90.0
1666452,2025-07-31 17:09:00,2025-07-31 17:41:00,101209.34,60764.47,620.12,17.5,К-р Восточный,605-E230725_P_B_9.B,5068,2025-07-31,PV №52,mica-quartz_carbonate_massive_rocks,0.02,94.06,77,7.29,102.0
1609736,2025-06-05 21:03:00,2025-06-05 21:22:00,101715.97,60122.64,639.63,12.14,К-р Восточный,630-E040625_P_B_4.A,6055,2025-06-06,PV №52,fault_zone,0.02,97.66,93,7.16,48.0
1581174,2025-05-08 21:28:00,2025-05-08 21:44:00,101302.23,60527.41,640.05,12.13,К-р Восточный,630-E030525_P_B_1.B,5926,2025-05-09,PV №52,quartz-mica foliated schists,0.02,-23.01,60,2.41,90.0
1667282,2025-08-01 11:29:00,2025-08-01 11:50:00,101234.02,60722.94,620.37,18.05,К-р Восточный,605-E230725_P_B_9.B,5054,2025-08-01,PV №52,mica-quartz_carbonate_massive_rocks,0.02,103.51,28,3.18,108.0
1579675,2025-05-07 13:52:00,2025-05-07 14:06:00,101266.39,60593.1,640.24,12.12,К-р Восточный,630-E030525_P_B_1.B,6099,2025-05-07,PV №52,quartz-mica foliated schists,0.02,-51.58,51,3.05,384.6
1582355,2025-05-10 00:02:00,2025-05-10 00:14:00,101293.29,60473.79,640.49,13.81,К-р Восточный,630-E030525_P_B_1.B,5863,2025-05-10,PV №52,mica-quartz_carbonate_massive_rocks,0.02,127.73,104,8.22,180.0
1612410,2025-06-08 16:27:00,2025-06-08 16:45:00,101826.06,60108.2,639.34,12.11,К-р Восточный,630-E040625_P_B_4.A,5905,2025-06-08,PV №52,carbonized_quartz-mica_hornfels_shists,0.02,34.02,63,4.34,144.0
1668662,2025-08-02 22:06:00,2025-08-02 22:29:00,101285.8,60673.51,621.42,18.58,К-р Восточный,605-E230725_P_B_9.B,8188,2025-08-03,PV №52,quartz-mica foliated schists,0.02,425.6,111,16.29,72.0
1581127,2025-05-08 19:36:00,2025-05-08 19:50:00,101279.64,60533.24,640.29,12.73,К-р Восточный,630-E030525_P_B_1.B,5891,2025-05-09,PV №52,quartz-mica foliated schists,0.02,20.32,71,5.1,90.0
1667008,2025-08-01 04:30:00,2025-08-01 04:47:00,101227.11,60716.92,620.26,18.01,К-р Восточный,605-E230725_P_B_9.B,5088,2025-08-01,PV №52,mica-quartz_carbonate_massive_rocks,0.02,155.05,100,8.95,198.0
1611665,2025-06-07 20:17:00,2025-06-07 20:50:00,101797.12,60129.31,639.9,12.01,К-р Восточный,630-E040625_P_B_4.A,6067,2025-06-08,PV №52,carbonized_quartz-mica_hornfels_shists,0.02,41.57,95,5.51,60.0
1614094,2025-06-10 09:30:00,2025-06-10 10:01:00,101823.95,60079.11,639.12,12.52,К-р Восточный,630-E040625_P_B_4.A,5615,2025-06-10,PV №52,carbonized_quartz-mica_hornfels_shists,0.02,53.45,86,7.04,60.0
1613907,2025-06-10 04:32:00,2025-06-10 04:52:00,101834.74,60084.98,639.63,12.5,К-р Восточный,630-E040625_P_B_4.A,5822,2025-06-10,PV №52,carbonized_quartz-mica_hornfels_shists,0.02,13.96,41,4.05,90.0
1614725,2025-06-10 23:47:00,2025-06-11 00:07:00,101726.14,60076.28,639.35,12.5,К-р Восточный,630-E040625_P_B_4.A,5806,2025-06-11,PV №52,carbonized_quartz-mica_hornfels_shists,0.02,51.77,107,7.1,60.0
1611407,2025-06-07 16:56:00,2025-06-07 17:17:00,101851.6,60133.73,638.91,12.12,К-р Восточный,630-E040625_P_B_4.A,6075,2025-06-07,PV №52,carbonized_quartz-mica_hornfels_shists,0.02,23.81,49,6.45,83.4
1666849,2025-08-01 01:42:00,2025-08-01 02:10:00,101216.12,60770.68,620.25,17.58,К-р Восточный,605-E230725_P_B_9.B,5094,2025-08-01,PV №52,mica-quartz_carbonate_massive_rocks,0.02,12.43,37,1.73,96.0
1613907,2025-06-10 04:32:00,2025-06-10 04:52:00,101834.74,60084.98,639.63,12.5,К-р Восточный,630-E040625_P_B_4.A,5822,2025-06-10,PV №52,carbonized_quartz-mica_hornfels_shists,0.02,38.71,78,5.32,282.6
1579519,2025-05-07 09:10:00,2025-05-07 09:23:00,101242.29,60629.88,640.22,12.57,К-р Восточный,630-E030525_P_B_1.B,6051,2025-05-07,PV №52,quartz-mica foliated schists,0.02,136.39,112,8.61,120.0
1614070,2025-06-10 09:03:00,2025-06-10 09:27:00,101831.55,60079.69,639.47,12.64,К-р Восточный,630-E040625_P_B_4.A,5616,2025-06-10,PV №52,carbonized_quartz-mica_hornfels_shists,0.02,93.58,40,12.54,36.0
1666247,2025-07-31 11:24:00,2025-07-31 11:53:00,101199.12,60775.76,620.23,17.55,К-р Восточный,605-E230725_P_B_9.B,5008,2025-07-31,PV №52,mica-quartz_carbonate_massive_rocks,0.02,71.05,113,7.67,329.4
1613668,2025-06-09 20:31:00,2025-06-09 20:47:00,101853.97,60098.24,638.99,12.01,К-р Восточный,630-E040625_P_B_4.A,5865,2025-06-10,PV №52,carbonized_quartz-mica_hornfels_shists,0.02,57.38,90,7.06,77.4
1609686,2025-06-05 21:43:00,2025-06-05 22:10:00,101729.3,60123.29,639.27,11.64,К-р Восточный,630-E040625_P_B_4.A,6057,2025-06-06,PV №52,carbonized_quartz-mica_hornfels_shists,0.02,53.88,70,5.78,66.0
1668685,2025-08-02 22:58:00,2025-08-02 23:19:00,101279.42,60699.63,621.29,18.9,К-р Восточный,605-E230725_P_B_9.B,8185,2025-08-03,PV №52,quartz-mica foliated schists,0.02,429.19,108,19.43,66.0
1667531,2025-08-01 17:28:00,2025-08-01 17:51:00,101238.75,60738.04,620.11,17.28,К-р Восточный,605-E230725_P_B_9.B,5075,2025-08-01,PV №52,mica-quartz_carbonate_massive_rocks,0.02,68.14,107,6.03,252.0
1579812,2025-05-07 17:19:00,2025-05-07 17:33:00,101237.85,60621.34,640.57,12.15,К-р Восточный,630-E030525_P_B_1.B,6120,2025-05-07,PV №52,quartz-mica foliated schists,0.02,-26.58,87,3.53,114.0
1609890,2025-06-06 03:06:00,2025-06-06 03:23:00,101726.39,60117.55,639.35,11.65,К-р Восточный,630-E040625_P_B_4.A,5769,2025-06-06,PV №52,carbonized_quartz-mica_hornfels_shists,0.02,52.83,31,3.03,156.0
1611380,2025-06-07 16:36:00,2025-06-07 16:54:00,101858.28,60134.2,638.8,12.04,К-р Восточный,630-E040625_P_B_4.A,6076,2025-06-07,PV №52,carbonized_quartz-mica_hornfels_shists,0.02,76.3,112,7.54,72.0
1578805,2025-05-06 15:19:00,2025-05-06 15:33:00,101233.45,60682.43,639.93,12.62,К-р Восточный,630-E030525_P_B_1.B,6155,2025-05-06,PV №52,quartz-mica foliated schists,0.02,55.55,68,4.79,149.4
1580873,2025-05-08 16:31:00,2025-05-08 16:42:00,101292.66,60541.99,640.02,12.01,К-р Восточный,630-E030525_P_B_1.B,5928,2025-05-08,PV №52,quartz-mica foliated schists,0.02,94.66,89,17.52,76.8
1666353,2025-07-31 14:28:00,2025-07-31 14:50:00,101204.2,60817.85,619.72,17.53,К-р Восточный,605-E230725_P_B_9.B,4974,2025-07-31,PV №52,mica-quartz_carbonate_massive_rocks,0.02,248.12,112,10.59,114.0
1579506,2025-05-07 08:52:00,2025-05-07 09:07:00,101236.73,60636.92,639.94,12.05,К-р Восточный,630-E030525_P_B_1.B,6127,2025-05-07,PV №52,quartz-mica foliated schists,0.02,121.42,98,8.77,60.0
1582396,2025-05-10 00:53:00,2025-05-10 01:08:00,101278.36,60495.0,640.26,13.57,К-р Восточный,630-E030525_P_B_1.B,5910,2025-05-10,PV №52,quartz-mica foliated schists,0.02,57.59,93,7.7,198.0
1581579,2025-05-09 06:27:00,2025-05-09 06:40:00,101313.64,60497.84,640.26,13.02,К-р Восточный,630-E030525_P_B_1.B,5972,2025-05-09,PV №52,mica-quartz_carbonate_massive_rocks,0.02,-31.99,54,1.46,36.0
1666474,2025-07-31 17:42:00,2025-07-31 18:10:00,101211.23,60755.47,620.13,17.52,К-р Восточный,605-E230725_P_B_9.B,5067,2025-07-31,PV №52,mica-quartz_carbonate_massive_rocks,0.02,128.45,102,8.5,210.0
1613873,2025-06-10 03:50:00,2025-06-10 04:10:00,101848.12,60086.11,639.58,12.52,К-р Восточный,630-E040625_P_B_4.A,5824,2025-06-10,PV №52,carbonized_quartz-mica_hornfels_shists,0.02,29.5,75,5.2,186.0
1672560,2025-08-06 16:47:00,2025-08-06 17:11:00,101236.62,60810.85,620.48,18.47,К-р Восточный,605-E230725_P_B_9.B,4987,2025-08-06,PV №52,mica-quartz_carbonate_massive_rocks,0.02,-9.5,34,1.3,12.0
1666429,2025-07-31 16:37:00,2025-07-31 17:07:00,101207.51,60773.5,620.11,17.53,К-р Восточный,605-E230725_P_B_9.B,5069,2025-07-31,PV №52,mica-quartz_carbonate_massive_rocks,0.02,91.61,94,7.62,108.6
1613953,2025-06-10 05:19:00,2025-06-10 05:39:00,101821.04,60083.73,638.9,12.01,К-р Восточный,630-E040625_P_B_4.A,5820,2025-06-10,PV №52,carbonized_quartz-mica_hornfels_shists,0.02,113.86,115,8.33,216.6
1579659,2025-05-07 13:18:00,2025-05-07 13:32:00,101275.39,60593.92,640.17,11.78,К-р Восточный,630-E030525_P_B_1.B,6098,2025-05-07,PV №52,quartz-mica foliated schists,0.02,-1.64,105,5.03,6.0
1582404,2025-05-10 01:17:00,2025-05-10 01:35:00,101263.9,60517.19,640.17,13.62,К-р Восточный,630-E030525_P_B_1.B,5882,2025-05-10,PV №52,quartz-mica foliated schists,0.02,136.79,106,10.54,120.0
1667842,2025-08-02 01:44:00,2025-08-02 02:12:00,101238.33,60784.5,620.16,17.51,К-р Восточный,605-E230725_P_B_9.B,5019,2025-08-02,PV №52,mica-quartz_carbonate_massive_rocks,0.02,34.49,42,3.31,72.0
1666130,2025-07-31 08:37:00,2025-07-31 09:09:00,101248.77,60693.63,621.33,17.5,К-р Восточный,605-E230725_P_B_9.B,5080,2025-07-31,PV №52,quartz-mica foliated schists,0.02,298.98,105,20.6,42.0
1579446,2025-05-07 06:10:00,2025-05-07 06:24:00,101265.6,60608.65,640.1,12.18,К-р Восточный,630-E030525_P_B_1.B,6111,2025-05-07,PV №52,quartz-mica foliated schists,0.02,105.07,69,4.82,30.0
1667479,2025-08-01 16:33:00,2025-08-01 16:59:00,101234.99,60755.61,620.01,17.54,К-р Восточный,605-E230725_P_B_9.B,5073,2025-08-01,PV №52,mica-quartz_carbonate_massive_rocks,0.02,70.12,70,5.18,126.0
1668459,2025-08-02 17:29:00,2025-08-02 17:56:00,101270.96,60702.89,620.75,18.59,К-р Восточный,605-E230725_P_B_9.B,8173,2025-08-02,PV №52,quartz-mica foliated schists,0.02,55.03,79,5.19,162.0
1611407,2025-06-07 16:56:00,2025-06-07 17:17:00,101851.6,60133.73,638.91,12.12,К-р Восточный,630-E040625_P_B_4.A,6075,2025-06-07,PV №52,carbonized_quartz-mica_hornfels_shists,0.02,17.52,99,9.72,78.0
1614789,2025-06-11 01:18:00,2025-06-11 01:42:00,101753.35,60078.2,639.45,12.03,К-р Восточный,630-E040625_P_B_4.A,5810,2025-06-11,PV №52,carbonized_quartz-mica_hornfels_shists,0.02,30.43,39,6.2,17.4
1613345,2025-06-09 15:05:00,2025-06-09 15:26:00,101718.58,60087.3,639.37,12.51,К-р Восточный,630-E040625_P_B_4.A,5885,2025-06-09,PV №52,carbonized_quartz-mica_hornfels_shists,0.02,304.26,112,12.62,60.0
1581127,2025-05-08 19:36:00,2025-05-08 19:50:00,101279.64,60533.24,640.29,12.73,К-р Восточный,630-E030525_P_B_1.B,5891,2025-05-09,PV №52,quartz-mica foliated schists,0.02,19.47,71,8.14,52.8
1580893,2025-05-08 16:44:00,2025-05-08 16:54:00,101297.01,60534.63,640.1,12.0,К-р Восточный,630-E030525_P_B_1.B,5889,2025-05-08,PV №52,quartz-mica foliated schists,0.02,100.31,113,12.71,402.6
1579372,2025-05-07 04:23:00,2025-05-07 04:36:00,101230.79,60659.17,640.16,12.63,К-р Восточный,630-E030525_P_B_1.B,6068,2025-05-07,PV №52,quartz-mica foliated schists,0.02,421.49,109,16.5,72.0
1610883,2025-06-07 03:16:00,2025-06-07 03:34:00,101737.02,60112.17,639.31,11.73,К-р Восточный,630-E040625_P_B_4.A,5962,2025-06-07,PV №52,carbonized_quartz-mica_hornfels_shists,0.02,45.09,65,9.17,54.0
1667184,2025-08-01 09:04:00,2025-08-01 09:30:00,101224.46,60767.44,620.07,17.51,К-р Восточный,605-E230725_P_B_9.B,5049,2025-08-01,PV №52,mica-quartz_carbonate_massive_rocks,0.02,153.26,2,11.57,72.6
1668415,2025-08-02 16:21:00,2025-08-02 16:41:00,101259.86,60714.64,620.63,18.02,К-р Восточный,605-E230725_P_B_9.B,5030,2025-08-02,PV №52,mica-quartz_carbonate_massive_rocks,0.02,425.78,111,16.87,66.0
1672834,2025-08-06 22:00:00,2025-08-06 22:18:00,101210.6,60840.92,620.27,17.51,К-р Восточный,605-E230725_P_B_9.B,4996,2025-08-07,PV №52,mica-quartz_carbonate_massive_rocks,0.02,30.47,47,1.8,498.0
1581301,2025-05-09 01:31:00,2025-05-09 01:47:00,101307.39,60519.9,639.81,12.59,К-р Восточный,630-E030525_P_B_1.B,5887,2025-05-09,PV №52,quartz-mica foliated schists,0.02,33.76,107,7.35,35.4
1667734,2025-08-01 22:13:00,2025-08-01 22:39:00,101253.76,60782.63,620.53,18.62,К-р Восточный,605-E230725_P_B_9.B,8164,2025-08-02,PV №52,mica-quartz_carbonate_massive_rocks,0.02,352.85,106,13.34,60.0
1666452,2025-07-31 17:09:00,2025-07-31 17:41:00,101209.34,60764.47,620.12,17.5,К-р Восточный,605-E230725_P_B_9.B,5068,2025-07-31,PV №52,mica-quartz_carbonate_massive_rocks,0.02,89.3,106,6.85,342.0
1614725,2025-06-10 23:47:00,2025-06-11 00:07:00,101726.14,60076.28,639.35,12.5,К-р Восточный,630-E040625_P_B_4.A,5806,2025-06-11,PV №52,carbonized_quartz-mica_hornfels_shists,0.02,49.1,101,7.15,90.0
1668235,2025-08-02 11:58:00,2025-08-02 12:18:00,101269.08,60711.68,621.04,18.5,К-р Восточный,605-E230725_P_B_9.B,8172,2025-08-02,PV №52,mica-quartz_carbonate_massive_rocks,0.02,131.83,93,7.27,60.0
1580090,2025-05-07 23:23:00,2025-05-07 23:42:00,101240.47,60591.39,640.39,12.05,К-р Восточный,630-E030525_P_B_1.B,6102,2025-05-08,PV №52,quartz-mica foliated schists,0.02,-28.02,44,6.12,48.0
1668665,2025-08-02 20:55:00,2025-08-02 21:15:00,101288.75,60687.28,621.52,19.53,К-р Восточный,605-E230725_P_B_9.B,8160,2025-08-03,PV №52,quartz-mica foliated schists,0.02,-55.7,67,2.52,120.0
1612356,2025-06-08 15:03:00,2025-06-08 15:22:00,101853.04,60110.12,639.0,12.12,К-р Восточный,630-E040625_P_B_4.A,5909,2025-06-08,PV №52,carbonized_quartz-mica_hornfels_shists,0.02,51.73,111,10.01,33.6
1580426,2025-05-08 05:59:00,2025-05-08 06:11:00,101295.19,60565.54,640.4,12.61,К-р Восточный,630-E030525_P_B_1.B,5942,2025-05-08,PV №52,quartz-mica foliated schists,0.02,77.62,46,9.15,71.4
1613182,2025-06-09 10:08:00,2025-06-09 10:39:00,101728.23,60093.87,639.1,12.0,К-р Восточный,630-E040625_P_B_4.A,5685,2025-06-09,PV №52,carbonized_quartz-mica_hornfels_shists,0.02,305.28,113,12.62,36.0
1580566,2025-05-08 09:29:00,2025-05-08 09:43:00,101246.43,60569.17,640.37,12.56,К-р Восточный,630-E030525_P_B_1.B,6010,2025-05-08,PV №52,quartz-mica foliated schists,0.02,419.01,109,15.62,54.0
1613442,2025-06-09 17:19:00,2025-06-09 17:41:00,101759.23,60090.71,638.97,12.1,К-р Восточный,630-E040625_P_B_4.A,5879,2025-06-09,PV №52,carbonized_quartz-mica_hornfels_shists,0.02,152.85,109,15.33,185.4
1667370,2025-08-01 14:02:00,2025-08-01 14:19:00,101229.46,60796.69,621.55,18.5,К-р Восточный,605-E230725_P_B_9.B,5011,2025-08-01,PV №52,mica-quartz_carbonate_massive_rocks,0.02,164.25,116,7.14,6.0
1614755,2025-06-11 00:56:00,2025-06-11 01:16:00,101746.76,60078.09,639.4,12.02,К-р Восточный,630-E040625_P_B_4.A,5809,2025-06-11,PV №52,carbonized_quartz-mica_hornfels_shists,0.02,66.73,118,8.21,66.6
1580245,2025-05-08 02:13:00,2025-05-08 02:26:00,101254.86,60569.48,640.52,12.62,К-р Восточный,630-E030525_P_B_1.B,6011,2025-05-08,PV №52,quartz-mica foliated schists,0.02,258.29,110,13.32,60.0
1611670,2025-06-07 19:33:00,2025-06-07 19:52:00,101810.62,60130.23,639.41,11.97,К-р Восточный,630-E040625_P_B_4.A,6069,2025-06-08,PV №52,carbonized_quartz-mica_hornfels_shists,0.02,45.01,81,5.39,94.8
1668324,2025-08-02 14:21:00,2025-08-02 14:47:00,101245.92,60743.84,621.6,17.04,К-р Восточный,605-E230725_P_B_9.B,5042,2025-08-02,PV №52,mica-quartz_carbonate_massive_rocks,0.02,106.44,117,7.17,149.4
1667076,2025-08-01 05:51:00,2025-08-01 06:09:00,101230.86,60699.13,620.2,18.01,К-р Восточный,605-E230725_P_B_9.B,5086,2025-08-01,PV №52,mica-quartz_carbonate_massive_rocks,0.02,156.68,108,15.66,138.0
1579675,2025-05-07 13:52:00,2025-05-07 14:06:00,101266.39,60593.1,640.24,12.12,К-р Восточный,630-E030525_P_B_1.B,6099,2025-05-07,PV №52,quartz-mica foliated schists,0.02,26.06,86,7.52,84.0
1578805,2025-05-06 15:19:00,2025-05-06 15:33:00,101233.45,60682.43,639.93,12.62,К-р Восточный,630-E030525_P_B_1.B,6155,2025-05-06,PV №52,quartz-mica foliated schists,0.02,-1.72,78,3.91,42.0
1666130,2025-07-31 08:37:00,2025-07-31 09:09:00,101248.77,60693.63,621.33,17.5,К-р Восточный,605-E230725_P_B_9.B,5080,2025-07-31,PV №52,quartz-mica foliated schists,0.02,236.42,89,16.83,24.0
1580069,2025-05-07 21:22:00,2025-05-07 21:35:00,101229.15,60621.08,640.21,12.4,К-р Восточный,630-E030525_P_B_1.B,6121,2025-05-08,PV №52,quartz-mica foliated schists,0.02,274.92,112,11.89,102.0
1582355,2025-05-10 00:02:00,2025-05-10 00:14:00,101293.29,60473.79,640.49,13.81,К-р Восточный,630-E030525_P_B_1.B,5863,2025-05-10,PV №52,mica-quartz_carbonate_massive_rocks,0.02,132.51,89,8.28,48.0
1579146,2025-05-06 20:10:00,2025-05-06 20:24:00,101282.63,60623.33,639.52,12.23,К-р Восточный,630-E030525_P_B_1.B,6038,2025-05-07,PV №52,quartz-mica foliated schists,0.02,321.57,107,15.29,144.0
1579702,2025-05-07 14:31:00,2025-05-07 14:47:00,101199.88,60664.84,640.38,12.56,К-р Восточный,630-E030525_P_B_1.B,6143,2025-05-07,PV №52,quartz-mica foliated schists,0.02,85.6,114,6.35,96.0
1667282,2025-08-01 11:29:00,2025-08-01 11:50:00,101234.02,60722.94,620.37,18.05,К-р Восточный,605-E230725_P_B_9.B,5054,2025-08-01,PV №52,mica-quartz_carbonate_massive_rocks,0.02,267.45,109,9.88,408.0
1608787,2025-06-05 01:29:00,2025-06-05 01:47:00,101724.34,60139.69,639.34,12.1,К-р Восточный,630-E040625_P_B_4.A,6138,2025-06-05,PV №52,carbonized_quartz-mica_hornfels_shists,0.02,47.23,25,2.4,234.0
1613144,2025-06-09 09:23:00,2025-06-09 09:44:00,101714.77,60093.01,639.13,12.02,К-р Восточный,630-E040625_P_B_4.A,5683,2025-06-09,PV №52,carbonized_quartz-mica_hornfels_shists,0.02,148.47,99,9.6,174.0
1611186,2025-06-07 10:11:00,2025-06-07 10:30:00,101766.89,60121.16,638.69,11.61,К-р Восточный,630-E040625_P_B_4.A,5775,2025-06-07,PV №52,carbonized_quartz-mica_hornfels_shists,0.02,27.49,83,4.78,84.0
1612707,2025-06-08 21:25:00,2025-06-08 21:43:00,101829.81,60102.4,639.54,11.64,К-р Восточный,630-E040625_P_B_4.A,5700,2025-06-09,PV №52,carbonized_quartz-mica_hornfels_shists,0.02,9.06,51,3.32,174.0
1579856,2025-05-07 19:10:00,2025-05-07 19:23:00,101214.56,60642.67,640.3,12.62,К-р Восточный,630-E030525_P_B_1.B,6063,2025-05-07,PV №52,quartz-mica foliated schists,0.02,288.19,113,12.07,102.0
1611047,2025-06-07 07:12:00,2025-06-07 07:33:00,101741.02,60106.84,639.08,12.1,К-р Восточный,630-E040625_P_B_4.A,5757,2025-06-07,PV №52,carbonized_quartz-mica_hornfels_shists,0.02,45.03,82,7.57,35.4
1666489,2025-07-31 18:11:00,2025-07-31 18:48:00,101213.25,60746.54,620.13,17.5,К-р Восточный,605-E230725_P_B_9.B,5066,2025-07-31,PV №52,mica-quartz_carbonate_massive_rocks,0.02,92.52,115,7.33,228.0
1613163,2025-06-09 09:46:00,2025-06-09 10:05:00,101721.53,60093.44,639.19,12.02,К-р Восточный,630-E040625_P_B_4.A,5684,2025-06-09,PV №52,carbonized_quartz-mica_hornfels_shists,0.02,82.09,117,7.08,24.0
1614370,2025-06-10 16:45:00,2025-06-10 17:07:00,101729.17,60082.11,639.17,12.01,К-р Восточный,630-E040625_P_B_4.A,5679,2025-06-10,PV №52,carbonized_quartz-mica_hornfels_shists,0.02,81.31,104,9.39,24.0
1668477,2025-08-02 17:58:00,2025-08-02 18:17:00,101264.31,60696.83,620.48,18.03,К-р Восточный,605-E230725_P_B_9.B,5032,2025-08-02,PV №52,quartz-mica foliated schists,0.02,227.64,110,14.38,83.4
1666130,2025-07-31 08:37:00,2025-07-31 09:09:00,101248.77,60693.63,621.33,17.5,К-р Восточный,605-E230725_P_B_9.B,5080,2025-07-31,PV №52,quartz-mica foliated schists,0.02,182.72,110,14.46,78.0
1612206,2025-06-08 11:01:00,2025-06-08 11:19:00,101822.38,60113.49,639.08,12.04,К-р Восточный,630-E040625_P_B_4.A,5745,2025-06-08,PV №52,carbonized_quartz-mica_hornfels_shists,0.02,25.7,75,4.85,54.0
1614745,2025-06-10 19:44:00,2025-06-10 20:04:00,101762.94,60084.87,639.34,12.03,К-р Восточный,630-E040625_P_B_4.A,5674,2025-06-11,PV №52,carbonized_quartz-mica_hornfels_shists,0.03,113.9,111,12.03,42.0
1609686,2025-06-05 21:43:00,2025-06-05 22:10:00,101729.3,60123.29,639.27,11.64,К-р Восточный,630-E040625_P_B_4.A,6057,2025-06-06,PV №52,carbonized_quartz-mica_hornfels_shists,0.03,119.92,15,13.64,162.0
1579837,2025-05-07 17:55:00,2025-05-07 18:09:00,101247.81,60607.09,640.1,12.01,К-р Восточный,630-E030525_P_B_1.B,6109,2025-05-07,PV №52,quartz-mica foliated schists,0.03,48.11,114,6.17,252.0
1612704,2025-06-08 21:06:00,2025-06-08 21:22:00,101836.63,60102.72,639.37,11.91,К-р Восточный,630-E040625_P_B_4.A,5701,2025-06-09,PV №52,carbonized_quartz-mica_hornfels_shists,0.03,85.13,63,6.14,216.0
1667508,2025-08-01 17:01:00,2025-08-01 17:26:00,101237.05,60746.9,620.01,17.5,К-р Восточный,605-E230725_P_B_9.B,5074,2025-08-01,PV №52,mica-quartz_carbonate_massive_rocks,0.03,59.24,78,7.17,120.0
1614124,2025-06-10 10:04:00,2025-06-10 10:25:00,101817.38,60078.48,638.94,12.54,К-р Восточный,630-E040625_P_B_4.A,5614,2025-06-10,PV №52,carbonized_quartz-mica_hornfels_shists,0.03,69.0,70,7.98,108.0
1609070,2025-06-05 07:35:00,2025-06-05 07:48:00,101692.03,60138.05,639.35,12.56,К-р Восточный,630-E040625_P_B_4.A,6143,2025-06-05,PV №52,carbonized_quartz-mica_hornfels_shists,0.03,27.35,42,3.4,102.0
1579249,2025-05-07 02:09:00,2025-05-07 02:22:00,101254.33,60638.11,640.04,12.15,К-р Восточный,630-E030525_P_B_1.B,6129,2025-05-07,PV №52,quartz-mica foliated schists,0.03,224.72,110,10.55,48.0
1666172,2025-07-31 09:42:00,2025-07-31 10:00:00,101196.48,60812.38,620.0,17.71,К-р Восточный,605-E230725_P_B_9.B,4992,2025-07-31,PV №52,mica-quartz_carbonate_massive_rocks,0.03,86.63,82,7.64,186.0
1612206,2025-06-08 11:01:00,2025-06-08 11:19:00,101822.38,60113.49,639.08,12.04,К-р Восточный,630-E040625_P_B_4.A,5745,2025-06-08,PV №52,carbonized_quartz-mica_hornfels_shists,0.03,214.39,113,10.92,90.0
1667138,2025-08-01 08:02:00,2025-08-01 08:29:00,101222.04,60783.45,620.34,17.04,К-р Восточный,605-E230725_P_B_9.B,5018,2025-08-01,PV №52,mica-quartz_carbonate_massive_rocks,0.03,372.27,92,22.85,30.0
1612696,2025-06-08 22:06:00,2025-06-08 22:24:00,101816.36,60101.07,639.46,12.17,К-р Восточный,630-E040625_P_B_4.A,5698,2025-06-09,PV №52,carbonized_quartz-mica_hornfels_shists,0.03,107.04,99,8.01,258.0
1614152,2025-06-10 10:28:00,2025-06-10 10:47:00,101811.58,60077.91,638.82,12.01,К-р Восточный,630-E040625_P_B_4.A,5613,2025-06-10,PV №52,carbonized_quartz-mica_hornfels_shists,0.03,6.68,75,6.74,48.0
1580421,2025-05-08 05:44:00,2025-05-08 05:57:00,101303.76,60565.85,640.25,12.54,К-р Восточный,630-E030525_P_B_1.B,5943,2025-05-08,PV №52,quartz-mica foliated schists,0.03,390.32,109,16.5,60.0
1613395,2025-06-09 16:11:00,2025-06-09 16:32:00,101738.97,60089.02,638.93,12.01,К-р Восточный,630-E040625_P_B_4.A,5882,2025-06-09,PV №52,carbonized_quartz-mica_hornfels_shists,0.03,12.8,54,2.72,102.0
1613897,2025-06-10 04:12:00,2025-06-10 04:30:00,101841.26,60085.48,639.45,12.02,К-р Восточный,630-E040625_P_B_4.A,5823,2025-06-10,PV №52,carbonized_quartz-mica_hornfels_shists,0.03,69.45,116,6.3,42.0
1612019,2025-06-08 06:12:00,2025-06-08 06:29:00,101804.75,60118.4,639.29,11.69,К-р Восточный,630-E040625_P_B_4.A,5952,2025-06-08,PV №52,carbonized_quartz-mica_hornfels_shists,0.03,75.94,28,3.87,84.0
1667333,2025-08-01 12:41:00,2025-08-01 13:00:00,101229.46,60796.7,619.95,13.79,К-р Восточный,605-E230725_P_B_9.B,5011,2025-08-01,PV №52,mica-quartz_carbonate_massive_rocks,0.03,59.14,103,6.47,42.0
1579130,2025-05-06 23:28:00,2025-05-06 23:42:00,101253.25,60653.44,639.85,12.14,К-р Восточный,630-E030525_P_B_1.B,6136,2025-05-07,PV №52,quartz-mica foliated schists,0.03,97.24,56,8.2,54.0
1614124,2025-06-10 10:04:00,2025-06-10 10:25:00,101817.38,60078.48,638.94,12.54,К-р Восточный,630-E040625_P_B_4.A,5614,2025-06-10,PV №52,carbonized_quartz-mica_hornfels_shists,0.03,54.86,110,8.96,126.6
1668437,2025-08-02 17:07:00,2025-08-02 17:27:00,101277.84,60709.12,621.34,19.0,К-р Восточный,605-E230725_P_B_9.B,8184,2025-08-02,PV №52,mica-quartz_carbonate_massive_rocks,0.03,85.59,112,8.12,102.0
1582404,2025-05-10 01:17:00,2025-05-10 01:35:00,101263.9,60517.19,640.17,13.62,К-р Восточный,630-E030525_P_B_1.B,5882,2025-05-10,PV №52,quartz-mica foliated schists,0.03,72.96,67,6.78,240.0
1668425,2025-08-02 16:43:00,2025-08-02 17:04:00,101261.97,60705.5,620.54,18.0,К-р Восточный,605-E230725_P_B_9.B,5031,2025-08-02,PV №52,mica-quartz_carbonate_massive_rocks,0.03,60.88,112,6.54,90.0
1666172,2025-07-31 09:42:00,2025-07-31 10:00:00,101196.48,60812.38,620.0,17.71,К-р Восточный,605-E230725_P_B_9.B,4992,2025-07-31,PV №52,mica-quartz_carbonate_massive_rocks,0.03,137.94,115,11.63,185.4
1612371,2025-06-08 15:24:00,2025-06-08 15:43:00,101846.27,60109.52,639.14,12.11,К-р Восточный,630-E040625_P_B_4.A,5908,2025-06-08,PV №52,carbonized_quartz-mica_hornfels_shists,0.03,53.0,0,0.0,96.0
1612443,2025-06-08 17:12:00,2025-06-08 17:35:00,101812.58,60107.23,639.26,12.26,К-р Восточный,630-E040625_P_B_4.A,5903,2025-06-08,PV №52,carbonized_quartz-mica_hornfels_shists,0.03,81.7,112,11.89,42.0
1582260,2025-05-09 23:31:00,2025-05-09 23:46:00,101303.54,60459.19,640.43,13.77,К-р Восточный,630-E030525_P_B_1.B,6764,2025-05-10,PV №52,mica-quartz_carbonate_massive_rocks,0.03,81.28,98,8.16,36.0
1611019,2025-06-07 05:50:00,2025-06-07 06:06:00,101720.63,60105.17,639.46,12.23,К-р Восточный,630-E040625_P_B_4.A,5760,2025-06-07,PV №52,carbonized_quartz-mica_hornfels_shists,0.03,28.12,29,4.57,60.0
1614703,2025-06-10 20:08:00,2025-06-10 20:32:00,101769.66,60085.1,639.2,12.06,К-р Восточный,630-E040625_P_B_4.A,5673,2025-06-11,PV №52,carbonized_quartz-mica_hornfels_shists,0.03,153.93,113,11.69,54.0
1581127,2025-05-08 19:36:00,2025-05-08 19:50:00,101279.64,60533.24,640.29,12.73,К-р Восточный,630-E030525_P_B_1.B,5891,2025-05-09,PV №52,quartz-mica foliated schists,0.03,-35.26,27,0.85,84.0
1582282,2025-05-09 19:52:00,2025-05-09 20:03:00,101301.82,60473.68,640.4,13.07,К-р Восточный,630-E030525_P_B_1.B,5862,2025-05-10,PV №52,mica-quartz_carbonate_massive_rocks,0.03,274.71,101,20.11,120.0
1668415,2025-08-02 16:21:00,2025-08-02 16:41:00,101259.86,60714.64,620.63,18.02,К-р Восточный,605-E230725_P_B_9.B,5030,2025-08-02,PV №52,mica-quartz_carbonate_massive_rocks,0.03,59.22,75,5.38,126.0
1668795,2025-08-03 01:55:00,2025-08-03 02:14:00,101274.54,60685.55,620.98,18.62,К-р Восточный,605-E230725_P_B_9.B,8175,2025-08-03,PV №52,quartz-mica foliated schists,0.03,-0.09,33,1.41,282.0
1668391,2025-08-02 15:58:00,2025-08-02 16:19:00,101258.76,60723.29,620.66,18.02,К-р Восточный,605-E230725_P_B_9.B,5029,2025-08-02,PV №52,mica-quartz_carbonate_massive_rocks,0.03,57.21,62,6.27,180.0
1668058,2025-08-02 07:08:00,2025-08-02 07:31:00,101268.27,60753.27,621.06,18.52,К-р Восточный,605-E230725_P_B_9.B,8179,2025-08-02,PV №52,mica-quartz_carbonate_massive_rocks,0.03,39.69,85,6.24,42.0
1611846,2025-06-08 02:59:00,2025-06-08 03:17:00,101771.4,60115.36,639.11,11.24,К-р Восточный,630-E040625_P_B_4.A,5957,2025-06-08,PV №52,carbonized_quartz-mica_hornfels_shists,0.03,27.03,41,5.66,54.0
1578612,2025-05-06 09:18:00,2025-05-06 09:29:00,101262.91,60681.21,639.54,12.09,К-р Восточный,630-E030525_P_B_1.B,6075,2025-05-06,PV №52,quartz-mica foliated schists,0.03,107.33,110,8.58,354.0
1612751,2025-06-09 00:41:00,2025-06-09 01:01:00,101765.74,60103.05,639.49,11.37,К-р Восточный,630-E040625_P_B_4.A,5896,2025-06-09,PV №52,carbonized_quartz-mica_hornfels_shists,0.03,38.07,54,9.23,30.6
1612218,2025-06-08 11:22:00,2025-06-08 11:40:00,101815.49,60113.06,639.29,12.12,К-р Восточный,630-E040625_P_B_4.A,5746,2025-06-08,PV №52,carbonized_quartz-mica_hornfels_shists,0.03,6.94,48,3.44,318.0
1668350,2025-08-02 14:48:00,2025-08-02 15:12:00,101247.74,60735.06,620.07,17.21,К-р Восточный,605-E230725_P_B_9.B,5041,2025-08-02,PV №52,mica-quartz_carbonate_massive_rocks,0.03,172.52,103,9.89,108.0
1582274,2025-05-09 23:48:00,2025-05-10 00:00:00,101298.32,60466.69,640.4,13.73,К-р Восточный,630-E030525_P_B_1.B,6774,2025-05-10,PV №52,mica-quartz_carbonate_massive_rocks,0.03,3.98,74,4.62,90.0
1580434,2025-05-08 06:13:00,2025-05-08 06:35:00,101290.01,60572.32,640.42,12.63,К-р Восточный,630-E030525_P_B_1.B,6015,2025-05-08,PV №52,quartz-mica foliated schists,0.03,73.74,42,6.21,125.4
1666988,2025-08-01 04:07:00,2025-08-01 04:28:00,101225.49,60725.72,620.26,17.57,К-р Восточный,605-E230725_P_B_9.B,5089,2025-08-01,PV №52,mica-quartz_carbonate_massive_rocks,0.03,53.66,87,7.95,84.0
1610883,2025-06-07 03:16:00,2025-06-07 03:34:00,101737.02,60112.17,639.31,11.73,К-р Восточный,630-E040625_P_B_4.A,5962,2025-06-07,PV №52,carbonized_quartz-mica_hornfels_shists,0.03,52.29,83,6.2,130.8
1611407,2025-06-07 16:56:00,2025-06-07 17:17:00,101851.6,60133.73,638.91,12.12,К-р Восточный,630-E040625_P_B_4.A,6075,2025-06-07,PV №52,carbonized_quartz-mica_hornfels_shists,0.03,4.57,64,5.76,132.0
1613343,2025-06-09 14:43:00,2025-06-09 15:01:00,101711.8,60086.6,639.45,12.01,К-р Восточный,630-E040625_P_B_4.A,5886,2025-06-09,PV №52,carbonized_quartz-mica_hornfels_shists,0.03,202.22,114,8.91,54.0
1610814,2025-06-07 01:59:00,2025-06-07 02:16:00,101710.01,60110.37,639.56,11.58,К-р Восточный,630-E040625_P_B_4.A,5966,2025-06-07,PV №52,fault_zone,0.03,0.0,0,0.0,96.0
1581727,2025-05-09 10:15:00,2025-05-09 10:26:00,101327.18,60491.38,640.1,12.51,К-р Восточный,630-E030525_P_B_1.B,6000,2025-05-09,PV №52,mica-quartz_carbonate_massive_rocks,0.03,91.62,77,5.94,180.0
1614196,2025-06-10 11:34:00,2025-06-10 11:52:00,101783.18,60086.68,638.92,12.03,К-р Восточный,630-E040625_P_B_4.A,5671,2025-06-10,PV №52,carbonized_quartz-mica_hornfels_shists,0.03,40.49,55,3.64,294.0
1672833,2025-08-06 23:00:00,2025-08-06 23:17:00,101219.42,60827.91,620.19,17.57,К-р Восточный,605-E230725_P_B_9.B,4978,2025-08-07,PV №52,mica-quartz_carbonate_massive_rocks,0.03,50.89,57,3.16,96.0
1609715,2025-06-05 22:34:00,2025-06-05 22:51:00,101742.85,60124.76,639.19,11.51,К-р Восточный,630-E040625_P_B_4.A,6059,2025-06-06,PV №52,carbonized_quartz-mica_hornfels_shists,0.03,39.62,47,1.54,108.0
1611692,2025-06-07 22:18:00,2025-06-07 22:36:00,101861.93,60128.11,639.47,11.33,К-р Восточный,630-E040625_P_B_4.A,5789,2025-06-08,PV №52,carbonized_quartz-mica_hornfels_shists,0.03,-1.48,38,1.01,576.0
1578886,2025-05-06 16:54:00,2025-05-06 17:07:00,101258.94,60669.23,639.76,12.32,К-р Восточный,630-E030525_P_B_1.B,6150,2025-05-06,PV №52,quartz-mica foliated schists,0.03,-44.35,99,3.28,72.0
1579753,2025-05-07 16:02:00,2025-05-07 16:16:00,101212.09,60657.96,640.31,12.55,К-р Восточный,630-E030525_P_B_1.B,6066,2025-05-07,PV №52,quartz-mica foliated schists,0.03,50.98,102,5.92,54.0
1613032,2025-06-09 05:50:00,2025-06-09 06:09:00,101738.24,60100.75,638.73,12.02,К-р Восточный,630-E040625_P_B_4.A,5892,2025-06-09,PV №52,carbonized_quartz-mica_hornfels_shists,0.03,294.83,113,12.82,60.0
1667082,2025-08-01 06:16:00,2025-08-01 06:57:00,101220.41,60809.54,619.99,17.5,К-р Восточный,605-E230725_P_B_9.B,4976,2025-08-01,PV №52,mica-quartz_carbonate_massive_rocks,0.03,91.42,114,8.38,48.0
1611960,2025-06-08 04:43:00,2025-06-08 04:59:00,101838.55,60120.79,639.38,11.63,К-р Восточный,630-E040625_P_B_4.A,5947,2025-06-08,PV №52,carbonized_quartz-mica_hornfels_shists,0.03,102.93,101,7.76,102.0
1581171,2025-05-08 20:40:00,2025-05-08 20:56:00,101276.29,60525.78,640.39,12.72,К-р Восточный,630-E030525_P_B_1.B,5923,2025-05-09,PV №52,quartz-mica foliated schists,0.03,136.29,94,9.06,102.0
1579402,2025-05-07 05:07:00,2025-05-07 05:21:00,101245.59,60637.39,640.35,12.41,К-р Восточный,630-E030525_P_B_1.B,6128,2025-05-07,PV №52,quartz-mica foliated schists,0.03,124.2,64,9.31,84.0
1582379,2025-05-10 00:34:00,2025-05-10 00:50:00,101282.69,60488.3,640.56,13.54,К-р Восточный,630-E030525_P_B_1.B,5870,2025-05-10,PV №52,quartz-mica foliated schists,0.03,130.82,13,10.67,204.6
1612684,2025-06-08 22:26:00,2025-06-08 22:47:00,101809.62,60100.65,639.32,11.5,К-р Восточный,630-E040625_P_B_4.A,5697,2025-06-09,PV №52,carbonized_quartz-mica_hornfels_shists,0.03,344.36,108,15.36,108.0
1667786,2025-08-02 00:16:00,2025-08-02 00:42:00,101255.85,60773.54,620.57,18.03,К-р Восточный,605-E230725_P_B_9.B,8165,2025-08-02,PV №52,mica-quartz_carbonate_massive_rocks,0.03,328.56,112,13.29,54.0
1612099,2025-06-08 08:49:00,2025-06-08 09:10:00,101862.94,60116.86,638.91,12.05,К-р Восточный,630-E040625_P_B_4.A,5739,2025-06-08,PV №52,carbonized_quartz-mica_hornfels_shists,0.03,154.22,18,13.95,30.0
1666419,2025-07-31 16:07:00,2025-07-31 16:35:00,101206.91,60781.22,620.18,17.52,К-р Восточный,605-E230725_P_B_9.B,5013,2025-07-31,PV №52,mica-quartz_carbonate_massive_rocks,0.03,47.1,95,5.84,222.0
1667753,2025-08-01 21:39:00,2025-08-01 22:10:00,101249.72,60789.86,620.82,18.33,К-р Восточный,605-E230725_P_B_9.B,8163,2025-08-02,PV №52,mica-quartz_carbonate_massive_rocks,0.03,133.78,48,12.29,168.0
1612696,2025-06-08 22:06:00,2025-06-08 22:24:00,101816.36,60101.07,639.46,12.17,К-р Восточный,630-E040625_P_B_4.A,5698,2025-06-09,PV №52,carbonized_quartz-mica_hornfels_shists,0.03,32.43,52,4.96,78.0
1580072,2025-05-07 20:52:00,2025-05-07 21:04:00,101219.59,60635.45,640.23,12.75,К-р Восточный,630-E030525_P_B_1.B,6125,2025-05-08,PV №52,quartz-mica foliated schists,0.03,20.31,41,3.62,233.4
1614355,2025-06-10 16:22:00,2025-06-10 16:43:00,101722.39,60081.78,639.4,12.51,К-р Восточный,630-E040625_P_B_4.A,5680,2025-06-10,PV №52,carbonized_quartz-mica_hornfels_shists,0.03,316.42,113,16.98,96.0
1668477,2025-08-02 17:58:00,2025-08-02 18:17:00,101264.31,60696.83,620.48,18.03,К-р Восточный,605-E230725_P_B_9.B,5032,2025-08-02,PV №52,quartz-mica foliated schists,0.03,426.31,108,15.32,107.4
1666452,2025-07-31 17:09:00,2025-07-31 17:41:00,101209.34,60764.47,620.12,17.5,К-р Восточный,605-E230725_P_B_9.B,5068,2025-07-31,PV №52,mica-quartz_carbonate_massive_rocks,0.03,93.78,74,8.03,162.0
1613084,2025-06-09 07:49:00,2025-06-09 08:10:00,101758.33,60102.44,638.97,12.04,К-р Восточный,630-E040625_P_B_4.A,5895,2025-06-09,PV №52,carbonized_quartz-mica_hornfels_shists,0.03,91.93,82,7.44,222.0
1613060,2025-06-09 07:17:00,2025-06-09 07:41:00,101751.44,60101.84,639.03,12.01,К-р Восточный,630-E040625_P_B_4.A,5894,2025-06-09,PV №52,carbonized_quartz-mica_hornfels_shists,0.03,47.07,44,5.68,72.0
1672905,2025-08-07 00:10:00,2025-08-07 00:26:00,101219.76,60818.5,620.22,17.18,К-р Восточный,605-E230725_P_B_9.B,4977,2025-08-07,PV №52,mica-quartz_carbonate_massive_rocks,0.03,94.55,61,6.02,113.4
1581799,2025-05-09 11:34:00,2025-05-09 11:48:00,101368.99,60488.16,639.68,12.05,К-р Восточный,630-E030525_P_B_1.B,5979,2025-05-09,PV №52,carbonaceous quartz-mica calcium metasomatites,0.03,103.22,115,5.95,377.4
1580744,2025-05-08 13:25:00,2025-05-08 13:41:00,101338.17,60530.32,639.29,12.01,К-р Восточный,630-E030525_P_B_1.B,5958,2025-05-08,PV №52,mica-quartz_carbonate_massive_rocks,0.03,211.4,111,14.98,108.0
1608758,2025-06-05 01:03:00,2025-06-05 01:26:00,101717.67,60139.88,639.48,12.51,К-р Восточный,630-E040625_P_B_4.A,6139,2025-06-05,PV №52,carbonized_quartz-mica_hornfels_shists,0.03,25.14,59,4.79,84.0
1582438,2025-05-10 01:54:00,2025-05-10 02:07:00,101273.34,60502.6,640.68,13.29,К-р Восточный,630-E030525_P_B_1.B,5878,2025-05-10,PV №52,quartz-mica foliated schists,0.03,230.42,110,15.25,66.0
1612509,2025-06-08 19:19:00,2025-06-08 19:39:00,101778.46,60104.07,639.0,12.04,К-р Восточный,630-E040625_P_B_4.A,5898,2025-06-08,PV №52,carbonized_quartz-mica_hornfels_shists,0.03,171.07,82,9.48,12.0
1668645,2025-08-02 19:52:00,2025-08-02 20:27:00,101285.48,60696.18,621.3,20.93,К-р Восточный,605-E230725_P_B_9.B,8161,2025-08-03,PV №52,quartz-mica foliated schists,0.03,85.1,105,6.95,66.0
1668484,2025-08-02 18:19:00,2025-08-02 18:41:00,101257.28,60690.66,620.42,17.51,К-р Восточный,605-E230725_P_B_9.B,5036,2025-08-02,PV №52,quartz-mica foliated schists,0.03,61.95,92,7.3,444.6
1612243,2025-06-08 12:00:00,2025-06-08 12:22:00,101801.65,60111.77,638.9,12.06,К-р Восточный,630-E040625_P_B_4.A,5748,2025-06-08,PV №52,carbonized_quartz-mica_hornfels_shists,0.03,237.85,64,18.3,53.4
1614152,2025-06-10 10:28:00,2025-06-10 10:47:00,101811.58,60077.91,638.82,12.01,К-р Восточный,630-E040625_P_B_4.A,5613,2025-06-10,PV №52,carbonized_quartz-mica_hornfels_shists,0.03,100.58,87,8.63,72.0
1614981,2025-06-11 04:36:00,2025-06-11 04:55:00,101756.77,60073.7,639.38,12.01,К-р Восточный,630-E040625_P_B_4.A,5605,2025-06-11,PV №52,carbonized_quartz-mica_hornfels_shists,0.03,273.48,110,16.93,30.0
1614911,2025-06-11 03:26:00,2025-06-11 03:45:00,101737.02,60071.0,639.09,12.01,К-р Восточный,630-E040625_P_B_4.A,5602,2025-06-11,PV №52,carbonized_quartz-mica_hornfels_shists,0.03,72.84,60,7.31,83.4
1613032,2025-06-09 05:50:00,2025-06-09 06:09:00,101738.24,60100.75,638.73,12.02,К-р Восточный,630-E040625_P_B_4.A,5892,2025-06-09,PV №52,carbonized_quartz-mica_hornfels_shists,0.03,192.97,88,10.0,120.0
1613121,2025-06-09 08:49:00,2025-06-09 09:11:00,101768.71,60097.38,638.97,12.01,К-р Восточный,630-E040625_P_B_4.A,5691,2025-06-09,PV №52,carbonized_quartz-mica_hornfels_shists,0.03,194.22,98,16.4,54.0
1579444,2025-05-07 05:54:00,2025-05-07 06:08:00,101260.52,60615.82,639.9,12.13,К-р Восточный,630-E030525_P_B_1.B,6041,2025-05-07,PV №52,quartz-mica foliated schists,0.03,66.23,96,5.63,89.4
1667393,2025-08-01 14:23:00,2025-08-01 14:48:00,101229.77,60787.38,620.08,17.89,К-р Восточный,605-E230725_P_B_9.B,5012,2025-08-01,PV №52,mica-quartz_carbonate_massive_rocks,0.03,68.56,76,7.13,60.0
1609819,2025-06-06 01:32:00,2025-06-06 01:49:00,101692.63,60115.3,639.36,12.25,К-р Восточный,630-E040625_P_B_4.A,5764,2025-06-06,PV №52,carbonized_quartz-mica_hornfels_shists,0.03,50.61,23,5.85,42.0
1672605,2025-08-06 17:46:00,2025-08-06 18:06:00,101235.51,60819.4,620.31,18.14,К-р Восточный,605-E230725_P_B_9.B,4986,2025-08-06,PV №52,mica-quartz_carbonate_massive_rocks,0.03,29.0,41,1.78,792.0
1579085,2025-05-06 21:37:00,2025-05-06 21:50:00,101264.51,60647.02,639.81,12.07,К-р Восточный,630-E030525_P_B_1.B,6057,2025-05-07,PV №52,quartz-mica foliated schists,0.03,227.21,111,11.26,60.0
1613637,2025-06-09 22:32:00,2025-06-09 22:49:00,101827.18,60096.18,639.32,12.51,К-р Восточный,630-E040625_P_B_4.A,5869,2025-06-10,PV №52,carbonized_quartz-mica_hornfels_shists,0.03,124.29,114,10.03,72.0
1580296,2025-05-08 03:16:00,2025-05-08 03:30:00,101293.08,60579.67,640.33,12.68,К-р Восточный,630-E030525_P_B_1.B,6092,2025-05-08,PV №52,quartz-mica foliated schists,0.03,134.98,114,10.03,66.0
1613753,2025-06-10 01:30:00,2025-06-10 01:52:00,101831.03,60090.53,639.59,12.52,К-р Восточный,630-E040625_P_B_4.A,5664,2025-06-10,PV №52,carbonized_quartz-mica_hornfels_shists,0.03,98.55,110,12.79,24.0
1611796,2025-06-08 02:01:00,2025-06-08 02:18:00,101787.7,60122.18,639.08,11.32,К-р Восточный,630-E040625_P_B_4.A,5778,2025-06-08,PV №52,carbonized_quartz-mica_hornfels_shists,0.03,103.76,48,7.02,18.0
1613121,2025-06-09 08:49:00,2025-06-09 09:11:00,101768.71,60097.38,638.97,12.01,К-р Восточный,630-E040625_P_B_4.A,5691,2025-06-09,PV №52,carbonized_quartz-mica_hornfels_shists,0.03,56.87,87,8.0,55.8
1666213,2025-07-31 10:29:00,2025-07-31 10:54:00,101197.62,60794.56,619.89,17.55,К-р Восточный,605-E230725_P_B_9.B,5006,2025-07-31,PV №52,mica-quartz_carbonate_massive_rocks,0.03,230.52,113,12.68,60.0
1668294,2025-08-02 13:14:00,2025-08-02 13:34:00,101256.76,60732.05,620.28,17.51,К-р Восточный,605-E230725_P_B_9.B,5028,2025-08-02,PV №52,mica-quartz_carbonate_massive_rocks,0.03,62.38,70,6.47,48.0
1609826,2025-06-06 01:52:00,2025-06-06 02:08:00,101699.42,60114.81,639.51,12.46,К-р Восточный,630-E040625_P_B_4.A,5765,2025-06-06,PV №52,carbonized_quartz-mica_hornfels_shists,0.03,92.9,32,4.34,96.0
1614725,2025-06-10 23:47:00,2025-06-11 00:07:00,101726.14,60076.28,639.35,12.5,К-р Восточный,630-E040625_P_B_4.A,5806,2025-06-11,PV №52,carbonized_quartz-mica_hornfels_shists,0.03,64.3,106,6.37,60.0
1579372,2025-05-07 04:23:00,2025-05-07 04:36:00,101230.79,60659.17,640.16,12.63,К-р Восточный,630-E030525_P_B_1.B,6068,2025-05-07,PV №52,quartz-mica foliated schists,0.03,55.82,36,4.76,444.0
1581177,2025-05-08 22:53:00,2025-05-08 23:05:00,101347.8,60515.62,639.61,12.59,К-р Восточный,630-E030525_P_B_1.B,5966,2025-05-09,PV №52,mica-quartz_carbonate_massive_rocks,0.03,79.47,94,15.11,90.0
1672523,2025-08-06 16:18:00,2025-08-06 16:44:00,101244.07,60807.19,620.97,18.43,К-р Восточный,605-E230725_P_B_9.B,8157,2025-08-06,PV №52,mica-quartz_carbonate_massive_rocks,0.03,104.12,61,8.34,53.4
1666849,2025-08-01 01:42:00,2025-08-01 02:10:00,101216.12,60770.68,620.25,17.58,К-р Восточный,605-E230725_P_B_9.B,5094,2025-08-01,PV №52,mica-quartz_carbonate_massive_rocks,0.03,409.12,111,16.59,54.0
1581171,2025-05-08 20:40:00,2025-05-08 20:56:00,101276.29,60525.78,640.39,12.72,К-р Восточный,630-E030525_P_B_1.B,5923,2025-05-09,PV №52,quartz-mica foliated schists,0.03,225.16,112,17.23,60.0
1580410,2025-05-08 05:27:00,2025-05-08 05:42:00,101312.51,60566.84,639.78,12.6,К-р Восточный,630-E030525_P_B_1.B,5981,2025-05-08,PV №52,quartz-mica foliated schists,0.03,53.89,115,7.78,150.0
1609686,2025-06-05 21:43:00,2025-06-05 22:10:00,101729.3,60123.29,639.27,11.64,К-р Восточный,630-E040625_P_B_4.A,6057,2025-06-06,PV №52,carbonized_quartz-mica_hornfels_shists,0.03,18.24,21,3.96,78.0
1666668,2025-07-31 23:31:00,2025-07-31 23:48:00,101212.33,60813.31,620.05,18.01,К-р Восточный,605-E230725_P_B_9.B,4993,2025-08-01,PV №52,mica-quartz_carbonate_massive_rocks,0.03,211.46,109,15.09,108.0
1609715,2025-06-05 22:34:00,2025-06-05 22:51:00,101742.85,60124.76,639.19,11.51,К-р Восточный,630-E040625_P_B_4.A,6059,2025-06-06,PV №52,carbonized_quartz-mica_hornfels_shists,0.03,85.48,13,1.15,24.0
1613204,2025-06-09 10:42:00,2025-06-09 11:26:00,101734.95,60094.75,638.87,12.0,К-р Восточный,630-E040625_P_B_4.A,5686,2025-06-09,PV №52,carbonized_quartz-mica_hornfels_shists,0.03,4.66,26,2.44,204.0
1578949,2025-05-06 19:18:00,2025-05-06 19:32:00,101273.17,60644.23,639.65,12.22,К-р Восточный,630-E030525_P_B_1.B,6132,2025-05-06,PV №52,quartz-mica foliated schists,0.03,217.3,112,11.86,60.0
1666515,2025-07-31 19:24:00,2025-07-31 19:50:00,101214.84,60737.96,620.04,18.0,К-р Восточный,605-E230725_P_B_9.B,5065,2025-07-31,PV №52,mica-quartz_carbonate_massive_rocks,0.03,-4.66,65,3.08,132.0
1667306,2025-08-01 12:18:00,2025-08-01 12:39:00,101228.78,60805.49,620.28,17.56,К-р Восточный,605-E230725_P_B_9.B,5003,2025-08-01,PV №52,mica-quartz_carbonate_massive_rocks,0.03,90.77,89,6.08,180.0
1580127,2025-05-08 00:22:00,2025-05-08 00:34:00,101288.45,60586.84,640.43,12.11,К-р Восточный,630-E030525_P_B_1.B,6018,2025-05-08,PV №52,quartz-mica foliated schists,0.03,115.24,50,5.24,414.6
1579140,2025-05-06 22:06:00,2025-05-06 22:20:00,101271.5,60631.84,639.63,12.18,К-р Восточный,630-E030525_P_B_1.B,6055,2025-05-07,PV №52,quartz-mica foliated schists,0.03,105.42,54,5.09,144.0
1612167,2025-06-08 09:55:00,2025-06-08 10:15:00,101842.71,60115.19,639.2,12.1,К-р Восточный,630-E040625_P_B_4.A,5742,2025-06-08,PV №52,carbonized_quartz-mica_hornfels_shists,0.03,43.75,111,5.62,84.0
1612356,2025-06-08 15:03:00,2025-06-08 15:22:00,101853.04,60110.12,639.0,12.12,К-р Восточный,630-E040625_P_B_4.A,5909,2025-06-08,PV №52,carbonized_quartz-mica_hornfels_shists,0.03,315.71,110,17.85,65.4
1614450,2025-06-10 18:04:00,2025-06-10 18:28:00,101749.59,60084.05,639.24,12.38,К-р Восточный,630-E040625_P_B_4.A,5676,2025-06-10,PV №52,carbonized_quartz-mica_hornfels_shists,0.03,101.02,64,10.09,60.0
1610773,2025-06-07 01:19:00,2025-06-07 01:37:00,101696.49,60108.7,639.19,12.29,К-р Восточный,630-E040625_P_B_4.A,5968,2025-06-07,PV №52,carbonized_quartz-mica_hornfels_shists,0.03,135.68,114,6.98,90.0
1614230,2025-06-10 12:47:00,2025-06-10 13:08:00,101780.35,60080.18,639.25,12.01,К-р Восточный,630-E040625_P_B_4.A,5814,2025-06-10,PV №52,carbonized_quartz-mica_hornfels_shists,0.03,81.73,99,7.98,78.0
1612912,2025-06-09 03:19:00,2025-06-09 03:44:00,101703.95,60097.62,639.5,11.49,К-р Восточный,630-E040625_P_B_4.A,5887,2025-06-09,PV №52,carbonized_quartz-mica_hornfels_shists,0.03,208.71,111,10.59,66.0
1582404,2025-05-10 01:17:00,2025-05-10 01:35:00,101263.9,60517.19,640.17,13.62,К-р Восточный,630-E030525_P_B_1.B,5882,2025-05-10,PV №52,quartz-mica foliated schists,0.03,252.26,112,13.45,54.0
1578916,2025-05-06 17:42:00,2025-05-06 17:55:00,101268.68,60658.27,639.65,12.05,К-р Восточный,630-E030525_P_B_1.B,6134,2025-05-06,PV №52,quartz-mica foliated schists,0.03,261.02,109,14.09,66.0
1581473,2025-05-09 04:32:00,2025-05-09 04:47:00,101282.12,60502.77,640.16,12.64,К-р Восточный,630-E030525_P_B_1.B,5877,2025-05-09,PV №52,quartz-mica foliated schists,0.03,-14.99,59,3.64,108.0
1666155,2025-07-31 09:18:00,2025-07-31 09:39:00,101195.77,60821.6,620.14,17.08,К-р Восточный,605-E230725_P_B_9.B,4991,2025-07-31,PV №52,mica-quartz_carbonate_massive_rocks,0.03,12.58,52,4.06,90.0
1614789,2025-06-11 01:18:00,2025-06-11 01:42:00,101753.35,60078.2,639.45,12.03,К-р Восточный,630-E040625_P_B_4.A,5810,2025-06-11,PV №52,carbonized_quartz-mica_hornfels_shists,0.03,60.33,114,7.29,120.0
1672584,2025-08-06 17:18:00,2025-08-06 17:40:00,101239.12,60816.46,620.58,18.43,К-р Восточный,605-E230725_P_B_9.B,8156,2025-08-06,PV №52,mica-quartz_carbonate_massive_rocks,0.03,69.19,26,4.21,168.0
1610963,2025-06-07 04:45:00,2025-06-07 05:02:00,101700.34,60103.09,639.16,11.55,К-р Восточный,630-E040625_P_B_4.A,5763,2025-06-07,PV №52,carbonized_quartz-mica_hornfels_shists,0.03,106.5,113,9.08,180.0
1666674,2025-07-31 21:11:00,2025-07-31 21:31:00,101215.84,60696.05,621.43,18.51,К-р Восточный,605-E230725_P_B_9.B,5103,2025-08-01,PV №52,mica-quartz_carbonate_massive_rocks,0.03,162.06,116,8.42,54.0
1578853,2025-05-06 16:20:00,2025-05-06 16:33:00,101266.45,60666.52,639.51,12.37,К-р Восточный,630-E030525_P_B_1.B,6073,2025-05-06,PV №52,quartz-mica foliated schists,0.03,97.59,113,10.66,28.8
1667469,2025-08-01 15:44:00,2025-08-01 16:09:00,101233.31,60764.77,620.08,17.01,К-р Восточный,605-E230725_P_B_9.B,5072,2025-08-01,PV №52,mica-quartz_carbonate_massive_rocks,0.03,92.97,87,5.29,126.0
1609935,2025-06-06 04:07:00,2025-06-06 04:24:00,101746.81,60119.32,639.27,11.33,К-р Восточный,630-E040625_P_B_4.A,5772,2025-06-06,PV №52,carbonized_quartz-mica_hornfels_shists,0.03,93.1,70,5.66,174.0
1578945,2025-05-06 19:01:00,2025-05-06 19:15:00,101270.0,60650.86,639.91,12.21,К-р Восточный,630-E030525_P_B_1.B,6133,2025-05-06,PV №52,quartz-mica foliated schists,0.03,356.06,111,13.32,60.0
1666830,2025-08-01 01:12:00,2025-08-01 01:40:00,101214.89,60778.02,620.29,17.57,К-р Восточный,605-E230725_P_B_9.B,5070,2025-08-01,PV №52,mica-quartz_carbonate_massive_rocks,0.03,344.97,111,17.92,78.0
1666663,2025-07-31 21:53:00,2025-07-31 22:15:00,101216.96,60728.6,620.29,17.52,К-р Восточный,605-E230725_P_B_9.B,5064,2025-08-01,PV №52,mica-quartz_carbonate_massive_rocks,0.03,95.89,95,8.52,66.0
1613639,2025-06-09 23:39:00,2025-06-09 23:58:00,101806.45,60094.96,638.93,12.01,К-р Восточный,630-E040625_P_B_4.A,5872,2025-06-10,PV №52,carbonized_quartz-mica_hornfels_shists,0.03,87.34,97,7.73,132.0
1667008,2025-08-01 04:30:00,2025-08-01 04:47:00,101227.11,60716.92,620.26,18.01,К-р Восточный,605-E230725_P_B_9.B,5088,2025-08-01,PV №52,mica-quartz_carbonate_massive_rocks,0.03,346.52,111,13.74,72.0
1579602,2025-05-07 11:42:00,2025-05-07 11:59:00,101287.36,60602.61,639.91,12.48,К-р Восточный,630-E030525_P_B_1.B,6035,2025-05-07,PV №52,quartz-mica foliated schists,0.03,321.97,114,11.42,60.0
1613091,2025-06-09 08:12:00,2025-06-09 08:44:00,101762.47,60097.07,639.01,12.01,К-р Восточный,630-E040625_P_B_4.A,5690,2025-06-09,PV №52,carbonized_quartz-mica_hornfels_shists,0.04,414.02,103,13.34,576.0
1666130,2025-07-31 08:37:00,2025-07-31 09:09:00,101248.77,60693.63,621.33,17.5,К-р Восточный,605-E230725_P_B_9.B,5080,2025-07-31,PV №52,quartz-mica foliated schists,0.04,288.44,111,13.29,42.0
1579812,2025-05-07 17:19:00,2025-05-07 17:33:00,101237.85,60621.34,640.57,12.15,К-р Восточный,630-E030525_P_B_1.B,6120,2025-05-07,PV №52,quartz-mica foliated schists,0.04,439.6,109,16.23,156.0
1580255,2025-05-08 02:46:00,2025-05-08 02:59:00,101305.87,60580.66,640.17,12.63,К-р Восточный,630-E030525_P_B_1.B,5980,2025-05-08,PV №52,quartz-mica foliated schists,0.04,187.26,111,14.11,54.0
1582379,2025-05-10 00:34:00,2025-05-10 00:50:00,101282.69,60488.3,640.56,13.54,К-р Восточный,630-E030525_P_B_1.B,5870,2025-05-10,PV №52,quartz-mica foliated schists,0.04,141.68,112,11.91,60.0
1580410,2025-05-08 05:27:00,2025-05-08 05:42:00,101312.51,60566.84,639.78,12.6,К-р Восточный,630-E030525_P_B_1.B,5981,2025-05-08,PV №52,quartz-mica foliated schists,0.04,150.5,0,19.77,192.0
1612206,2025-06-08 11:01:00,2025-06-08 11:19:00,101822.38,60113.49,639.08,12.04,К-р Восточный,630-E040625_P_B_4.A,5745,2025-06-08,PV №52,carbonized_quartz-mica_hornfels_shists,0.04,35.51,79,4.38,258.0
1614703,2025-06-10 20:08:00,2025-06-10 20:32:00,101769.66,60085.1,639.2,12.06,К-р Восточный,630-E040625_P_B_4.A,5673,2025-06-11,PV №52,carbonized_quartz-mica_hornfels_shists,0.04,171.92,50,13.34,120.0
1610983,2025-06-07 05:04:00,2025-06-07 05:26:00,101707.3,60103.88,639.86,11.71,К-р Восточный,630-E040625_P_B_4.A,5762,2025-06-07,PV №52,carbonized_quartz-mica_hornfels_shists,0.04,73.12,77,7.79,354.0
1580069,2025-05-07 21:22:00,2025-05-07 21:35:00,101229.15,60621.08,640.21,12.4,К-р Восточный,630-E030525_P_B_1.B,6121,2025-05-08,PV №52,quartz-mica foliated schists,0.04,81.46,36,4.31,126.0
1579116,2025-05-06 23:44:00,2025-05-06 23:57:00,101256.92,60645.92,639.86,12.17,К-р Восточный,630-E030525_P_B_1.B,6058,2025-05-07,PV №52,quartz-mica foliated schists,0.04,298.77,114,11.57,60.0
1580975,2025-05-08 19:20:00,2025-05-08 19:33:00,101275.04,60540.84,640.39,12.64,К-р Восточный,630-E030525_P_B_1.B,5930,2025-05-08,PV №52,quartz-mica foliated schists,0.04,-22.64,45,2.43,330.0
1611076,2025-06-07 07:58:00,2025-06-07 08:12:00,101756.67,60126.1,638.73,11.56,К-р Восточный,630-E040625_P_B_4.A,6061,2025-06-07,PV №52,carbonized_quartz-mica_hornfels_shists,0.04,30.63,73,5.06,120.6
1613463,2025-06-09 18:06:00,2025-06-09 18:28:00,101772.91,60091.48,638.84,12.03,К-р Восточный,630-E040625_P_B_4.A,5877,2025-06-09,PV №52,carbonized_quartz-mica_hornfels_shists,0.04,17.36,55,3.76,48.0
1668477,2025-08-02 17:58:00,2025-08-02 18:17:00,101264.31,60696.83,620.48,18.03,К-р Восточный,605-E230725_P_B_9.B,5032,2025-08-02,PV №52,quartz-mica foliated schists,0.04,253.59,113,13.48,54.0
1612678,2025-06-08 20:13:00,2025-06-08 20:31:00,101857.07,60103.89,639.47,11.62,К-р Восточный,630-E040625_P_B_4.A,5704,2025-06-09,PV №52,carbonized_quartz-mica_hornfels_shists,0.04,-8.13,0,1.67,156.0
1578949,2025-05-06 19:18:00,2025-05-06 19:32:00,101273.17,60644.23,639.65,12.22,К-р Восточный,630-E030525_P_B_1.B,6132,2025-05-06,PV №52,quartz-mica foliated schists,0.04,101.28,113,10.03,102.0
1666747,2025-07-31 22:44:00,2025-07-31 23:03:00,101221.02,60710.98,620.4,18.01,К-р Восточный,605-E230725_P_B_9.B,5062,2025-08-01,PV №52,mica-quartz_carbonate_massive_rocks,0.04,139.51,79,7.94,72.0
1611170,2025-06-07 09:55:00,2025-06-07 10:09:00,101769.84,60126.97,638.51,11.62,К-р Восточный,630-E040625_P_B_4.A,6063,2025-06-07,PV №52,carbonized_quartz-mica_hornfels_shists,0.04,13.7,44,1.82,557.4
1612704,2025-06-08 21:06:00,2025-06-08 21:22:00,101836.63,60102.72,639.37,11.91,К-р Восточный,630-E040625_P_B_4.A,5701,2025-06-09,PV №52,carbonized_quartz-mica_hornfels_shists,0.04,307.1,113,13.98,114.0
1666130,2025-07-31 08:37:00,2025-07-31 09:09:00,101248.77,60693.63,621.33,17.5,К-р Восточный,605-E230725_P_B_9.B,5080,2025-07-31,PV №52,quartz-mica foliated schists,0.04,423.1,110,16.0,168.0
1667112,2025-08-01 07:09:00,2025-08-01 07:32:00,101220.75,60800.39,620.05,17.51,К-р Восточный,605-E230725_P_B_9.B,5016,2025-08-01,PV №52,mica-quartz_carbonate_massive_rocks,0.04,134.21,116,8.25,30.0
1614995,2025-06-11 04:57:00,2025-06-11 05:14:00,101763.59,60074.58,639.34,12.03,К-р Восточный,630-E040625_P_B_4.A,5606,2025-06-11,PV №52,carbonized_quartz-mica_hornfels_shists,0.04,60.44,71,6.25,96.0
1579202,2025-05-07 01:08:00,2025-05-07 01:22:00,101234.63,60667.05,639.97,12.64,К-р Восточный,630-E030525_P_B_1.B,6147,2025-05-07,PV №52,quartz-mica foliated schists,0.04,82.45,50,5.16,120.0
1578869,2025-05-06 16:36:00,2025-05-06 16:53:00,101264.63,60673.4,639.77,12.54,К-р Восточный,630-E030525_P_B_1.B,6074,2025-05-06,PV №52,quartz-mica foliated schists,0.04,19.26,95,7.15,384.0
1667172,2025-08-01 08:31:00,2025-08-01 09:03:00,101223.06,60775.03,620.17,17.83,К-р Восточный,605-E230725_P_B_9.B,5048,2025-08-01,PV №52,mica-quartz_carbonate_massive_rocks,0.04,315.66,104,17.36,30.0
1614433,2025-06-10 17:41:00,2025-06-10 18:01:00,101742.79,60083.26,639.24,12.28,К-р Восточный,630-E040625_P_B_4.A,5677,2025-06-10,PV №52,carbonized_quartz-mica_hornfels_shists,0.04,391.19,111,15.99,36.0
1580344,2025-05-08 04:04:00,2025-05-08 04:17:00,101267.74,60578.15,640.47,12.26,К-р Восточный,630-E030525_P_B_1.B,6089,2025-05-08,PV №52,quartz-mica foliated schists,0.04,71.38,43,7.83,179.4
1579868,2025-05-07 19:30:00,2025-05-07 19:51:00,101212.09,60634.8,640.36,12.61,К-р Восточный,630-E030525_P_B_1.B,6124,2025-05-07,PV №52,quartz-mica foliated schists,0.04,86.26,51,4.58,162.6
1581171,2025-05-08 20:40:00,2025-05-08 20:56:00,101276.29,60525.78,640.39,12.72,К-р Восточный,630-E030525_P_B_1.B,5923,2025-05-09,PV №52,quartz-mica foliated schists,0.04,35.21,70,4.97,299.4
1611282,2025-06-07 14:31:00,2025-06-07 14:49:00,101847.75,60139.0,640.62,12.1,К-р Восточный,630-E040625_P_B_4.A,5993,2025-06-07,PV №52,carbonized_quartz-mica_hornfels_shists,0.04,65.63,111,7.81,162.0
1609383,2025-06-05 14:57:00,2025-06-05 15:14:00,101705.17,60128.03,639.34,12.57,К-р Восточный,630-E040625_P_B_4.A,5972,2025-06-05,PV №52,carbonized_quartz-mica_hornfels_shists,0.04,12.06,63,2.9,84.0
1613463,2025-06-09 18:06:00,2025-06-09 18:28:00,101772.91,60091.48,638.84,12.03,К-р Восточный,630-E040625_P_B_4.A,5877,2025-06-09,PV №52,carbonized_quartz-mica_hornfels_shists,0.04,76.76,13,18.18,175.8
1667061,2025-08-01 05:28:00,2025-08-01 05:48:00,101224.28,60693.01,620.08,18.02,К-р Восточный,605-E230725_P_B_9.B,5060,2025-08-01,PV №52,mica-quartz_carbonate_massive_rocks,0.04,9.89,65,5.8,84.6
1612062,2025-06-08 08:03:00,2025-06-08 08:21:00,101784.28,60116.32,638.66,11.57,К-р Восточный,630-E040625_P_B_4.A,5955,2025-06-08,PV №52,carbonized_quartz-mica_hornfels_shists,0.04,-5.16,38,0.89,108.0
1613907,2025-06-10 04:32:00,2025-06-10 04:52:00,101834.74,60084.98,639.63,12.5,К-р Восточный,630-E040625_P_B_4.A,5822,2025-06-10,PV №52,carbonized_quartz-mica_hornfels_shists,0.04,62.44,115,6.45,148.8
1670097,2025-08-04 10:18:00,2025-08-04 10:37:00,101252.15,60675.62,620.03,17.52,К-р Восточный,605-E230725_P_B_9.B,5082,2025-08-04,PV №52,quartz-mica foliated schists,0.04,55.83,75,15.61,24.0
1581170,2025-05-08 23:24:00,2025-05-08 23:39:00,101352.76,60508.48,639.53,12.76,К-р Восточный,630-E030525_P_B_1.B,5995,2025-05-09,PV №52,mica-quartz_carbonate_massive_rocks,0.04,-4.01,78,4.99,78.0
1611732,2025-06-08 00:42:00,2025-06-08 01:00:00,101814.62,60124.74,639.3,11.59,К-р Восточный,630-E040625_P_B_4.A,5782,2025-06-08,PV №52,carbonized_quartz-mica_hornfels_shists,0.04,-10.51,18,1.48,78.0
1612728,2025-06-09 00:16:00,2025-06-09 00:32:00,101775.82,60097.89,639.28,11.36,К-р Восточный,630-E040625_P_B_4.A,5692,2025-06-09,PV №52,carbonized_quartz-mica_hornfels_shists,0.04,113.55,7,11.14,36.0
1581170,2025-05-08 23:24:00,2025-05-08 23:39:00,101352.76,60508.48,639.53,12.76,К-р Восточный,630-E030525_P_B_1.B,5995,2025-05-09,PV №52,mica-quartz_carbonate_massive_rocks,0.04,89.84,115,8.16,90.0
1580967,2025-05-08 18:29:00,2025-05-08 18:41:00,101270.0,60547.91,640.36,12.5,К-р Восточный,630-E030525_P_B_1.B,5900,2025-05-08,PV №52,quartz-mica foliated schists,0.04,87.7,69,5.72,353.4
1666668,2025-07-31 23:31:00,2025-07-31 23:48:00,101212.33,60813.31,620.05,18.01,К-р Восточный,605-E230725_P_B_9.B,4993,2025-08-01,PV №52,mica-quartz_carbonate_massive_rocks,0.04,57.21,93,6.88,90.0
1672560,2025-08-06 16:47:00,2025-08-06 17:11:00,101236.62,60810.85,620.48,18.47,К-р Восточный,605-E230725_P_B_9.B,4987,2025-08-06,PV №52,mica-quartz_carbonate_massive_rocks,0.04,122.61,85,9.62,168.0
1667127,2025-08-01 07:34:00,2025-08-01 08:00:00,101221.47,60791.35,620.09,17.52,К-р Восточный,605-E230725_P_B_9.B,5017,2025-08-01,PV №52,mica-quartz_carbonate_massive_rocks,0.04,36.53,67,2.96,366.6
1614665,2025-06-11 00:10:00,2025-06-11 00:33:00,101733.31,60077.05,639.23,12.01,К-р Восточный,630-E040625_P_B_4.A,5807,2025-06-11,PV №52,carbonized_quartz-mica_hornfels_shists,0.04,113.67,112,11.9,64.8
1579519,2025-05-07 09:10:00,2025-05-07 09:23:00,101242.29,60629.88,640.22,12.57,К-р Восточный,630-E030525_P_B_1.B,6051,2025-05-07,PV №52,quartz-mica foliated schists,0.04,260.7,113,10.99,66.6
1614152,2025-06-10 10:28:00,2025-06-10 10:47:00,101811.58,60077.91,638.82,12.01,К-р Восточный,630-E040625_P_B_4.A,5613,2025-06-10,PV №52,carbonized_quartz-mica_hornfels_shists,0.04,73.05,75,6.63,174.6
1666743,2025-07-31 23:06:00,2025-07-31 23:23:00,101222.44,60702.05,620.31,18.05,К-р Восточный,605-E230725_P_B_9.B,5061,2025-08-01,PV №52,mica-quartz_carbonate_massive_rocks,0.04,21.37,117,7.07,65.4
1668665,2025-08-02 20:55:00,2025-08-02 21:15:00,101288.75,60687.28,621.52,19.53,К-р Восточный,605-E230725_P_B_9.B,8160,2025-08-03,PV №52,quartz-mica foliated schists,0.04,140.19,116,8.61,114.0
1668784,2025-08-03 01:32:00,2025-08-03 01:51:00,101259.22,60681.48,620.47,17.63,К-р Восточный,605-E230725_P_B_9.B,5035,2025-08-03,PV №52,quartz-mica foliated schists,0.04,60.0,85,5.49,54.0
1612655,2025-06-08 23:55:00,2025-06-09 00:14:00,101782.36,60098.76,639.22,11.3,К-р Восточный,630-E040625_P_B_4.A,5693,2025-06-09,PV №52,carbonized_quartz-mica_hornfels_shists,0.04,28.35,30,3.21,66.0
1667531,2025-08-01 17:28:00,2025-08-01 17:51:00,101238.75,60738.04,620.11,17.28,К-р Восточный,605-E230725_P_B_9.B,5075,2025-08-01,PV №52,mica-quartz_carbonate_massive_rocks,0.04,108.31,111,14.48,103.8
1666429,2025-07-31 16:37:00,2025-07-31 17:07:00,101207.51,60773.5,620.11,17.53,К-р Восточный,605-E230725_P_B_9.B,5069,2025-07-31,PV №52,mica-quartz_carbonate_massive_rocks,0.04,414.02,111,13.76,36.0
1613753,2025-06-10 01:30:00,2025-06-10 01:52:00,101831.03,60090.53,639.59,12.52,К-р Восточный,630-E040625_P_B_4.A,5664,2025-06-10,PV №52,carbonized_quartz-mica_hornfels_shists,0.04,9.53,12,2.81,24.0
1578853,2025-05-06 16:20:00,2025-05-06 16:33:00,101266.45,60666.52,639.51,12.37,К-р Восточный,630-E030525_P_B_1.B,6073,2025-05-06,PV №52,quartz-mica foliated schists,0.04,438.32,110,15.85,102.0
1614152,2025-06-10 10:28:00,2025-06-10 10:47:00,101811.58,60077.91,638.82,12.01,К-р Восточный,630-E040625_P_B_4.A,5613,2025-06-10,PV №52,carbonized_quartz-mica_hornfels_shists,0.04,189.13,112,13.37,108.0
1609128,2025-06-05 08:56:00,2025-06-05 09:09:00,101708.28,60133.97,639.26,12.61,К-р Восточный,630-E040625_P_B_4.A,6046,2025-06-05,PV №52,carbonized_quartz-mica_hornfels_shists,0.04,11.45,47,2.98,102.6
1668657,2025-08-02 23:42:00,2025-08-03 00:00:00,101265.74,60687.68,620.56,18.08,К-р Восточный,605-E230725_P_B_9.B,5033,2025-08-03,PV №52,quartz-mica foliated schists,0.04,100.2,76,6.42,78.0
1581301,2025-05-09 01:31:00,2025-05-09 01:47:00,101307.39,60519.9,639.81,12.59,К-р Восточный,630-E030525_P_B_1.B,5887,2025-05-09,PV №52,quartz-mica foliated schists,0.04,-24.99,32,1.23,258.0
1611846,2025-06-08 02:59:00,2025-06-08 03:17:00,101771.4,60115.36,639.11,11.24,К-р Восточный,630-E040625_P_B_4.A,5957,2025-06-08,PV №52,carbonized_quartz-mica_hornfels_shists,0.04,40.15,0,2.12,198.0
1579539,2025-05-07 09:40:00,2025-05-07 09:53:00,101251.97,60615.19,639.93,12.05,К-р Восточный,630-E030525_P_B_1.B,6042,2025-05-07,PV №52,quartz-mica foliated schists,0.04,16.95,111,6.87,72.0
1614955,2025-06-11 04:11:00,2025-06-11 04:34:00,101749.72,60073.4,639.41,12.0,К-р Восточный,630-E040625_P_B_4.A,5604,2025-06-11,PV №52,carbonized_quartz-mica_hornfels_shists,0.04,189.13,103,14.17,66.0
1580027,2025-05-07 19:54:00,2025-05-07 20:08:00,101215.41,60627.57,640.26,12.66,К-р Восточный,630-E030525_P_B_1.B,6048,2025-05-08,PV №52,quartz-mica foliated schists,0.04,96.89,54,5.32,66.0
1670069,2025-08-04 09:37:00,2025-08-04 09:56:00,101236.86,60672.1,620.06,17.52,К-р Восточный,605-E230725_P_B_9.B,5083,2025-08-04,PV №52,quartz-mica foliated schists,0.04,85.13,79,7.61,72.0
1579702,2025-05-07 14:31:00,2025-05-07 14:47:00,101199.88,60664.84,640.38,12.56,К-р Восточный,630-E030525_P_B_1.B,6143,2025-05-07,PV №52,quartz-mica foliated schists,0.04,143.46,115,7.8,42.0
1581177,2025-05-08 22:53:00,2025-05-08 23:05:00,101347.8,60515.62,639.61,12.59,К-р Восточный,630-E030525_P_B_1.B,5966,2025-05-09,PV №52,mica-quartz_carbonate_massive_rocks,0.04,80.47,116,7.3,112.8
1666474,2025-07-31 17:42:00,2025-07-31 18:10:00,101211.23,60755.47,620.13,17.52,К-р Восточный,605-E230725_P_B_9.B,5067,2025-07-31,PV №52,mica-quartz_carbonate_massive_rocks,0.04,209.45,95,12.28,144.0
1609108,2025-06-05 08:39:00,2025-06-05 08:54:00,101701.41,60133.2,639.42,12.58,К-р Восточный,630-E040625_P_B_4.A,6047,2025-06-05,PV №52,carbonized_quartz-mica_hornfels_shists,0.04,30.54,110,4.89,60.6
1611667,2025-06-07 21:32:00,2025-06-07 21:48:00,101776.95,60127.53,638.9,11.28,К-р Восточный,630-E040625_P_B_4.A,6064,2025-06-08,PV №52,carbonized_quartz-mica_hornfels_shists,0.04,-13.11,0,0.7,84.0
1668035,2025-08-02 06:07:00,2025-08-02 06:32:00,101250.84,60758.92,620.14,18.0,К-р Восточный,605-E230725_P_B_9.B,5025,2025-08-02,PV №52,mica-quartz_carbonate_massive_rocks,0.04,1.65,79,5.43,132.6
1578926,2025-05-06 17:57:00,2025-05-06 18:12:00,101261.56,60661.55,639.63,12.76,К-р Восточный,630-E030525_P_B_1.B,6072,2025-05-06,PV №52,quartz-mica foliated schists,0.04,310.59,110,13.43,156.0
1667799,2025-08-02 00:49:00,2025-08-02 01:13:00,101236.91,60801.69,620.91,18.11,К-р Восточный,605-E230725_P_B_9.B,5021,2025-08-02,PV №52,mica-quartz_carbonate_massive_rocks,0.04,98.91,66,8.14,108.0
1668081,2025-08-02 08:04:00,2025-08-02 08:28:00,101269.93,60744.45,621.04,18.5,К-р Восточный,605-E230725_P_B_9.B,8180,2025-08-02,PV №52,mica-quartz_carbonate_massive_rocks,0.04,45.1,69,5.47,204.0
1609401,2025-06-05 15:15:00,2025-06-05 15:31:00,101712.12,60128.66,639.44,12.63,К-р Восточный,630-E040625_P_B_4.A,5973,2025-06-05,PV №52,carbonized_quartz-mica_hornfels_shists,0.04,135.73,112,11.97,162.0
1611626,2025-06-07 20:52:00,2025-06-07 21:11:00,101790.25,60128.97,639.0,11.38,К-р Восточный,630-E040625_P_B_4.A,6066,2025-06-08,PV №52,carbonized_quartz-mica_hornfels_shists,0.04,15.76,56,3.31,66.0
1581579,2025-05-09 06:27:00,2025-05-09 06:40:00,101313.64,60497.84,640.26,13.02,К-р Восточный,630-E030525_P_B_1.B,5972,2025-05-09,PV №52,mica-quartz_carbonate_massive_rocks,0.04,90.95,118,8.1,72.0
1613405,2025-06-09 16:34:00,2025-06-09 16:52:00,101745.71,60089.44,639.06,12.03,К-р Восточный,630-E040625_P_B_4.A,5881,2025-06-09,PV №52,carbonized_quartz-mica_hornfels_shists,0.04,78.16,49,5.61,60.0
1667112,2025-08-01 07:09:00,2025-08-01 07:32:00,101220.75,60800.39,620.05,17.51,К-р Восточный,605-E230725_P_B_9.B,5016,2025-08-01,PV №52,mica-quartz_carbonate_massive_rocks,0.04,99.12,96,8.82,144.0
1672866,2025-08-06 22:20:00,2025-08-06 22:37:00,101211.12,60831.98,620.24,17.51,К-р Восточный,605-E230725_P_B_9.B,4995,2025-08-07,PV №52,mica-quartz_carbonate_massive_rocks,0.04,26.33,51,3.08,648.0
1579803,2025-05-07 17:05:00,2025-05-07 17:18:00,101233.03,60628.91,640.03,12.26,К-р Восточный,630-E030525_P_B_1.B,6050,2025-05-07,PV №52,quartz-mica foliated schists,0.04,-7.46,92,5.88,108.0
1580386,2025-05-08 04:56:00,2025-05-08 05:08:00,101307.19,60573.95,640.04,12.71,К-р Восточный,630-E030525_P_B_1.B,5952,2025-05-08,PV №52,quartz-mica foliated schists,0.04,-1.98,35,4.52,162.0
1615013,2025-06-11 05:17:00,2025-06-11 05:45:00,101770.95,60075.15,639.38,12.01,К-р Восточный,630-E040625_P_B_4.A,5607,2025-06-11,PV №52,carbonized_quartz-mica_hornfels_shists,0.04,25.49,54,4.49,60.0
1578916,2025-05-06 17:42:00,2025-05-06 17:55:00,101268.68,60658.27,639.65,12.05,К-р Восточный,630-E030525_P_B_1.B,6134,2025-05-06,PV №52,quartz-mica foliated schists,0.04,68.89,80,10.8,34.2
1668675,2025-08-02 20:31:00,2025-08-02 20:52:00,101290.81,60679.37,621.63,19.08,К-р Восточный,605-E230725_P_B_9.B,8190,2025-08-03,PV №52,quartz-mica foliated schists,0.04,11.74,63,4.81,72.0
1611076,2025-06-07 07:58:00,2025-06-07 08:12:00,101756.67,60126.1,638.73,11.56,К-р Восточный,630-E040625_P_B_4.A,6061,2025-06-07,PV №52,carbonized_quartz-mica_hornfels_shists,0.04,16.38,58,3.85,66.0
1613182,2025-06-09 10:08:00,2025-06-09 10:39:00,101728.23,60093.87,639.1,12.0,К-р Восточный,630-E040625_P_B_4.A,5685,2025-06-09,PV №52,carbonized_quartz-mica_hornfels_shists,0.04,360.22,114,14.3,90.0
1668685,2025-08-02 22:58:00,2025-08-02 23:19:00,101279.42,60699.63,621.29,18.9,К-р Восточный,605-E230725_P_B_9.B,8185,2025-08-03,PV №52,quartz-mica foliated schists,0.04,79.49,51,4.92,897.0
1666394,2025-07-31 15:42:00,2025-07-31 16:05:00,101205.65,60790.31,619.95,17.55,К-р Восточный,605-E230725_P_B_9.B,5014,2025-07-31,PV №52,mica-quartz_carbonate_massive_rocks,0.04,167.43,118,11.25,138.0
1614725,2025-06-10 23:47:00,2025-06-11 00:07:00,101726.14,60076.28,639.35,12.5,К-р Восточный,630-E040625_P_B_4.A,5806,2025-06-11,PV №52,carbonized_quartz-mica_hornfels_shists,0.04,202.9,109,16.94,60.0
1578805,2025-05-06 15:19:00,2025-05-06 15:33:00,101233.45,60682.43,639.93,12.62,К-р Восточный,630-E030525_P_B_1.B,6155,2025-05-06,PV №52,quartz-mica foliated schists,0.04,18.93,78,5.42,483.6
1614467,2025-06-10 19:20:00,2025-06-10 19:41:00,101756.13,60084.25,639.87,12.02,К-р Восточный,630-E040625_P_B_4.A,5675,2025-06-10,PV №52,carbonized_quartz-mica_hornfels_shists,0.04,181.63,111,13.09,72.0
1611761,2025-06-08 01:22:00,2025-06-08 01:38:00,101800.95,60123.88,639.34,11.66,К-р Восточный,630-E040625_P_B_4.A,5780,2025-06-08,PV №52,carbonized_quartz-mica_hornfels_shists,0.04,70.51,27,4.23,108.0
1666326,2025-07-31 13:54:00,2025-07-31 14:22:00,101208.34,60731.64,620.19,17.52,К-р Восточный,605-E230725_P_B_9.B,5099,2025-07-31,PV №52,mica-quartz_carbonate_massive_rocks,0.04,93.2,86,6.0,156.0
1666118,2025-07-31 08:16:00,2025-07-31 08:35:00,101255.01,60699.67,620.53,18.02,К-р Восточный,605-E230725_P_B_9.B,5037,2025-07-31,PV №52,quartz-mica foliated schists,0.04,90.15,88,6.91,54.0
1578853,2025-05-06 16:20:00,2025-05-06 16:33:00,101266.45,60666.52,639.51,12.37,К-р Восточный,630-E030525_P_B_1.B,6073,2025-05-06,PV №52,quartz-mica foliated schists,0.04,435.86,109,15.6,42.0
1667127,2025-08-01 07:34:00,2025-08-01 08:00:00,101221.47,60791.35,620.09,17.52,К-р Восточный,605-E230725_P_B_9.B,5017,2025-08-01,PV №52,mica-quartz_carbonate_massive_rocks,0.05,44.91,68,3.25,90.0
1613249,2025-06-09 12:11:00,2025-06-09 12:30:00,101755.43,60095.85,639.0,12.05,К-р Восточный,630-E040625_P_B_4.A,5689,2025-06-09,PV №52,carbonized_quartz-mica_hornfels_shists,0.05,87.29,62,8.23,54.0
1668144,2025-08-02 09:39:00,2025-08-02 10:05:00,101272.14,60735.25,621.25,18.56,К-р Восточный,605-E230725_P_B_9.B,8181,2025-08-02,PV №52,mica-quartz_carbonate_massive_rocks,0.05,-24.16,81,2.03,348.6
1580027,2025-05-07 19:54:00,2025-05-07 20:08:00,101215.41,60627.57,640.26,12.66,К-р Восточный,630-E030525_P_B_1.B,6048,2025-05-08,PV №52,quartz-mica foliated schists,0.05,85.37,53,5.12,378.0
1609383,2025-06-05 14:57:00,2025-06-05 15:14:00,101705.17,60128.03,639.34,12.57,К-р Восточный,630-E040625_P_B_4.A,5972,2025-06-05,PV №52,carbonized_quartz-mica_hornfels_shists,0.05,44.46,112,6.4,60.0
1672836,2025-08-06 23:24:00,2025-08-06 23:43:00,101223.74,60837.03,620.3,18.02,К-р Восточный,605-E230725_P_B_9.B,4985,2025-08-07,PV №52,mica-quartz_carbonate_massive_rocks,0.05,35.58,50,1.89,312.0
1668303,2025-08-02 13:38:00,2025-08-02 14:05:00,101244.14,60752.83,619.82,17.5,К-р Восточный,605-E230725_P_B_9.B,5043,2025-08-02,PV №52,mica-quartz_carbonate_massive_rocks,0.05,66.07,98,4.6,204.0
1667536,2025-08-01 17:53:00,2025-08-01 18:14:00,101240.7,60729.01,620.37,17.53,К-р Восточный,605-E230725_P_B_9.B,5076,2025-08-01,PV №52,mica-quartz_carbonate_massive_rocks,0.05,106.47,112,12.42,124.8
1672613,2025-08-06 18:12:00,2025-08-06 18:39:00,101226.61,60830.51,620.41,18.02,К-р Восточный,605-E230725_P_B_9.B,5000,2025-08-06,PV №52,mica-quartz_carbonate_massive_rocks,0.05,74.44,56,4.37,210.0
1579300,2025-05-07 02:56:00,2025-05-07 03:11:00,101269.03,60616.29,639.66,12.12,К-р Восточный,630-E030525_P_B_1.B,6040,2025-05-07,PV №52,quartz-mica foliated schists,0.05,85.19,56,6.64,191.4
1612276,2025-06-08 12:48:00,2025-06-08 13:06:00,101788.41,60111.0,638.8,11.57,К-р Восточный,630-E040625_P_B_4.A,5750,2025-06-08,PV №52,carbonized_quartz-mica_hornfels_shists,0.05,33.64,56,5.41,54.0
1580070,2025-05-07 23:08:00,2025-05-07 23:21:00,101234.85,60598.81,640.27,12.11,К-р Восточный,630-E030525_P_B_1.B,6029,2025-05-08,PV №52,quartz-mica foliated schists,0.05,131.82,94,8.07,72.0
1610920,2025-06-07 04:00:00,2025-06-07 04:17:00,101750.6,60113.76,639.21,11.53,К-р Восточный,630-E040625_P_B_4.A,5960,2025-06-07,PV №52,carbonized_quartz-mica_hornfels_shists,0.05,105.61,16,11.54,108.0
1611113,2025-06-07 08:41:00,2025-06-07 08:54:00,101763.13,60126.69,638.66,11.64,К-р Восточный,630-E040625_P_B_4.A,6062,2025-06-07,PV №52,carbonized_quartz-mica_hornfels_shists,0.05,54.17,62,6.75,54.0
1582260,2025-05-09 23:31:00,2025-05-09 23:46:00,101303.54,60459.19,640.43,13.77,К-р Восточный,630-E030525_P_B_1.B,6764,2025-05-10,PV №52,mica-quartz_carbonate_massive_rocks,0.05,62.32,98,6.61,282.6
1609715,2025-06-05 22:34:00,2025-06-05 22:51:00,101742.85,60124.76,639.19,11.51,К-р Восточный,630-E040625_P_B_4.A,6059,2025-06-06,PV №52,carbonized_quartz-mica_hornfels_shists,0.05,54.13,67,5.43,119.4
1668070,2025-08-02 07:35:00,2025-08-02 08:01:00,101259.7,60756.55,620.57,18.0,К-р Восточный,605-E230725_P_B_9.B,8167,2025-08-02,PV №52,mica-quartz_carbonate_massive_rocks,0.05,428.73,108,16.9,144.0
1614718,2025-06-10 20:34:00,2025-06-10 20:53:00,101773.42,60079.64,639.3,12.0,К-р Восточный,630-E040625_P_B_4.A,5813,2025-06-11,PV №52,carbonized_quartz-mica_hornfels_shists,0.05,35.05,78,6.17,78.0
1612356,2025-06-08 15:03:00,2025-06-08 15:22:00,101853.04,60110.12,639.0,12.12,К-р Восточный,630-E040625_P_B_4.A,5909,2025-06-08,PV №52,carbonized_quartz-mica_hornfels_shists,0.05,221.7,109,15.29,72.0
1611783,2025-06-08 01:40:00,2025-06-08 01:59:00,101793.97,60123.54,639.07,11.66,К-р Восточный,630-E040625_P_B_4.A,5779,2025-06-08,PV №52,carbonized_quartz-mica_hornfels_shists,0.05,56.33,61,6.91,102.0
1581770,2025-05-09 11:14:00,2025-05-09 11:27:00,101291.51,60488.7,640.58,13.0,К-р Восточный,630-E030525_P_B_1.B,5871,2025-05-09,PV №52,quartz-mica foliated schists,0.05,160.17,113,10.77,180.0
1612356,2025-06-08 15:03:00,2025-06-08 15:22:00,101853.04,60110.12,639.0,12.12,К-р Восточный,630-E040625_P_B_4.A,5909,2025-06-08,PV №52,carbonized_quartz-mica_hornfels_shists,0.05,63.38,111,8.44,102.0
1666394,2025-07-31 15:42:00,2025-07-31 16:05:00,101205.65,60790.31,619.95,17.55,К-р Восточный,605-E230725_P_B_9.B,5014,2025-07-31,PV №52,mica-quartz_carbonate_massive_rocks,0.05,416.81,111,17.25,60.0
1578869,2025-05-06 16:36:00,2025-05-06 16:53:00,101264.63,60673.4,639.77,12.54,К-р Восточный,630-E030525_P_B_1.B,6074,2025-05-06,PV №52,quartz-mica foliated schists,0.05,208.81,100,21.75,95.4
1611670,2025-06-07 19:33:00,2025-06-07 19:52:00,101810.62,60130.23,639.41,11.97,К-р Восточный,630-E040625_P_B_4.A,6069,2025-06-08,PV №52,carbonized_quartz-mica_hornfels_shists,0.05,255.35,51,15.67,24.0
1609062,2025-06-05 07:21:00,2025-06-05 07:33:00,101686.34,60136.88,639.47,12.59,К-р Восточный,630-E040625_P_B_4.A,6144,2025-06-05,PV №52,carbonized_quartz-mica_hornfels_shists,0.05,72.97,64,5.43,144.0
1580090,2025-05-07 23:23:00,2025-05-07 23:42:00,101240.47,60591.39,640.39,12.05,К-р Восточный,630-E030525_P_B_1.B,6102,2025-05-08,PV №52,quartz-mica foliated schists,0.05,93.84,34,8.86,42.0
1667921,2025-08-02 03:18:00,2025-08-02 03:46:00,101265.69,60762.86,621.03,18.04,К-р Восточный,605-E230725_P_B_9.B,8178,2025-08-02,PV №52,mica-quartz_carbonate_massive_rocks,0.05,-4.26,51,0.9,108.0
1611783,2025-06-08 01:40:00,2025-06-08 01:59:00,101793.97,60123.54,639.07,11.66,К-р Восточный,630-E040625_P_B_4.A,5779,2025-06-08,PV №52,carbonized_quartz-mica_hornfels_shists,0.05,120.74,0,3.96,72.0
1668425,2025-08-02 16:43:00,2025-08-02 17:04:00,101261.97,60705.5,620.54,18.0,К-р Восточный,605-E230725_P_B_9.B,5031,2025-08-02,PV №52,mica-quartz_carbonate_massive_rocks,0.05,393.95,109,14.3,96.0
1666419,2025-07-31 16:07:00,2025-07-31 16:35:00,101206.91,60781.22,620.18,17.52,К-р Восточный,605-E230725_P_B_9.B,5013,2025-07-31,PV №52,mica-quartz_carbonate_massive_rocks,0.05,411.12,111,13.19,30.0
1609072,2025-06-05 07:52:00,2025-06-05 08:06:00,101681.16,60132.33,639.32,12.56,К-р Восточный,630-E040625_P_B_4.A,6050,2025-06-05,PV №52,carbonized_quartz-mica_hornfels_shists,0.05,34.83,37,2.21,190.2
1614370,2025-06-10 16:45:00,2025-06-10 17:07:00,101729.17,60082.11,639.17,12.01,К-р Восточный,630-E040625_P_B_4.A,5679,2025-06-10,PV №52,carbonized_quartz-mica_hornfels_shists,0.05,122.02,111,13.09,72.0
1581207,2025-05-08 20:10:00,2025-05-08 20:22:00,101262.51,60531.9,640.22,12.52,К-р Восточный,630-E030525_P_B_1.B,5893,2025-05-09,PV №52,quartz-mica foliated schists,0.05,27.03,103,4.63,96.0
1668215,2025-08-02 11:33:00,2025-08-02 11:55:00,101275.37,60717.43,621.91,19.01,К-р Восточный,605-E230725_P_B_9.B,8183,2025-08-02,PV №52,mica-quartz_carbonate_massive_rocks,0.05,43.19,62,3.91,174.0
1668391,2025-08-02 15:58:00,2025-08-02 16:19:00,101258.76,60723.29,620.66,18.02,К-р Восточный,605-E230725_P_B_9.B,5029,2025-08-02,PV №52,mica-quartz_carbonate_massive_rocks,0.05,100.21,73,10.96,78.0
1611159,2025-06-07 09:33:00,2025-06-07 09:52:00,101754.63,60108.34,638.79,11.53,К-р Восточный,630-E040625_P_B_4.A,5755,2025-06-07,PV №52,carbonized_quartz-mica_hornfels_shists,0.05,30.44,35,2.12,438.0
1612704,2025-06-08 21:06:00,2025-06-08 21:22:00,101836.63,60102.72,639.37,11.91,К-р Восточный,630-E040625_P_B_4.A,5701,2025-06-09,PV №52,carbonized_quartz-mica_hornfels_shists,0.05,-32.0,42,2.85,18.0
1613463,2025-06-09 18:06:00,2025-06-09 18:28:00,101772.91,60091.48,638.84,12.03,К-р Восточный,630-E040625_P_B_4.A,5877,2025-06-09,PV №52,carbonized_quartz-mica_hornfels_shists,0.05,67.04,95,8.63,216.0
1581765,2025-05-09 10:59:00,2025-05-09 11:11:00,101300.89,60489.33,640.48,13.01,К-р Восточный,630-E030525_P_B_1.B,5872,2025-05-09,PV №52,mica-quartz_carbonate_massive_rocks,0.05,429.38,109,15.95,54.0
1612060,2025-06-08 07:46:00,2025-06-08 08:01:00,101791.4,60116.93,638.91,11.59,К-р Восточный,630-E040625_P_B_4.A,5954,2025-06-08,PV №52,carbonized_quartz-mica_hornfels_shists,0.05,43.7,92,5.32,54.0
1580459,2025-05-08 07:13:00,2025-05-08 07:31:00,101286.34,60564.41,640.17,12.75,К-р Восточный,630-E030525_P_B_1.B,5941,2025-05-08,PV №52,quartz-mica foliated schists,0.05,137.75,115,9.71,83.4
1615013,2025-06-11 05:17:00,2025-06-11 05:45:00,101770.95,60075.15,639.38,12.01,К-р Восточный,630-E040625_P_B_4.A,5607,2025-06-11,PV №52,carbonized_quartz-mica_hornfels_shists,0.05,155.53,65,10.46,59.4
1667531,2025-08-01 17:28:00,2025-08-01 17:51:00,101238.75,60738.04,620.11,17.28,К-р Восточный,605-E230725_P_B_9.B,5075,2025-08-01,PV №52,mica-quartz_carbonate_massive_rocks,0.05,209.35,111,14.25,42.0
1612190,2025-06-08 10:38:00,2025-06-08 10:59:00,101828.96,60113.97,639.12,12.16,К-р Восточный,630-E040625_P_B_4.A,5744,2025-06-08,PV №52,carbonized_quartz-mica_hornfels_shists,0.05,12.92,65,2.8,66.0
1581174,2025-05-08 21:28:00,2025-05-08 21:44:00,101302.23,60527.41,640.05,12.13,К-р Восточный,630-E030525_P_B_1.B,5926,2025-05-09,PV №52,quartz-mica foliated schists,0.05,391.44,111,16.1,36.0
1611670,2025-06-07 19:33:00,2025-06-07 19:52:00,101810.62,60130.23,639.41,11.97,К-р Восточный,630-E040625_P_B_4.A,6069,2025-06-08,PV №52,carbonized_quartz-mica_hornfels_shists,0.05,48.17,84,5.56,894.6
1580580,2025-05-08 09:45:00,2025-05-08 09:57:00,101251.46,60561.67,640.61,12.53,К-р Восточный,630-E030525_P_B_1.B,5937,2025-05-08,PV №52,quartz-mica foliated schists,0.05,160.49,112,8.96,282.0
1580162,2025-05-08 01:05:00,2025-05-08 01:21:00,101262.87,60585.31,640.36,12.08,К-р Восточный,630-E030525_P_B_1.B,6021,2025-05-08,PV №52,quartz-mica foliated schists,0.05,370.48,109,16.42,96.0
1581561,2025-05-09 06:15:00,2025-05-09 06:26:00,101321.86,60498.56,640.11,12.56,К-р Восточный,630-E030525_P_B_1.B,5971,2025-05-09,PV №52,mica-quartz_carbonate_massive_rocks,0.05,-11.32,72,3.98,179.4
1611412,2025-06-07 17:19:00,2025-06-07 17:38:00,101844.63,60133.16,638.76,12.04,К-р Восточный,630-E040625_P_B_4.A,6074,2025-06-07,PV №52,carbonized_quartz-mica_hornfels_shists,0.05,230.23,111,11.75,72.0
1667411,2025-08-01 14:50:00,2025-08-01 15:18:00,101230.35,60780.35,620.11,17.03,К-р Восточный,605-E230725_P_B_9.B,5047,2025-08-01,PV №52,mica-quartz_carbonate_massive_rocks,0.05,66.28,70,4.12,90.6
1579611,2025-05-07 12:02:00,2025-05-07 12:15:00,101298.59,60594.74,639.8,12.21,К-р Восточный,630-E030525_P_B_1.B,6095,2025-05-07,PV №52,quartz-mica foliated schists,0.05,7.01,122,3.1,60.0
1612190,2025-06-08 10:38:00,2025-06-08 10:59:00,101828.96,60113.97,639.12,12.16,К-р Восточный,630-E040625_P_B_4.A,5744,2025-06-08,PV №52,carbonized_quartz-mica_hornfels_shists,0.05,330.62,108,13.88,42.0
1581332,2025-05-09 02:05:00,2025-05-09 02:18:00,101320.76,60513.34,639.75,12.53,К-р Восточный,630-E030525_P_B_1.B,5963,2025-05-09,PV №52,mica-quartz_carbonate_massive_rocks,0.05,245.9,113,11.34,78.0
1579702,2025-05-07 14:31:00,2025-05-07 14:47:00,101199.88,60664.84,640.38,12.56,К-р Восточный,630-E030525_P_B_1.B,6143,2025-05-07,PV №52,quartz-mica foliated schists,0.05,381.63,107,14.83,108.0
1579249,2025-05-07 02:09:00,2025-05-07 02:22:00,101254.33,60638.11,640.04,12.15,К-р Восточный,630-E030525_P_B_1.B,6129,2025-05-07,PV №52,quartz-mica foliated schists,0.05,309.75,110,12.96,102.0
1668242,2025-08-02 12:22:00,2025-08-02 12:49:00,101252.75,60750.34,619.83,17.56,К-р Восточный,605-E230725_P_B_9.B,5026,2025-08-02,PV №52,mica-quartz_carbonate_massive_rocks,0.05,243.1,107,16.66,54.0
1611649,2025-06-07 23:18:00,2025-06-07 23:36:00,101841.81,60126.79,639.26,11.78,К-р Восточный,630-E040625_P_B_4.A,5786,2025-06-08,PV №52,carbonized_quartz-mica_hornfels_shists,0.05,44.94,26,5.69,162.0
1666674,2025-07-31 21:11:00,2025-07-31 21:31:00,101215.84,60696.05,621.43,18.51,К-р Восточный,605-E230725_P_B_9.B,5103,2025-08-01,PV №52,mica-quartz_carbonate_massive_rocks,0.05,24.61,48,4.04,66.0
1579223,2025-05-07 01:53:00,2025-05-07 02:07:00,101249.29,60645.46,640.08,12.17,К-р Восточный,630-E030525_P_B_1.B,6059,2025-05-07,PV №52,quartz-mica foliated schists,0.05,136.05,35,15.3,534.0
1581855,2025-05-09 13:09:00,2025-05-09 13:21:00,101314.29,60482.79,640.25,13.01,К-р Восточный,630-E030525_P_B_1.B,5973,2025-05-09,PV №52,mica-quartz_carbonate_massive_rocks,0.05,25.65,102,7.5,180.0
1668726,2025-08-03 00:03:00,2025-08-03 00:31:00,101233.09,60690.36,621.35,17.92,К-р Восточный,605-E230725_P_B_9.B,5085,2025-08-03,PV №52,quartz-mica foliated schists,0.05,1.99,87,6.4,24.6
1578612,2025-05-06 09:18:00,2025-05-06 09:29:00,101262.91,60681.21,639.54,12.09,К-р Восточный,630-E030525_P_B_1.B,6075,2025-05-06,PV №52,quartz-mica foliated schists,0.05,183.33,114,10.98,96.0
1667204,2025-08-01 09:32:00,2025-08-01 09:59:00,101226.49,60758.95,620.1,17.5,К-р Восточный,605-E230725_P_B_9.B,5050,2025-08-01,PV №52,mica-quartz_carbonate_massive_rocks,0.05,86.2,70,5.31,174.0
1581207,2025-05-08 20:10:00,2025-05-08 20:22:00,101262.51,60531.9,640.22,12.52,К-р Восточный,630-E030525_P_B_1.B,5893,2025-05-09,PV №52,quartz-mica foliated schists,0.05,116.65,102,9.13,84.0
1666988,2025-08-01 04:07:00,2025-08-01 04:28:00,101225.49,60725.72,620.26,17.57,К-р Восточный,605-E230725_P_B_9.B,5089,2025-08-01,PV №52,mica-quartz_carbonate_massive_rocks,0.05,351.05,110,14.37,108.0
1579637,2025-05-07 12:48:00,2025-05-07 13:00:00,101279.12,60601.88,639.92,12.09,К-р Восточный,630-E030525_P_B_1.B,6034,2025-05-07,PV №52,quartz-mica foliated schists,0.05,0.0,0,0.0,162.0
1580081,2025-05-07 20:33:00,2025-05-07 20:46:00,101225.37,60613.21,640.38,12.64,К-р Восточный,630-E030525_P_B_1.B,6045,2025-05-08,PV №52,quartz-mica foliated schists,0.05,137.01,99,10.58,54.0
1668675,2025-08-02 20:31:00,2025-08-02 20:52:00,101290.81,60679.37,621.63,19.08,К-р Восточный,605-E230725_P_B_9.B,8190,2025-08-03,PV №52,quartz-mica foliated schists,0.05,115.71,114,8.93,108.0
1667127,2025-08-01 07:34:00,2025-08-01 08:00:00,101221.47,60791.35,620.09,17.52,К-р Восточный,605-E230725_P_B_9.B,5017,2025-08-01,PV №52,mica-quartz_carbonate_massive_rocks,0.05,421.29,110,15.84,36.0
1614755,2025-06-11 00:56:00,2025-06-11 01:16:00,101746.76,60078.09,639.4,12.02,К-р Восточный,630-E040625_P_B_4.A,5809,2025-06-11,PV №52,carbonized_quartz-mica_hornfels_shists,0.05,8.93,70,3.87,66.0
1580041,2025-05-07 22:30:00,2025-05-07 22:44:00,101249.02,60591.89,640.44,12.12,К-р Восточный,630-E030525_P_B_1.B,6101,2025-05-08,PV №52,quartz-mica foliated schists,0.05,88.44,39,4.38,84.0
1667061,2025-08-01 05:28:00,2025-08-01 05:48:00,101224.28,60693.01,620.08,18.02,К-р Восточный,605-E230725_P_B_9.B,5060,2025-08-01,PV №52,mica-quartz_carbonate_massive_rocks,0.05,-33.11,57,2.52,113.4
1614744,2025-06-11 00:36:00,2025-06-11 00:53:00,101739.89,60077.67,639.43,12.01,К-р Восточный,630-E040625_P_B_4.A,5808,2025-06-11,PV №52,carbonized_quartz-mica_hornfels_shists,0.05,352.19,15,20.06,108.0
1668386,2025-08-02 15:37:00,2025-08-02 15:56:00,101250.96,60718.03,620.42,18.19,К-р Восточный,605-E230725_P_B_9.B,5039,2025-08-02,PV №52,mica-quartz_carbonate_massive_rocks,0.05,92.75,101,6.73,53.4
1614433,2025-06-10 17:41:00,2025-06-10 18:01:00,101742.79,60083.26,639.24,12.28,К-р Восточный,630-E040625_P_B_4.A,5677,2025-06-10,PV №52,carbonized_quartz-mica_hornfels_shists,0.05,1.74,27,2.01,168.0
1578893,2025-05-06 17:10:00,2025-05-06 17:22:00,101255.6,60676.73,639.78,12.53,К-р Восточный,630-E030525_P_B_1.B,6076,2025-05-06,PV №52,quartz-mica foliated schists,0.05,282.55,111,15.43,72.0
1667564,2025-08-01 19:21:00,2025-08-01 20:03:00,101244.7,60711.32,620.3,19.41,К-р Восточный,605-E230725_P_B_9.B,5078,2025-08-01,PV №52,mica-quartz_carbonate_massive_rocks,0.05,422.58,111,16.22,60.0
1609166,2025-06-05 09:48:00,2025-06-05 10:03:00,101728.27,60135.44,639.05,12.09,К-р Восточный,630-E040625_P_B_4.A,6043,2025-06-05,PV №52,carbonized_quartz-mica_hornfels_shists,0.05,13.71,59,2.22,210.0
1670084,2025-08-04 09:58:00,2025-08-04 10:16:00,101243.44,60678.25,619.97,17.51,К-р Восточный,605-E230725_P_B_9.B,5059,2025-08-04,PV №52,quartz-mica foliated schists,0.05,84.52,96,7.5,90.0
1613232,2025-06-09 11:28:00,2025-06-09 11:47:00,101741.84,60094.9,638.81,12.03,К-р Восточный,630-E040625_P_B_4.A,5687,2025-06-09,PV №52,carbonized_quartz-mica_hornfels_shists,0.05,3.18,52,3.09,54.0
1612704,2025-06-08 21:06:00,2025-06-08 21:22:00,101836.63,60102.72,639.37,11.91,К-р Восточный,630-E040625_P_B_4.A,5701,2025-06-09,PV №52,carbonized_quartz-mica_hornfels_shists,0.05,188.85,101,20.42,156.0
1666172,2025-07-31 09:42:00,2025-07-31 10:00:00,101196.48,60812.38,620.0,17.71,К-р Восточный,605-E230725_P_B_9.B,4992,2025-07-31,PV №52,mica-quartz_carbonate_massive_rocks,0.05,86.62,84,7.81,378.0
1580320,2025-05-08 03:49:00,2025-05-08 04:02:00,101276.38,60578.7,640.41,12.16,К-р Восточный,630-E030525_P_B_1.B,6090,2025-05-08,PV №52,quartz-mica foliated schists,0.05,92.88,70,5.03,96.0
1579492,2025-05-07 08:07:00,2025-05-07 08:21:00,101222.25,60658.69,640.07,12.74,К-р Восточный,630-E030525_P_B_1.B,6067,2025-05-07,PV №52,quartz-mica foliated schists,0.05,8.32,114,8.05,6.0
1613656,2025-06-09 22:08:00,2025-06-09 22:30:00,101833.83,60096.61,639.49,12.51,К-р Восточный,630-E040625_P_B_4.A,5868,2025-06-10,PV №52,carbonized_quartz-mica_hornfels_shists,0.06,153.42,112,11.51,210.6
1580733,2025-05-08 13:09:00,2025-05-08 13:22:00,101343.16,60523.21,639.5,12.18,К-р Восточный,630-E030525_P_B_1.B,5987,2025-05-08,PV №52,mica-quartz_carbonate_massive_rocks,0.06,95.78,106,15.91,18.0
1666849,2025-08-01 01:42:00,2025-08-01 02:10:00,101216.12,60770.68,620.25,17.58,К-р Восточный,605-E230725_P_B_9.B,5094,2025-08-01,PV №52,mica-quartz_carbonate_massive_rocks,0.06,97.37,79,8.73,36.0
1581533,2025-05-09 05:31:00,2025-05-09 05:44:00,101308.55,60504.91,640.23,12.55,К-р Восточный,630-E030525_P_B_1.B,5874,2025-05-09,PV №52,mica-quartz_carbonate_massive_rocks,0.06,291.77,110,13.89,108.0
1579134,2025-05-06 23:59:00,2025-05-07 00:11:00,101261.13,60638.85,639.89,12.17,К-р Восточный,630-E030525_P_B_1.B,6130,2025-05-07,PV №52,quartz-mica foliated schists,0.06,102.34,80,7.19,90.6
1666247,2025-07-31 11:24:00,2025-07-31 11:53:00,101199.12,60775.76,620.23,17.55,К-р Восточный,605-E230725_P_B_9.B,5008,2025-07-31,PV №52,mica-quartz_carbonate_massive_rocks,0.06,91.53,75,10.63,24.0
1668484,2025-08-02 18:19:00,2025-08-02 18:41:00,101257.28,60690.66,620.42,17.51,К-р Восточный,605-E230725_P_B_9.B,5036,2025-08-02,PV №52,quartz-mica foliated schists,0.06,92.78,93,6.26,102.0
1579785,2025-05-07 16:34:00,2025-05-07 16:46:00,101222.86,60643.35,640.15,12.52,К-р Восточный,630-E030525_P_B_1.B,6062,2025-05-07,PV №52,quartz-mica foliated schists,0.06,126.04,116,11.1,174.0
1581960,2025-05-09 15:36:00,2025-05-09 15:47:00,101310.45,60474.97,640.46,13.02,К-р Восточный,630-E030525_P_B_1.B,5861,2025-05-09,PV №52,mica-quartz_carbonate_massive_rocks,0.06,171.43,113,11.72,132.0
1579568,2025-05-07 11:23:00,2025-05-07 11:40:00,101294.81,60602.21,641.62,12.19,К-р Восточный,630-E030525_P_B_1.B,6036,2025-05-07,PV №52,quartz-mica foliated schists,0.06,84.33,114,10.34,251.4
1579675,2025-05-07 13:52:00,2025-05-07 14:06:00,101266.39,60593.1,640.24,12.12,К-р Восточный,630-E030525_P_B_1.B,6099,2025-05-07,PV №52,quartz-mica foliated schists,0.06,-41.32,66,3.15,54.0
1578391,2025-05-06 09:01:00,2025-05-06 09:14:00,101261.0,60688.11,641.71,13.02,К-р Восточный,630-E030525_P_B_1.B,6151,2025-05-06,PV №52,quartz-mica foliated schists,0.06,59.92,123,12.46,216.0
1668350,2025-08-02 14:48:00,2025-08-02 15:12:00,101247.74,60735.06,620.07,17.21,К-р Восточный,605-E230725_P_B_9.B,5041,2025-08-02,PV №52,mica-quartz_carbonate_massive_rocks,0.06,131.44,113,12.35,102.0
1580193,2025-05-08 01:24:00,2025-05-08 01:37:00,101253.92,60584.74,640.51,12.09,К-р Восточный,630-E030525_P_B_1.B,6022,2025-05-08,PV №52,quartz-mica foliated schists,0.06,81.06,40,5.77,210.0
1666290,2025-07-31 12:27:00,2025-07-31 13:00:00,101202.47,60758.41,620.12,17.5,К-р Восточный,605-E230725_P_B_9.B,5096,2025-07-31,PV №52,mica-quartz_carbonate_massive_rocks,0.06,97.56,63,8.07,174.0
1612218,2025-06-08 11:22:00,2025-06-08 11:40:00,101815.49,60113.06,639.29,12.12,К-р Восточный,630-E040625_P_B_4.A,5746,2025-06-08,PV №52,carbonized_quartz-mica_hornfels_shists,0.06,2.3,57,2.67,138.0
1579389,2025-05-07 04:38:00,2025-05-07 04:51:00,101235.72,60651.78,640.25,12.15,К-р Восточный,630-E030525_P_B_1.B,6138,2025-05-07,PV №52,quartz-mica foliated schists,0.06,129.6,95,9.03,96.0
1579079,2025-05-06 19:53:00,2025-05-06 20:07:00,101279.7,60629.74,639.4,12.25,К-р Восточный,630-E030525_P_B_1.B,6115,2025-05-07,PV №52,quartz-mica foliated schists,0.06,158.82,99,8.8,66.0
1611732,2025-06-08 00:42:00,2025-06-08 01:00:00,101814.62,60124.74,639.3,11.59,К-р Восточный,630-E040625_P_B_4.A,5782,2025-06-08,PV №52,carbonized_quartz-mica_hornfels_shists,0.06,188.68,68,12.5,191.4
1579653,2025-05-07 13:03:00,2025-05-07 13:15:00,101270.5,60601.34,639.91,11.52,К-р Восточный,630-E030525_P_B_1.B,6033,2025-05-07,PV №52,quartz-mica foliated schists,0.06,86.12,108,7.99,66.0
1614725,2025-06-10 23:47:00,2025-06-11 00:07:00,101726.14,60076.28,639.35,12.5,К-р Восточный,630-E040625_P_B_4.A,5806,2025-06-11,PV №52,carbonized_quartz-mica_hornfels_shists,0.06,55.67,88,10.12,42.0
1672866,2025-08-06 22:20:00,2025-08-06 22:37:00,101211.12,60831.98,620.24,17.51,К-р Восточный,605-E230725_P_B_9.B,4995,2025-08-07,PV №52,mica-quartz_carbonate_massive_rocks,0.06,38.23,56,4.15,185.4
1609108,2025-06-05 08:39:00,2025-06-05 08:54:00,101701.41,60133.2,639.42,12.58,К-р Восточный,630-E040625_P_B_4.A,6047,2025-06-05,PV №52,carbonized_quartz-mica_hornfels_shists,0.06,38.89,42,2.91,204.0
1579389,2025-05-07 04:38:00,2025-05-07 04:51:00,101235.72,60651.78,640.25,12.15,К-р Восточный,630-E030525_P_B_1.B,6138,2025-05-07,PV №52,quartz-mica foliated schists,0.06,283.84,111,13.94,228.0
1609686,2025-06-05 21:43:00,2025-06-05 22:10:00,101729.3,60123.29,639.27,11.64,К-р Восточный,630-E040625_P_B_4.A,6057,2025-06-06,PV №52,carbonized_quartz-mica_hornfels_shists,0.06,13.77,68,5.72,0.6
1578926,2025-05-06 17:57:00,2025-05-06 18:12:00,101261.56,60661.55,639.63,12.76,К-р Восточный,630-E030525_P_B_1.B,6072,2025-05-06,PV №52,quartz-mica foliated schists,0.06,121.21,62,13.37,42.0
1580938,2025-05-08 17:40:00,2025-05-08 17:53:00,101288.77,60533.99,640.19,12.37,К-р Восточный,630-E030525_P_B_1.B,5890,2025-05-08,PV №52,quartz-mica foliated schists,0.06,72.24,108,15.0,197.4
1666247,2025-07-31 11:24:00,2025-07-31 11:53:00,101199.12,60775.76,620.23,17.55,К-р Восточный,605-E230725_P_B_9.B,5008,2025-07-31,PV №52,mica-quartz_carbonate_massive_rocks,0.06,51.01,82,5.14,108.0
1667112,2025-08-01 07:09:00,2025-08-01 07:32:00,101220.75,60800.39,620.05,17.51,К-р Восточный,605-E230725_P_B_9.B,5016,2025-08-01,PV №52,mica-quartz_carbonate_massive_rocks,0.06,121.19,115,8.66,84.0
1668737,2025-08-03 00:45:00,2025-08-03 01:09:00,101241.94,60687.12,620.9,17.72,К-р Восточный,605-E230725_P_B_9.B,5058,2025-08-03,PV №52,quartz-mica foliated schists,0.06,32.58,43,4.11,180.6
1670097,2025-08-04 10:18:00,2025-08-04 10:37:00,101252.15,60675.62,620.03,17.52,К-р Восточный,605-E230725_P_B_9.B,5082,2025-08-04,PV №52,quartz-mica foliated schists,0.06,325.6,111,14.73,54.0
1611431,2025-06-07 17:39:00,2025-06-07 17:58:00,101837.84,60132.48,638.99,12.02,К-р Восточный,630-E040625_P_B_4.A,6073,2025-06-07,PV №52,carbonized_quartz-mica_hornfels_shists,0.06,32.75,54,4.56,114.6
1670730,2025-08-04 23:27:00,2025-08-04 23:45:00,101302.12,60644.36,621.2,19.01,К-р Восточный,605-E230725_P_B_9.B,8194,2025-08-05,PV №52,quartz-mica foliated schists,0.06,64.92,55,7.88,270.0
1612751,2025-06-09 00:41:00,2025-06-09 01:01:00,101765.74,60103.05,639.49,11.37,К-р Восточный,630-E040625_P_B_4.A,5896,2025-06-09,PV №52,carbonized_quartz-mica_hornfels_shists,0.06,67.29,18,8.6,65.4
1614981,2025-06-11 04:36:00,2025-06-11 04:55:00,101756.77,60073.7,639.38,12.01,К-р Восточный,630-E040625_P_B_4.A,5605,2025-06-11,PV №52,carbonized_quartz-mica_hornfels_shists,0.06,252.47,98,16.87,36.0
1611441,2025-06-07 18:00:00,2025-06-07 18:16:00,101830.98,60132.01,638.79,11.49,К-р Восточный,630-E040625_P_B_4.A,6072,2025-06-07,PV №52,carbonized_quartz-mica_hornfels_shists,0.06,27.86,55,4.36,96.0
1579785,2025-05-07 16:34:00,2025-05-07 16:46:00,101222.86,60643.35,640.15,12.52,К-р Восточный,630-E030525_P_B_1.B,6062,2025-05-07,PV №52,quartz-mica foliated schists,0.06,258.18,109,12.19,84.0
1611274,2025-06-07 12:13:00,2025-06-07 12:29:00,101854.07,60139.77,639.27,12.03,К-р Восточный,630-E040625_P_B_4.A,5994,2025-06-07,PV №52,carbonized_quartz-mica_hornfels_shists,0.06,50.75,117,7.22,12.0
1612707,2025-06-08 21:25:00,2025-06-08 21:43:00,101829.81,60102.4,639.54,11.64,К-р Восточный,630-E040625_P_B_4.A,5700,2025-06-09,PV №52,carbonized_quartz-mica_hornfels_shists,0.06,33.92,52,3.4,54.0
1613635,2025-06-10 00:01:00,2025-06-10 00:20:00,101799.51,60094.08,638.98,12.52,К-р Восточный,630-E040625_P_B_4.A,5873,2025-06-10,PV №52,carbonized_quartz-mica_hornfels_shists,0.06,146.36,113,10.68,30.0
1580612,2025-05-08 10:16:00,2025-05-08 10:29:00,101265.01,60555.24,640.3,12.51,К-р Восточный,630-E030525_P_B_1.B,5947,2025-05-08,PV №52,quartz-mica foliated schists,0.06,203.74,113,9.91,96.0
1580386,2025-05-08 04:56:00,2025-05-08 05:08:00,101307.19,60573.95,640.04,12.71,К-р Восточный,630-E030525_P_B_1.B,5952,2025-05-08,PV №52,quartz-mica foliated schists,0.06,83.47,66,7.61,234.0
1582419,2025-05-10 01:37:00,2025-05-10 01:52:00,101268.52,60510.08,640.42,13.26,К-р Восточный,630-E030525_P_B_1.B,5918,2025-05-10,PV №52,quartz-mica foliated schists,0.06,182.37,112,11.19,48.0
1672560,2025-08-06 16:47:00,2025-08-06 17:11:00,101236.62,60810.85,620.48,18.47,К-р Восточный,605-E230725_P_B_9.B,4987,2025-08-06,PV №52,mica-quartz_carbonate_massive_rocks,0.06,44.39,77,5.01,54.0
1612327,2025-06-08 14:16:00,2025-06-08 14:36:00,101768.21,60109.18,638.77,11.48,К-р Восточный,630-E040625_P_B_4.A,5753,2025-06-08,PV №52,carbonized_quartz-mica_hornfels_shists,0.06,12.11,68,4.47,66.0
1580072,2025-05-07 20:52:00,2025-05-07 21:04:00,101219.59,60635.45,640.23,12.75,К-р Восточный,630-E030525_P_B_1.B,6125,2025-05-08,PV №52,quartz-mica foliated schists,0.06,83.41,35,5.88,96.0
1581174,2025-05-08 21:28:00,2025-05-08 21:44:00,101302.23,60527.41,640.05,12.13,К-р Восточный,630-E030525_P_B_1.B,5926,2025-05-09,PV №52,quartz-mica foliated schists,0.06,172.64,114,9.67,12.0
1615045,2025-06-11 06:10:00,2025-06-11 06:29:00,101783.5,60076.04,639.28,12.0,К-р Восточный,630-E040625_P_B_4.A,5609,2025-06-11,PV №52,carbonized_quartz-mica_hornfels_shists,0.06,49.03,67,6.81,54.0
1609860,2025-06-06 02:28:00,2025-06-06 02:44:00,101712.98,60116.29,639.53,12.31,К-р Восточный,630-E040625_P_B_4.A,5767,2025-06-06,PV №52,carbonized_quartz-mica_hornfels_shists,0.06,166.66,101,12.88,150.0
1581412,2025-05-09 03:19:00,2025-05-09 03:34:00,101285.92,60511.18,640.25,12.54,К-р Восточный,630-E030525_P_B_1.B,5916,2025-05-09,PV №52,quartz-mica foliated schists,0.06,-9.14,68,1.98,24.0
1668288,2025-08-02 12:51:00,2025-08-02 13:12:00,101254.69,60741.1,619.97,17.57,К-р Восточный,605-E230725_P_B_9.B,5027,2025-08-02,PV №52,mica-quartz_carbonate_massive_rocks,0.06,42.14,90,4.1,252.0
1580090,2025-05-07 23:23:00,2025-05-07 23:42:00,101240.47,60591.39,640.39,12.05,К-р Восточный,630-E030525_P_B_1.B,6102,2025-05-08,PV №52,quartz-mica foliated schists,0.06,-24.95,58,2.36,36.0
1612669,2025-06-08 20:49:00,2025-06-08 21:04:00,101843.48,60103.07,639.47,12.16,К-р Восточный,630-E040625_P_B_4.A,5702,2025-06-09,PV №52,carbonized_quartz-mica_hornfels_shists,0.06,38.63,45,5.71,60.0
1666247,2025-07-31 11:24:00,2025-07-31 11:53:00,101199.12,60775.76,620.23,17.55,К-р Восточный,605-E230725_P_B_9.B,5008,2025-07-31,PV №52,mica-quartz_carbonate_massive_rocks,0.06,344.01,108,16.98,60.0
1579130,2025-05-06 23:28:00,2025-05-06 23:42:00,101253.25,60653.44,639.85,12.14,К-р Восточный,630-E030525_P_B_1.B,6136,2025-05-07,PV №52,quartz-mica foliated schists,0.06,90.89,48,7.62,126.0
1612960,2025-06-09 04:18:00,2025-06-09 04:39:00,101710.97,60098.76,639.43,12.0,К-р Восточный,630-E040625_P_B_4.A,5888,2025-06-09,PV №52,carbonized_quartz-mica_hornfels_shists,0.06,289.87,100,19.09,18.0
1578805,2025-05-06 15:19:00,2025-05-06 15:33:00,101233.45,60682.43,639.93,12.62,К-р Восточный,630-E030525_P_B_1.B,6155,2025-05-06,PV №52,quartz-mica foliated schists,0.06,141.54,113,8.56,54.0
1666515,2025-07-31 19:24:00,2025-07-31 19:50:00,101214.84,60737.96,620.04,18.0,К-р Восточный,605-E230725_P_B_9.B,5065,2025-07-31,PV №52,mica-quartz_carbonate_massive_rocks,0.06,38.64,61,4.67,96.0
1668665,2025-08-02 20:55:00,2025-08-02 21:15:00,101288.75,60687.28,621.52,19.53,К-р Восточный,605-E230725_P_B_9.B,8160,2025-08-03,PV №52,quartz-mica foliated schists,0.06,128.02,115,10.05,270.0
1670097,2025-08-04 10:18:00,2025-08-04 10:37:00,101252.15,60675.62,620.03,17.52,К-р Восточный,605-E230725_P_B_9.B,5082,2025-08-04,PV №52,quartz-mica foliated schists,0.06,97.4,78,8.45,66.0
1580766,2025-05-08 14:00:00,2025-05-08 14:14:00,101327.8,60544.84,639.62,12.55,К-р Восточный,630-E030525_P_B_1.B,5957,2025-05-08,PV №52,quartz-mica foliated schists,0.06,115.71,112,8.26,78.0
1581360,2025-05-09 02:35:00,2025-05-09 02:46:00,101339.91,60499.85,639.99,12.54,К-р Восточный,630-E030525_P_B_1.B,5969,2025-05-09,PV №52,mica-quartz_carbonate_massive_rocks,0.06,-4.84,81,4.17,108.6
1667921,2025-08-02 03:18:00,2025-08-02 03:46:00,101265.69,60762.86,621.03,18.04,К-р Восточный,605-E230725_P_B_9.B,8178,2025-08-02,PV №52,mica-quartz_carbonate_massive_rocks,0.06,126.4,103,8.87,30.0
1667479,2025-08-01 16:33:00,2025-08-01 16:59:00,101234.99,60755.61,620.01,17.54,К-р Восточный,605-E230725_P_B_9.B,5073,2025-08-01,PV №52,mica-quartz_carbonate_massive_rocks,0.06,96.26,111,14.07,65.4
1611812,2025-06-08 02:21:00,2025-06-08 02:36:00,101780.6,60121.94,639.1,11.27,К-р Восточный,630-E040625_P_B_4.A,5777,2025-06-08,PV №52,carbonized_quartz-mica_hornfels_shists,0.06,-4.83,33,0.64,197.4
1609426,2025-06-05 15:51:00,2025-06-05 16:06:00,101725.44,60129.46,639.13,12.11,К-р Восточный,630-E040625_P_B_4.A,5975,2025-06-05,PV №52,fault_zone,0.06,42.95,68,2.59,221.4
1580148,2025-05-08 00:35:00,2025-05-08 00:47:00,101280.16,60586.63,640.22,12.1,К-р Восточный,630-E030525_P_B_1.B,6019,2025-05-08,PV №52,quartz-mica foliated schists,0.06,173.48,45,9.51,114.0
1613343,2025-06-09 14:43:00,2025-06-09 15:01:00,101711.8,60086.6,639.45,12.01,К-р Восточный,630-E040625_P_B_4.A,5886,2025-06-09,PV №52,carbonized_quartz-mica_hornfels_shists,0.06,137.01,87,8.83,48.0
1580938,2025-05-08 17:40:00,2025-05-08 17:53:00,101288.77,60533.99,640.19,12.37,К-р Восточный,630-E030525_P_B_1.B,5890,2025-05-08,PV №52,quartz-mica foliated schists,0.06,125.34,113,8.6,120.0
1613730,2025-06-10 01:06:00,2025-06-10 01:27:00,101837.47,60091.24,639.81,12.52,К-р Восточный,630-E040625_P_B_4.A,5663,2025-06-10,PV №52,carbonized_quartz-mica_hornfels_shists,0.06,-7.86,0,0.47,234.0
1582282,2025-05-09 19:52:00,2025-05-09 20:03:00,101301.82,60473.68,640.4,13.07,К-р Восточный,630-E030525_P_B_1.B,5862,2025-05-10,PV №52,mica-quartz_carbonate_massive_rocks,0.06,83.06,111,10.62,66.0
1579535,2025-05-07 09:26:00,2025-05-07 09:38:00,101246.86,60622.72,640.18,12.22,К-р Восточный,630-E030525_P_B_1.B,6119,2025-05-07,PV №52,quartz-mica foliated schists,0.06,278.3,103,16.41,36.0
1612490,2025-06-08 18:15:00,2025-06-08 18:34:00,101792.39,60105.4,638.79,12.07,К-р Восточный,630-E040625_P_B_4.A,5900,2025-06-08,PV №52,carbonized_quartz-mica_hornfels_shists,0.06,83.08,113,8.54,78.6
1667883,2025-08-02 02:42:00,2025-08-02 03:14:00,101247.41,60775.33,619.96,17.63,К-р Восточный,605-E230725_P_B_9.B,5023,2025-08-02,PV №52,mica-quartz_carbonate_massive_rocks,0.06,4.46,37,1.87,101.4
1613728,2025-06-10 00:47:00,2025-06-10 01:04:00,101844.14,60091.58,639.45,12.17,К-р Восточный,630-E040625_P_B_4.A,5662,2025-06-10,PV №52,carbonized_quartz-mica_hornfels_shists,0.06,47.06,36,7.83,108.0
1614955,2025-06-11 04:11:00,2025-06-11 04:34:00,101749.72,60073.4,639.41,12.0,К-р Восточный,630-E040625_P_B_4.A,5604,2025-06-11,PV №52,carbonized_quartz-mica_hornfels_shists,0.06,240.17,101,18.53,144.6
1581711,2025-05-09 10:02:00,2025-05-09 10:13:00,101336.33,60492.28,640.0,12.52,К-р Восточный,630-E030525_P_B_1.B,5999,2025-05-09,PV №52,carbonaceous quartz-mica calcium metasomatites,0.06,212.2,115,10.23,144.0
1614744,2025-06-11 00:36:00,2025-06-11 00:53:00,101739.89,60077.67,639.43,12.01,К-р Восточный,630-E040625_P_B_4.A,5808,2025-06-11,PV №52,carbonized_quartz-mica_hornfels_shists,0.06,241.35,105,16.55,114.0
1608650,2025-06-04 22:50:00,2025-06-04 23:08:00,101705.36,60138.67,639.5,12.67,К-р Восточный,630-E040625_P_B_4.A,6141,2025-06-05,PV №52,carbonized_quartz-mica_hornfels_shists,0.06,245.36,111,14.33,204.0
1613668,2025-06-09 20:31:00,2025-06-09 20:47:00,101853.97,60098.24,638.99,12.01,К-р Восточный,630-E040625_P_B_4.A,5865,2025-06-10,PV №52,carbonized_quartz-mica_hornfels_shists,0.06,60.43,112,8.34,120.0
1614450,2025-06-10 18:04:00,2025-06-10 18:28:00,101749.59,60084.05,639.24,12.38,К-р Восточный,630-E040625_P_B_4.A,5676,2025-06-10,PV №52,carbonized_quartz-mica_hornfels_shists,0.06,145.54,111,10.97,54.0
1611251,2025-06-07 11:36:00,2025-06-07 11:53:00,101867.85,60140.76,638.84,11.63,К-р Восточный,630-E040625_P_B_4.A,5996,2025-06-07,PV №52,carbonized_quartz-mica_hornfels_shists,0.06,254.21,112,12.68,48.0
1578927,2025-05-06 18:14:00,2025-05-06 18:26:00,101255.11,60661.09,639.85,12.17,К-р Восточный,630-E030525_P_B_1.B,6071,2025-05-06,PV №52,quartz-mica foliated schists,0.06,110.45,106,8.16,96.0
1667564,2025-08-01 19:21:00,2025-08-01 20:03:00,101244.7,60711.32,620.3,19.41,К-р Восточный,605-E230725_P_B_9.B,5078,2025-08-01,PV №52,mica-quartz_carbonate_massive_rocks,0.06,29.29,59,5.17,60.0
1581765,2025-05-09 10:59:00,2025-05-09 11:11:00,101300.89,60489.33,640.48,13.01,К-р Восточный,630-E030525_P_B_1.B,5872,2025-05-09,PV №52,mica-quartz_carbonate_massive_rocks,0.06,237.29,111,12.9,288.6
1612707,2025-06-08 21:25:00,2025-06-08 21:43:00,101829.81,60102.4,639.54,11.64,К-р Восточный,630-E040625_P_B_4.A,5700,2025-06-09,PV №52,carbonized_quartz-mica_hornfels_shists,0.06,95.2,50,11.29,72.6
1614152,2025-06-10 10:28:00,2025-06-10 10:47:00,101811.58,60077.91,638.82,12.01,К-р Восточный,630-E040625_P_B_4.A,5613,2025-06-10,PV №52,carbonized_quartz-mica_hornfels_shists,0.06,87.22,113,12.18,264.0
1580592,2025-05-08 09:59:00,2025-05-08 10:11:00,101256.56,60555.01,640.37,12.52,К-р Восточный,630-E030525_P_B_1.B,5946,2025-05-08,PV №52,quartz-mica foliated schists,0.06,233.75,110,10.17,126.0
1613091,2025-06-09 08:12:00,2025-06-09 08:44:00,101762.47,60097.07,639.01,12.01,К-р Восточный,630-E040625_P_B_4.A,5690,2025-06-09,PV №52,carbonized_quartz-mica_hornfels_shists,0.06,95.04,54,8.23,78.0
1667127,2025-08-01 07:34:00,2025-08-01 08:00:00,101221.47,60791.35,620.09,17.52,К-р Восточный,605-E230725_P_B_9.B,5017,2025-08-01,PV №52,mica-quartz_carbonate_massive_rocks,0.06,63.57,104,8.35,60.0
1579320,2025-05-07 03:13:00,2025-05-07 03:25:00,101274.31,60609.08,639.88,11.62,К-р Восточный,630-E030525_P_B_1.B,6112,2025-05-07,PV №52,quartz-mica foliated schists,0.06,129.25,66,6.79,72.0
1611159,2025-06-07 09:33:00,2025-06-07 09:52:00,101754.63,60108.34,638.79,11.53,К-р Восточный,630-E040625_P_B_4.A,5755,2025-06-07,PV №52,carbonized_quartz-mica_hornfels_shists,0.06,50.3,27,7.08,144.0
1608787,2025-06-05 01:29:00,2025-06-05 01:47:00,101724.34,60139.69,639.34,12.1,К-р Восточный,630-E040625_P_B_4.A,6138,2025-06-05,PV №52,carbonized_quartz-mica_hornfels_shists,0.06,141.62,51,12.71,78.0
1613163,2025-06-09 09:46:00,2025-06-09 10:05:00,101721.53,60093.44,639.19,12.02,К-р Восточный,630-E040625_P_B_4.A,5684,2025-06-09,PV №52,carbonized_quartz-mica_hornfels_shists,0.06,120.9,97,8.25,168.0
1667082,2025-08-01 06:16:00,2025-08-01 06:57:00,101220.41,60809.54,619.99,17.5,К-р Восточный,605-E230725_P_B_9.B,4976,2025-08-01,PV №52,mica-quartz_carbonate_massive_rocks,0.06,416.61,106,21.13,36.0
1611076,2025-06-07 07:58:00,2025-06-07 08:12:00,101756.67,60126.1,638.73,11.56,К-р Восточный,630-E040625_P_B_4.A,6061,2025-06-07,PV №52,carbonized_quartz-mica_hornfels_shists,0.06,169.74,110,14.04,36.0
1612692,2025-06-08 23:09:00,2025-06-08 23:29:00,101795.96,60099.66,639.31,11.73,К-р Восточный,630-E040625_P_B_4.A,5695,2025-06-09,PV №52,carbonized_quartz-mica_hornfels_shists,0.06,102.09,94,6.88,54.0
1667411,2025-08-01 14:50:00,2025-08-01 15:18:00,101230.35,60780.35,620.11,17.03,К-р Восточный,605-E230725_P_B_9.B,5047,2025-08-01,PV №52,mica-quartz_carbonate_massive_rocks,0.06,173.91,83,8.78,108.0
1612099,2025-06-08 08:49:00,2025-06-08 09:10:00,101862.94,60116.86,638.91,12.05,К-р Восточный,630-E040625_P_B_4.A,5739,2025-06-08,PV №52,carbonized_quartz-mica_hornfels_shists,0.06,52.59,115,8.38,72.0
1613232,2025-06-09 11:28:00,2025-06-09 11:47:00,101741.84,60094.9,638.81,12.03,К-р Восточный,630-E040625_P_B_4.A,5687,2025-06-09,PV №52,carbonized_quartz-mica_hornfels_shists,0.06,60.04,80,7.4,78.0
1667204,2025-08-01 09:32:00,2025-08-01 09:59:00,101226.49,60758.95,620.1,17.5,К-р Восточный,605-E230725_P_B_9.B,5050,2025-08-01,PV №52,mica-quartz_carbonate_massive_rocks,0.06,88.48,95,5.99,60.0
1667739,2025-08-01 22:44:00,2025-08-01 23:10:00,101259.98,60777.82,620.71,18.55,К-р Восточный,605-E230725_P_B_9.B,8176,2025-08-02,PV №52,mica-quartz_carbonate_massive_rocks,0.06,30.89,74,5.39,60.0
1668503,2025-08-02 19:30:00,2025-08-02 19:49:00,101282.94,60703.71,621.02,19.56,К-р Восточный,605-E230725_P_B_9.B,8162,2025-08-02,PV №52,quartz-mica foliated schists,0.06,84.21,82,5.44,174.0
1611689,2025-06-07 22:59:00,2025-06-07 23:16:00,101848.46,60127.21,639.46,11.74,К-р Восточный,630-E040625_P_B_4.A,5787,2025-06-08,PV №52,carbonized_quartz-mica_hornfels_shists,0.07,311.17,109,15.67,150.0
1578612,2025-05-06 09:18:00,2025-05-06 09:29:00,101262.91,60681.21,639.54,12.09,К-р Восточный,630-E030525_P_B_1.B,6075,2025-05-06,PV №52,quartz-mica foliated schists,0.07,178.15,113,11.57,150.0
1609453,2025-06-05 16:22:00,2025-06-05 16:36:00,101738.74,60130.64,639.05,11.72,К-р Восточный,630-E040625_P_B_4.A,5977,2025-06-05,PV №52,carbonized_quartz-mica_hornfels_shists,0.07,398.21,108,17.03,54.0
1580893,2025-05-08 16:44:00,2025-05-08 16:54:00,101297.01,60534.63,640.1,12.0,К-р Восточный,630-E030525_P_B_1.B,5889,2025-05-08,PV №52,quartz-mica foliated schists,0.07,79.67,113,13.38,96.0
1613635,2025-06-10 00:01:00,2025-06-10 00:20:00,101799.51,60094.08,638.98,12.52,К-р Восточный,630-E040625_P_B_4.A,5873,2025-06-10,PV №52,carbonized_quartz-mica_hornfels_shists,0.07,197.29,97,18.07,138.0
1612677,2025-06-08 23:31:00,2025-06-08 23:53:00,101789.44,60099.15,639.1,11.87,К-р Восточный,630-E040625_P_B_4.A,5694,2025-06-09,PV №52,carbonized_quartz-mica_hornfels_shists,0.07,120.64,115,7.49,78.0
1580540,2025-05-08 08:56:00,2025-05-08 09:07:00,101236.61,60583.44,640.62,12.19,К-р Восточный,630-E030525_P_B_1.B,6024,2025-05-08,PV №52,quartz-mica foliated schists,0.07,291.56,103,16.45,510.6
1614763,2025-06-11 02:09:00,2025-06-11 02:31:00,101766.75,60079.41,639.41,12.01,К-р Восточный,630-E040625_P_B_4.A,5812,2025-06-11,PV №52,carbonized_quartz-mica_hornfels_shists,0.07,22.47,52,5.42,24.0
1667333,2025-08-01 12:41:00,2025-08-01 13:00:00,101229.46,60796.7,619.95,13.79,К-р Восточный,605-E230725_P_B_9.B,5011,2025-08-01,PV №52,mica-quartz_carbonate_massive_rocks,0.07,411.35,108,18.88,210.0
1580934,2025-05-08 17:26:00,2025-05-08 17:38:00,101283.64,60541.44,640.19,12.03,К-р Восточный,630-E030525_P_B_1.B,5929,2025-05-08,PV №52,quartz-mica foliated schists,0.07,60.89,116,7.73,360.6
1612235,2025-06-08 11:42:00,2025-06-08 11:58:00,101808.9,60112.44,638.95,12.1,К-р Восточный,630-E040625_P_B_4.A,5747,2025-06-08,PV №52,carbonized_quartz-mica_hornfels_shists,0.07,92.28,103,11.47,72.0
1612696,2025-06-08 22:06:00,2025-06-08 22:24:00,101816.36,60101.07,639.46,12.17,К-р Восточный,630-E040625_P_B_4.A,5698,2025-06-09,PV №52,carbonized_quartz-mica_hornfels_shists,0.07,153.88,115,8.46,132.0
1581561,2025-05-09 06:15:00,2025-05-09 06:26:00,101321.86,60498.56,640.11,12.56,К-р Восточный,630-E030525_P_B_1.B,5971,2025-05-09,PV №52,mica-quartz_carbonate_massive_rocks,0.07,-14.85,57,1.49,126.0
1668665,2025-08-02 20:55:00,2025-08-02 21:15:00,101288.75,60687.28,621.52,19.53,К-р Восточный,605-E230725_P_B_9.B,8160,2025-08-03,PV №52,quartz-mica foliated schists,0.07,176.18,108,9.66,54.0
1667799,2025-08-02 00:49:00,2025-08-02 01:13:00,101236.91,60801.69,620.91,18.11,К-р Восточный,605-E230725_P_B_9.B,5021,2025-08-02,PV №52,mica-quartz_carbonate_massive_rocks,0.07,66.8,92,9.21,140.4
1667921,2025-08-02 03:18:00,2025-08-02 03:46:00,101265.69,60762.86,621.03,18.04,К-р Восточный,605-E230725_P_B_9.B,8178,2025-08-02,PV №52,mica-quartz_carbonate_massive_rocks,0.07,-11.15,75,3.17,114.0
1581268,2025-05-09 00:45:00,2025-05-09 00:56:00,101281.02,60518.11,640.47,12.76,К-р Восточный,630-E030525_P_B_1.B,5884,2025-05-09,PV №52,quartz-mica foliated schists,0.07,101.37,105,8.19,162.0
1580081,2025-05-07 20:33:00,2025-05-07 20:46:00,101225.37,60613.21,640.38,12.64,К-р Восточный,630-E030525_P_B_1.B,6045,2025-05-08,PV №52,quartz-mica foliated schists,0.07,269.01,111,11.98,78.0
1580247,2025-05-08 02:28:00,2025-05-08 02:42:00,101259.94,60562.47,640.52,12.59,К-р Восточный,630-E030525_P_B_1.B,5938,2025-05-08,PV №52,quartz-mica foliated schists,0.07,274.26,105,18.54,36.0
1613728,2025-06-10 00:47:00,2025-06-10 01:04:00,101844.14,60091.58,639.45,12.17,К-р Восточный,630-E040625_P_B_4.A,5662,2025-06-10,PV №52,carbonized_quartz-mica_hornfels_shists,0.07,86.39,72,7.76,84.0
1579472,2025-05-07 07:50:00,2025-05-07 08:04:00,101217.44,60666.0,640.0,12.51,К-р Восточный,630-E030525_P_B_1.B,6145,2025-05-07,PV №52,quartz-mica foliated schists,0.07,297.62,80,15.18,54.0
1612390,2025-06-08 15:45:00,2025-06-08 16:06:00,101839.66,60109.06,639.32,12.12,К-р Восточный,630-E040625_P_B_4.A,5907,2025-06-08,PV №52,carbonized_quartz-mica_hornfels_shists,0.07,71.25,113,8.86,84.0
1666091,2025-07-31 07:53:00,2025-07-31 08:14:00,101246.98,60702.49,620.63,18.01,К-р Восточный,605-E230725_P_B_9.B,5079,2025-07-31,PV №52,mica-quartz_carbonate_massive_rocks,0.07,94.85,63,8.83,24.0
1609695,2025-06-05 22:13:00,2025-06-05 22:30:00,101735.89,60124.22,639.25,11.62,К-р Восточный,630-E040625_P_B_4.A,6058,2025-06-06,PV №52,carbonized_quartz-mica_hornfels_shists,0.07,131.49,106,13.15,131.4
1580489,2025-05-08 07:50:00,2025-05-08 08:02:00,101272.45,60570.71,640.42,12.61,К-р Восточный,630-E030525_P_B_1.B,6013,2025-05-08,PV №52,quartz-mica foliated schists,0.07,391.89,110,15.07,90.0
1667306,2025-08-01 12:18:00,2025-08-01 12:39:00,101228.78,60805.49,620.28,17.56,К-р Восточный,605-E230725_P_B_9.B,5003,2025-08-01,PV №52,mica-quartz_carbonate_massive_rocks,0.07,317.59,104,20.59,101.4
1582379,2025-05-10 00:34:00,2025-05-10 00:50:00,101282.69,60488.3,640.56,13.54,К-р Восточный,630-E030525_P_B_1.B,5870,2025-05-10,PV №52,quartz-mica foliated schists,0.07,110.01,110,13.63,132.0
1612489,2025-06-08 18:36:00,2025-06-08 18:55:00,101785.49,60104.87,638.67,11.51,К-р Восточный,630-E040625_P_B_4.A,5899,2025-06-08,PV №52,carbonized_quartz-mica_hornfels_shists,0.07,38.74,97,9.98,36.0
1581244,2025-05-09 00:29:00,2025-05-09 00:43:00,101272.14,60517.76,640.15,12.58,К-р Восточный,630-E030525_P_B_1.B,5883,2025-05-09,PV №52,quartz-mica foliated schists,0.07,18.83,59,5.75,138.0
1613760,2025-06-10 01:54:00,2025-06-10 02:15:00,101824.38,60090.07,639.24,12.52,К-р Восточный,630-E040625_P_B_4.A,5665,2025-06-10,PV №52,carbonized_quartz-mica_hornfels_shists,0.07,-1.09,24,2.16,24.0
1581765,2025-05-09 10:59:00,2025-05-09 11:11:00,101300.89,60489.33,640.48,13.01,К-р Восточный,630-E030525_P_B_1.B,5872,2025-05-09,PV №52,mica-quartz_carbonate_massive_rocks,0.07,230.66,113,11.91,234.0
1611783,2025-06-08 01:40:00,2025-06-08 01:59:00,101793.97,60123.54,639.07,11.66,К-р Восточный,630-E040625_P_B_4.A,5779,2025-06-08,PV №52,carbonized_quartz-mica_hornfels_shists,0.07,174.45,47,18.03,120.0
1581192,2025-05-08 21:48:00,2025-05-08 22:00:00,101310.92,60527.91,639.69,12.03,К-р Восточный,630-E030525_P_B_1.B,5961,2025-05-09,PV №52,quartz-mica foliated schists,0.07,148.05,114,9.18,138.6
1667732,2025-08-01 20:29:00,2025-08-01 20:57:00,101239.68,60696.48,620.16,18.01,К-р Восточный,605-E230725_P_B_9.B,5057,2025-08-02,PV №52,mica-quartz_carbonate_massive_rocks,0.07,82.8,72,4.9,78.0
1580964,2025-05-08 18:15:00,2025-05-08 18:26:00,101266.79,60540.21,640.28,12.0,К-р Восточный,630-E030525_P_B_1.B,5931,2025-05-08,PV №52,quartz-mica foliated schists,0.07,310.44,110,14.13,240.0
1672834,2025-08-06 22:00:00,2025-08-06 22:18:00,101210.6,60840.92,620.27,17.51,К-р Восточный,605-E230725_P_B_9.B,4996,2025-08-07,PV №52,mica-quartz_carbonate_massive_rocks,0.07,426.72,112,16.89,78.0
1580316,2025-05-08 03:33:00,2025-05-08 03:46:00,101285.3,60579.36,640.33,12.59,К-р Восточный,630-E030525_P_B_1.B,6091,2025-05-08,PV №52,quartz-mica foliated schists,0.07,92.83,59,6.79,132.0
1672826,2025-08-06 21:00:00,2025-08-06 21:18:00,101202.65,60835.5,620.29,17.52,К-р Восточный,605-E230725_P_B_9.B,4972,2025-08-07,PV №52,quartz-mica foliated schists,0.07,25.32,53,3.98,126.0
1609444,2025-06-05 16:07:00,2025-06-05 16:20:00,101732.41,60129.9,638.99,11.65,К-р Восточный,630-E040625_P_B_4.A,5976,2025-06-05,PV №52,fault_zone,0.07,305.7,109,14.36,60.0
1580733,2025-05-08 13:09:00,2025-05-08 13:22:00,101343.16,60523.21,639.5,12.18,К-р Восточный,630-E030525_P_B_1.B,5987,2025-05-08,PV №52,mica-quartz_carbonate_massive_rocks,0.07,209.51,113,12.78,168.0
1580063,2025-05-07 23:50:00,2025-05-08 00:06:00,101303.11,60586.67,640.03,12.71,К-р Восточный,630-E030525_P_B_1.B,6094,2025-05-08,PV №52,quartz-mica foliated schists,0.07,154.29,89,14.27,107.4
1672866,2025-08-06 22:20:00,2025-08-06 22:37:00,101211.12,60831.98,620.24,17.51,К-р Восточный,605-E230725_P_B_9.B,4995,2025-08-07,PV №52,mica-quartz_carbonate_massive_rocks,0.07,45.72,65,5.17,48.0
1580426,2025-05-08 05:59:00,2025-05-08 06:11:00,101295.19,60565.54,640.4,12.61,К-р Восточный,630-E030525_P_B_1.B,5942,2025-05-08,PV №52,quartz-mica foliated schists,0.07,307.41,106,14.82,42.0
1614718,2025-06-10 20:34:00,2025-06-10 20:53:00,101773.42,60079.64,639.3,12.0,К-р Восточный,630-E040625_P_B_4.A,5813,2025-06-11,PV №52,carbonized_quartz-mica_hornfels_shists,0.07,129.47,111,11.71,78.0
1666849,2025-08-01 01:42:00,2025-08-01 02:10:00,101216.12,60770.68,620.25,17.58,К-р Восточный,605-E230725_P_B_9.B,5094,2025-08-01,PV №52,mica-quartz_carbonate_massive_rocks,0.07,2.68,44,0.9,210.0
1614094,2025-06-10 09:30:00,2025-06-10 10:01:00,101823.95,60079.11,639.12,12.52,К-р Восточный,630-E040625_P_B_4.A,5615,2025-06-10,PV №52,carbonized_quartz-mica_hornfels_shists,0.07,119.52,112,12.09,6.0
1580410,2025-05-08 05:27:00,2025-05-08 05:42:00,101312.51,60566.84,639.78,12.6,К-р Восточный,630-E030525_P_B_1.B,5981,2025-05-08,PV №52,quartz-mica foliated schists,0.07,36.87,112,10.59,186.0
1612019,2025-06-08 06:12:00,2025-06-08 06:29:00,101804.75,60118.4,639.29,11.69,К-р Восточный,630-E040625_P_B_4.A,5952,2025-06-08,PV №52,carbonized_quartz-mica_hornfels_shists,0.07,291.73,109,13.11,78.0
1579504,2025-05-07 08:38:00,2025-05-07 08:50:00,101231.91,60644.24,640.13,12.33,К-р Восточный,630-E030525_P_B_1.B,6061,2025-05-07,PV №52,quartz-mica foliated schists,0.07,48.23,106,6.27,125.4
1579345,2025-05-07 03:50:00,2025-05-07 04:04:00,101220.63,60673.86,640.07,12.66,К-р Восточный,630-E030525_P_B_1.B,6080,2025-05-07,PV №52,quartz-mica foliated schists,0.07,110.01,45,6.29,162.0
1609401,2025-06-05 15:15:00,2025-06-05 15:31:00,101712.12,60128.66,639.44,12.63,К-р Восточный,630-E040625_P_B_4.A,5973,2025-06-05,PV №52,carbonized_quartz-mica_hornfels_shists,0.07,38.66,114,7.77,54.0
1666191,2025-07-31 10:02:00,2025-07-31 10:26:00,101197.04,60803.22,619.86,17.6,К-р Восточный,605-E230725_P_B_9.B,5005,2025-07-31,PV №52,mica-quartz_carbonate_massive_rocks,0.07,218.79,114,11.36,132.6
1613873,2025-06-10 03:50:00,2025-06-10 04:10:00,101848.12,60086.11,639.58,12.52,К-р Восточный,630-E040625_P_B_4.A,5824,2025-06-10,PV №52,carbonized_quartz-mica_hornfels_shists,0.07,103.29,114,8.93,102.0
1582263,2025-05-09 20:08:00,2025-05-09 20:19:00,101297.13,60481.34,640.74,13.02,К-р Восточный,630-E030525_P_B_1.B,5906,2025-05-10,PV №52,mica-quartz_carbonate_massive_rocks,0.07,94.86,114,8.97,257.4
1667959,2025-08-02 04:18:00,2025-08-02 04:43:00,101238.74,60776.94,619.83,17.44,К-р Восточный,605-E230725_P_B_9.B,5046,2025-08-02,PV №52,mica-quartz_carbonate_massive_rocks,0.07,109.45,110,10.92,125.4
1613624,2025-06-09 21:44:00,2025-06-09 22:05:00,101840.35,60097.04,639.42,12.0,К-р Восточный,630-E040625_P_B_4.A,5867,2025-06-10,PV №52,carbonized_quartz-mica_hornfels_shists,0.07,27.14,102,7.89,83.4
1609194,2025-06-05 10:39:00,2025-06-05 10:56:00,101748.66,60137.22,638.69,11.7,К-р Восточный,630-E040625_P_B_4.A,6040,2025-06-05,PV №52,fault_zone,0.07,45.74,115,7.81,48.0
1611113,2025-06-07 08:41:00,2025-06-07 08:54:00,101763.13,60126.69,638.66,11.64,К-р Восточный,630-E040625_P_B_4.A,6062,2025-06-07,PV №52,carbonized_quartz-mica_hornfels_shists,0.07,63.88,115,6.97,144.0
1581197,2025-05-08 23:56:00,2025-05-09 00:08:00,101324.55,60521.18,639.64,12.07,К-р Восточный,630-E030525_P_B_1.B,5989,2025-05-09,PV №52,quartz-mica foliated schists,0.07,97.64,114,7.56,54.0
1612704,2025-06-08 21:06:00,2025-06-08 21:22:00,101836.63,60102.72,639.37,11.91,К-р Восточный,630-E040625_P_B_4.A,5701,2025-06-09,PV №52,carbonized_quartz-mica_hornfels_shists,0.07,47.15,113,9.67,96.0
1668288,2025-08-02 12:51:00,2025-08-02 13:12:00,101254.69,60741.1,619.97,17.57,К-р Восточный,605-E230725_P_B_9.B,5027,2025-08-02,PV №52,mica-quartz_carbonate_massive_rocks,0.07,30.64,91,3.54,576.0
1609737,2025-06-05 19:49:00,2025-06-05 20:05:00,101688.8,60120.05,639.36,12.81,К-р Восточный,630-E040625_P_B_4.A,6051,2025-06-06,PV №52,carbonized_quartz-mica_hornfels_shists,0.07,107.39,43,6.06,126.0
1614789,2025-06-11 01:18:00,2025-06-11 01:42:00,101753.35,60078.2,639.45,12.03,К-р Восточный,630-E040625_P_B_4.A,5810,2025-06-11,PV №52,carbonized_quartz-mica_hornfels_shists,0.07,121.23,43,9.77,42.0
1611870,2025-06-08 03:28:00,2025-06-08 03:45:00,101865.77,60123.21,639.31,11.48,К-р Восточный,630-E040625_P_B_4.A,5943,2025-06-08,PV №52,carbonized_quartz-mica_hornfels_shists,0.07,3.57,40,0.73,228.0
1672643,2025-08-06 19:30:00,2025-08-06 19:56:00,101194.04,60848.72,620.62,18.16,К-р Восточный,605-E230725_P_B_9.B,4988,2025-08-06,PV №52,quartz-mica foliated schists,0.07,51.68,59,6.3,79.2
1667733,2025-08-01 23:46:00,2025-08-02 00:11:00,101264.34,60771.02,620.82,18.23,К-р Восточный,605-E230725_P_B_9.B,8177,2025-08-02,PV №52,mica-quartz_carbonate_massive_rocks,0.07,75.11,97,6.46,132.0
1668144,2025-08-02 09:39:00,2025-08-02 10:05:00,101272.14,60735.25,621.25,18.56,К-р Восточный,605-E230725_P_B_9.B,8181,2025-08-02,PV №52,mica-quartz_carbonate_massive_rocks,0.07,428.24,111,15.0,36.0
1579611,2025-05-07 12:02:00,2025-05-07 12:15:00,101298.59,60594.74,639.8,12.21,К-р Восточный,630-E030525_P_B_1.B,6095,2025-05-07,PV №52,quartz-mica foliated schists,0.07,163.64,113,10.68,299.4
1609338,2025-06-05 14:05:00,2025-06-05 14:20:00,101684.99,60126.61,639.28,12.62,К-р Восточный,630-E040625_P_B_4.A,5969,2025-06-05,PV №52,carbonized_quartz-mica_hornfels_shists,0.07,153.62,111,11.1,120.6
1579568,2025-05-07 11:23:00,2025-05-07 11:40:00,101294.81,60602.21,641.62,12.19,К-р Восточный,630-E030525_P_B_1.B,6036,2025-05-07,PV №52,quartz-mica foliated schists,0.07,113.98,109,17.73,150.0
1579300,2025-05-07 02:56:00,2025-05-07 03:11:00,101269.03,60616.29,639.66,12.12,К-р Восточный,630-E030525_P_B_1.B,6040,2025-05-07,PV №52,quartz-mica foliated schists,0.07,81.9,64,6.45,114.0
1579138,2025-05-06 21:17:00,2025-05-06 21:32:00,101291.05,60610.15,639.83,12.56,К-р Восточный,630-E030525_P_B_1.B,6114,2025-05-07,PV №52,quartz-mica foliated schists,0.07,40.4,109,7.27,252.0
1611895,2025-06-08 03:47:00,2025-06-08 04:03:00,101858.93,60122.35,639.26,11.15,К-р Восточный,630-E040625_P_B_4.A,5944,2025-06-08,PV №52,carbonized_quartz-mica_hornfels_shists,0.07,59.97,30,0.94,156.0
1667856,2025-08-02 02:15:00,2025-08-02 02:39:00,101246.2,60781.78,620.31,17.63,К-р Восточный,605-E230725_P_B_9.B,5022,2025-08-02,PV №52,mica-quartz_carbonate_massive_rocks,0.07,92.9,87,8.64,54.0
1611732,2025-06-08 00:42:00,2025-06-08 01:00:00,101814.62,60124.74,639.3,11.59,К-р Восточный,630-E040625_P_B_4.A,5782,2025-06-08,PV №52,carbonized_quartz-mica_hornfels_shists,0.07,149.6,33,4.62,60.0
1580162,2025-05-08 01:05:00,2025-05-08 01:21:00,101262.87,60585.31,640.36,12.08,К-р Восточный,630-E030525_P_B_1.B,6021,2025-05-08,PV №52,quartz-mica foliated schists,0.07,106.09,68,7.08,96.0
1668503,2025-08-02 19:30:00,2025-08-02 19:49:00,101282.94,60703.71,621.02,19.56,К-р Восточный,605-E230725_P_B_9.B,8162,2025-08-02,PV №52,quartz-mica foliated schists,0.07,-11.09,78,3.73,6.0
1580689,2025-05-08 12:06:00,2025-05-08 12:18:00,101299.82,60557.85,640.05,12.52,К-р Восточный,630-E030525_P_B_1.B,5951,2025-05-08,PV №52,quartz-mica foliated schists,0.07,299.46,111,11.44,78.0
1580689,2025-05-08 12:06:00,2025-05-08 12:18:00,101299.82,60557.85,640.05,12.52,К-р Восточный,630-E030525_P_B_1.B,5951,2025-05-08,PV №52,quartz-mica foliated schists,0.07,296.3,112,12.38,150.0
1612190,2025-06-08 10:38:00,2025-06-08 10:59:00,101828.96,60113.97,639.12,12.16,К-р Восточный,630-E040625_P_B_4.A,5744,2025-06-08,PV №52,carbonized_quartz-mica_hornfels_shists,0.08,-6.33,46,1.05,305.4
1612692,2025-06-08 23:09:00,2025-06-08 23:29:00,101795.96,60099.66,639.31,11.73,К-р Восточный,630-E040625_P_B_4.A,5695,2025-06-09,PV №52,carbonized_quartz-mica_hornfels_shists,0.08,160.29,80,11.11,90.0
1581174,2025-05-08 21:28:00,2025-05-08 21:44:00,101302.23,60527.41,640.05,12.13,К-р Восточный,630-E030525_P_B_1.B,5926,2025-05-09,PV №52,quartz-mica foliated schists,0.08,-6.54,62,4.95,294.0
1613629,2025-06-09 19:41:00,2025-06-09 20:02:00,101786.6,60092.87,638.87,12.01,К-р Восточный,630-E040625_P_B_4.A,5875,2025-06-10,PV №52,carbonized_quartz-mica_hornfels_shists,0.08,34.96,77,6.45,18.0
1666743,2025-07-31 23:06:00,2025-07-31 23:23:00,101222.44,60702.05,620.31,18.05,К-р Восточный,605-E230725_P_B_9.B,5061,2025-08-01,PV №52,mica-quartz_carbonate_massive_rocks,0.08,110.64,84,7.82,54.0
1668477,2025-08-02 17:58:00,2025-08-02 18:17:00,101264.31,60696.83,620.48,18.03,К-р Восточный,605-E230725_P_B_9.B,5032,2025-08-02,PV №52,quartz-mica foliated schists,0.08,378.25,92,22.01,42.0
1666849,2025-08-01 01:42:00,2025-08-01 02:10:00,101216.12,60770.68,620.25,17.58,К-р Восточный,605-E230725_P_B_9.B,5094,2025-08-01,PV №52,mica-quartz_carbonate_massive_rocks,0.08,241.53,107,14.27,162.0
1611651,2025-06-07 23:38:00,2025-06-07 23:56:00,101834.76,60126.28,639.4,11.68,К-р Восточный,630-E040625_P_B_4.A,5785,2025-06-08,PV №52,carbonized_quartz-mica_hornfels_shists,0.08,127.35,2,9.25,120.0
1612692,2025-06-08 23:09:00,2025-06-08 23:29:00,101795.96,60099.66,639.31,11.73,К-р Восточный,630-E040625_P_B_4.A,5695,2025-06-09,PV №52,carbonized_quartz-mica_hornfels_shists,0.08,111.03,63,9.55,78.0
1668035,2025-08-02 06:07:00,2025-08-02 06:32:00,101250.84,60758.92,620.14,18.0,К-р Восточный,605-E230725_P_B_9.B,5025,2025-08-02,PV №52,mica-quartz_carbonate_massive_rocks,0.08,25.91,81,6.61,126.0
1611235,2025-06-07 11:17:00,2025-06-07 11:34:00,101875.43,60141.51,638.78,11.61,К-р Восточный,630-E040625_P_B_4.A,5997,2025-06-07,PV №52,carbonized_quartz-mica_hornfels_shists,0.08,-0.19,51,1.77,246.0
1579319,2025-05-07 03:33:00,2025-05-07 03:47:00,101215.47,60681.16,640.27,12.64,К-р Восточный,630-E030525_P_B_1.B,6157,2025-05-07,PV №52,quartz-mica foliated schists,0.08,111.65,59,6.45,144.0
1612692,2025-06-08 23:09:00,2025-06-08 23:29:00,101795.96,60099.66,639.31,11.73,К-р Восточный,630-E040625_P_B_4.A,5695,2025-06-09,PV №52,carbonized_quartz-mica_hornfels_shists,0.08,283.21,111,14.98,42.0
1668662,2025-08-02 22:06:00,2025-08-02 22:29:00,101285.8,60673.51,621.42,18.58,К-р Восточный,605-E230725_P_B_9.B,8188,2025-08-03,PV №52,quartz-mica foliated schists,0.08,368.52,59,20.76,30.0
1581439,2025-05-09 03:54:00,2025-05-09 04:09:00,101303.33,60512.2,640.01,12.62,К-р Восточный,630-E030525_P_B_1.B,5914,2025-05-09,PV №52,quartz-mica foliated schists,0.08,134.02,57,13.43,72.0
1612179,2025-06-08 10:17:00,2025-06-08 10:36:00,101835.84,60114.56,639.08,12.05,К-р Восточный,630-E040625_P_B_4.A,5743,2025-06-08,PV №52,carbonized_quartz-mica_hornfels_shists,0.08,71.54,103,7.69,78.6
1582263,2025-05-09 20:08:00,2025-05-09 20:19:00,101297.13,60481.34,640.74,13.02,К-р Восточный,630-E030525_P_B_1.B,5906,2025-05-10,PV №52,mica-quartz_carbonate_massive_rocks,0.08,-30.68,110,4.33,36.0
1581127,2025-05-08 19:36:00,2025-05-08 19:50:00,101279.64,60533.24,640.29,12.73,К-р Восточный,630-E030525_P_B_1.B,5891,2025-05-09,PV №52,quartz-mica foliated schists,0.08,-11.77,104,5.44,120.0
1609350,2025-06-05 14:22:00,2025-06-05 14:38:00,101691.48,60127.21,639.29,12.58,К-р Восточный,630-E040625_P_B_4.A,5970,2025-06-05,PV №52,carbonized_quartz-mica_hornfels_shists,0.08,34.15,72,3.92,138.0
1613629,2025-06-09 19:41:00,2025-06-09 20:02:00,101786.6,60092.87,638.87,12.01,К-р Восточный,630-E040625_P_B_4.A,5875,2025-06-10,PV №52,carbonized_quartz-mica_hornfels_shists,0.08,64.97,83,7.31,78.0
1668484,2025-08-02 18:19:00,2025-08-02 18:41:00,101257.28,60690.66,620.42,17.51,К-р Восточный,605-E230725_P_B_9.B,5036,2025-08-02,PV №52,quartz-mica foliated schists,0.08,382.01,103,21.72,54.0
1609128,2025-06-05 08:56:00,2025-06-05 09:09:00,101708.28,60133.97,639.26,12.61,К-р Восточный,630-E040625_P_B_4.A,6046,2025-06-05,PV №52,carbonized_quartz-mica_hornfels_shists,0.08,44.77,99,7.26,36.0
1667799,2025-08-02 00:49:00,2025-08-02 01:13:00,101236.91,60801.69,620.91,18.11,К-р Восточный,605-E230725_P_B_9.B,5021,2025-08-02,PV №52,mica-quartz_carbonate_massive_rocks,0.08,89.52,113,10.28,162.0
1614665,2025-06-11 00:10:00,2025-06-11 00:33:00,101733.31,60077.05,639.23,12.01,К-р Восточный,630-E040625_P_B_4.A,5807,2025-06-11,PV №52,carbonized_quartz-mica_hornfels_shists,0.08,233.98,100,17.83,240.0
1614124,2025-06-10 10:04:00,2025-06-10 10:25:00,101817.38,60078.48,638.94,12.54,К-р Восточный,630-E040625_P_B_4.A,5614,2025-06-10,PV №52,carbonized_quartz-mica_hornfels_shists,0.08,63.7,54,7.02,60.0
1614725,2025-06-10 23:47:00,2025-06-11 00:07:00,101726.14,60076.28,639.35,12.5,К-р Восточный,630-E040625_P_B_4.A,5806,2025-06-11,PV №52,carbonized_quartz-mica_hornfels_shists,0.08,86.7,112,11.27,71.4
1614981,2025-06-11 04:36:00,2025-06-11 04:55:00,101756.77,60073.7,639.38,12.01,К-р Восточный,630-E040625_P_B_4.A,5605,2025-06-11,PV №52,carbonized_quartz-mica_hornfels_shists,0.08,113.99,104,15.62,78.6
1580010,2025-05-07 21:55:00,2025-05-07 22:10:00,101239.31,60606.61,640.25,12.11,К-р Восточный,630-E030525_P_B_1.B,6108,2025-05-08,PV №52,quartz-mica foliated schists,0.08,422.44,106,17.61,48.0
1611380,2025-06-07 16:36:00,2025-06-07 16:54:00,101858.28,60134.2,638.8,12.04,К-р Восточный,630-E040625_P_B_4.A,6076,2025-06-07,PV №52,carbonized_quartz-mica_hornfels_shists,0.08,-6.44,6,0.98,348.0
1579444,2025-05-07 05:54:00,2025-05-07 06:08:00,101260.52,60615.82,639.9,12.13,К-р Восточный,630-E030525_P_B_1.B,6041,2025-05-07,PV №52,quartz-mica foliated schists,0.08,94.15,56,7.23,180.0
1612416,2025-06-08 16:48:00,2025-06-08 17:10:00,101819.27,60107.59,639.28,12.07,К-р Восточный,630-E040625_P_B_4.A,5904,2025-06-08,PV №52,carbonized_quartz-mica_hornfels_shists,0.08,184.87,115,13.29,311.4
1672613,2025-08-06 18:12:00,2025-08-06 18:39:00,101226.61,60830.51,620.41,18.02,К-р Восточный,605-E230725_P_B_9.B,5000,2025-08-06,PV №52,mica-quartz_carbonate_massive_rocks,0.08,127.38,87,10.14,150.0
1672833,2025-08-06 23:00:00,2025-08-06 23:17:00,101219.42,60827.91,620.19,17.57,К-р Восточный,605-E230725_P_B_9.B,4978,2025-08-07,PV №52,mica-quartz_carbonate_massive_rocks,0.08,286.76,83,11.97,65.4
1580709,2025-05-08 12:21:00,2025-05-08 12:33:00,101323.04,60552.11,639.47,12.02,К-р Восточный,630-E030525_P_B_1.B,5982,2025-05-08,PV №52,quartz-mica foliated schists,0.08,241.14,110,13.6,84.0
1667536,2025-08-01 17:53:00,2025-08-01 18:14:00,101240.7,60729.01,620.37,17.53,К-р Восточный,605-E230725_P_B_9.B,5076,2025-08-01,PV №52,mica-quartz_carbonate_massive_rocks,0.08,106.25,113,11.89,34.8
1611380,2025-06-07 16:36:00,2025-06-07 16:54:00,101858.28,60134.2,638.8,12.04,К-р Восточный,630-E040625_P_B_4.A,6076,2025-06-07,PV №52,carbonized_quartz-mica_hornfels_shists,0.08,0.65,64,1.83,96.0
1581505,2025-05-09 04:51:00,2025-05-09 05:09:00,101290.95,60503.34,640.45,12.66,К-р Восточный,630-E030525_P_B_1.B,5876,2025-05-09,PV №52,quartz-mica foliated schists,0.08,41.08,62,6.19,30.0
1614755,2025-06-11 00:56:00,2025-06-11 01:16:00,101746.76,60078.09,639.4,12.02,К-р Восточный,630-E040625_P_B_4.A,5809,2025-06-11,PV №52,carbonized_quartz-mica_hornfels_shists,0.08,19.56,51,6.49,12.6
1614911,2025-06-11 03:26:00,2025-06-11 03:45:00,101737.02,60071.0,639.09,12.01,К-р Восточный,630-E040625_P_B_4.A,5602,2025-06-11,PV №52,carbonized_quartz-mica_hornfels_shists,0.08,95.93,67,6.2,6.0
1612701,2025-06-08 20:33:00,2025-06-08 20:48:00,101850.31,60103.51,639.38,11.66,К-р Восточный,630-E040625_P_B_4.A,5703,2025-06-09,PV №52,carbonized_quartz-mica_hornfels_shists,0.08,240.32,96,9.95,144.0
1611625,2025-06-07 19:54:00,2025-06-07 20:13:00,101803.89,60129.68,639.17,11.71,К-р Восточный,630-E040625_P_B_4.A,6068,2025-06-08,PV №52,carbonized_quartz-mica_hornfels_shists,0.08,255.9,103,16.47,264.0
1609364,2025-06-05 14:39:00,2025-06-05 14:55:00,101698.35,60127.68,639.36,12.56,К-р Восточный,630-E040625_P_B_4.A,5971,2025-06-05,PV №52,carbonized_quartz-mica_hornfels_shists,0.08,-2.04,50,1.07,276.0
1612960,2025-06-09 04:18:00,2025-06-09 04:39:00,101710.97,60098.76,639.43,12.0,К-р Восточный,630-E040625_P_B_4.A,5888,2025-06-09,PV №52,carbonized_quartz-mica_hornfels_shists,0.08,6.23,25,2.04,6.0
1614370,2025-06-10 16:45:00,2025-06-10 17:07:00,101729.17,60082.11,639.17,12.01,К-р Восточный,630-E040625_P_B_4.A,5679,2025-06-10,PV №52,carbonized_quartz-mica_hornfels_shists,0.08,73.04,112,10.08,162.0
1668969,2025-08-04 08:56:00,2025-08-04 09:15:00,101235.18,60681.44,621.74,17.52,К-р Восточный,605-E230725_P_B_9.B,5084,2025-08-03,PV №52,quartz-mica foliated schists,0.08,127.23,77,11.37,84.0
1579675,2025-05-07 13:52:00,2025-05-07 14:06:00,101266.39,60593.1,640.24,12.12,К-р Восточный,630-E030525_P_B_1.B,6099,2025-05-07,PV №52,quartz-mica foliated schists,0.08,280.83,109,14.59,96.6
1609723,2025-06-05 20:07:00,2025-06-05 20:25:00,101695.76,60120.83,639.42,12.01,К-р Восточный,630-E040625_P_B_4.A,6052,2025-06-06,PV №52,carbonized_quartz-mica_hornfels_shists,0.08,117.02,115,7.66,84.0
1579702,2025-05-07 14:31:00,2025-05-07 14:47:00,101199.88,60664.84,640.38,12.56,К-р Восточный,630-E030525_P_B_1.B,6143,2025-05-07,PV №52,quartz-mica foliated schists,0.08,164.77,104,16.08,41.4
1666429,2025-07-31 16:37:00,2025-07-31 17:07:00,101207.51,60773.5,620.11,17.53,К-р Восточный,605-E230725_P_B_9.B,5069,2025-07-31,PV №52,mica-quartz_carbonate_massive_rocks,0.08,91.19,76,7.48,132.0
1667127,2025-08-01 07:34:00,2025-08-01 08:00:00,101221.47,60791.35,620.09,17.52,К-р Восточный,605-E230725_P_B_9.B,5017,2025-08-01,PV №52,mica-quartz_carbonate_massive_rocks,0.08,52.4,105,6.9,305.4
1612416,2025-06-08 16:48:00,2025-06-08 17:10:00,101819.27,60107.59,639.28,12.07,К-р Восточный,630-E040625_P_B_4.A,5904,2025-06-08,PV №52,carbonized_quartz-mica_hornfels_shists,0.08,23.14,65,4.09,24.0
1611407,2025-06-07 16:56:00,2025-06-07 17:17:00,101851.6,60133.73,638.91,12.12,К-р Восточный,630-E040625_P_B_4.A,6075,2025-06-07,PV №52,carbonized_quartz-mica_hornfels_shists,0.08,-6.38,46,1.08,312.0
1612396,2025-06-08 16:08:00,2025-06-08 16:25:00,101832.83,60108.58,639.13,12.06,К-р Восточный,630-E040625_P_B_4.A,5906,2025-06-08,PV №52,carbonized_quartz-mica_hornfels_shists,0.08,32.82,115,6.39,48.0
1578853,2025-05-06 16:20:00,2025-05-06 16:33:00,101266.45,60666.52,639.51,12.37,К-р Восточный,630-E030525_P_B_1.B,6073,2025-05-06,PV №52,quartz-mica foliated schists,0.08,127.61,71,11.99,72.0
1578840,2025-05-06 16:03:00,2025-05-06 16:16:00,101243.35,60667.88,639.85,12.79,К-р Восточный,630-E030525_P_B_1.B,6148,2025-05-06,PV №52,quartz-mica foliated schists,0.08,268.04,113,12.65,102.0
1612707,2025-06-08 21:25:00,2025-06-08 21:43:00,101829.81,60102.4,639.54,11.64,К-р Восточный,630-E040625_P_B_4.A,5700,2025-06-09,PV №52,carbonized_quartz-mica_hornfels_shists,0.08,305.08,114,13.5,144.0
1672889,2025-08-06 20:40:00,2025-08-06 20:59:00,101201.63,60844.76,620.55,18.11,К-р Восточный,605-E230725_P_B_9.B,4971,2025-08-07,PV №52,quartz-mica foliated schists,0.08,386.12,113,18.19,102.0
1667764,2025-08-01 20:06:00,2025-08-01 20:25:00,101238.13,60705.36,620.44,18.04,К-р Восточный,605-E230725_P_B_9.B,5056,2025-08-02,PV №52,mica-quartz_carbonate_massive_rocks,0.08,108.6,117,8.05,234.0
1580744,2025-05-08 13:25:00,2025-05-08 13:41:00,101338.17,60530.32,639.29,12.01,К-р Восточный,630-E030525_P_B_1.B,5958,2025-05-08,PV №52,mica-quartz_carbonate_massive_rocks,0.08,101.41,114,9.47,42.0
1672856,2025-08-06 22:40:00,2025-08-06 22:58:00,101218.09,60836.77,620.69,17.52,К-р Восточный,605-E230725_P_B_9.B,4979,2025-08-07,PV №52,mica-quartz_carbonate_massive_rocks,0.08,47.07,92,7.43,24.0
1668821,2025-08-03 02:17:00,2025-08-03 02:39:00,101267.64,60678.66,620.43,18.02,К-р Восточный,605-E230725_P_B_9.B,5034,2025-08-03,PV №52,quartz-mica foliated schists,0.08,210.38,103,13.25,108.0
1579105,2025-05-06 21:53:00,2025-05-06 22:05:00,101268.33,60639.28,639.76,12.21,К-р Восточный,630-E030525_P_B_1.B,6131,2025-05-07,PV №52,quartz-mica foliated schists,0.08,388.51,111,15.3,72.6
1672584,2025-08-06 17:18:00,2025-08-06 17:40:00,101239.12,60816.46,620.58,18.43,К-р Восточный,605-E230725_P_B_9.B,8156,2025-08-06,PV №52,mica-quartz_carbonate_massive_rocks,0.08,74.59,68,4.79,72.0
1582274,2025-05-09 23:48:00,2025-05-10 00:00:00,101298.32,60466.69,640.4,13.73,К-р Восточный,630-E030525_P_B_1.B,6774,2025-05-10,PV №52,mica-quartz_carbonate_massive_rocks,0.08,167.76,111,12.51,342.6
1579472,2025-05-07 07:50:00,2025-05-07 08:04:00,101217.44,60666.0,640.0,12.51,К-р Восточный,630-E030525_P_B_1.B,6145,2025-05-07,PV №52,quartz-mica foliated schists,0.08,137.73,115,7.74,65.4
1667764,2025-08-01 20:06:00,2025-08-01 20:25:00,101238.13,60705.36,620.44,18.04,К-р Восточный,605-E230725_P_B_9.B,5056,2025-08-02,PV №52,mica-quartz_carbonate_massive_rocks,0.08,114.67,116,8.02,162.0
1613084,2025-06-09 07:49:00,2025-06-09 08:10:00,101758.33,60102.44,638.97,12.04,К-р Восточный,630-E040625_P_B_4.A,5895,2025-06-09,PV №52,carbonized_quartz-mica_hornfels_shists,0.08,104.69,99,8.47,60.0
1580386,2025-05-08 04:56:00,2025-05-08 05:08:00,101307.19,60573.95,640.04,12.71,К-р Восточный,630-E030525_P_B_1.B,5952,2025-05-08,PV №52,quartz-mica foliated schists,0.08,0.0,0,0.0,78.0
1613182,2025-06-09 10:08:00,2025-06-09 10:39:00,101728.23,60093.87,639.1,12.0,К-р Восточный,630-E040625_P_B_4.A,5685,2025-06-09,PV №52,carbonized_quartz-mica_hornfels_shists,0.08,290.08,111,16.92,102.0
1612276,2025-06-08 12:48:00,2025-06-08 13:06:00,101788.41,60111.0,638.8,11.57,К-р Восточный,630-E040625_P_B_4.A,5750,2025-06-08,PV №52,carbonized_quartz-mica_hornfels_shists,0.09,226.24,111,11.16,90.0
1667842,2025-08-02 01:44:00,2025-08-02 02:12:00,101238.33,60784.5,620.16,17.51,К-р Восточный,605-E230725_P_B_9.B,5019,2025-08-02,PV №52,mica-quartz_carbonate_massive_rocks,0.09,335.89,109,18.34,42.0
1614152,2025-06-10 10:28:00,2025-06-10 10:47:00,101811.58,60077.91,638.82,12.01,К-р Восточный,630-E040625_P_B_4.A,5613,2025-06-10,PV №52,carbonized_quartz-mica_hornfels_shists,0.09,75.26,88,9.39,138.0
1578805,2025-05-06 15:19:00,2025-05-06 15:33:00,101233.45,60682.43,639.93,12.62,К-р Восточный,630-E030525_P_B_1.B,6155,2025-05-06,PV №52,quartz-mica foliated schists,0.09,291.36,111,12.94,60.0
1580459,2025-05-08 07:13:00,2025-05-08 07:31:00,101286.34,60564.41,640.17,12.75,К-р Восточный,630-E030525_P_B_1.B,5941,2025-05-08,PV №52,quartz-mica foliated schists,0.09,161.55,116,10.29,156.0
1580772,2025-05-08 14:17:00,2025-05-08 14:29:00,101318.89,60544.02,639.66,12.51,К-р Восточный,630-E030525_P_B_1.B,5956,2025-05-08,PV №52,quartz-mica foliated schists,0.09,204.25,113,13.4,66.0
1579146,2025-05-06 20:10:00,2025-05-06 20:24:00,101282.63,60623.33,639.52,12.23,К-р Восточный,630-E030525_P_B_1.B,6038,2025-05-07,PV №52,quartz-mica foliated schists,0.09,155.02,110,15.18,36.0
1614230,2025-06-10 12:47:00,2025-06-10 13:08:00,101780.35,60080.18,639.25,12.01,К-р Восточный,630-E040625_P_B_4.A,5814,2025-06-10,PV №52,carbonized_quartz-mica_hornfels_shists,0.09,19.39,59,4.89,66.0
1614152,2025-06-10 10:28:00,2025-06-10 10:47:00,101811.58,60077.91,638.82,12.01,К-р Восточный,630-E040625_P_B_4.A,5613,2025-06-10,PV №52,carbonized_quartz-mica_hornfels_shists,0.09,0.13,57,2.82,66.0
1609338,2025-06-05 14:05:00,2025-06-05 14:20:00,101684.99,60126.61,639.28,12.62,К-р Восточный,630-E040625_P_B_4.A,5969,2025-06-05,PV №52,carbonized_quartz-mica_hornfels_shists,0.09,288.24,112,12.18,60.0
1579138,2025-05-06 21:17:00,2025-05-06 21:32:00,101291.05,60610.15,639.83,12.56,К-р Восточный,630-E030525_P_B_1.B,6114,2025-05-07,PV №52,quartz-mica foliated schists,0.09,129.53,2,13.71,324.0
1581197,2025-05-08 23:56:00,2025-05-09 00:08:00,101324.55,60521.18,639.64,12.07,К-р Восточный,630-E030525_P_B_1.B,5989,2025-05-09,PV №52,quartz-mica foliated schists,0.09,-16.14,99,4.47,66.0
1581147,2025-05-08 20:58:00,2025-05-08 21:10:00,101284.77,60526.44,640.06,12.14,К-р Восточный,630-E030525_P_B_1.B,5924,2025-05-09,PV №52,quartz-mica foliated schists,0.09,367.1,109,15.29,84.0
1609338,2025-06-05 14:05:00,2025-06-05 14:20:00,101684.99,60126.61,639.28,12.62,К-р Восточный,630-E040625_P_B_4.A,5969,2025-06-05,PV №52,carbonized_quartz-mica_hornfels_shists,0.09,46.85,117,7.45,102.0
1612678,2025-06-08 20:13:00,2025-06-08 20:31:00,101857.07,60103.89,639.47,11.62,К-р Восточный,630-E040625_P_B_4.A,5704,2025-06-09,PV №52,carbonized_quartz-mica_hornfels_shists,0.09,58.35,63,7.3,42.0
1609409,2025-06-05 15:33:00,2025-06-05 15:49:00,101718.68,60128.94,639.32,12.57,К-р Восточный,630-E040625_P_B_4.A,5974,2025-06-05,PV №52,carbonized_quartz-mica_hornfels_shists,0.09,282.75,82,12.44,42.0
1666776,2025-08-01 00:15:00,2025-08-01 00:40:00,101213.56,60795.38,620.05,17.6,К-р Восточный,605-E230725_P_B_9.B,5010,2025-08-01,PV №52,mica-quartz_carbonate_massive_rocks,0.09,19.96,91,3.98,108.0
1612677,2025-06-08 23:31:00,2025-06-08 23:53:00,101789.44,60099.15,639.1,11.87,К-р Восточный,630-E040625_P_B_4.A,5694,2025-06-09,PV №52,carbonized_quartz-mica_hornfels_shists,0.09,87.5,52,8.31,30.0
1614355,2025-06-10 16:22:00,2025-06-10 16:43:00,101722.39,60081.78,639.4,12.51,К-р Восточный,630-E040625_P_B_4.A,5680,2025-06-10,PV №52,carbonized_quartz-mica_hornfels_shists,0.09,57.95,103,10.48,131.4
1667940,2025-08-02 03:49:00,2025-08-02 04:14:00,101257.63,60765.24,620.6,18.28,К-р Восточный,605-E230725_P_B_9.B,8166,2025-08-02,PV №52,mica-quartz_carbonate_massive_rocks,0.09,430.47,110,15.52,36.0
1668685,2025-08-02 22:58:00,2025-08-02 23:19:00,101279.42,60699.63,621.29,18.9,К-р Восточный,605-E230725_P_B_9.B,8185,2025-08-03,PV №52,quartz-mica foliated schists,0.09,290.94,107,17.82,36.0
1579163,2025-05-07 00:13:00,2025-05-07 00:26:00,101265.01,60631.63,639.74,12.16,К-р Восточный,630-E030525_P_B_1.B,6054,2025-05-07,PV №52,quartz-mica foliated schists,0.09,113.44,54,8.79,120.0
1581191,2025-05-08 22:03:00,2025-05-08 22:17:00,101319.81,60528.56,639.68,12.12,К-р Восточный,630-E030525_P_B_1.B,5960,2025-05-09,PV №52,quartz-mica foliated schists,0.09,91.89,33,5.82,214.8
1581283,2025-05-09 01:14:00,2025-05-09 01:29:00,101298.2,60519.28,640.0,12.44,К-р Восточный,630-E030525_P_B_1.B,5886,2025-05-09,PV №52,quartz-mica foliated schists,0.09,102.96,78,8.47,6.0
1579146,2025-05-06 20:10:00,2025-05-06 20:24:00,101282.63,60623.33,639.52,12.23,К-р Восточный,630-E030525_P_B_1.B,6038,2025-05-07,PV №52,quartz-mica foliated schists,0.09,321.6,106,18.05,252.0
1581799,2025-05-09 11:34:00,2025-05-09 11:48:00,101368.99,60488.16,639.68,12.05,К-р Восточный,630-E030525_P_B_1.B,5979,2025-05-09,PV №52,carbonaceous quartz-mica calcium metasomatites,0.09,104.32,109,9.56,144.6
1614124,2025-06-10 10:04:00,2025-06-10 10:25:00,101817.38,60078.48,638.94,12.54,К-р Восточный,630-E040625_P_B_4.A,5614,2025-06-10,PV №52,carbonized_quartz-mica_hornfels_shists,0.09,75.32,46,7.94,30.0
1614042,2025-06-10 08:19:00,2025-06-10 08:36:00,101845.0,60080.85,639.44,12.01,К-р Восточный,630-E040625_P_B_4.A,5618,2025-06-10,PV №52,carbonized_quartz-mica_hornfels_shists,0.09,77.7,68,8.3,54.0
1580852,2025-05-08 15:58:00,2025-05-08 16:10:00,101306.16,60535.59,639.72,12.51,К-р Восточный,630-E030525_P_B_1.B,5888,2025-05-08,PV №52,quartz-mica foliated schists,0.09,92.12,104,9.25,190.8
1670655,2025-08-04 22:03:00,2025-08-04 22:21:00,101299.83,60652.65,623.51,19.53,К-р Восточный,605-E230725_P_B_9.B,8193,2025-08-05,PV №52,quartz-mica foliated schists,0.09,124.96,69,9.25,174.0
1667883,2025-08-02 02:42:00,2025-08-02 03:14:00,101247.41,60775.33,619.96,17.63,К-р Восточный,605-E230725_P_B_9.B,5023,2025-08-02,PV №52,mica-quartz_carbonate_massive_rocks,0.09,111.44,77,9.3,48.0
1666429,2025-07-31 16:37:00,2025-07-31 17:07:00,101207.51,60773.5,620.11,17.53,К-р Восточный,605-E230725_P_B_9.B,5069,2025-07-31,PV №52,mica-quartz_carbonate_massive_rocks,0.09,335.43,108,16.07,90.0
1609737,2025-06-05 19:49:00,2025-06-05 20:05:00,101688.8,60120.05,639.36,12.81,К-р Восточный,630-E040625_P_B_4.A,6051,2025-06-06,PV №52,carbonized_quartz-mica_hornfels_shists,0.09,98.52,52,6.26,60.0
1668324,2025-08-02 14:21:00,2025-08-02 14:47:00,101245.92,60743.84,621.6,17.04,К-р Восточный,605-E230725_P_B_9.B,5042,2025-08-02,PV №52,mica-quartz_carbonate_massive_rocks,0.09,430.11,109,17.34,48.0
1582379,2025-05-10 00:34:00,2025-05-10 00:50:00,101282.69,60488.3,640.56,13.54,К-р Восточный,630-E030525_P_B_1.B,5870,2025-05-10,PV №52,quartz-mica foliated schists,0.09,101.87,118,10.59,174.6
1667022,2025-08-01 04:49:00,2025-08-01 05:06:00,101229.16,60707.83,620.32,17.83,К-р Восточный,605-E230725_P_B_9.B,5087,2025-08-01,PV №52,mica-quartz_carbonate_massive_rocks,0.09,212.47,110,13.35,324.0
1611442,2025-06-07 18:17:00,2025-06-07 18:36:00,101824.27,60131.53,638.88,12.04,К-р Восточный,630-E040625_P_B_4.A,6071,2025-06-07,PV №52,carbonized_quartz-mica_hornfels_shists,0.09,7.6,41,1.98,258.0
1612704,2025-06-08 21:06:00,2025-06-08 21:22:00,101836.63,60102.72,639.37,11.91,К-р Восточный,630-E040625_P_B_4.A,5701,2025-06-09,PV №52,carbonized_quartz-mica_hornfels_shists,0.09,208.64,55,15.73,378.6
1668437,2025-08-02 17:07:00,2025-08-02 17:27:00,101277.84,60709.12,621.34,19.0,К-р Восточный,605-E230725_P_B_9.B,8184,2025-08-02,PV №52,mica-quartz_carbonate_massive_rocks,0.09,67.24,73,5.95,192.0
1611019,2025-06-07 05:50:00,2025-06-07 06:06:00,101720.63,60105.17,639.46,12.23,К-р Восточный,630-E040625_P_B_4.A,5760,2025-06-07,PV №52,carbonized_quartz-mica_hornfels_shists,0.09,43.46,0,3.24,658.8
1672836,2025-08-06 23:24:00,2025-08-06 23:43:00,101223.74,60837.03,620.3,18.02,К-р Восточный,605-E230725_P_B_9.B,4985,2025-08-07,PV №52,mica-quartz_carbonate_massive_rocks,0.09,325.56,111,16.27,108.0
1612696,2025-06-08 22:06:00,2025-06-08 22:24:00,101816.36,60101.07,639.46,12.17,К-р Восточный,630-E040625_P_B_4.A,5698,2025-06-09,PV №52,carbonized_quartz-mica_hornfels_shists,0.09,86.47,36,4.43,204.0
1672878,2025-08-06 19:58:00,2025-08-06 20:16:00,101194.63,60840.0,620.48,17.5,К-р Восточный,605-E230725_P_B_9.B,4989,2025-08-07,PV №52,quartz-mica foliated schists,0.09,75.09,67,6.76,474.0
1668821,2025-08-03 02:17:00,2025-08-03 02:39:00,101267.64,60678.66,620.43,18.02,К-р Восточный,605-E230725_P_B_9.B,5034,2025-08-03,PV №52,quartz-mica foliated schists,0.09,25.24,35,3.28,24.0
1668294,2025-08-02 13:14:00,2025-08-02 13:34:00,101256.76,60732.05,620.28,17.51,К-р Восточный,605-E230725_P_B_9.B,5028,2025-08-02,PV №52,mica-quartz_carbonate_massive_rocks,0.09,48.81,73,4.54,305.4
1609736,2025-06-05 21:03:00,2025-06-05 21:22:00,101715.97,60122.64,639.63,12.14,К-р Восточный,630-E040625_P_B_4.A,6055,2025-06-06,PV №52,fault_zone,0.09,75.75,68,7.4,84.0
1614888,2025-06-11 03:03:00,2025-06-11 03:23:00,101729.98,60070.5,639.26,12.53,К-р Восточный,630-E040625_P_B_4.A,5601,2025-06-11,PV №52,carbonized_quartz-mica_hornfels_shists,0.09,148.89,112,10.57,78.0
1667821,2025-08-02 01:15:00,2025-08-02 01:42:00,101237.68,60792.53,620.47,18.16,К-р Восточный,605-E230725_P_B_9.B,5020,2025-08-02,PV №52,mica-quartz_carbonate_massive_rocks,0.09,339.82,109,21.72,354.6
1612489,2025-06-08 18:36:00,2025-06-08 18:55:00,101785.49,60104.87,638.67,11.51,К-р Восточный,630-E040625_P_B_4.A,5899,2025-06-08,PV №52,carbonized_quartz-mica_hornfels_shists,0.09,71.65,103,6.49,54.0
1581244,2025-05-09 00:29:00,2025-05-09 00:43:00,101272.14,60517.76,640.15,12.58,К-р Восточный,630-E030525_P_B_1.B,5883,2025-05-09,PV №52,quartz-mica foliated schists,0.09,-13.57,87,5.25,90.0
1668503,2025-08-02 19:30:00,2025-08-02 19:49:00,101282.94,60703.71,621.02,19.56,К-р Восточный,605-E230725_P_B_9.B,8162,2025-08-02,PV №52,quartz-mica foliated schists,0.09,8.59,79,5.04,108.0
1611732,2025-06-08 00:42:00,2025-06-08 01:00:00,101814.62,60124.74,639.3,11.59,К-р Восточный,630-E040625_P_B_4.A,5782,2025-06-08,PV №52,carbonized_quartz-mica_hornfels_shists,0.09,330.92,88,13.37,72.0
1579402,2025-05-07 05:07:00,2025-05-07 05:21:00,101245.59,60637.39,640.35,12.41,К-р Восточный,630-E030525_P_B_1.B,6128,2025-05-07,PV №52,quartz-mica foliated schists,0.09,99.91,53,6.95,108.0
1578949,2025-05-06 19:18:00,2025-05-06 19:32:00,101273.17,60644.23,639.65,12.22,К-р Восточный,630-E030525_P_B_1.B,6132,2025-05-06,PV №52,quartz-mica foliated schists,0.09,254.29,69,14.62,102.0
1581412,2025-05-09 03:19:00,2025-05-09 03:34:00,101285.92,60511.18,640.25,12.54,К-р Восточный,630-E030525_P_B_1.B,5916,2025-05-09,PV №52,quartz-mica foliated schists,0.09,-23.52,72,2.74,108.0
1612016,2025-06-08 05:56:00,2025-06-08 06:11:00,101811.51,60118.84,639.27,11.58,К-р Восточный,630-E040625_P_B_4.A,5951,2025-06-08,PV №52,carbonized_quartz-mica_hornfels_shists,0.09,51.22,9,3.5,180.0
1612711,2025-06-08 19:43:00,2025-06-08 20:01:00,101771.72,60103.85,639.37,11.36,К-р Восточный,630-E040625_P_B_4.A,5897,2025-06-09,PV №52,carbonized_quartz-mica_hornfels_shists,0.09,75.32,7,9.07,102.0
1667112,2025-08-01 07:09:00,2025-08-01 07:32:00,101220.75,60800.39,620.05,17.51,К-р Восточный,605-E230725_P_B_9.B,5016,2025-08-01,PV №52,mica-quartz_carbonate_massive_rocks,0.09,93.88,86,6.61,90.0
1612489,2025-06-08 18:36:00,2025-06-08 18:55:00,101785.49,60104.87,638.67,11.51,К-р Восточный,630-E040625_P_B_4.A,5899,2025-06-08,PV №52,carbonized_quartz-mica_hornfels_shists,0.09,-4.98,35,0.86,546.6
1611898,2025-06-08 04:06:00,2025-06-08 04:23:00,101852.19,60121.79,639.55,12.04,К-р Восточный,630-E040625_P_B_4.A,5945,2025-06-08,PV №52,carbonized_quartz-mica_hornfels_shists,0.09,87.94,20,9.36,102.0
1580964,2025-05-08 18:15:00,2025-05-08 18:26:00,101266.79,60540.21,640.28,12.0,К-р Восточный,630-E030525_P_B_1.B,5931,2025-05-08,PV №52,quartz-mica foliated schists,0.1,0.0,0,0.0,311.4
1612678,2025-06-08 20:13:00,2025-06-08 20:31:00,101857.07,60103.89,639.47,11.62,К-р Восточный,630-E040625_P_B_4.A,5704,2025-06-09,PV №52,carbonized_quartz-mica_hornfels_shists,0.1,-8.96,0,0.31,228.0
1581156,2025-05-08 23:08:00,2025-05-08 23:20:00,101339.01,60514.98,639.53,12.5,К-р Восточный,630-E030525_P_B_1.B,5965,2025-05-09,PV №52,mica-quartz_carbonate_massive_rocks,0.1,-31.02,72,2.78,102.6
1609929,2025-06-06 03:47:00,2025-06-06 04:04:00,101739.94,60118.72,639.28,11.53,К-р Восточный,630-E040625_P_B_4.A,5771,2025-06-06,PV №52,carbonized_quartz-mica_hornfels_shists,0.1,148.34,34,13.71,12.0
1579146,2025-05-06 20:10:00,2025-05-06 20:24:00,101282.63,60623.33,639.52,12.23,К-р Восточный,630-E030525_P_B_1.B,6038,2025-05-07,PV №52,quartz-mica foliated schists,0.1,136.01,104,8.22,66.0
1580622,2025-05-08 10:33:00,2025-05-08 10:46:00,101273.79,60555.95,640.45,12.51,К-р Восточный,630-E030525_P_B_1.B,5948,2025-05-08,PV №52,quartz-mica foliated schists,0.1,417.93,109,16.31,48.0
1613639,2025-06-09 23:39:00,2025-06-09 23:58:00,101806.45,60094.96,638.93,12.01,К-р Восточный,630-E040625_P_B_4.A,5872,2025-06-10,PV №52,carbonized_quartz-mica_hornfels_shists,0.1,115.26,76,7.35,54.0
1609213,2025-06-05 11:46:00,2025-06-05 12:01:00,101745.64,60131.19,638.87,12.39,К-р Восточный,630-E040625_P_B_4.A,5978,2025-06-05,PV №52,carbonized_quartz-mica_hornfels_shists,0.1,-3.56,41,1.05,354.6
1667959,2025-08-02 04:18:00,2025-08-02 04:43:00,101238.74,60776.94,619.83,17.44,К-р Восточный,605-E230725_P_B_9.B,5046,2025-08-02,PV №52,mica-quartz_carbonate_massive_rocks,0.1,165.8,108,10.01,114.0
1672630,2025-08-06 19:10:00,2025-08-06 19:25:00,101227.38,60824.16,620.05,18.07,К-р Восточный,605-E230725_P_B_9.B,5001,2025-08-06,PV №52,mica-quartz_carbonate_massive_rocks,0.1,135.49,79,7.5,300.0
1611783,2025-06-08 01:40:00,2025-06-08 01:59:00,101793.97,60123.54,639.07,11.66,К-р Восточный,630-E040625_P_B_4.A,5779,2025-06-08,PV №52,carbonized_quartz-mica_hornfels_shists,0.1,215.43,80,14.02,42.0
1670097,2025-08-04 10:18:00,2025-08-04 10:37:00,101252.15,60675.62,620.03,17.52,К-р Восточный,605-E230725_P_B_9.B,5082,2025-08-04,PV №52,quartz-mica foliated schists,0.1,320.37,93,16.95,30.0
1614094,2025-06-10 09:30:00,2025-06-10 10:01:00,101823.95,60079.11,639.12,12.52,К-р Восточный,630-E040625_P_B_4.A,5615,2025-06-10,PV №52,carbonized_quartz-mica_hornfels_shists,0.1,68.54,113,9.13,96.0
1579320,2025-05-07 03:13:00,2025-05-07 03:25:00,101274.31,60609.08,639.88,11.62,К-р Восточный,630-E030525_P_B_1.B,6112,2025-05-07,PV №52,quartz-mica foliated schists,0.1,73.43,48,4.57,210.0
1614744,2025-06-11 00:36:00,2025-06-11 00:53:00,101739.89,60077.67,639.43,12.01,К-р Восточный,630-E040625_P_B_4.A,5808,2025-06-11,PV №52,carbonized_quartz-mica_hornfels_shists,0.1,148.21,111,14.81,106.8
1614888,2025-06-11 03:03:00,2025-06-11 03:23:00,101729.98,60070.5,639.26,12.53,К-р Восточный,630-E040625_P_B_4.A,5601,2025-06-11,PV №52,carbonized_quartz-mica_hornfels_shists,0.1,33.69,75,6.7,54.0
1668784,2025-08-03 01:32:00,2025-08-03 01:51:00,101259.22,60681.48,620.47,17.63,К-р Восточный,605-E230725_P_B_9.B,5035,2025-08-03,PV №52,quartz-mica foliated schists,0.1,199.82,96,11.64,276.0
1614718,2025-06-10 20:34:00,2025-06-10 20:53:00,101773.42,60079.64,639.3,12.0,К-р Восточный,630-E040625_P_B_4.A,5813,2025-06-11,PV №52,carbonized_quartz-mica_hornfels_shists,0.1,43.85,116,7.11,78.0
1609860,2025-06-06 02:28:00,2025-06-06 02:44:00,101712.98,60116.29,639.53,12.31,К-р Восточный,630-E040625_P_B_4.A,5767,2025-06-06,PV №52,carbonized_quartz-mica_hornfels_shists,0.1,275.49,110,14.86,42.0
1613639,2025-06-09 23:39:00,2025-06-09 23:58:00,101806.45,60094.96,638.93,12.01,К-р Восточный,630-E040625_P_B_4.A,5872,2025-06-10,PV №52,carbonized_quartz-mica_hornfels_shists,0.1,47.63,115,9.83,60.0
1611689,2025-06-07 22:59:00,2025-06-07 23:16:00,101848.46,60127.21,639.46,11.74,К-р Восточный,630-E040625_P_B_4.A,5787,2025-06-08,PV №52,carbonized_quartz-mica_hornfels_shists,0.1,35.33,33,2.92,90.0
1579319,2025-05-07 03:33:00,2025-05-07 03:47:00,101215.47,60681.16,640.27,12.64,К-р Восточный,630-E030525_P_B_1.B,6157,2025-05-07,PV №52,quartz-mica foliated schists,0.1,249.33,99,14.08,30.0
1667959,2025-08-02 04:18:00,2025-08-02 04:43:00,101238.74,60776.94,619.83,17.44,К-р Восточный,605-E230725_P_B_9.B,5046,2025-08-02,PV №52,mica-quartz_carbonate_massive_rocks,0.1,172.07,111,14.2,78.6
1609665,2025-06-05 20:45:00,2025-06-05 21:01:00,101709.12,60121.98,639.66,12.68,К-р Восточный,630-E040625_P_B_4.A,6054,2025-06-06,PV №52,carbonized_quartz-mica_hornfels_shists,0.1,178.53,43,10.08,24.0
1614042,2025-06-10 08:19:00,2025-06-10 08:36:00,101845.0,60080.85,639.44,12.01,К-р Восточный,630-E040625_P_B_4.A,5618,2025-06-10,PV №52,carbonized_quartz-mica_hornfels_shists,0.1,169.13,111,12.63,153.6
1579539,2025-05-07 09:40:00,2025-05-07 09:53:00,101251.97,60615.19,639.93,12.05,К-р Восточный,630-E030525_P_B_1.B,6042,2025-05-07,PV №52,quartz-mica foliated schists,0.1,-21.45,45,2.82,402.0
1581579,2025-05-09 06:27:00,2025-05-09 06:40:00,101313.64,60497.84,640.26,13.02,К-р Восточный,630-E030525_P_B_1.B,5972,2025-05-09,PV №52,mica-quartz_carbonate_massive_rocks,0.1,-7.74,54,1.4,377.4
1579803,2025-05-07 17:05:00,2025-05-07 17:18:00,101233.03,60628.91,640.03,12.26,К-р Восточный,630-E030525_P_B_1.B,6050,2025-05-07,PV №52,quartz-mica foliated schists,0.1,-25.74,95,4.14,120.0
1667264,2025-08-01 11:04:00,2025-08-01 11:27:00,101231.91,60731.84,619.6,17.65,К-р Восточный,605-E230725_P_B_9.B,5053,2025-08-01,PV №52,mica-quartz_carbonate_massive_rocks,0.1,58.58,115,7.07,174.0
1611688,2025-06-07 23:58:00,2025-06-08 00:18:00,101828.14,60125.68,639.36,11.74,К-р Восточный,630-E040625_P_B_4.A,5784,2025-06-08,PV №52,carbonized_quartz-mica_hornfels_shists,0.1,272.23,110,17.58,174.0
1580115,2025-05-08 00:09:00,2025-05-08 00:20:00,101296.22,60587.66,640.27,12.11,К-р Восточный,630-E030525_P_B_1.B,6017,2025-05-08,PV №52,quartz-mica foliated schists,0.1,273.36,112,13.85,107.4
1667921,2025-08-02 03:18:00,2025-08-02 03:46:00,101265.69,60762.86,621.03,18.04,К-р Восточный,605-E230725_P_B_9.B,8178,2025-08-02,PV №52,mica-quartz_carbonate_massive_rocks,0.1,100.83,96,11.28,204.0
1667550,2025-08-01 18:16:00,2025-08-01 18:45:00,101242.77,60720.4,620.5,18.01,К-р Восточный,605-E230725_P_B_9.B,5077,2025-08-01,PV №52,mica-quartz_carbonate_massive_rocks,0.1,24.61,58,4.01,42.0
1666326,2025-07-31 13:54:00,2025-07-31 14:22:00,101208.34,60731.64,620.19,17.52,К-р Восточный,605-E230725_P_B_9.B,5099,2025-07-31,PV №52,mica-quartz_carbonate_massive_rocks,0.1,355.94,93,21.03,18.0
1613730,2025-06-10 01:06:00,2025-06-10 01:27:00,101837.47,60091.24,639.81,12.52,К-р Восточный,630-E040625_P_B_4.A,5663,2025-06-10,PV №52,carbonized_quartz-mica_hornfels_shists,0.1,93.31,117,9.61,144.0
1613993,2025-06-10 07:06:00,2025-06-10 07:22:00,101794.46,60081.85,638.98,11.61,К-р Восточный,630-E040625_P_B_4.A,5816,2025-06-10,PV №52,carbonized_quartz-mica_hornfels_shists,0.1,188.72,63,11.89,102.0
1578945,2025-05-06 19:01:00,2025-05-06 19:15:00,101270.0,60650.86,639.91,12.21,К-р Восточный,630-E030525_P_B_1.B,6133,2025-05-06,PV №52,quartz-mica foliated schists,0.1,88.45,53,6.2,174.0
1609173,2025-06-05 10:04:00,2025-06-05 10:20:00,101735.1,60136.16,639.0,11.59,К-р Восточный,630-E040625_P_B_4.A,6042,2025-06-05,PV №52,carbonized_quartz-mica_hornfels_shists,0.1,-4.98,41,0.87,474.6
1579229,2025-05-07 01:39:00,2025-05-07 01:51:00,101244.24,60652.57,640.17,12.31,К-р Восточный,630-E030525_P_B_1.B,6137,2025-05-07,PV №52,quartz-mica foliated schists,0.1,100.87,67,6.76,54.0
1579126,2025-05-06 22:55:00,2025-05-06 23:07:00,101282.91,60609.81,639.82,12.15,К-р Восточный,630-E030525_P_B_1.B,6113,2025-05-07,PV №52,quartz-mica foliated schists,0.1,348.34,101,22.5,360.0
1614725,2025-06-10 23:47:00,2025-06-11 00:07:00,101726.14,60076.28,639.35,12.5,К-р Восточный,630-E040625_P_B_4.A,5806,2025-06-11,PV №52,carbonized_quartz-mica_hornfels_shists,0.1,73.47,116,9.77,108.0
1581561,2025-05-09 06:15:00,2025-05-09 06:26:00,101321.86,60498.56,640.11,12.56,К-р Восточный,630-E030525_P_B_1.B,5971,2025-05-09,PV №52,mica-quartz_carbonate_massive_rocks,0.1,364.29,110,17.51,108.0
1611761,2025-06-08 01:22:00,2025-06-08 01:38:00,101800.95,60123.88,639.34,11.66,К-р Восточный,630-E040625_P_B_4.A,5780,2025-06-08,PV №52,carbonized_quartz-mica_hornfels_shists,0.1,27.19,37,5.11,96.0
1667550,2025-08-01 18:16:00,2025-08-01 18:45:00,101242.77,60720.4,620.5,18.01,К-р Восточный,605-E230725_P_B_9.B,5077,2025-08-01,PV №52,mica-quartz_carbonate_massive_rocks,0.1,377.71,100,21.14,48.0
1612019,2025-06-08 06:12:00,2025-06-08 06:29:00,101804.75,60118.4,639.29,11.69,К-р Восточный,630-E040625_P_B_4.A,5952,2025-06-08,PV №52,carbonized_quartz-mica_hornfels_shists,0.1,55.97,14,7.22,24.0
1579659,2025-05-07 13:18:00,2025-05-07 13:32:00,101275.39,60593.92,640.17,11.78,К-р Восточный,630-E030525_P_B_1.B,6098,2025-05-07,PV №52,quartz-mica foliated schists,0.1,-49.06,0,0.42,6.0
1611076,2025-06-07 07:58:00,2025-06-07 08:12:00,101756.67,60126.1,638.73,11.56,К-р Восточный,630-E040625_P_B_4.A,6061,2025-06-07,PV №52,carbonized_quartz-mica_hornfels_shists,0.1,-5.08,48,1.12,725.4
1667856,2025-08-02 02:15:00,2025-08-02 02:39:00,101246.2,60781.78,620.31,17.63,К-р Восточный,605-E230725_P_B_9.B,5022,2025-08-02,PV №52,mica-quartz_carbonate_massive_rocks,0.1,115.54,70,9.59,120.0
1612696,2025-06-08 22:06:00,2025-06-08 22:24:00,101816.36,60101.07,639.46,12.17,К-р Восточный,630-E040625_P_B_4.A,5698,2025-06-09,PV №52,carbonized_quartz-mica_hornfels_shists,0.1,44.83,41,6.5,42.0
1614789,2025-06-11 01:18:00,2025-06-11 01:42:00,101753.35,60078.2,639.45,12.03,К-р Восточный,630-E040625_P_B_4.A,5810,2025-06-11,PV №52,carbonized_quartz-mica_hornfels_shists,0.1,48.72,113,9.17,36.0
1579446,2025-05-07 06:10:00,2025-05-07 06:24:00,101265.6,60608.65,640.1,12.18,К-р Восточный,630-E030525_P_B_1.B,6111,2025-05-07,PV №52,quartz-mica foliated schists,0.1,82.41,43,5.53,197.4
1582260,2025-05-09 23:31:00,2025-05-09 23:46:00,101303.54,60459.19,640.43,13.77,К-р Восточный,630-E030525_P_B_1.B,6764,2025-05-10,PV №52,mica-quartz_carbonate_massive_rocks,0.1,111.98,112,10.17,216.0
1579138,2025-05-06 21:17:00,2025-05-06 21:32:00,101291.05,60610.15,639.83,12.56,К-р Восточный,630-E030525_P_B_1.B,6114,2025-05-07,PV №52,quartz-mica foliated schists,0.1,95.65,93,11.8,60.0
1666213,2025-07-31 10:29:00,2025-07-31 10:54:00,101197.62,60794.56,619.89,17.55,К-р Восточный,605-E230725_P_B_9.B,5006,2025-07-31,PV №52,mica-quartz_carbonate_massive_rocks,0.1,420.99,105,20.51,60.0
1579785,2025-05-07 16:34:00,2025-05-07 16:46:00,101222.86,60643.35,640.15,12.52,К-р Восточный,630-E030525_P_B_1.B,6062,2025-05-07,PV №52,quartz-mica foliated schists,0.1,211.81,109,11.98,54.0
1580081,2025-05-07 20:33:00,2025-05-07 20:46:00,101225.37,60613.21,640.38,12.64,К-р Восточный,630-E030525_P_B_1.B,6045,2025-05-08,PV №52,quartz-mica foliated schists,0.1,231.99,113,14.28,364.8
1578805,2025-05-06 15:19:00,2025-05-06 15:33:00,101233.45,60682.43,639.93,12.62,К-р Восточный,630-E030525_P_B_1.B,6155,2025-05-06,PV №52,quartz-mica foliated schists,0.1,43.62,71,6.26,102.0
1579637,2025-05-07 12:48:00,2025-05-07 13:00:00,101279.12,60601.88,639.92,12.09,К-р Восточный,630-E030525_P_B_1.B,6034,2025-05-07,PV №52,quartz-mica foliated schists,0.1,337.51,108,17.08,216.0
1579425,2025-05-07 05:23:00,2025-05-07 05:36:00,101250.22,60630.33,640.1,12.21,К-р Восточный,630-E030525_P_B_1.B,6052,2025-05-07,PV №52,quartz-mica foliated schists,0.1,274.68,109,16.85,150.0
1613932,2025-06-10 04:55:00,2025-06-10 05:17:00,101827.88,60084.46,639.35,12.51,К-р Восточный,630-E040625_P_B_4.A,5821,2025-06-10,PV №52,carbonized_quartz-mica_hornfels_shists,0.1,37.41,71,4.58,54.0
1613463,2025-06-09 18:06:00,2025-06-09 18:28:00,101772.91,60091.48,638.84,12.03,К-р Восточный,630-E040625_P_B_4.A,5877,2025-06-09,PV №52,carbonized_quartz-mica_hornfels_shists,0.1,182.85,111,12.86,84.0
1672630,2025-08-06 19:10:00,2025-08-06 19:25:00,101227.38,60824.16,620.05,18.07,К-р Восточный,605-E230725_P_B_9.B,5001,2025-08-06,PV №52,mica-quartz_carbonate_massive_rocks,0.1,164.96,89,10.82,192.0
1614177,2025-06-10 11:10:00,2025-06-10 11:30:00,101797.55,60077.27,638.98,11.54,К-р Восточный,630-E040625_P_B_4.A,5611,2025-06-10,PV №52,carbonized_quartz-mica_hornfels_shists,0.1,360.39,68,20.65,12.0
1612509,2025-06-08 19:19:00,2025-06-08 19:39:00,101778.46,60104.07,639.0,12.04,К-р Восточный,630-E040625_P_B_4.A,5898,2025-06-08,PV №52,carbonized_quartz-mica_hornfels_shists,0.1,254.87,58,17.39,216.0
1581600,2025-05-09 07:35:00,2025-05-09 07:49:00,101287.08,60495.93,640.61,12.57,К-р Восточный,630-E030525_P_B_1.B,5911,2025-05-09,PV №52,quartz-mica foliated schists,0.1,123.14,118,11.11,180.0
1609194,2025-06-05 10:39:00,2025-06-05 10:56:00,101748.66,60137.22,638.69,11.7,К-р Восточный,630-E040625_P_B_4.A,6040,2025-06-05,PV №52,fault_zone,0.1,53.28,43,4.42,204.0
1668969,2025-08-04 08:56:00,2025-08-04 09:15:00,101235.18,60681.44,621.74,17.52,К-р Восточный,605-E230725_P_B_9.B,5084,2025-08-03,PV №52,quartz-mica foliated schists,0.1,92.63,76,13.2,114.0
1609108,2025-06-05 08:39:00,2025-06-05 08:54:00,101701.41,60133.2,639.42,12.58,К-р Восточный,630-E040625_P_B_4.A,6047,2025-06-05,PV №52,carbonized_quartz-mica_hornfels_shists,0.11,57.83,80,8.84,88.8
1581549,2025-05-09 05:46:00,2025-05-09 05:58:00,101317.22,60505.61,640.34,13.01,К-р Восточный,630-E030525_P_B_1.B,5991,2025-05-09,PV №52,mica-quartz_carbonate_massive_rocks,0.11,0.92,64,4.73,102.0
1581332,2025-05-09 02:05:00,2025-05-09 02:18:00,101320.76,60513.34,639.75,12.53,К-р Восточный,630-E030525_P_B_1.B,5963,2025-05-09,PV №52,mica-quartz_carbonate_massive_rocks,0.11,334.89,109,14.98,131.4
1579219,2025-05-07 01:24:00,2025-05-07 01:36:00,101239.38,60659.68,640.19,12.19,К-р Восточный,630-E030525_P_B_1.B,6069,2025-05-07,PV №52,quartz-mica foliated schists,0.11,87.89,39,7.57,126.0
1613232,2025-06-09 11:28:00,2025-06-09 11:47:00,101741.84,60094.9,638.81,12.03,К-р Восточный,630-E040625_P_B_4.A,5687,2025-06-09,PV №52,carbonized_quartz-mica_hornfels_shists,0.11,160.77,111,13.1,372.0
1579202,2025-05-07 01:08:00,2025-05-07 01:22:00,101234.63,60667.05,639.97,12.64,К-р Восточный,630-E030525_P_B_1.B,6147,2025-05-07,PV №52,quartz-mica foliated schists,0.11,103.13,88,6.6,84.0
1672858,2025-08-06 21:20:00,2025-08-06 21:38:00,101203.53,60826.86,619.95,17.11,К-р Восточный,605-E230725_P_B_9.B,4973,2025-08-07,PV №52,mica-quartz_carbonate_massive_rocks,0.11,82.79,72,6.36,36.0
1609166,2025-06-05 09:48:00,2025-06-05 10:03:00,101728.27,60135.44,639.05,12.09,К-р Восточный,630-E040625_P_B_4.A,6043,2025-06-05,PV №52,carbonized_quartz-mica_hornfels_shists,0.11,111.04,114,9.17,143.4
1666318,2025-07-31 13:28:00,2025-07-31 13:52:00,101206.38,60740.55,620.25,17.61,К-р Восточный,605-E230725_P_B_9.B,5098,2025-07-31,PV №52,mica-quartz_carbonate_massive_rocks,0.11,238.65,113,12.03,72.0
1611719,2025-06-08 00:20:00,2025-06-08 00:37:00,101821.33,60125.18,639.29,11.6,К-р Восточный,630-E040625_P_B_4.A,5783,2025-06-08,PV №52,carbonized_quartz-mica_hornfels_shists,0.11,237.18,93,12.32,131.4
1582274,2025-05-09 23:48:00,2025-05-10 00:00:00,101298.32,60466.69,640.4,13.73,К-р Восточный,630-E030525_P_B_1.B,6774,2025-05-10,PV №52,mica-quartz_carbonate_massive_rocks,0.11,46.46,74,5.58,156.0
1579826,2025-05-07 17:36:00,2025-05-07 17:54:00,101242.94,60614.66,640.4,12.2,К-р Восточный,630-E030525_P_B_1.B,6043,2025-05-07,PV №52,quartz-mica foliated schists,0.11,139.77,115,11.14,198.0
1581858,2025-05-09 13:23:00,2025-05-09 13:35:00,101305.97,60481.71,640.56,13.02,К-р Восточный,630-E030525_P_B_1.B,5905,2025-05-09,PV №52,mica-quartz_carbonate_massive_rocks,0.11,156.34,115,10.29,138.0
1672878,2025-08-06 19:58:00,2025-08-06 20:16:00,101194.63,60840.0,620.48,17.5,К-р Восточный,605-E230725_P_B_9.B,4989,2025-08-07,PV №52,quartz-mica foliated schists,0.11,181.4,74,12.38,450.0
1581634,2025-05-09 08:16:00,2025-05-09 08:33:00,101357.94,60501.33,639.68,12.54,К-р Восточный,630-E030525_P_B_1.B,5967,2025-05-09,PV №52,carbonaceous quartz-mica calcium metasomatites,0.11,99.5,101,8.82,78.0
1668657,2025-08-02 23:42:00,2025-08-03 00:00:00,101265.74,60687.68,620.56,18.08,К-р Восточный,605-E230725_P_B_9.B,5033,2025-08-03,PV №52,quartz-mica foliated schists,0.11,364.67,114,15.7,209.4
1613463,2025-06-09 18:06:00,2025-06-09 18:28:00,101772.91,60091.48,638.84,12.03,К-р Восточный,630-E040625_P_B_4.A,5877,2025-06-09,PV №52,carbonized_quartz-mica_hornfels_shists,0.11,79.03,81,11.79,174.0
1579539,2025-05-07 09:40:00,2025-05-07 09:53:00,101251.97,60615.19,639.93,12.05,К-р Восточный,630-E030525_P_B_1.B,6042,2025-05-07,PV №52,quartz-mica foliated schists,0.11,129.13,114,8.61,90.0
1578839,2025-05-06 15:49:00,2025-05-06 16:00:00,101247.31,60675.89,640.01,12.63,К-р Восточный,630-E030525_P_B_1.B,6077,2025-05-06,PV №52,quartz-mica foliated schists,0.11,300.44,102,16.79,30.0
1666758,2025-07-31 21:34:00,2025-07-31 21:49:00,101214.26,60704.72,620.46,18.51,К-р Восточный,605-E230725_P_B_9.B,5102,2025-08-01,PV №52,mica-quartz_carbonate_massive_rocks,0.11,241.1,112,11.62,132.0
1582404,2025-05-10 01:17:00,2025-05-10 01:35:00,101263.9,60517.19,640.17,13.62,К-р Восточный,630-E030525_P_B_1.B,5882,2025-05-10,PV №52,quartz-mica foliated schists,0.11,-4.37,69,5.05,6.0
1579399,2025-05-07 04:53:00,2025-05-07 05:05:00,101240.5,60644.71,640.22,12.22,К-р Восточный,630-E030525_P_B_1.B,6060,2025-05-07,PV №52,quartz-mica foliated schists,0.11,82.63,69,7.34,78.0
1610883,2025-06-07 03:16:00,2025-06-07 03:34:00,101737.02,60112.17,639.31,11.73,К-р Восточный,630-E040625_P_B_4.A,5962,2025-06-07,PV №52,carbonized_quartz-mica_hornfels_shists,0.11,164.0,114,9.89,42.0
1672866,2025-08-06 22:20:00,2025-08-06 22:37:00,101211.12,60831.98,620.24,17.51,К-р Восточный,605-E230725_P_B_9.B,4995,2025-08-07,PV №52,mica-quartz_carbonate_massive_rocks,0.11,387.66,107,17.48,66.0
1615066,2025-06-11 07:35:00,2025-06-11 07:54:00,101863.5,60126.78,638.89,12.0,К-р Восточный,630-E040625_P_B_4.A,5789,2025-06-11,PV №52,carbonized_quartz-mica_hornfels_shists,0.11,409.59,110,17.98,42.0
1670069,2025-08-04 09:37:00,2025-08-04 09:56:00,101236.86,60672.1,620.06,17.52,К-р Восточный,605-E230725_P_B_9.B,5083,2025-08-04,PV №52,quartz-mica foliated schists,0.11,86.97,78,8.14,72.0
1580723,2025-05-08 12:49:00,2025-05-08 13:00:00,101305.06,60550.68,639.96,12.01,К-р Восточный,630-E030525_P_B_1.B,5904,2025-05-08,PV №52,quartz-mica foliated schists,0.11,107.89,83,7.75,204.0
1613873,2025-06-10 03:50:00,2025-06-10 04:10:00,101848.12,60086.11,639.58,12.52,К-р Восточный,630-E040625_P_B_4.A,5824,2025-06-10,PV №52,carbonized_quartz-mica_hornfels_shists,0.11,82.06,112,9.5,126.6
1612684,2025-06-08 22:26:00,2025-06-08 22:47:00,101809.62,60100.65,639.32,11.5,К-р Восточный,630-E040625_P_B_4.A,5697,2025-06-09,PV №52,carbonized_quartz-mica_hornfels_shists,0.11,77.24,90,7.37,84.0
1672878,2025-08-06 19:58:00,2025-08-06 20:16:00,101194.63,60840.0,620.48,17.5,К-р Восточный,605-E230725_P_B_9.B,4989,2025-08-07,PV №52,quartz-mica foliated schists,0.11,238.52,87,11.05,138.0
1667082,2025-08-01 06:16:00,2025-08-01 06:57:00,101220.41,60809.54,619.99,17.5,К-р Восточный,605-E230725_P_B_9.B,4976,2025-08-01,PV №52,mica-quartz_carbonate_massive_rocks,0.11,209.96,103,20.04,24.0
1613035,2025-06-09 05:28:00,2025-06-09 05:48:00,101731.14,60100.34,638.96,12.02,К-р Восточный,630-E040625_P_B_4.A,5891,2025-06-09,PV №52,carbonized_quartz-mica_hornfels_shists,0.11,71.63,75,8.13,102.0
1667921,2025-08-02 03:18:00,2025-08-02 03:46:00,101265.69,60762.86,621.03,18.04,К-р Восточный,605-E230725_P_B_9.B,8178,2025-08-02,PV №52,mica-quartz_carbonate_massive_rocks,0.11,410.73,109,16.99,42.0
1581192,2025-05-08 21:48:00,2025-05-08 22:00:00,101310.92,60527.91,639.69,12.03,К-р Восточный,630-E030525_P_B_1.B,5961,2025-05-09,PV №52,quartz-mica foliated schists,0.11,-26.52,87,2.31,246.0
1611665,2025-06-07 20:17:00,2025-06-07 20:50:00,101797.12,60129.31,639.9,12.01,К-р Восточный,630-E040625_P_B_4.A,6067,2025-06-08,PV №52,carbonized_quartz-mica_hornfels_shists,0.11,90.97,26,4.92,287.4
1581765,2025-05-09 10:59:00,2025-05-09 11:11:00,101300.89,60489.33,640.48,13.01,К-р Восточный,630-E030525_P_B_1.B,5872,2025-05-09,PV №52,mica-quartz_carbonate_massive_rocks,0.11,214.44,112,12.64,126.0
1667733,2025-08-01 23:46:00,2025-08-02 00:11:00,101264.34,60771.02,620.82,18.23,К-р Восточный,605-E230725_P_B_9.B,8177,2025-08-02,PV №52,mica-quartz_carbonate_massive_rocks,0.11,58.91,98,7.5,192.6
1608758,2025-06-05 01:03:00,2025-06-05 01:26:00,101717.67,60139.88,639.48,12.51,К-р Восточный,630-E040625_P_B_4.A,6139,2025-06-05,PV №52,carbonized_quartz-mica_hornfels_shists,0.11,78.84,98,7.1,24.0
1578646,2025-05-06 15:01:00,2025-05-06 15:16:00,101240.53,60682.37,641.78,12.85,К-р Восточный,630-E030525_P_B_1.B,6154,2025-05-06,PV №52,quartz-mica foliated schists,0.11,-17.56,71,3.36,102.0
1668662,2025-08-02 22:06:00,2025-08-02 22:29:00,101285.8,60673.51,621.42,18.58,К-р Восточный,605-E230725_P_B_9.B,8188,2025-08-03,PV №52,quartz-mica foliated schists,0.11,0.15,39,1.19,406.8
1666937,2025-08-01 03:11:00,2025-08-01 03:39:00,101221.55,60743.61,620.17,17.55,К-р Восточный,605-E230725_P_B_9.B,5091,2025-08-01,PV №52,mica-quartz_carbonate_massive_rocks,0.11,-11.78,0,0.49,204.0
1581561,2025-05-09 06:15:00,2025-05-09 06:26:00,101321.86,60498.56,640.11,12.56,К-р Восточный,630-E030525_P_B_1.B,5971,2025-05-09,PV №52,mica-quartz_carbonate_massive_rocks,0.11,4.89,58,1.34,330.0
1611047,2025-06-07 07:12:00,2025-06-07 07:33:00,101741.02,60106.84,639.08,12.1,К-р Восточный,630-E040625_P_B_4.A,5757,2025-06-07,PV №52,carbonized_quartz-mica_hornfels_shists,0.11,5.17,53,2.32,222.0
1579539,2025-05-07 09:40:00,2025-05-07 09:53:00,101251.97,60615.19,639.93,12.05,К-р Восточный,630-E030525_P_B_1.B,6042,2025-05-07,PV №52,quartz-mica foliated schists,0.11,-25.27,86,3.98,11.4
1579785,2025-05-07 16:34:00,2025-05-07 16:46:00,101222.86,60643.35,640.15,12.52,К-р Восточный,630-E030525_P_B_1.B,6062,2025-05-07,PV №52,quartz-mica foliated schists,0.11,357.93,110,14.12,60.0
1612509,2025-06-08 19:19:00,2025-06-08 19:39:00,101778.46,60104.07,639.0,12.04,К-р Восточный,630-E040625_P_B_4.A,5898,2025-06-08,PV №52,carbonized_quartz-mica_hornfels_shists,0.11,347.26,106,12.92,36.0
1667564,2025-08-01 19:21:00,2025-08-01 20:03:00,101244.7,60711.32,620.3,19.41,К-р Восточный,605-E230725_P_B_9.B,5078,2025-08-01,PV №52,mica-quartz_carbonate_massive_rocks,0.11,203.33,104,13.54,30.0
1612416,2025-06-08 16:48:00,2025-06-08 17:10:00,101819.27,60107.59,639.28,12.07,К-р Восточный,630-E040625_P_B_4.A,5904,2025-06-08,PV №52,carbonized_quartz-mica_hornfels_shists,0.11,169.19,104,15.52,139.8
1579803,2025-05-07 17:05:00,2025-05-07 17:18:00,101233.03,60628.91,640.03,12.26,К-р Восточный,630-E030525_P_B_1.B,6050,2025-05-07,PV №52,quartz-mica foliated schists,0.11,-47.41,85,2.69,186.0
1668477,2025-08-02 17:58:00,2025-08-02 18:17:00,101264.31,60696.83,620.48,18.03,К-р Восточный,605-E230725_P_B_9.B,5032,2025-08-02,PV №52,quartz-mica foliated schists,0.11,356.11,111,15.53,90.0
1611670,2025-06-07 19:33:00,2025-06-07 19:52:00,101810.62,60130.23,639.41,11.97,К-р Восточный,630-E040625_P_B_4.A,6069,2025-06-08,PV №52,carbonized_quartz-mica_hornfels_shists,0.11,143.49,100,11.54,137.4
1581332,2025-05-09 02:05:00,2025-05-09 02:18:00,101320.76,60513.34,639.75,12.53,К-р Восточный,630-E030525_P_B_1.B,5963,2025-05-09,PV №52,mica-quartz_carbonate_massive_rocks,0.11,-0.26,77,4.1,138.0
1612960,2025-06-09 04:18:00,2025-06-09 04:39:00,101710.97,60098.76,639.43,12.0,К-р Восточный,630-E040625_P_B_4.A,5888,2025-06-09,PV №52,carbonized_quartz-mica_hornfels_shists,0.11,66.83,116,6.76,66.0
1668662,2025-08-02 22:06:00,2025-08-02 22:29:00,101285.8,60673.51,621.42,18.58,К-р Восточный,605-E230725_P_B_9.B,8188,2025-08-03,PV №52,quartz-mica foliated schists,0.11,291.85,109,17.09,132.0
1668645,2025-08-02 19:52:00,2025-08-02 20:27:00,101285.48,60696.18,621.3,20.93,К-р Восточный,605-E230725_P_B_9.B,8161,2025-08-03,PV №52,quartz-mica foliated schists,0.11,48.1,109,12.84,72.0
1670069,2025-08-04 09:37:00,2025-08-04 09:56:00,101236.86,60672.1,620.06,17.52,К-р Восточный,605-E230725_P_B_9.B,5083,2025-08-04,PV №52,quartz-mica foliated schists,0.11,434.54,108,20.13,65.4
1580090,2025-05-07 23:23:00,2025-05-07 23:42:00,101240.47,60591.39,640.39,12.05,К-р Восточный,630-E030525_P_B_1.B,6102,2025-05-08,PV №52,quartz-mica foliated schists,0.11,99.93,79,7.31,72.0
1614981,2025-06-11 04:36:00,2025-06-11 04:55:00,101756.77,60073.7,639.38,12.01,К-р Восточный,630-E040625_P_B_4.A,5605,2025-06-11,PV №52,carbonized_quartz-mica_hornfels_shists,0.11,169.06,115,12.97,168.0
1613624,2025-06-09 21:44:00,2025-06-09 22:05:00,101840.35,60097.04,639.42,12.0,К-р Восточный,630-E040625_P_B_4.A,5867,2025-06-10,PV №52,carbonized_quartz-mica_hornfels_shists,0.11,76.36,115,8.59,113.4
1579852,2025-05-07 18:10:00,2025-05-07 18:23:00,101253.17,60599.96,640.17,12.02,К-р Восточный,630-E030525_P_B_1.B,6031,2025-05-07,PV №52,quartz-mica foliated schists,0.11,-21.66,96,3.12,132.0
1611076,2025-06-07 07:58:00,2025-06-07 08:12:00,101756.67,60126.1,638.73,11.56,К-р Восточный,630-E040625_P_B_4.A,6061,2025-06-07,PV №52,carbonized_quartz-mica_hornfels_shists,0.11,20.25,70,3.66,120.0
1580766,2025-05-08 14:00:00,2025-05-08 14:14:00,101327.8,60544.84,639.62,12.55,К-р Восточный,630-E030525_P_B_1.B,5957,2025-05-08,PV №52,quartz-mica foliated schists,0.11,184.26,109,15.35,36.0
1609128,2025-06-05 08:56:00,2025-06-05 09:09:00,101708.28,60133.97,639.26,12.61,К-р Восточный,630-E040625_P_B_4.A,6046,2025-06-05,PV №52,carbonized_quartz-mica_hornfels_shists,0.11,1.12,30,2.25,636.6
1668181,2025-08-02 10:38:00,2025-08-02 11:01:00,101273.72,60726.52,621.53,18.5,К-р Восточный,605-E230725_P_B_9.B,8182,2025-08-02,PV №52,mica-quartz_carbonate_massive_rocks,0.11,49.14,54,4.85,402.0
1611141,2025-06-07 09:15:00,2025-06-07 09:32:00,101757.1,60114.34,639.0,11.7,К-р Восточный,630-E040625_P_B_4.A,5959,2025-06-07,PV №52,carbonized_quartz-mica_hornfels_shists,0.12,32.73,41,2.03,342.6
1579163,2025-05-07 00:13:00,2025-05-07 00:26:00,101265.01,60631.63,639.74,12.16,К-р Восточный,630-E030525_P_B_1.B,6054,2025-05-07,PV №52,quartz-mica foliated schists,0.12,109.52,68,7.94,180.0
1609140,2025-06-05 09:11:00,2025-06-05 09:29:00,101714.77,60134.56,639.32,12.63,К-р Восточный,630-E040625_P_B_4.A,6045,2025-06-05,PV №52,carbonized_quartz-mica_hornfels_shists,0.12,229.66,113,10.01,102.0
1581561,2025-05-09 06:15:00,2025-05-09 06:26:00,101321.86,60498.56,640.11,12.56,К-р Восточный,630-E030525_P_B_1.B,5971,2025-05-09,PV №52,mica-quartz_carbonate_massive_rocks,0.12,301.59,90,15.29,60.0
1609150,2025-06-05 09:31:00,2025-06-05 09:46:00,101721.53,60135.0,639.25,12.58,К-р Восточный,630-E040625_P_B_4.A,6044,2025-06-05,PV №52,carbonized_quartz-mica_hornfels_shists,0.12,80.39,114,8.03,108.0
1614370,2025-06-10 16:45:00,2025-06-10 17:07:00,101729.17,60082.11,639.17,12.01,К-р Восточный,630-E040625_P_B_4.A,5679,2025-06-10,PV №52,carbonized_quartz-mica_hornfels_shists,0.12,149.44,79,15.81,128.4
1667842,2025-08-02 01:44:00,2025-08-02 02:12:00,101238.33,60784.5,620.16,17.51,К-р Восточный,605-E230725_P_B_9.B,5019,2025-08-02,PV №52,mica-quartz_carbonate_massive_rocks,0.12,200.86,110,11.7,84.0
1667821,2025-08-02 01:15:00,2025-08-02 01:42:00,101237.68,60792.53,620.47,18.16,К-р Восточный,605-E230725_P_B_9.B,5020,2025-08-02,PV №52,mica-quartz_carbonate_massive_rocks,0.12,355.85,108,16.92,60.0
1666489,2025-07-31 18:11:00,2025-07-31 18:48:00,101213.25,60746.54,620.13,17.5,К-р Восточный,605-E230725_P_B_9.B,5066,2025-07-31,PV №52,mica-quartz_carbonate_massive_rocks,0.12,215.28,111,11.29,48.0
1667799,2025-08-02 00:49:00,2025-08-02 01:13:00,101236.91,60801.69,620.91,18.11,К-р Восточный,605-E230725_P_B_9.B,5021,2025-08-02,PV №52,mica-quartz_carbonate_massive_rocks,0.12,208.53,111,13.04,120.0
1581122,2025-05-08 19:53:00,2025-05-08 20:06:00,101271.25,60532.66,640.36,12.14,К-р Восточный,630-E030525_P_B_1.B,5892,2025-05-09,PV №52,quartz-mica foliated schists,0.12,116.47,79,7.95,66.0
1667230,2025-08-01 10:01:00,2025-08-01 10:33:00,101228.62,60749.99,620.01,17.5,К-р Восточный,605-E230725_P_B_9.B,5051,2025-08-01,PV №52,mica-quartz_carbonate_massive_rocks,0.12,78.6,103,9.06,156.0
1609737,2025-06-05 19:49:00,2025-06-05 20:05:00,101688.8,60120.05,639.36,12.81,К-р Восточный,630-E040625_P_B_4.A,6051,2025-06-06,PV №52,carbonized_quartz-mica_hornfels_shists,0.12,79.52,73,7.99,18.0
1667230,2025-08-01 10:01:00,2025-08-01 10:33:00,101228.62,60749.99,620.01,17.5,К-р Восточный,605-E230725_P_B_9.B,5051,2025-08-01,PV №52,mica-quartz_carbonate_massive_rocks,0.12,52.23,109,8.53,96.0
1579121,2025-05-06 19:36:00,2025-05-06 19:49:00,101276.2,60636.97,639.76,12.21,К-р Восточный,630-E030525_P_B_1.B,6056,2025-05-07,PV №52,quartz-mica foliated schists,0.12,195.99,76,16.23,234.0
1614450,2025-06-10 18:04:00,2025-06-10 18:28:00,101749.59,60084.05,639.24,12.38,К-р Восточный,630-E040625_P_B_4.A,5676,2025-06-10,PV №52,carbonized_quartz-mica_hornfels_shists,0.12,92.58,74,9.13,77.4
1582263,2025-05-09 20:08:00,2025-05-09 20:19:00,101297.13,60481.34,640.74,13.02,К-р Восточный,630-E030525_P_B_1.B,5906,2025-05-10,PV №52,mica-quartz_carbonate_massive_rocks,0.12,61.69,113,7.17,150.0
1582355,2025-05-10 00:02:00,2025-05-10 00:14:00,101293.29,60473.79,640.49,13.81,К-р Восточный,630-E030525_P_B_1.B,5863,2025-05-10,PV №52,mica-quartz_carbonate_massive_rocks,0.12,160.44,101,11.16,126.0
1668645,2025-08-02 19:52:00,2025-08-02 20:27:00,101285.48,60696.18,621.3,20.93,К-р Восточный,605-E230725_P_B_9.B,8161,2025-08-03,PV №52,quartz-mica foliated schists,0.12,426.1,111,15.21,54.0
1614094,2025-06-10 09:30:00,2025-06-10 10:01:00,101823.95,60079.11,639.12,12.52,К-р Восточный,630-E040625_P_B_4.A,5615,2025-06-10,PV №52,carbonized_quartz-mica_hornfels_shists,0.12,144.2,113,10.89,67.2
1667564,2025-08-01 19:21:00,2025-08-01 20:03:00,101244.7,60711.32,620.3,19.41,К-р Восточный,605-E230725_P_B_9.B,5078,2025-08-01,PV №52,mica-quartz_carbonate_massive_rocks,0.12,82.91,79,9.26,126.0
1611665,2025-06-07 20:17:00,2025-06-07 20:50:00,101797.12,60129.31,639.9,12.01,К-р Восточный,630-E040625_P_B_4.A,6067,2025-06-08,PV №52,carbonized_quartz-mica_hornfels_shists,0.12,301.5,109,17.13,54.0
1579720,2025-05-07 15:11:00,2025-05-07 15:25:00,101209.36,60649.89,640.16,12.52,К-р Восточный,630-E030525_P_B_1.B,6141,2025-05-07,PV №52,quartz-mica foliated schists,0.12,270.75,79,17.44,173.4
1614070,2025-06-10 09:03:00,2025-06-10 09:27:00,101831.55,60079.69,639.47,12.64,К-р Восточный,630-E040625_P_B_4.A,5616,2025-06-10,PV №52,carbonized_quartz-mica_hornfels_shists,0.12,148.75,88,10.63,222.0
1613204,2025-06-09 10:42:00,2025-06-09 11:26:00,101734.95,60094.75,638.87,12.0,К-р Восточный,630-E040625_P_B_4.A,5686,2025-06-09,PV №52,carbonized_quartz-mica_hornfels_shists,0.12,89.14,72,9.74,84.0
1612701,2025-06-08 20:33:00,2025-06-08 20:48:00,101850.31,60103.51,639.38,11.66,К-р Восточный,630-E040625_P_B_4.A,5703,2025-06-09,PV №52,carbonized_quartz-mica_hornfels_shists,0.12,292.35,104,17.67,30.0
1579802,2025-05-07 16:51:00,2025-05-07 17:03:00,101228.11,60636.19,640.2,12.54,К-р Восточный,630-E030525_P_B_1.B,6126,2025-05-07,PV №52,quartz-mica foliated schists,0.12,67.03,110,7.87,48.0
1614789,2025-06-11 01:18:00,2025-06-11 01:42:00,101753.35,60078.2,639.45,12.03,К-р Восточный,630-E040625_P_B_4.A,5810,2025-06-11,PV №52,carbonized_quartz-mica_hornfels_shists,0.12,26.85,116,6.29,84.0
1613639,2025-06-09 23:39:00,2025-06-09 23:58:00,101806.45,60094.96,638.93,12.01,К-р Восточный,630-E040625_P_B_4.A,5872,2025-06-10,PV №52,carbonized_quartz-mica_hornfels_shists,0.12,44.85,77,7.14,24.0
1667536,2025-08-01 17:53:00,2025-08-01 18:14:00,101240.7,60729.01,620.37,17.53,К-р Восточный,605-E230725_P_B_9.B,5076,2025-08-01,PV №52,mica-quartz_carbonate_massive_rocks,0.12,32.68,82,6.57,54.0
1579568,2025-05-07 11:23:00,2025-05-07 11:40:00,101294.81,60602.21,641.62,12.19,К-р Восточный,630-E030525_P_B_1.B,6036,2025-05-07,PV №52,quartz-mica foliated schists,0.12,-10.03,91,4.88,102.0
1666758,2025-07-31 21:34:00,2025-07-31 21:49:00,101214.26,60704.72,620.46,18.51,К-р Восточный,605-E230725_P_B_9.B,5102,2025-08-01,PV №52,mica-quartz_carbonate_massive_rocks,0.12,169.45,114,9.72,372.0
1667127,2025-08-01 07:34:00,2025-08-01 08:00:00,101221.47,60791.35,620.09,17.52,К-р Восточный,605-E230725_P_B_9.B,5017,2025-08-01,PV №52,mica-quartz_carbonate_massive_rocks,0.12,97.01,111,8.91,120.0
1611235,2025-06-07 11:17:00,2025-06-07 11:34:00,101875.43,60141.51,638.78,11.61,К-р Восточный,630-E040625_P_B_4.A,5997,2025-06-07,PV №52,carbonized_quartz-mica_hornfels_shists,0.12,-6.4,49,1.12,336.0
1612353,2025-06-08 14:42:00,2025-06-08 15:01:00,101859.9,60110.53,638.86,12.05,К-р Восточный,630-E040625_P_B_4.A,5910,2025-06-08,PV №52,carbonized_quartz-mica_hornfels_shists,0.12,228.95,113,12.75,90.0
1668821,2025-08-03 02:17:00,2025-08-03 02:39:00,101267.64,60678.66,620.43,18.02,К-р Восточный,605-E230725_P_B_9.B,5034,2025-08-03,PV №52,quartz-mica foliated schists,0.12,104.02,108,11.75,246.0
1609070,2025-06-05 07:35:00,2025-06-05 07:48:00,101692.03,60138.05,639.35,12.56,К-р Восточный,630-E040625_P_B_4.A,6143,2025-06-05,PV №52,carbonized_quartz-mica_hornfels_shists,0.12,46.84,116,6.92,138.0
1579146,2025-05-06 20:10:00,2025-05-06 20:24:00,101282.63,60623.33,639.52,12.23,К-р Восточный,630-E030525_P_B_1.B,6038,2025-05-07,PV №52,quartz-mica foliated schists,0.12,373.72,107,16.82,54.0
1611625,2025-06-07 19:54:00,2025-06-07 20:13:00,101803.89,60129.68,639.17,11.71,К-р Восточный,630-E040625_P_B_4.A,6068,2025-06-08,PV №52,carbonized_quartz-mica_hornfels_shists,0.12,248.49,91,14.83,48.0
1579134,2025-05-06 23:59:00,2025-05-07 00:11:00,101261.13,60638.85,639.89,12.17,К-р Восточный,630-E030525_P_B_1.B,6130,2025-05-07,PV №52,quartz-mica foliated schists,0.12,-21.56,43,3.39,84.0
1612931,2025-06-09 03:49:00,2025-06-09 04:12:00,101708.26,60093.5,639.95,12.01,К-р Восточный,630-E040625_P_B_4.A,5682,2025-06-09,PV №52,carbonized_quartz-mica_hornfels_shists,0.12,7.91,0,0.52,270.0
1609858,2025-06-06 02:10:00,2025-06-06 02:26:00,101706.2,60115.6,639.62,12.31,К-р Восточный,630-E040625_P_B_4.A,5766,2025-06-06,PV №52,carbonized_quartz-mica_hornfels_shists,0.12,337.61,110,13.67,102.0
1613760,2025-06-10 01:54:00,2025-06-10 02:15:00,101824.38,60090.07,639.24,12.52,К-р Восточный,630-E040625_P_B_4.A,5665,2025-06-10,PV №52,carbonized_quartz-mica_hornfels_shists,0.12,99.49,86,10.22,138.6
1614094,2025-06-10 09:30:00,2025-06-10 10:01:00,101823.95,60079.11,639.12,12.52,К-р Восточный,630-E040625_P_B_4.A,5615,2025-06-10,PV №52,carbonized_quartz-mica_hornfels_shists,0.12,56.95,98,6.69,149.4
1667994,2025-08-02 04:45:00,2025-08-02 05:09:00,101240.41,60769.58,619.85,17.82,К-р Восточный,605-E230725_P_B_9.B,5045,2025-08-02,PV №52,mica-quartz_carbonate_massive_rocks,0.12,185.8,113,11.34,162.0
1580386,2025-05-08 04:56:00,2025-05-08 05:08:00,101307.19,60573.95,640.04,12.71,К-р Восточный,630-E030525_P_B_1.B,5952,2025-05-08,PV №52,quartz-mica foliated schists,0.12,170.65,113,11.06,84.0
1609686,2025-06-05 21:43:00,2025-06-05 22:10:00,101729.3,60123.29,639.27,11.64,К-р Восточный,630-E040625_P_B_4.A,6057,2025-06-06,PV №52,carbonized_quartz-mica_hornfels_shists,0.12,266.45,86,11.47,30.0
1667764,2025-08-01 20:06:00,2025-08-01 20:25:00,101238.13,60705.36,620.44,18.04,К-р Восточный,605-E230725_P_B_9.B,5056,2025-08-02,PV №52,mica-quartz_carbonate_massive_rocks,0.12,191.28,114,13.53,396.0
1614703,2025-06-10 20:08:00,2025-06-10 20:32:00,101769.66,60085.1,639.2,12.06,К-р Восточный,630-E040625_P_B_4.A,5673,2025-06-11,PV №52,carbonized_quartz-mica_hornfels_shists,0.12,52.84,109,8.13,72.0
1614718,2025-06-10 20:34:00,2025-06-10 20:53:00,101773.42,60079.64,639.3,12.0,К-р Восточный,630-E040625_P_B_4.A,5813,2025-06-11,PV №52,carbonized_quartz-mica_hornfels_shists,0.12,52.18,105,10.0,126.0
1578624,2025-05-06 09:32:00,2025-05-06 09:43:00,101255.62,60683.48,639.94,12.67,К-р Восточный,630-E030525_P_B_1.B,6152,2025-05-06,PV №52,quartz-mica foliated schists,0.12,267.38,112,11.11,144.0
1668181,2025-08-02 10:38:00,2025-08-02 11:01:00,101273.72,60726.52,621.53,18.5,К-р Восточный,605-E230725_P_B_9.B,8182,2025-08-02,PV №52,mica-quartz_carbonate_massive_rocks,0.12,33.17,57,4.81,606.6
1614053,2025-06-10 08:38:00,2025-06-10 09:00:00,101838.15,60080.09,639.39,12.51,К-р Восточный,630-E040625_P_B_4.A,5617,2025-06-10,PV №52,carbonized_quartz-mica_hornfels_shists,0.12,94.61,116,11.47,161.4
1611441,2025-06-07 18:00:00,2025-06-07 18:16:00,101830.98,60132.01,638.79,11.49,К-р Восточный,630-E040625_P_B_4.A,6072,2025-06-07,PV №52,carbonized_quartz-mica_hornfels_shists,0.12,45.44,107,7.06,54.0
1579229,2025-05-07 01:39:00,2025-05-07 01:51:00,101244.24,60652.57,640.17,12.31,К-р Восточный,630-E030525_P_B_1.B,6137,2025-05-07,PV №52,quartz-mica foliated schists,0.12,282.74,109,17.8,102.0
1668704,2025-08-02 21:19:00,2025-08-02 21:38:00,101283.1,60682.49,621.57,19.16,К-р Восточный,605-E230725_P_B_9.B,8187,2025-08-03,PV №52,quartz-mica foliated schists,0.12,318.78,89,12.46,53.4
1579659,2025-05-07 13:18:00,2025-05-07 13:32:00,101275.39,60593.92,640.17,11.78,К-р Восточный,630-E030525_P_B_1.B,6098,2025-05-07,PV №52,quartz-mica foliated schists,0.12,116.6,114,8.68,102.0
1613405,2025-06-09 16:34:00,2025-06-09 16:52:00,101745.71,60089.44,639.06,12.03,К-р Восточный,630-E040625_P_B_4.A,5881,2025-06-09,PV №52,carbonized_quartz-mica_hornfels_shists,0.12,245.72,112,12.66,96.0
1611783,2025-06-08 01:40:00,2025-06-08 01:59:00,101793.97,60123.54,639.07,11.66,К-р Восточный,630-E040625_P_B_4.A,5779,2025-06-08,PV №52,carbonized_quartz-mica_hornfels_shists,0.12,148.67,115,14.14,288.6
1667856,2025-08-02 02:15:00,2025-08-02 02:39:00,101246.2,60781.78,620.31,17.63,К-р Восточный,605-E230725_P_B_9.B,5022,2025-08-02,PV №52,mica-quartz_carbonate_massive_rocks,0.13,-2.85,24,0.72,504.0
1609052,2025-06-05 07:02:00,2025-06-05 07:18:00,101680.9,60136.33,639.55,12.73,К-р Восточный,630-E040625_P_B_4.A,6145,2025-06-05,PV №52,carbonized_quartz-mica_hornfels_shists,0.13,11.22,0,0.78,372.0
1612669,2025-06-08 20:49:00,2025-06-08 21:04:00,101843.48,60103.07,639.47,12.16,К-р Восточный,630-E040625_P_B_4.A,5702,2025-06-09,PV №52,carbonized_quartz-mica_hornfels_shists,0.13,27.75,14,1.77,444.0
1613753,2025-06-10 01:30:00,2025-06-10 01:52:00,101831.03,60090.53,639.59,12.52,К-р Восточный,630-E040625_P_B_4.A,5664,2025-06-10,PV №52,carbonized_quartz-mica_hornfels_shists,0.13,285.07,100,13.97,48.0
1581118,2025-05-08 21:12:00,2025-05-08 21:25:00,101293.5,60527.12,640.05,12.29,К-р Восточный,630-E030525_P_B_1.B,5925,2025-05-09,PV №52,quartz-mica foliated schists,0.13,127.31,70,11.98,174.0
1609664,2025-06-05 20:27:00,2025-06-05 20:42:00,101702.34,60121.81,639.54,12.33,К-р Восточный,630-E040625_P_B_4.A,6053,2025-06-06,PV №52,carbonized_quartz-mica_hornfels_shists,0.13,76.88,28,4.56,66.0
1672836,2025-08-06 23:24:00,2025-08-06 23:43:00,101223.74,60837.03,620.3,18.02,К-р Восточный,605-E230725_P_B_9.B,4985,2025-08-07,PV №52,mica-quartz_carbonate_massive_rocks,0.13,259.61,109,13.79,90.0
1612327,2025-06-08 14:16:00,2025-06-08 14:36:00,101768.21,60109.18,638.77,11.48,К-р Восточный,630-E040625_P_B_4.A,5753,2025-06-08,PV №52,carbonized_quartz-mica_hornfels_shists,0.13,-2.54,45,1.07,414.0
1579730,2025-05-07 15:29:00,2025-05-07 15:42:00,101204.95,60672.06,639.83,12.54,К-р Восточный,630-E030525_P_B_1.B,6082,2025-05-07,PV №52,quartz-mica foliated schists,0.13,76.33,112,9.47,96.0
1578886,2025-05-06 16:54:00,2025-05-06 17:07:00,101258.94,60669.23,639.76,12.32,К-р Восточный,630-E030525_P_B_1.B,6150,2025-05-06,PV №52,quartz-mica foliated schists,0.13,14.06,101,5.01,156.6
1667076,2025-08-01 05:51:00,2025-08-01 06:09:00,101230.86,60699.13,620.2,18.01,К-р Восточный,605-E230725_P_B_9.B,5086,2025-08-01,PV №52,mica-quartz_carbonate_massive_rocks,0.13,376.38,63,20.06,126.0
1614789,2025-06-11 01:18:00,2025-06-11 01:42:00,101753.35,60078.2,639.45,12.03,К-р Восточный,630-E040625_P_B_4.A,5810,2025-06-11,PV №52,carbonized_quartz-mica_hornfels_shists,0.13,59.41,117,7.1,144.0
1580852,2025-05-08 15:58:00,2025-05-08 16:10:00,101306.16,60535.59,639.72,12.51,К-р Восточный,630-E030525_P_B_1.B,5888,2025-05-08,PV №52,quartz-mica foliated schists,0.13,89.09,116,8.91,144.0
1580514,2025-05-08 08:05:00,2025-05-08 08:17:00,101277.81,60563.75,640.38,12.58,К-р Восточный,630-E030525_P_B_1.B,5940,2025-05-08,PV №52,quartz-mica foliated schists,0.13,67.05,37,8.02,253.2
1613972,2025-06-10 06:04:00,2025-06-10 06:25:00,101807.61,60083.01,638.78,12.03,К-р Восточный,630-E040625_P_B_4.A,5818,2025-06-10,PV №52,carbonized_quartz-mica_hornfels_shists,0.13,124.17,116,11.61,198.0
1579519,2025-05-07 09:10:00,2025-05-07 09:23:00,101242.29,60629.88,640.22,12.57,К-р Восточный,630-E030525_P_B_1.B,6051,2025-05-07,PV №52,quartz-mica foliated schists,0.13,50.17,71,4.42,66.0
1614042,2025-06-10 08:19:00,2025-06-10 08:36:00,101845.0,60080.85,639.44,12.01,К-р Восточный,630-E040625_P_B_4.A,5618,2025-06-10,PV №52,carbonized_quartz-mica_hornfels_shists,0.13,99.18,105,9.14,120.0
1667112,2025-08-01 07:09:00,2025-08-01 07:32:00,101220.75,60800.39,620.05,17.51,К-р Восточный,605-E230725_P_B_9.B,5016,2025-08-01,PV №52,mica-quartz_carbonate_massive_rocks,0.13,410.02,108,16.79,42.0
1579117,2025-05-06 22:39:00,2025-05-06 22:51:00,101277.94,60617.0,639.78,12.21,К-р Восточный,630-E030525_P_B_1.B,6039,2025-05-07,PV №52,quartz-mica foliated schists,0.13,64.45,58,8.23,426.0
1580081,2025-05-07 20:33:00,2025-05-07 20:46:00,101225.37,60613.21,640.38,12.64,К-р Восточный,630-E030525_P_B_1.B,6045,2025-05-08,PV №52,quartz-mica foliated schists,0.13,261.2,111,14.19,150.0
1579229,2025-05-07 01:39:00,2025-05-07 01:51:00,101244.24,60652.57,640.17,12.31,К-р Восточный,630-E030525_P_B_1.B,6137,2025-05-07,PV №52,quartz-mica foliated schists,0.13,281.63,108,19.45,216.0
1672560,2025-08-06 16:47:00,2025-08-06 17:11:00,101236.62,60810.85,620.48,18.47,К-р Восточный,605-E230725_P_B_9.B,4987,2025-08-06,PV №52,mica-quartz_carbonate_massive_rocks,0.13,99.31,53,11.65,126.0
1612371,2025-06-08 15:24:00,2025-06-08 15:43:00,101846.27,60109.52,639.14,12.11,К-р Восточный,630-E040625_P_B_4.A,5908,2025-06-08,PV №52,carbonized_quartz-mica_hornfels_shists,0.13,257.0,113,12.45,36.0
1668726,2025-08-03 00:03:00,2025-08-03 00:31:00,101233.09,60690.36,621.35,17.92,К-р Восточный,605-E230725_P_B_9.B,5085,2025-08-03,PV №52,quartz-mica foliated schists,0.13,5.58,67,1.22,384.0
1579117,2025-05-06 22:39:00,2025-05-06 22:51:00,101277.94,60617.0,639.78,12.21,К-р Восточный,630-E030525_P_B_1.B,6039,2025-05-07,PV №52,quartz-mica foliated schists,0.13,70.65,75,7.59,101.4
1668645,2025-08-02 19:52:00,2025-08-02 20:27:00,101285.48,60696.18,621.3,20.93,К-р Восточный,605-E230725_P_B_9.B,8161,2025-08-03,PV №52,quartz-mica foliated schists,0.13,250.6,114,11.0,108.0
1613405,2025-06-09 16:34:00,2025-06-09 16:52:00,101745.71,60089.44,639.06,12.03,К-р Восточный,630-E040625_P_B_4.A,5881,2025-06-09,PV №52,carbonized_quartz-mica_hornfels_shists,0.13,98.1,88,6.79,90.0
1666873,2025-08-01 02:12:00,2025-08-01 02:40:00,101217.69,60761.67,620.17,17.56,К-р Восточный,605-E230725_P_B_9.B,5093,2025-08-01,PV №52,mica-quartz_carbonate_massive_rocks,0.13,-7.74,0,0.4,228.0
1582438,2025-05-10 01:54:00,2025-05-10 02:07:00,101273.34,60502.6,640.68,13.29,К-р Восточный,630-E030525_P_B_1.B,5878,2025-05-10,PV №52,quartz-mica foliated schists,0.13,-4.92,68,4.87,156.0
1614042,2025-06-10 08:19:00,2025-06-10 08:36:00,101845.0,60080.85,639.44,12.01,К-р Восточный,630-E040625_P_B_4.A,5618,2025-06-10,PV №52,carbonized_quartz-mica_hornfels_shists,0.13,407.38,108,16.54,54.0
1579602,2025-05-07 11:42:00,2025-05-07 11:59:00,101287.36,60602.61,639.91,12.48,К-р Восточный,630-E030525_P_B_1.B,6035,2025-05-07,PV №52,quartz-mica foliated schists,0.13,169.04,114,9.38,138.0
1613730,2025-06-10 01:06:00,2025-06-10 01:27:00,101837.47,60091.24,639.81,12.52,К-р Восточный,630-E040625_P_B_4.A,5663,2025-06-10,PV №52,carbonized_quartz-mica_hornfels_shists,0.13,129.0,114,9.7,72.0
1580744,2025-05-08 13:25:00,2025-05-08 13:41:00,101338.17,60530.32,639.29,12.01,К-р Восточный,630-E030525_P_B_1.B,5958,2025-05-08,PV №52,mica-quartz_carbonate_massive_rocks,0.13,150.35,81,13.84,224.4
1611012,2025-06-07 05:28:00,2025-06-07 05:47:00,101713.88,60104.39,639.57,11.72,К-р Восточный,630-E040625_P_B_4.A,5761,2025-06-07,PV №52,carbonized_quartz-mica_hornfels_shists,0.13,-8.94,10,0.28,198.0
1614703,2025-06-10 20:08:00,2025-06-10 20:32:00,101769.66,60085.1,639.2,12.06,К-р Восточный,630-E040625_P_B_4.A,5673,2025-06-11,PV №52,carbonized_quartz-mica_hornfels_shists,0.13,383.98,67,22.36,12.0
1580718,2025-05-08 12:34:00,2025-05-08 12:47:00,101313.53,60550.6,639.96,12.6,К-р Восточный,630-E030525_P_B_1.B,5983,2025-05-08,PV №52,quartz-mica foliated schists,0.13,170.38,113,9.91,144.0
1580758,2025-05-08 13:43:00,2025-05-08 13:58:00,101332.78,60537.58,639.31,12.51,К-р Восточный,630-E030525_P_B_1.B,5986,2025-05-08,PV №52,quartz-mica foliated schists,0.13,268.37,101,20.85,66.0
1611648,2025-06-07 21:59:00,2025-06-07 22:15:00,101868.72,60128.47,639.2,11.16,К-р Восточный,630-E040625_P_B_4.A,5790,2025-06-08,PV №52,carbonized_quartz-mica_hornfels_shists,0.13,76.23,61,7.37,126.0
1582396,2025-05-10 00:53:00,2025-05-10 01:08:00,101278.36,60495.0,640.26,13.57,К-р Восточный,630-E030525_P_B_1.B,5910,2025-05-10,PV №52,quartz-mica foliated schists,0.13,-1.0,78,4.26,144.0
1614888,2025-06-11 03:03:00,2025-06-11 03:23:00,101729.98,60070.5,639.26,12.53,К-р Восточный,630-E040625_P_B_4.A,5601,2025-06-11,PV №52,carbonized_quartz-mica_hornfels_shists,0.13,62.56,112,9.45,126.0
1578945,2025-05-06 19:01:00,2025-05-06 19:15:00,101270.0,60650.86,639.91,12.21,К-р Восточный,630-E030525_P_B_1.B,6133,2025-05-06,PV №52,quartz-mica foliated schists,0.13,231.43,112,11.26,96.0
1667230,2025-08-01 10:01:00,2025-08-01 10:33:00,101228.62,60749.99,620.01,17.5,К-р Восточный,605-E230725_P_B_9.B,5051,2025-08-01,PV №52,mica-quartz_carbonate_massive_rocks,0.13,253.46,110,13.28,156.0
1668821,2025-08-03 02:17:00,2025-08-03 02:39:00,101267.64,60678.66,620.43,18.02,К-р Восточный,605-E230725_P_B_9.B,5034,2025-08-03,PV №52,quartz-mica foliated schists,0.13,194.37,87,21.06,497.4
1579298,2025-05-07 02:39:00,2025-05-07 02:55:00,101264.46,60623.66,639.75,12.12,К-р Восточный,630-E030525_P_B_1.B,6117,2025-05-07,PV №52,quartz-mica foliated schists,0.13,153.86,115,11.2,114.0
1580127,2025-05-08 00:22:00,2025-05-08 00:34:00,101288.45,60586.84,640.43,12.11,К-р Восточный,630-E030525_P_B_1.B,6018,2025-05-08,PV №52,quartz-mica foliated schists,0.13,154.62,113,13.43,288.0
1609052,2025-06-05 07:02:00,2025-06-05 07:18:00,101680.9,60136.33,639.55,12.73,К-р Восточный,630-E040625_P_B_4.A,6145,2025-06-05,PV №52,carbonized_quartz-mica_hornfels_shists,0.13,39.95,75,5.56,90.0
1612062,2025-06-08 08:03:00,2025-06-08 08:21:00,101784.28,60116.32,638.66,11.57,К-р Восточный,630-E040625_P_B_4.A,5955,2025-06-08,PV №52,carbonized_quartz-mica_hornfels_shists,0.13,-1.39,38,0.94,492.0
1579402,2025-05-07 05:07:00,2025-05-07 05:21:00,101245.59,60637.39,640.35,12.41,К-р Восточный,630-E030525_P_B_1.B,6128,2025-05-07,PV №52,quartz-mica foliated schists,0.13,113.22,56,6.94,198.0
1581377,2025-05-09 02:50:00,2025-05-09 03:00:00,101325.77,60506.14,639.77,12.54,К-р Восточный,630-E030525_P_B_1.B,5992,2025-05-09,PV №52,mica-quartz_carbonate_massive_rocks,0.13,308.39,108,16.6,257.4
1579850,2025-05-07 18:25:00,2025-05-07 18:37:00,101257.69,60592.64,640.11,12.55,К-р Восточный,630-E030525_P_B_1.B,6100,2025-05-07,PV №52,quartz-mica foliated schists,0.13,267.36,109,13.99,396.0
1581634,2025-05-09 08:16:00,2025-05-09 08:33:00,101357.94,60501.33,639.68,12.54,К-р Восточный,630-E030525_P_B_1.B,5967,2025-05-09,PV №52,carbonaceous quartz-mica calcium metasomatites,0.14,67.5,113,7.91,84.0
1611622,2025-06-07 21:13:00,2025-06-07 21:29:00,101783.81,60127.88,638.82,11.23,К-р Восточный,630-E040625_P_B_4.A,6065,2025-06-08,PV №52,carbonized_quartz-mica_hornfels_shists,0.14,174.61,101,13.57,150.0
1581505,2025-05-09 04:51:00,2025-05-09 05:09:00,101290.95,60503.34,640.45,12.66,К-р Восточный,630-E030525_P_B_1.B,5876,2025-05-09,PV №52,quartz-mica foliated schists,0.14,349.05,92,15.16,30.0
1610799,2025-06-07 01:40:00,2025-06-07 01:56:00,101703.47,60109.73,639.49,12.2,К-р Восточный,630-E040625_P_B_4.A,5967,2025-06-07,PV №52,carbonized_quartz-mica_hornfels_shists,0.14,403.19,109,15.54,54.0
1615013,2025-06-11 05:17:00,2025-06-11 05:45:00,101770.95,60075.15,639.38,12.01,К-р Восточный,630-E040625_P_B_4.A,5607,2025-06-11,PV №52,carbonized_quartz-mica_hornfels_shists,0.14,384.06,106,19.25,24.0
1612677,2025-06-08 23:31:00,2025-06-08 23:53:00,101789.44,60099.15,639.1,11.87,К-р Восточный,630-E040625_P_B_4.A,5694,2025-06-09,PV №52,carbonized_quartz-mica_hornfels_shists,0.14,50.97,49,5.09,72.6
1581741,2025-05-09 10:28:00,2025-05-09 10:39:00,101318.29,60490.62,640.36,12.75,К-р Восточный,630-E030525_P_B_1.B,6001,2025-05-09,PV №52,mica-quartz_carbonate_massive_rocks,0.14,74.58,117,6.79,103.2
1614003,2025-06-10 07:29:00,2025-06-10 07:46:00,101790.37,60087.18,638.85,12.01,К-р Восточный,630-E040625_P_B_4.A,5670,2025-06-10,PV №52,carbonized_quartz-mica_hornfels_shists,0.14,407.26,107,19.09,54.0
1665915,2025-07-31 07:28:00,2025-07-31 07:51:00,101253.32,60708.55,622.36,18.02,К-р Восточный,605-E230725_P_B_9.B,5038,2025-07-31,PV №52,mica-quartz_carbonate_massive_rocks,0.14,106.94,81,12.32,50.4
1579539,2025-05-07 09:40:00,2025-05-07 09:53:00,101251.97,60615.19,639.93,12.05,К-р Восточный,630-E030525_P_B_1.B,6042,2025-05-07,PV №52,quartz-mica foliated schists,0.14,435.92,109,16.56,54.0
1613907,2025-06-10 04:32:00,2025-06-10 04:52:00,101834.74,60084.98,639.63,12.5,К-р Восточный,630-E040625_P_B_4.A,5822,2025-06-10,PV №52,carbonized_quartz-mica_hornfels_shists,0.14,332.16,108,16.93,54.0
1581951,2025-05-09 15:23:00,2025-05-09 15:35:00,101319.67,60475.39,640.53,13.06,К-р Восточный,630-E030525_P_B_1.B,6002,2025-05-09,PV №52,mica-quartz_carbonate_massive_rocks,0.14,155.89,113,11.03,90.0
1667411,2025-08-01 14:50:00,2025-08-01 15:18:00,101230.35,60780.35,620.11,17.03,К-р Восточный,605-E230725_P_B_9.B,5047,2025-08-01,PV №52,mica-quartz_carbonate_massive_rocks,0.14,85.5,113,9.57,132.0
1609826,2025-06-06 01:52:00,2025-06-06 02:08:00,101699.42,60114.81,639.51,12.46,К-р Восточный,630-E040625_P_B_4.A,5765,2025-06-06,PV №52,carbonized_quartz-mica_hornfels_shists,0.14,13.2,0,0.39,221.4
1612179,2025-06-08 10:17:00,2025-06-08 10:36:00,101835.84,60114.56,639.08,12.05,К-р Восточный,630-E040625_P_B_4.A,5743,2025-06-08,PV №52,carbonized_quartz-mica_hornfels_shists,0.14,58.29,88,7.83,107.4
1614019,2025-06-10 08:00:00,2025-06-10 08:17:00,101850.12,60081.15,639.32,12.0,К-р Восточный,630-E040625_P_B_4.A,5619,2025-06-10,PV №52,carbonized_quartz-mica_hornfels_shists,0.14,324.38,111,16.04,90.0
1579140,2025-05-06 22:06:00,2025-05-06 22:20:00,101271.5,60631.84,639.63,12.18,К-р Восточный,630-E030525_P_B_1.B,6055,2025-05-07,PV №52,quartz-mica foliated schists,0.14,133.07,89,11.23,132.0
1612658,2025-06-08 22:49:00,2025-06-08 23:07:00,101802.79,60100.15,639.32,11.52,К-р Восточный,630-E040625_P_B_4.A,5696,2025-06-09,PV №52,carbonized_quartz-mica_hornfels_shists,0.14,187.72,113,13.19,72.0
1581383,2025-05-09 03:06:00,2025-05-09 03:17:00,101277.47,60510.38,640.23,12.56,К-р Восточный,630-E030525_P_B_1.B,5917,2025-05-09,PV №52,quartz-mica foliated schists,0.14,-7.26,74,1.89,480.6
1579138,2025-05-06 21:17:00,2025-05-06 21:32:00,101291.05,60610.15,639.83,12.56,К-р Восточный,630-E030525_P_B_1.B,6114,2025-05-07,PV №52,quartz-mica foliated schists,0.14,144.02,60,11.31,84.0
1579618,2025-05-07 12:17:00,2025-05-07 12:29:00,101291.22,60595.11,640.08,12.28,К-р Восточный,630-E030525_P_B_1.B,6096,2025-05-07,PV №52,quartz-mica foliated schists,0.14,313.65,110,14.2,107.4
1667564,2025-08-01 19:21:00,2025-08-01 20:03:00,101244.7,60711.32,620.3,19.41,К-р Восточный,605-E230725_P_B_9.B,5078,2025-08-01,PV №52,mica-quartz_carbonate_massive_rocks,0.14,424.53,108,18.54,48.0
1581170,2025-05-08 23:24:00,2025-05-08 23:39:00,101352.76,60508.48,639.53,12.76,К-р Восточный,630-E030525_P_B_1.B,5995,2025-05-09,PV №52,mica-quartz_carbonate_massive_rocks,0.14,126.09,98,8.06,78.0
1609879,2025-06-06 02:46:00,2025-06-06 03:05:00,101719.59,60117.02,639.36,12.09,К-р Восточный,630-E040625_P_B_4.A,5768,2025-06-06,PV №52,fault_zone,0.14,153.7,52,6.86,114.0
1612019,2025-06-08 06:12:00,2025-06-08 06:29:00,101804.75,60118.4,639.29,11.69,К-р Восточный,630-E040625_P_B_4.A,5952,2025-06-08,PV №52,carbonized_quartz-mica_hornfels_shists,0.14,-7.18,0,0.56,264.0
1667959,2025-08-02 04:18:00,2025-08-02 04:43:00,101238.74,60776.94,619.83,17.44,К-р Восточный,605-E230725_P_B_9.B,5046,2025-08-02,PV №52,mica-quartz_carbonate_massive_rocks,0.14,34.29,60,3.15,450.0
1578893,2025-05-06 17:10:00,2025-05-06 17:22:00,101255.6,60676.73,639.78,12.53,К-р Восточный,630-E030525_P_B_1.B,6076,2025-05-06,PV №52,quartz-mica foliated schists,0.14,101.55,115,8.11,66.0
1612190,2025-06-08 10:38:00,2025-06-08 10:59:00,101828.96,60113.97,639.12,12.16,К-р Восточный,630-E040625_P_B_4.A,5744,2025-06-08,PV №52,carbonized_quartz-mica_hornfels_shists,0.14,-0.91,46,0.42,498.0
1579553,2025-05-07 09:56:00,2025-05-07 10:19:00,101256.62,60607.81,639.84,12.04,К-р Восточный,630-E030525_P_B_1.B,6110,2025-05-07,PV №52,quartz-mica foliated schists,0.14,51.88,95,6.54,204.0
1615066,2025-06-11 07:35:00,2025-06-11 07:54:00,101863.5,60126.78,638.89,12.0,К-р Восточный,630-E040625_P_B_4.A,5789,2025-06-11,PV №52,carbonized_quartz-mica_hornfels_shists,0.14,157.03,112,12.55,48.0
1613753,2025-06-10 01:30:00,2025-06-10 01:52:00,101831.03,60090.53,639.59,12.52,К-р Восточный,630-E040625_P_B_4.A,5664,2025-06-10,PV №52,carbonized_quartz-mica_hornfels_shists,0.14,408.59,110,15.59,30.0
1581473,2025-05-09 04:32:00,2025-05-09 04:47:00,101282.12,60502.77,640.16,12.64,К-р Восточный,630-E030525_P_B_1.B,5877,2025-05-09,PV №52,quartz-mica foliated schists,0.14,356.59,105,15.11,54.0
1581106,2025-05-08 22:20:00,2025-05-08 22:32:00,101328.62,60529.07,639.53,12.21,К-р Восточный,630-E030525_P_B_1.B,5959,2025-05-09,PV №52,mica-quartz_carbonate_massive_rocks,0.14,204.97,113,11.14,84.0
1609664,2025-06-05 20:27:00,2025-06-05 20:42:00,101702.34,60121.81,639.54,12.33,К-р Восточный,630-E040625_P_B_4.A,6053,2025-06-06,PV №52,carbonized_quartz-mica_hornfels_shists,0.14,407.16,106,18.17,126.0
1609194,2025-06-05 10:39:00,2025-06-05 10:56:00,101748.66,60137.22,638.69,11.7,К-р Восточный,630-E040625_P_B_4.A,6040,2025-06-05,PV №52,fault_zone,0.14,86.44,114,10.36,120.0
1611689,2025-06-07 22:59:00,2025-06-07 23:16:00,101848.46,60127.21,639.46,11.74,К-р Восточный,630-E040625_P_B_4.A,5787,2025-06-08,PV №52,carbonized_quartz-mica_hornfels_shists,0.14,29.15,35,3.28,204.0
1579126,2025-05-06 22:55:00,2025-05-06 23:07:00,101282.91,60609.81,639.82,12.15,К-р Восточный,630-E030525_P_B_1.B,6113,2025-05-07,PV №52,quartz-mica foliated schists,0.14,150.71,65,9.03,126.0
1667184,2025-08-01 09:04:00,2025-08-01 09:30:00,101224.46,60767.44,620.07,17.51,К-р Восточный,605-E230725_P_B_9.B,5049,2025-08-01,PV №52,mica-quartz_carbonate_massive_rocks,0.14,334.95,90,17.52,6.0
1612390,2025-06-08 15:45:00,2025-06-08 16:06:00,101839.66,60109.06,639.32,12.12,К-р Восточный,630-E040625_P_B_4.A,5907,2025-06-08,PV №52,carbonized_quartz-mica_hornfels_shists,0.14,48.49,105,7.74,48.0
1611649,2025-06-07 23:18:00,2025-06-07 23:36:00,101841.81,60126.79,639.26,11.78,К-р Восточный,630-E040625_P_B_4.A,5786,2025-06-08,PV №52,carbonized_quartz-mica_hornfels_shists,0.14,360.47,107,13.26,30.0
1614230,2025-06-10 12:47:00,2025-06-10 13:08:00,101780.35,60080.18,639.25,12.01,К-р Восточный,630-E040625_P_B_4.A,5814,2025-06-10,PV №52,carbonized_quartz-mica_hornfels_shists,0.14,77.79,84,8.39,60.0
1609819,2025-06-06 01:32:00,2025-06-06 01:49:00,101692.63,60115.3,639.36,12.25,К-р Восточный,630-E040625_P_B_4.A,5764,2025-06-06,PV №52,carbonized_quartz-mica_hornfels_shists,0.14,182.36,73,15.77,96.0
1613651,2025-06-09 22:51:00,2025-06-09 23:13:00,101820.24,60095.73,639.05,12.03,К-р Восточный,630-E040625_P_B_4.A,5870,2025-06-10,PV №52,carbonized_quartz-mica_hornfels_shists,0.14,170.0,112,11.93,84.0
1613728,2025-06-10 00:47:00,2025-06-10 01:04:00,101844.14,60091.58,639.45,12.17,К-р Восточный,630-E040625_P_B_4.A,5662,2025-06-10,PV №52,carbonized_quartz-mica_hornfels_shists,0.14,225.36,110,13.54,185.4
1612002,2025-06-08 05:39:00,2025-06-08 05:54:00,101818.4,60119.4,639.31,11.53,К-р Восточный,630-E040625_P_B_4.A,5950,2025-06-08,PV №52,carbonized_quartz-mica_hornfels_shists,0.14,197.31,68,11.38,174.0
1579730,2025-05-07 15:29:00,2025-05-07 15:42:00,101204.95,60672.06,639.83,12.54,К-р Восточный,630-E030525_P_B_1.B,6082,2025-05-07,PV №52,quartz-mica foliated schists,0.14,92.29,107,8.7,36.0
1615045,2025-06-11 06:10:00,2025-06-11 06:29:00,101783.5,60076.04,639.28,12.0,К-р Восточный,630-E040625_P_B_4.A,5609,2025-06-11,PV №52,carbonized_quartz-mica_hornfels_shists,0.14,412.36,107,19.13,30.0
1581139,2025-05-08 22:36:00,2025-05-08 22:48:00,101333.75,60521.98,639.25,12.27,К-р Восточный,630-E030525_P_B_1.B,5988,2025-05-09,PV №52,mica-quartz_carbonate_massive_rocks,0.14,123.09,114,8.85,60.0
1667733,2025-08-01 23:46:00,2025-08-02 00:11:00,101264.34,60771.02,620.82,18.23,К-р Восточный,605-E230725_P_B_9.B,8177,2025-08-02,PV №52,mica-quartz_carbonate_massive_rocks,0.14,53.73,82,6.88,126.0
1612678,2025-06-08 20:13:00,2025-06-08 20:31:00,101857.07,60103.89,639.47,11.62,К-р Восточный,630-E040625_P_B_4.A,5704,2025-06-09,PV №52,carbonized_quartz-mica_hornfels_shists,0.14,-7.12,0,0.39,66.0
1672560,2025-08-06 16:47:00,2025-08-06 17:11:00,101236.62,60810.85,620.48,18.47,К-р Восточный,605-E230725_P_B_9.B,4987,2025-08-06,PV №52,mica-quartz_carbonate_massive_rocks,0.14,375.37,111,17.66,54.6
1612509,2025-06-08 19:19:00,2025-06-08 19:39:00,101778.46,60104.07,639.0,12.04,К-р Восточный,630-E040625_P_B_4.A,5898,2025-06-08,PV №52,carbonized_quartz-mica_hornfels_shists,0.15,298.42,89,15.45,72.0
1580070,2025-05-07 23:08:00,2025-05-07 23:21:00,101234.85,60598.81,640.27,12.11,К-р Восточный,630-E030525_P_B_1.B,6029,2025-05-08,PV №52,quartz-mica foliated schists,0.15,55.73,52,6.61,318.6
1666172,2025-07-31 09:42:00,2025-07-31 10:00:00,101196.48,60812.38,620.0,17.71,К-р Восточный,605-E230725_P_B_9.B,4992,2025-07-31,PV №52,mica-quartz_carbonate_massive_rocks,0.15,335.68,39,23.42,570.6
1613442,2025-06-09 17:19:00,2025-06-09 17:41:00,101759.23,60090.71,638.97,12.1,К-р Восточный,630-E040625_P_B_4.A,5879,2025-06-09,PV №52,carbonized_quartz-mica_hornfels_shists,0.15,134.52,114,9.32,96.0
1578893,2025-05-06 17:10:00,2025-05-06 17:22:00,101255.6,60676.73,639.78,12.53,К-р Восточный,630-E030525_P_B_1.B,6076,2025-05-06,PV №52,quartz-mica foliated schists,0.15,257.81,110,15.25,365.4
1614981,2025-06-11 04:36:00,2025-06-11 04:55:00,101756.77,60073.7,639.38,12.01,К-р Восточный,630-E040625_P_B_4.A,5605,2025-06-11,PV №52,carbonized_quartz-mica_hornfels_shists,0.15,74.04,112,11.74,54.0
1667940,2025-08-02 03:49:00,2025-08-02 04:14:00,101257.63,60765.24,620.6,18.28,К-р Восточный,605-E230725_P_B_9.B,8166,2025-08-02,PV №52,mica-quartz_carbonate_massive_rocks,0.15,381.47,111,14.64,54.0
1580772,2025-05-08 14:17:00,2025-05-08 14:29:00,101318.89,60544.02,639.66,12.51,К-р Восточный,630-E030525_P_B_1.B,5956,2025-05-08,PV №52,quartz-mica foliated schists,0.15,243.8,111,12.74,240.0
1580489,2025-05-08 07:50:00,2025-05-08 08:02:00,101272.45,60570.71,640.42,12.61,К-р Восточный,630-E030525_P_B_1.B,6013,2025-05-08,PV №52,quartz-mica foliated schists,0.15,44.24,85,5.11,228.0
1610856,2025-06-07 02:58:00,2025-06-07 03:12:00,101730.21,60111.59,639.38,11.71,К-р Восточный,630-E040625_P_B_4.A,5963,2025-06-07,PV №52,carbonized_quartz-mica_hornfels_shists,0.15,46.82,0,2.13,942.0
1666191,2025-07-31 10:02:00,2025-07-31 10:26:00,101197.04,60803.22,619.86,17.6,К-р Восточный,605-E230725_P_B_9.B,5005,2025-07-31,PV №52,mica-quartz_carbonate_massive_rocks,0.15,226.3,113,11.39,78.0
1609150,2025-06-05 09:31:00,2025-06-05 09:46:00,101721.53,60135.0,639.25,12.58,К-р Восточный,630-E040625_P_B_4.A,6044,2025-06-05,PV №52,carbonized_quartz-mica_hornfels_shists,0.15,106.25,112,10.65,48.0
1578391,2025-05-06 09:01:00,2025-05-06 09:14:00,101261.0,60688.11,641.71,13.02,К-р Восточный,630-E030525_P_B_1.B,6151,2025-05-06,PV №52,quartz-mica foliated schists,0.15,120.98,113,11.14,258.0
1610856,2025-06-07 02:58:00,2025-06-07 03:12:00,101730.21,60111.59,639.38,11.71,К-р Восточный,630-E040625_P_B_4.A,5963,2025-06-07,PV №52,carbonized_quartz-mica_hornfels_shists,0.15,15.14,0,0.85,246.0
1580255,2025-05-08 02:46:00,2025-05-08 02:59:00,101305.87,60580.66,640.17,12.63,К-р Восточный,630-E030525_P_B_1.B,5980,2025-05-08,PV №52,quartz-mica foliated schists,0.15,154.1,97,9.79,54.0
1580421,2025-05-08 05:44:00,2025-05-08 05:57:00,101303.76,60565.85,640.25,12.54,К-р Восточный,630-E030525_P_B_1.B,5943,2025-05-08,PV №52,quartz-mica foliated schists,0.15,49.1,72,4.71,156.0
1613956,2025-06-10 05:41:00,2025-06-10 06:02:00,101814.56,60083.28,638.84,12.0,К-р Восточный,630-E040625_P_B_4.A,5819,2025-06-10,PV №52,carbonized_quartz-mica_hornfels_shists,0.15,51.64,106,7.77,84.0
1580081,2025-05-07 20:33:00,2025-05-07 20:46:00,101225.37,60613.21,640.38,12.64,К-р Восточный,630-E030525_P_B_1.B,6045,2025-05-08,PV №52,quartz-mica foliated schists,0.15,286.83,106,19.18,282.0
1667883,2025-08-02 02:42:00,2025-08-02 03:14:00,101247.41,60775.33,619.96,17.63,К-р Восточный,605-E230725_P_B_9.B,5023,2025-08-02,PV №52,mica-quartz_carbonate_massive_rocks,0.15,385.1,107,19.55,36.0
1672878,2025-08-06 19:58:00,2025-08-06 20:16:00,101194.63,60840.0,620.48,17.5,К-р Восточный,605-E230725_P_B_9.B,4989,2025-08-07,PV №52,quartz-mica foliated schists,0.15,159.29,70,12.66,376.8
1612704,2025-06-08 21:06:00,2025-06-08 21:22:00,101836.63,60102.72,639.37,11.91,К-р Восточный,630-E040625_P_B_4.A,5701,2025-06-09,PV №52,carbonized_quartz-mica_hornfels_shists,0.15,120.72,115,10.54,172.8
1610903,2025-06-07 03:38:00,2025-06-07 03:55:00,101743.4,60113.07,639.23,11.76,К-р Восточный,630-E040625_P_B_4.A,5961,2025-06-07,PV №52,carbonized_quartz-mica_hornfels_shists,0.15,306.36,111,13.52,84.0
1667411,2025-08-01 14:50:00,2025-08-01 15:18:00,101230.35,60780.35,620.11,17.03,К-р Восточный,605-E230725_P_B_9.B,5047,2025-08-01,PV №52,mica-quartz_carbonate_massive_rocks,0.15,418.67,110,15.02,42.0
1611412,2025-06-07 17:19:00,2025-06-07 17:38:00,101844.63,60133.16,638.76,12.04,К-р Восточный,630-E040625_P_B_4.A,6074,2025-06-07,PV №52,carbonized_quartz-mica_hornfels_shists,0.15,63.03,62,6.48,60.0
1581267,2025-05-09 00:59:00,2025-05-09 01:11:00,101289.88,60518.65,640.26,12.73,К-р Восточный,630-E030525_P_B_1.B,5885,2025-05-09,PV №52,quartz-mica foliated schists,0.15,16.12,81,3.98,210.0
1613656,2025-06-09 22:08:00,2025-06-09 22:30:00,101833.83,60096.61,639.49,12.51,К-р Восточный,630-E040625_P_B_4.A,5868,2025-06-10,PV №52,carbonized_quartz-mica_hornfels_shists,0.15,133.87,69,9.75,72.0
1608758,2025-06-05 01:03:00,2025-06-05 01:26:00,101717.67,60139.88,639.48,12.51,К-р Восточный,630-E040625_P_B_4.A,6139,2025-06-05,PV №52,carbonized_quartz-mica_hornfels_shists,0.15,94.15,82,7.32,42.0
1668767,2025-08-03 01:11:00,2025-08-03 01:29:00,101250.05,60684.6,620.57,17.63,К-р Восточный,605-E230725_P_B_9.B,5081,2025-08-03,PV №52,quartz-mica foliated schists,0.15,4.13,39,1.27,330.0
1613461,2025-06-09 17:43:00,2025-06-09 18:03:00,101766.02,60091.05,638.9,12.01,К-р Восточный,630-E040625_P_B_4.A,5878,2025-06-09,PV №52,carbonized_quartz-mica_hornfels_shists,0.15,188.52,113,11.45,336.0
1579519,2025-05-07 09:10:00,2025-05-07 09:23:00,101242.29,60629.88,640.22,12.57,К-р Восточный,630-E030525_P_B_1.B,6051,2025-05-07,PV №52,quartz-mica foliated schists,0.15,60.4,86,6.69,78.0
1667508,2025-08-01 17:01:00,2025-08-01 17:26:00,101237.05,60746.9,620.01,17.5,К-р Восточный,605-E230725_P_B_9.B,5074,2025-08-01,PV №52,mica-quartz_carbonate_massive_rocks,0.15,136.09,89,8.11,58.8
1610903,2025-06-07 03:38:00,2025-06-07 03:55:00,101743.4,60113.07,639.23,11.76,К-р Восточный,630-E040625_P_B_4.A,5961,2025-06-07,PV №52,carbonized_quartz-mica_hornfels_shists,0.15,393.18,82,21.28,42.0
1667799,2025-08-02 00:49:00,2025-08-02 01:13:00,101236.91,60801.69,620.91,18.11,К-р Восточный,605-E230725_P_B_9.B,5021,2025-08-02,PV №52,mica-quartz_carbonate_massive_rocks,0.15,91.21,93,9.12,252.0
1666747,2025-07-31 22:44:00,2025-07-31 23:03:00,101221.02,60710.98,620.4,18.01,К-р Восточный,605-E230725_P_B_9.B,5062,2025-08-01,PV №52,mica-quartz_carbonate_massive_rocks,0.15,196.53,95,17.33,24.0
1609401,2025-06-05 15:15:00,2025-06-05 15:31:00,101712.12,60128.66,639.44,12.63,К-р Восточный,630-E040625_P_B_4.A,5973,2025-06-05,PV №52,carbonized_quartz-mica_hornfels_shists,0.15,1.37,38,0.88,670.8
1668657,2025-08-02 23:42:00,2025-08-03 00:00:00,101265.74,60687.68,620.56,18.08,К-р Восточный,605-E230725_P_B_9.B,5033,2025-08-03,PV №52,quartz-mica foliated schists,0.15,255.16,90,14.49,72.0
1582419,2025-05-10 01:37:00,2025-05-10 01:52:00,101268.52,60510.08,640.42,13.26,К-р Восточный,630-E030525_P_B_1.B,5918,2025-05-10,PV №52,quartz-mica foliated schists,0.15,176.42,113,13.29,162.0
1667842,2025-08-02 01:44:00,2025-08-02 02:12:00,101238.33,60784.5,620.16,17.51,К-р Восточный,605-E230725_P_B_9.B,5019,2025-08-02,PV №52,mica-quartz_carbonate_massive_rocks,0.15,88.83,75,8.65,144.0
1612704,2025-06-08 21:06:00,2025-06-08 21:22:00,101836.63,60102.72,639.37,11.91,К-р Восточный,630-E040625_P_B_4.A,5701,2025-06-09,PV №52,carbonized_quartz-mica_hornfels_shists,0.15,101.05,113,10.68,96.0
1672836,2025-08-06 23:24:00,2025-08-06 23:43:00,101223.74,60837.03,620.3,18.02,К-р Восточный,605-E230725_P_B_9.B,4985,2025-08-07,PV №52,mica-quartz_carbonate_massive_rocks,0.15,47.13,61,5.62,96.0
1579753,2025-05-07 16:02:00,2025-05-07 16:16:00,101212.09,60657.96,640.31,12.55,К-р Восточный,630-E030525_P_B_1.B,6066,2025-05-07,PV №52,quartz-mica foliated schists,0.15,58.79,116,6.25,42.0
1580227,2025-05-08 01:57:00,2025-05-08 02:11:00,101250.03,60576.84,640.58,12.07,К-р Восточный,630-E030525_P_B_1.B,6087,2025-05-08,PV №52,quartz-mica foliated schists,0.15,32.14,33,5.89,432.0
1614911,2025-06-11 03:26:00,2025-06-11 03:45:00,101737.02,60071.0,639.09,12.01,К-р Восточный,630-E040625_P_B_4.A,5602,2025-06-11,PV №52,carbonized_quartz-mica_hornfels_shists,0.15,95.75,66,8.63,48.6
1579223,2025-05-07 01:53:00,2025-05-07 02:07:00,101249.29,60645.46,640.08,12.17,К-р Восточный,630-E030525_P_B_1.B,6059,2025-05-07,PV №52,quartz-mica foliated schists,0.15,389.21,108,15.87,78.0
1611898,2025-06-08 04:06:00,2025-06-08 04:23:00,101852.19,60121.79,639.55,12.04,К-р Восточный,630-E040625_P_B_4.A,5945,2025-06-08,PV №52,carbonized_quartz-mica_hornfels_shists,0.15,232.05,80,12.1,54.0
1612060,2025-06-08 07:46:00,2025-06-08 08:01:00,101791.4,60116.93,638.91,11.59,К-р Восточный,630-E040625_P_B_4.A,5954,2025-06-08,PV №52,carbonized_quartz-mica_hornfels_shists,0.16,64.34,69,8.49,78.0
1578886,2025-05-06 16:54:00,2025-05-06 17:07:00,101258.94,60669.23,639.76,12.32,К-р Восточный,630-E030525_P_B_1.B,6150,2025-05-06,PV №52,quartz-mica foliated schists,0.16,-14.81,115,6.23,24.0
1580320,2025-05-08 03:49:00,2025-05-08 04:02:00,101276.38,60578.7,640.41,12.16,К-р Восточный,630-E030525_P_B_1.B,6090,2025-05-08,PV №52,quartz-mica foliated schists,0.16,217.65,111,12.6,210.6
1666213,2025-07-31 10:29:00,2025-07-31 10:54:00,101197.62,60794.56,619.89,17.55,К-р Восточный,605-E230725_P_B_9.B,5006,2025-07-31,PV №52,mica-quartz_carbonate_massive_rocks,0.16,64.45,87,8.24,78.6
1667282,2025-08-01 11:29:00,2025-08-01 11:50:00,101234.02,60722.94,620.37,18.05,К-р Восточный,605-E230725_P_B_9.B,5054,2025-08-01,PV №52,mica-quartz_carbonate_massive_rocks,0.16,193.45,112,13.17,246.0
1613826,2025-06-10 03:03:00,2025-06-10 03:22:00,101803.51,60088.47,639.11,12.01,К-р Восточный,630-E040625_P_B_4.A,5668,2025-06-10,PV №52,carbonized_quartz-mica_hornfels_shists,0.16,391.32,110,15.12,36.0
1578612,2025-05-06 09:18:00,2025-05-06 09:29:00,101262.91,60681.21,639.54,12.09,К-р Восточный,630-E030525_P_B_1.B,6075,2025-05-06,PV №52,quartz-mica foliated schists,0.16,138.69,113,11.13,168.0
1667739,2025-08-01 22:44:00,2025-08-01 23:10:00,101259.98,60777.82,620.71,18.55,К-р Восточный,605-E230725_P_B_9.B,8176,2025-08-02,PV №52,mica-quartz_carbonate_massive_rocks,0.16,70.95,88,7.17,150.0
1609686,2025-06-05 21:43:00,2025-06-05 22:10:00,101729.3,60123.29,639.27,11.64,К-р Восточный,630-E040625_P_B_4.A,6057,2025-06-06,PV №52,carbonized_quartz-mica_hornfels_shists,0.16,280.48,98,13.17,30.0
1611750,2025-06-08 01:03:00,2025-06-08 01:20:00,101807.71,60124.39,639.37,11.85,К-р Восточный,630-E040625_P_B_4.A,5781,2025-06-08,PV №52,carbonized_quartz-mica_hornfels_shists,0.16,97.41,59,7.19,72.0
1613656,2025-06-09 22:08:00,2025-06-09 22:30:00,101833.83,60096.61,639.49,12.51,К-р Восточный,630-E040625_P_B_4.A,5868,2025-06-10,PV №52,carbonized_quartz-mica_hornfels_shists,0.16,51.51,106,10.38,102.0
1611719,2025-06-08 00:20:00,2025-06-08 00:37:00,101821.33,60125.18,639.29,11.6,К-р Восточный,630-E040625_P_B_4.A,5783,2025-06-08,PV №52,carbonized_quartz-mica_hornfels_shists,0.16,390.22,107,14.76,42.0
1667127,2025-08-01 07:34:00,2025-08-01 08:00:00,101221.47,60791.35,620.09,17.52,К-р Восточный,605-E230725_P_B_9.B,5017,2025-08-01,PV №52,mica-quartz_carbonate_massive_rocks,0.16,60.48,105,6.43,78.0
1666290,2025-07-31 12:27:00,2025-07-31 13:00:00,101202.47,60758.41,620.12,17.5,К-р Восточный,605-E230725_P_B_9.B,5096,2025-07-31,PV №52,mica-quartz_carbonate_massive_rocks,0.16,338.33,111,13.64,90.0
1667733,2025-08-01 23:46:00,2025-08-02 00:11:00,101264.34,60771.02,620.82,18.23,К-р Восточный,605-E230725_P_B_9.B,8177,2025-08-02,PV №52,mica-quartz_carbonate_massive_rocks,0.16,422.57,111,15.0,48.0
1608626,2025-06-04 23:11:00,2025-06-04 23:27:00,101711.92,60138.96,639.44,12.62,К-р Восточный,630-E040625_P_B_4.A,6140,2025-06-05,PV №52,carbonized_quartz-mica_hornfels_shists,0.16,281.61,74,16.46,186.0
1581170,2025-05-08 23:24:00,2025-05-08 23:39:00,101352.76,60508.48,639.53,12.76,К-р Восточный,630-E030525_P_B_1.B,5995,2025-05-09,PV №52,mica-quartz_carbonate_massive_rocks,0.16,-5.88,100,6.73,161.4
1582263,2025-05-09 20:08:00,2025-05-09 20:19:00,101297.13,60481.34,640.74,13.02,К-р Восточный,630-E030525_P_B_1.B,5906,2025-05-10,PV №52,mica-quartz_carbonate_massive_rocks,0.16,260.37,113,14.35,108.0
1580489,2025-05-08 07:50:00,2025-05-08 08:02:00,101272.45,60570.71,640.42,12.61,К-р Восточный,630-E030525_P_B_1.B,6013,2025-05-08,PV №52,quartz-mica foliated schists,0.16,59.4,79,6.32,155.4
1578612,2025-05-06 09:18:00,2025-05-06 09:29:00,101262.91,60681.21,639.54,12.09,К-р Восточный,630-E030525_P_B_1.B,6075,2025-05-06,PV №52,quartz-mica foliated schists,0.16,132.81,115,9.71,192.0
1666776,2025-08-01 00:15:00,2025-08-01 00:40:00,101213.56,60795.38,620.05,17.6,К-р Восточный,605-E230725_P_B_9.B,5010,2025-08-01,PV №52,mica-quartz_carbonate_massive_rocks,0.16,346.1,92,18.32,48.0
1579637,2025-05-07 12:48:00,2025-05-07 13:00:00,101279.12,60601.88,639.92,12.09,К-р Восточный,630-E030525_P_B_1.B,6034,2025-05-07,PV №52,quartz-mica foliated schists,0.16,381.64,102,15.17,54.0
1581156,2025-05-08 23:08:00,2025-05-08 23:20:00,101339.01,60514.98,639.53,12.5,К-р Восточный,630-E030525_P_B_1.B,5965,2025-05-09,PV №52,mica-quartz_carbonate_massive_rocks,0.16,169.35,94,11.82,102.6
1672866,2025-08-06 22:20:00,2025-08-06 22:37:00,101211.12,60831.98,620.24,17.51,К-р Восточный,605-E230725_P_B_9.B,4995,2025-08-07,PV №52,mica-quartz_carbonate_massive_rocks,0.16,110.1,70,8.03,120.0
1580787,2025-05-08 14:36:00,2025-05-08 14:50:00,101323.25,60536.47,639.51,12.04,К-р Восточный,630-E030525_P_B_1.B,5985,2025-05-08,PV №52,quartz-mica foliated schists,0.16,191.78,112,12.57,318.0
1667306,2025-08-01 12:18:00,2025-08-01 12:39:00,101228.78,60805.49,620.28,17.56,К-р Восточный,605-E230725_P_B_9.B,5003,2025-08-01,PV №52,mica-quartz_carbonate_massive_rocks,0.16,419.36,105,18.99,54.0
1666920,2025-08-01 02:42:00,2025-08-01 03:09:00,101219.66,60752.39,620.19,17.57,К-р Восточный,605-E230725_P_B_9.B,5092,2025-08-01,PV №52,mica-quartz_carbonate_massive_rocks,0.16,271.37,99,14.18,54.0
1580514,2025-05-08 08:05:00,2025-05-08 08:17:00,101277.81,60563.75,640.38,12.58,К-р Восточный,630-E030525_P_B_1.B,5940,2025-05-08,PV №52,quartz-mica foliated schists,0.16,79.74,91,7.56,173.4
1612019,2025-06-08 06:12:00,2025-06-08 06:29:00,101804.75,60118.4,639.29,11.69,К-р Восточный,630-E040625_P_B_4.A,5952,2025-06-08,PV №52,carbonized_quartz-mica_hornfels_shists,0.16,-1.38,0,0.48,624.0
1579163,2025-05-07 00:13:00,2025-05-07 00:26:00,101265.01,60631.63,639.74,12.16,К-р Восточный,630-E030525_P_B_1.B,6054,2025-05-07,PV №52,quartz-mica foliated schists,0.16,419.35,110,15.2,65.4
1581519,2025-05-09 05:12:00,2025-05-09 05:27:00,101299.73,60504.23,640.33,12.71,К-р Восточный,630-E030525_P_B_1.B,5875,2025-05-09,PV №52,quartz-mica foliated schists,0.16,178.54,50,11.9,60.0
1580744,2025-05-08 13:25:00,2025-05-08 13:41:00,101338.17,60530.32,639.29,12.01,К-р Восточный,630-E030525_P_B_1.B,5958,2025-05-08,PV №52,mica-quartz_carbonate_massive_rocks,0.16,247.96,35,21.77,456.0
1579140,2025-05-06 22:06:00,2025-05-06 22:20:00,101271.5,60631.84,639.63,12.18,К-р Восточный,630-E030525_P_B_1.B,6055,2025-05-07,PV №52,quartz-mica foliated schists,0.16,270.89,111,15.06,54.0
1666988,2025-08-01 04:07:00,2025-08-01 04:28:00,101225.49,60725.72,620.26,17.57,К-р Восточный,605-E230725_P_B_9.B,5089,2025-08-01,PV №52,mica-quartz_carbonate_massive_rocks,0.16,-1.77,89,2.53,600.6
1614402,2025-06-10 17:12:00,2025-06-10 17:38:00,101736.03,60082.64,639.12,12.1,К-р Восточный,630-E040625_P_B_4.A,5678,2025-06-10,PV №52,carbonized_quartz-mica_hornfels_shists,0.16,133.61,59,11.29,144.0
1581118,2025-05-08 21:12:00,2025-05-08 21:25:00,101293.5,60527.12,640.05,12.29,К-р Восточный,630-E030525_P_B_1.B,5925,2025-05-09,PV №52,quartz-mica foliated schists,0.16,93.12,72,7.44,60.0
1580852,2025-05-08 15:58:00,2025-05-08 16:10:00,101306.16,60535.59,639.72,12.51,К-р Восточный,630-E030525_P_B_1.B,5888,2025-05-08,PV №52,quartz-mica foliated schists,0.16,331.32,108,16.37,282.0
1610856,2025-06-07 02:58:00,2025-06-07 03:12:00,101730.21,60111.59,639.38,11.71,К-р Восточный,630-E040625_P_B_4.A,5963,2025-06-07,PV №52,carbonized_quartz-mica_hornfels_shists,0.16,406.98,108,18.37,48.0
1579079,2025-05-06 19:53:00,2025-05-06 20:07:00,101279.7,60629.74,639.4,12.25,К-р Восточный,630-E030525_P_B_1.B,6115,2025-05-07,PV №52,quartz-mica foliated schists,0.16,341.27,102,14.8,59.4
1667994,2025-08-02 04:45:00,2025-08-02 05:09:00,101240.41,60769.58,619.85,17.82,К-р Восточный,605-E230725_P_B_9.B,5045,2025-08-02,PV №52,mica-quartz_carbonate_massive_rocks,0.16,326.44,111,15.51,42.0
1612218,2025-06-08 11:22:00,2025-06-08 11:40:00,101815.49,60113.06,639.29,12.12,К-р Восточный,630-E040625_P_B_4.A,5746,2025-06-08,PV №52,carbonized_quartz-mica_hornfels_shists,0.16,36.58,116,6.8,120.6
1672857,2025-08-06 23:47:00,2025-08-07 00:05:00,101227.85,60814.82,619.99,18.36,К-р Восточный,605-E230725_P_B_9.B,5002,2025-08-07,PV №52,mica-quartz_carbonate_massive_rocks,0.16,81.92,54,5.86,66.0
1581156,2025-05-08 23:08:00,2025-05-08 23:20:00,101339.01,60514.98,639.53,12.5,К-р Восточный,630-E030525_P_B_1.B,5965,2025-05-09,PV №52,mica-quartz_carbonate_massive_rocks,0.16,152.17,95,10.64,192.0
1666213,2025-07-31 10:29:00,2025-07-31 10:54:00,101197.62,60794.56,619.89,17.55,К-р Восточный,605-E230725_P_B_9.B,5006,2025-07-31,PV №52,mica-quartz_carbonate_massive_rocks,0.16,241.71,109,15.06,126.0
1611431,2025-06-07 17:39:00,2025-06-07 17:58:00,101837.84,60132.48,638.99,12.02,К-р Восточный,630-E040625_P_B_4.A,6073,2025-06-07,PV №52,carbonized_quartz-mica_hornfels_shists,0.16,-0.06,0,0.55,672.0
1666668,2025-07-31 23:31:00,2025-07-31 23:48:00,101212.33,60813.31,620.05,18.01,К-р Восточный,605-E230725_P_B_9.B,4993,2025-08-01,PV №52,mica-quartz_carbonate_massive_rocks,0.16,292.69,108,16.77,240.0
1582379,2025-05-10 00:34:00,2025-05-10 00:50:00,101282.69,60488.3,640.56,13.54,К-р Восточный,630-E030525_P_B_1.B,5870,2025-05-10,PV №52,quartz-mica foliated schists,0.16,4.55,76,4.57,89.4
1615045,2025-06-11 06:10:00,2025-06-11 06:29:00,101783.5,60076.04,639.28,12.0,К-р Восточный,630-E040625_P_B_4.A,5609,2025-06-11,PV №52,carbonized_quartz-mica_hornfels_shists,0.16,377.09,106,19.31,30.0
1579140,2025-05-06 22:06:00,2025-05-06 22:20:00,101271.5,60631.84,639.63,12.18,К-р Восточный,630-E030525_P_B_1.B,6055,2025-05-07,PV №52,quartz-mica foliated schists,0.16,120.45,62,8.22,84.6
1611898,2025-06-08 04:06:00,2025-06-08 04:23:00,101852.19,60121.79,639.55,12.04,К-р Восточный,630-E040625_P_B_4.A,5945,2025-06-08,PV №52,carbonized_quartz-mica_hornfels_shists,0.16,12.73,0,1.39,456.0
1582324,2025-05-09 19:39:00,2025-05-09 19:50:00,101307.05,60467.31,640.23,13.08,К-р Восточный,630-E030525_P_B_1.B,6773,2025-05-10,PV №52,mica-quartz_carbonate_massive_rocks,0.16,95.64,104,12.46,174.0
1612696,2025-06-08 22:06:00,2025-06-08 22:24:00,101816.36,60101.07,639.46,12.17,К-р Восточный,630-E040625_P_B_4.A,5698,2025-06-09,PV №52,carbonized_quartz-mica_hornfels_shists,0.16,147.19,111,10.56,24.0
1612443,2025-06-08 17:12:00,2025-06-08 17:35:00,101812.58,60107.23,639.26,12.26,К-р Восточный,630-E040625_P_B_4.A,5903,2025-06-08,PV №52,carbonized_quartz-mica_hornfels_shists,0.16,396.89,110,14.58,30.0
1609453,2025-06-05 16:22:00,2025-06-05 16:36:00,101738.74,60130.64,639.05,11.72,К-р Восточный,630-E040625_P_B_4.A,5977,2025-06-05,PV №52,carbonized_quartz-mica_hornfels_shists,0.16,37.16,69,3.51,180.0
1580744,2025-05-08 13:25:00,2025-05-08 13:41:00,101338.17,60530.32,639.29,12.01,К-р Восточный,630-E030525_P_B_1.B,5958,2025-05-08,PV №52,mica-quartz_carbonate_massive_rocks,0.17,170.05,115,12.08,126.6
1579611,2025-05-07 12:02:00,2025-05-07 12:15:00,101298.59,60594.74,639.8,12.21,К-р Восточный,630-E030525_P_B_1.B,6095,2025-05-07,PV №52,quartz-mica foliated schists,0.17,84.06,115,7.71,305.4
1579497,2025-05-07 08:24:00,2025-05-07 08:36:00,101227.31,60651.62,640.01,12.52,К-р Восточный,630-E030525_P_B_1.B,6139,2025-05-07,PV №52,quartz-mica foliated schists,0.17,85.38,119,7.16,270.0
1668101,2025-08-02 08:47:00,2025-08-02 09:11:00,101261.44,60747.14,621.67,18.45,К-р Восточный,605-E230725_P_B_9.B,8168,2025-08-02,PV №52,mica-quartz_carbonate_massive_rocks,0.17,103.48,84,8.39,96.0
1666743,2025-07-31 23:06:00,2025-07-31 23:23:00,101222.44,60702.05,620.31,18.05,К-р Восточный,605-E230725_P_B_9.B,5061,2025-08-01,PV №52,mica-quartz_carbonate_massive_rocks,0.17,14.12,117,6.16,120.0
1672833,2025-08-06 23:00:00,2025-08-06 23:17:00,101219.42,60827.91,620.19,17.57,К-р Восточный,605-E230725_P_B_9.B,4978,2025-08-07,PV №52,mica-quartz_carbonate_massive_rocks,0.17,423.77,110,16.44,66.0
1612410,2025-06-08 16:27:00,2025-06-08 16:45:00,101826.06,60108.2,639.34,12.11,К-р Восточный,630-E040625_P_B_4.A,5905,2025-06-08,PV №52,carbonized_quartz-mica_hornfels_shists,0.17,10.88,65,2.72,492.0
1580426,2025-05-08 05:59:00,2025-05-08 06:11:00,101295.19,60565.54,640.4,12.61,К-р Восточный,630-E030525_P_B_1.B,5942,2025-05-08,PV №52,quartz-mica foliated schists,0.17,282.97,98,14.78,66.0
1612099,2025-06-08 08:49:00,2025-06-08 09:10:00,101862.94,60116.86,638.91,12.05,К-р Восточный,630-E040625_P_B_4.A,5739,2025-06-08,PV №52,carbonized_quartz-mica_hornfels_shists,0.17,118.13,113,9.32,96.0
1611960,2025-06-08 04:43:00,2025-06-08 04:59:00,101838.55,60120.79,639.38,11.63,К-р Восточный,630-E040625_P_B_4.A,5947,2025-06-08,PV №52,carbonized_quartz-mica_hornfels_shists,0.17,147.23,99,11.72,180.0
1672836,2025-08-06 23:24:00,2025-08-06 23:43:00,101223.74,60837.03,620.3,18.02,К-р Восточный,605-E230725_P_B_9.B,4985,2025-08-07,PV №52,mica-quartz_carbonate_massive_rocks,0.17,127.79,86,8.47,108.0
1667733,2025-08-01 23:46:00,2025-08-02 00:11:00,101264.34,60771.02,620.82,18.23,К-р Восточный,605-E230725_P_B_9.B,8177,2025-08-02,PV №52,mica-quartz_carbonate_massive_rocks,0.17,72.26,97,6.78,78.0
1581579,2025-05-09 06:27:00,2025-05-09 06:40:00,101313.64,60497.84,640.26,13.02,К-р Восточный,630-E030525_P_B_1.B,5972,2025-05-09,PV №52,mica-quartz_carbonate_massive_rocks,0.17,-9.02,54,1.35,438.6
1672836,2025-08-06 23:24:00,2025-08-06 23:43:00,101223.74,60837.03,620.3,18.02,К-р Восточный,605-E230725_P_B_9.B,4985,2025-08-07,PV №52,mica-quartz_carbonate_massive_rocks,0.17,339.1,106,18.42,168.0
1614755,2025-06-11 00:56:00,2025-06-11 01:16:00,101746.76,60078.09,639.4,12.02,К-р Восточный,630-E040625_P_B_4.A,5809,2025-06-11,PV №52,carbonized_quartz-mica_hornfels_shists,0.17,83.17,92,12.03,127.2
1611732,2025-06-08 00:42:00,2025-06-08 01:00:00,101814.62,60124.74,639.3,11.59,К-р Восточный,630-E040625_P_B_4.A,5782,2025-06-08,PV №52,carbonized_quartz-mica_hornfels_shists,0.17,178.53,66,13.9,144.0
1666303,2025-07-31 13:02:00,2025-07-31 13:26:00,101204.62,60749.38,620.07,17.5,К-р Восточный,605-E230725_P_B_9.B,5097,2025-07-31,PV №52,mica-quartz_carbonate_massive_rocks,0.17,411.06,111,13.83,42.0
1579675,2025-05-07 13:52:00,2025-05-07 14:06:00,101266.39,60593.1,640.24,12.12,К-р Восточный,630-E030525_P_B_1.B,6099,2025-05-07,PV №52,quartz-mica foliated schists,0.17,82.08,90,7.53,162.0
1613624,2025-06-09 21:44:00,2025-06-09 22:05:00,101840.35,60097.04,639.42,12.0,К-р Восточный,630-E040625_P_B_4.A,5867,2025-06-10,PV №52,carbonized_quartz-mica_hornfels_shists,0.17,114.5,108,12.16,111.0
1581207,2025-05-08 20:10:00,2025-05-08 20:22:00,101262.51,60531.9,640.22,12.52,К-р Восточный,630-E030525_P_B_1.B,5893,2025-05-09,PV №52,quartz-mica foliated schists,0.17,436.51,109,15.96,60.0
1666489,2025-07-31 18:11:00,2025-07-31 18:48:00,101213.25,60746.54,620.13,17.5,К-р Восточный,605-E230725_P_B_9.B,5066,2025-07-31,PV №52,mica-quartz_carbonate_massive_rocks,0.17,164.53,113,11.29,114.0
1668391,2025-08-02 15:58:00,2025-08-02 16:19:00,101258.76,60723.29,620.66,18.02,К-р Восточный,605-E230725_P_B_9.B,5029,2025-08-02,PV №52,mica-quartz_carbonate_massive_rocks,0.17,422.97,110,15.37,48.0
1580837,2025-05-08 15:43:00,2025-05-08 15:56:00,101301.37,60542.85,640.09,12.51,К-р Восточный,630-E030525_P_B_1.B,5927,2025-05-08,PV №52,quartz-mica foliated schists,0.17,41.02,90,7.3,120.6
1609715,2025-06-05 22:34:00,2025-06-05 22:51:00,101742.85,60124.76,639.19,11.51,К-р Восточный,630-E040625_P_B_4.A,6059,2025-06-06,PV №52,carbonized_quartz-mica_hornfels_shists,0.17,3.59,0,0.45,612.0
1579126,2025-05-06 22:55:00,2025-05-06 23:07:00,101282.91,60609.81,639.82,12.15,К-р Восточный,630-E030525_P_B_1.B,6113,2025-05-07,PV №52,quartz-mica foliated schists,0.17,302.33,110,14.74,108.0
1612450,2025-06-08 17:36:00,2025-06-08 17:52:00,101805.88,60106.45,638.5,12.04,К-р Восточный,630-E040625_P_B_4.A,5902,2025-06-08,PV №52,carbonized_quartz-mica_hornfels_shists,0.17,147.12,112,10.89,96.0
1581170,2025-05-08 23:24:00,2025-05-08 23:39:00,101352.76,60508.48,639.53,12.76,К-р Восточный,630-E030525_P_B_1.B,5995,2025-05-09,PV №52,mica-quartz_carbonate_massive_rocks,0.17,63.09,107,9.03,264.0
1609128,2025-06-05 08:56:00,2025-06-05 09:09:00,101708.28,60133.97,639.26,12.61,К-р Восточный,630-E040625_P_B_4.A,6046,2025-06-05,PV №52,carbonized_quartz-mica_hornfels_shists,0.17,169.43,108,13.08,222.0
1667411,2025-08-01 14:50:00,2025-08-01 15:18:00,101230.35,60780.35,620.11,17.03,К-р Восточный,605-E230725_P_B_9.B,5047,2025-08-01,PV №52,mica-quartz_carbonate_massive_rocks,0.17,86.18,116,8.73,138.0
1578869,2025-05-06 16:36:00,2025-05-06 16:53:00,101264.63,60673.4,639.77,12.54,К-р Восточный,630-E030525_P_B_1.B,6074,2025-05-06,PV №52,quartz-mica foliated schists,0.17,136.7,113,9.94,132.0
1612728,2025-06-09 00:16:00,2025-06-09 00:32:00,101775.82,60097.89,639.28,11.36,К-р Восточный,630-E040625_P_B_4.A,5692,2025-06-09,PV №52,carbonized_quartz-mica_hornfels_shists,0.17,95.78,52,8.29,102.0
1611665,2025-06-07 20:17:00,2025-06-07 20:50:00,101797.12,60129.31,639.9,12.01,К-р Восточный,630-E040625_P_B_4.A,6067,2025-06-08,PV №52,carbonized_quartz-mica_hornfels_shists,0.17,401.77,109,16.07,36.0
1580709,2025-05-08 12:21:00,2025-05-08 12:33:00,101323.04,60552.11,639.47,12.02,К-р Восточный,630-E030525_P_B_1.B,5982,2025-05-08,PV №52,quartz-mica foliated schists,0.17,203.6,111,13.34,168.6
1582404,2025-05-10 01:17:00,2025-05-10 01:35:00,101263.9,60517.19,640.17,13.62,К-р Восточный,630-E030525_P_B_1.B,5882,2025-05-10,PV №52,quartz-mica foliated schists,0.17,82.93,105,8.89,168.0
1613045,2025-06-09 06:11:00,2025-06-09 06:32:00,101744.75,60101.1,638.89,12.02,К-р Восточный,630-E040625_P_B_4.A,5893,2025-06-09,PV №52,carbonized_quartz-mica_hornfels_shists,0.17,78.64,114,9.79,41.4
1613956,2025-06-10 05:41:00,2025-06-10 06:02:00,101814.56,60083.28,638.84,12.0,К-р Восточный,630-E040625_P_B_4.A,5819,2025-06-10,PV №52,carbonized_quartz-mica_hornfels_shists,0.17,366.7,109,14.23,30.0
1668737,2025-08-03 00:45:00,2025-08-03 01:09:00,101241.94,60687.12,620.9,17.72,К-р Восточный,605-E230725_P_B_9.B,5058,2025-08-03,PV №52,quartz-mica foliated schists,0.17,0.0,44,1.24,642.0
1581855,2025-05-09 13:09:00,2025-05-09 13:21:00,101314.29,60482.79,640.25,13.01,К-р Восточный,630-E030525_P_B_1.B,5973,2025-05-09,PV №52,mica-quartz_carbonate_massive_rocks,0.17,251.82,111,12.62,161.4
1609736,2025-06-05 21:03:00,2025-06-05 21:22:00,101715.97,60122.64,639.63,12.14,К-р Восточный,630-E040625_P_B_4.A,6055,2025-06-06,PV №52,fault_zone,0.17,138.23,38,7.19,132.0
1609191,2025-06-05 10:22:00,2025-06-05 10:37:00,101741.86,60136.53,638.72,11.6,К-р Восточный,630-E040625_P_B_4.A,6041,2025-06-05,PV №52,carbonized_quartz-mica_hornfels_shists,0.17,402.56,107,17.89,36.0
1666191,2025-07-31 10:02:00,2025-07-31 10:26:00,101197.04,60803.22,619.86,17.6,К-р Восточный,605-E230725_P_B_9.B,5005,2025-07-31,PV №52,mica-quartz_carbonate_massive_rocks,0.18,92.46,88,8.16,108.0
1608593,2025-06-04 22:33:00,2025-06-04 22:35:00,101698.03,60136.01,639.46,12.54,К-р Восточный,630-E040625_P_B_4.A,6142,2025-06-05,PV №52,carbonized_quartz-mica_hornfels_shists,0.18,20.65,57,2.99,198.0
1611665,2025-06-07 20:17:00,2025-06-07 20:50:00,101797.12,60129.31,639.9,12.01,К-р Восточный,630-E040625_P_B_4.A,6067,2025-06-08,PV №52,carbonized_quartz-mica_hornfels_shists,0.18,117.2,32,9.7,60.0
1614177,2025-06-10 11:10:00,2025-06-10 11:30:00,101797.55,60077.27,638.98,11.54,К-р Восточный,630-E040625_P_B_4.A,5611,2025-06-10,PV №52,carbonized_quartz-mica_hornfels_shists,0.18,-7.99,19,2.07,276.0
1613246,2025-06-09 11:50:00,2025-06-09 12:08:00,101748.67,60095.54,638.78,12.01,К-р Восточный,630-E040625_P_B_4.A,5688,2025-06-09,PV №52,carbonized_quartz-mica_hornfels_shists,0.18,69.36,79,8.11,108.6
1613463,2025-06-09 18:06:00,2025-06-09 18:28:00,101772.91,60091.48,638.84,12.03,К-р Восточный,630-E040625_P_B_4.A,5877,2025-06-09,PV №52,carbonized_quartz-mica_hornfels_shists,0.18,129.04,115,11.7,192.0
1582260,2025-05-09 23:31:00,2025-05-09 23:46:00,101303.54,60459.19,640.43,13.77,К-р Восточный,630-E030525_P_B_1.B,6764,2025-05-10,PV №52,mica-quartz_carbonate_massive_rocks,0.18,110.59,113,10.26,138.6
1609166,2025-06-05 09:48:00,2025-06-05 10:03:00,101728.27,60135.44,639.05,12.09,К-р Восточный,630-E040625_P_B_4.A,6043,2025-06-05,PV №52,carbonized_quartz-mica_hornfels_shists,0.18,63.75,59,5.7,132.0
1613035,2025-06-09 05:28:00,2025-06-09 05:48:00,101731.14,60100.34,638.96,12.02,К-р Восточный,630-E040625_P_B_4.A,5891,2025-06-09,PV №52,carbonized_quartz-mica_hornfels_shists,0.18,19.18,49,4.02,12.0
1614042,2025-06-10 08:19:00,2025-06-10 08:36:00,101845.0,60080.85,639.44,12.01,К-р Восточный,630-E040625_P_B_4.A,5618,2025-06-10,PV №52,carbonized_quartz-mica_hornfels_shists,0.18,119.14,71,9.23,138.0
1581244,2025-05-09 00:29:00,2025-05-09 00:43:00,101272.14,60517.76,640.15,12.58,К-р Восточный,630-E030525_P_B_1.B,5883,2025-05-09,PV №52,quartz-mica foliated schists,0.18,297.71,77,15.98,138.0
1612179,2025-06-08 10:17:00,2025-06-08 10:36:00,101835.84,60114.56,639.08,12.05,К-р Восточный,630-E040625_P_B_4.A,5743,2025-06-08,PV №52,carbonized_quartz-mica_hornfels_shists,0.18,32.94,60,3.53,102.0
1667204,2025-08-01 09:32:00,2025-08-01 09:59:00,101226.49,60758.95,620.1,17.5,К-р Восточный,605-E230725_P_B_9.B,5050,2025-08-01,PV №52,mica-quartz_carbonate_massive_rocks,0.18,84.65,89,5.94,114.0
1614218,2025-06-10 12:25:00,2025-06-10 12:44:00,101776.38,60085.76,639.05,12.06,К-р Восточный,630-E040625_P_B_4.A,5672,2025-06-10,PV №52,carbonized_quartz-mica_hornfels_shists,0.18,178.07,98,9.68,60.0
1614703,2025-06-10 20:08:00,2025-06-10 20:32:00,101769.66,60085.1,639.2,12.06,К-р Восточный,630-E040625_P_B_4.A,5673,2025-06-11,PV №52,carbonized_quartz-mica_hornfels_shists,0.18,102.31,105,11.06,114.0
1609890,2025-06-06 03:06:00,2025-06-06 03:23:00,101726.39,60117.55,639.35,11.65,К-р Восточный,630-E040625_P_B_4.A,5769,2025-06-06,PV №52,carbonized_quartz-mica_hornfels_shists,0.18,378.94,76,19.36,108.0
1667883,2025-08-02 02:42:00,2025-08-02 03:14:00,101247.41,60775.33,619.96,17.63,К-р Восточный,605-E230725_P_B_9.B,5023,2025-08-02,PV №52,mica-quartz_carbonate_massive_rocks,0.18,67.99,74,5.8,131.4
1608626,2025-06-04 23:11:00,2025-06-04 23:27:00,101711.92,60138.96,639.44,12.62,К-р Восточный,630-E040625_P_B_4.A,6140,2025-06-05,PV №52,carbonized_quartz-mica_hornfels_shists,0.18,71.65,43,7.16,108.0
1580806,2025-05-08 15:13:00,2025-05-08 15:26:00,101314.7,60536.29,639.78,12.51,К-р Восточный,630-E030525_P_B_1.B,5984,2025-05-08,PV №52,quartz-mica foliated schists,0.18,239.66,110,15.6,66.0
1611979,2025-06-08 05:20:00,2025-06-08 05:37:00,101825.16,60119.91,639.32,11.73,К-р Восточный,630-E040625_P_B_4.A,5949,2025-06-08,PV №52,carbonized_quartz-mica_hornfels_shists,0.18,31.52,0,1.54,574.8
1611442,2025-06-07 18:17:00,2025-06-07 18:36:00,101824.27,60131.53,638.88,12.04,К-р Восточный,630-E040625_P_B_4.A,6071,2025-06-07,PV №52,carbonized_quartz-mica_hornfels_shists,0.18,5.54,3,0.68,712.8
1579298,2025-05-07 02:39:00,2025-05-07 02:55:00,101264.46,60623.66,639.75,12.12,К-р Восточный,630-E030525_P_B_1.B,6117,2025-05-07,PV №52,quartz-mica foliated schists,0.18,162.42,69,9.61,108.0
1580521,2025-05-08 08:42:00,2025-05-08 08:54:00,101231.7,60591.11,640.32,12.51,К-р Восточный,630-E030525_P_B_1.B,6103,2025-05-08,PV №52,quartz-mica foliated schists,0.18,136.3,115,8.96,294.0
1578886,2025-05-06 16:54:00,2025-05-06 17:07:00,101258.94,60669.23,639.76,12.32,К-р Восточный,630-E030525_P_B_1.B,6150,2025-05-06,PV №52,quartz-mica foliated schists,0.18,361.1,109,17.22,222.0
1611141,2025-06-07 09:15:00,2025-06-07 09:32:00,101757.1,60114.34,639.0,11.7,К-р Восточный,630-E040625_P_B_4.A,5959,2025-06-07,PV №52,carbonized_quartz-mica_hornfels_shists,0.18,-1.24,35,0.79,819.6
1609140,2025-06-05 09:11:00,2025-06-05 09:29:00,101714.77,60134.56,639.32,12.63,К-р Восточный,630-E040625_P_B_4.A,6045,2025-06-05,PV №52,carbonized_quartz-mica_hornfels_shists,0.18,202.22,112,10.64,84.0
1580852,2025-05-08 15:58:00,2025-05-08 16:10:00,101306.16,60535.59,639.72,12.51,К-р Восточный,630-E030525_P_B_1.B,5888,2025-05-08,PV №52,quartz-mica foliated schists,0.18,429.99,108,16.74,60.0
1609052,2025-06-05 07:02:00,2025-06-05 07:18:00,101680.9,60136.33,639.55,12.73,К-р Восточный,630-E040625_P_B_4.A,6145,2025-06-05,PV №52,carbonized_quartz-mica_hornfels_shists,0.18,-1.79,44,2.32,162.0
1672834,2025-08-06 22:00:00,2025-08-06 22:18:00,101210.6,60840.92,620.27,17.51,К-р Восточный,605-E230725_P_B_9.B,4996,2025-08-07,PV №52,mica-quartz_carbonate_massive_rocks,0.18,294.83,107,18.16,60.0
1668303,2025-08-02 13:38:00,2025-08-02 14:05:00,101244.14,60752.83,619.82,17.5,К-р Восточный,605-E230725_P_B_9.B,5043,2025-08-02,PV №52,mica-quartz_carbonate_massive_rocks,0.18,0.32,51,1.12,636.6
1611846,2025-06-08 02:59:00,2025-06-08 03:17:00,101771.4,60115.36,639.11,11.24,К-р Восточный,630-E040625_P_B_4.A,5957,2025-06-08,PV №52,carbonized_quartz-mica_hornfels_shists,0.18,216.69,81,11.46,108.0
1670430,2025-08-04 17:22:00,2025-08-04 17:48:00,101287.27,60666.88,621.34,18.51,К-р Восточный,605-E230725_P_B_9.B,8189,2025-08-04,PV №52,quartz-mica foliated schists,0.18,121.35,97,8.3,72.0
1580733,2025-05-08 13:09:00,2025-05-08 13:22:00,101343.16,60523.21,639.5,12.18,К-р Восточный,630-E030525_P_B_1.B,5987,2025-05-08,PV №52,mica-quartz_carbonate_massive_rocks,0.18,127.38,112,9.79,359.4
1581170,2025-05-08 23:24:00,2025-05-08 23:39:00,101352.76,60508.48,639.53,12.76,К-р Восточный,630-E030525_P_B_1.B,5995,2025-05-09,PV №52,mica-quartz_carbonate_massive_rocks,0.18,157.73,113,11.62,30.0
1672523,2025-08-06 16:18:00,2025-08-06 16:44:00,101244.07,60807.19,620.97,18.43,К-р Восточный,605-E230725_P_B_9.B,8157,2025-08-06,PV №52,mica-quartz_carbonate_massive_rocks,0.18,131.57,86,9.0,18.0
1614955,2025-06-11 04:11:00,2025-06-11 04:34:00,101749.72,60073.4,639.41,12.0,К-р Восточный,630-E040625_P_B_4.A,5604,2025-06-11,PV №52,carbonized_quartz-mica_hornfels_shists,0.18,290.6,104,15.11,132.0
1666452,2025-07-31 17:09:00,2025-07-31 17:41:00,101209.34,60764.47,620.12,17.5,К-р Восточный,605-E230725_P_B_9.B,5068,2025-07-31,PV №52,mica-quartz_carbonate_massive_rocks,0.18,284.04,111,13.21,54.0
1582379,2025-05-10 00:34:00,2025-05-10 00:50:00,101282.69,60488.3,640.56,13.54,К-р Восточный,630-E030525_P_B_1.B,5870,2025-05-10,PV №52,quartz-mica foliated schists,0.18,53.07,114,7.29,156.0
1611625,2025-06-07 19:54:00,2025-06-07 20:13:00,101803.89,60129.68,639.17,11.71,К-р Восточный,630-E040625_P_B_4.A,6068,2025-06-08,PV №52,carbonized_quartz-mica_hornfels_shists,0.18,118.33,71,15.23,66.0
1609105,2025-06-05 08:24:00,2025-06-05 08:38:00,101694.52,60132.92,639.42,12.58,К-р Восточный,630-E040625_P_B_4.A,6048,2025-06-05,PV №52,carbonized_quartz-mica_hornfels_shists,0.18,1.54,0,0.56,840.0
1667264,2025-08-01 11:04:00,2025-08-01 11:27:00,101231.91,60731.84,619.6,17.65,К-р Восточный,605-E230725_P_B_9.B,5053,2025-08-01,PV №52,mica-quartz_carbonate_massive_rocks,0.18,417.36,109,15.59,42.0
1611366,2025-06-07 16:16:00,2025-06-07 16:34:00,101864.93,60134.61,638.86,11.53,К-р Восточный,630-E040625_P_B_4.A,6077,2025-06-07,PV №52,carbonized_quartz-mica_hornfels_shists,0.18,106.12,107,11.73,72.0
1667821,2025-08-02 01:15:00,2025-08-02 01:42:00,101237.68,60792.53,620.47,18.16,К-р Восточный,605-E230725_P_B_9.B,5020,2025-08-02,PV №52,mica-quartz_carbonate_massive_rocks,0.18,139.67,82,9.84,60.0
1613035,2025-06-09 05:28:00,2025-06-09 05:48:00,101731.14,60100.34,638.96,12.02,К-р Восточный,630-E040625_P_B_4.A,5891,2025-06-09,PV №52,carbonized_quartz-mica_hornfels_shists,0.19,35.87,76,6.31,30.0
1670702,2025-08-04 23:49:00,2025-08-05 00:12:00,101304.52,60635.36,621.11,19.01,К-р Восточный,605-E230725_P_B_9.B,8195,2025-08-05,PV №52,quartz-mica foliated schists,0.19,295.06,104,21.24,24.0
1579785,2025-05-07 16:34:00,2025-05-07 16:46:00,101222.86,60643.35,640.15,12.52,К-р Восточный,630-E030525_P_B_1.B,6062,2025-05-07,PV №52,quartz-mica foliated schists,0.19,35.1,107,4.04,588.0
1578949,2025-05-06 19:18:00,2025-05-06 19:32:00,101273.17,60644.23,639.65,12.22,К-р Восточный,630-E030525_P_B_1.B,6132,2025-05-06,PV №52,quartz-mica foliated schists,0.19,236.53,111,13.0,48.0
1610920,2025-06-07 04:00:00,2025-06-07 04:17:00,101750.6,60113.76,639.21,11.53,К-р Восточный,630-E040625_P_B_4.A,5960,2025-06-07,PV №52,carbonized_quartz-mica_hornfels_shists,0.19,163.74,82,11.64,114.0
1609686,2025-06-05 21:43:00,2025-06-05 22:10:00,101729.3,60123.29,639.27,11.64,К-р Восточный,630-E040625_P_B_4.A,6057,2025-06-06,PV №52,carbonized_quartz-mica_hornfels_shists,0.19,192.02,93,9.65,42.0
1612263,2025-06-08 12:24:00,2025-06-08 12:45:00,101795.18,60111.38,639.04,12.05,К-р Восточный,630-E040625_P_B_4.A,5749,2025-06-08,PV №52,carbonized_quartz-mica_hornfels_shists,0.19,399.55,110,13.34,36.0
1579455,2025-05-07 07:19:00,2025-05-07 07:32:00,101208.01,60679.61,640.08,12.28,К-р Восточный,630-E030525_P_B_1.B,6158,2025-05-07,PV №52,quartz-mica foliated schists,0.19,160.38,114,11.21,240.0
1579298,2025-05-07 02:39:00,2025-05-07 02:55:00,101264.46,60623.66,639.75,12.12,К-р Восточный,630-E030525_P_B_1.B,6117,2025-05-07,PV №52,quartz-mica foliated schists,0.19,354.34,105,14.41,30.0
1670097,2025-08-04 10:18:00,2025-08-04 10:37:00,101252.15,60675.62,620.03,17.52,К-р Восточный,605-E230725_P_B_9.B,5082,2025-08-04,PV №52,quartz-mica foliated schists,0.19,374.88,90,22.08,42.0
1579628,2025-05-07 12:31:00,2025-05-07 12:44:00,101283.36,60594.29,639.96,12.09,К-р Восточный,630-E030525_P_B_1.B,6097,2025-05-07,PV №52,quartz-mica foliated schists,0.19,11.48,81,2.48,555.6
1612485,2025-06-08 17:54:00,2025-06-08 18:13:00,101798.65,60105.89,638.98,12.08,К-р Восточный,630-E040625_P_B_4.A,5901,2025-06-08,PV №52,carbonized_quartz-mica_hornfels_shists,0.19,386.3,110,14.53,42.0
1614070,2025-06-10 09:03:00,2025-06-10 09:27:00,101831.55,60079.69,639.47,12.64,К-р Восточный,630-E040625_P_B_4.A,5616,2025-06-10,PV №52,carbonized_quartz-mica_hornfels_shists,0.19,143.27,91,12.9,162.0
1611626,2025-06-07 20:52:00,2025-06-07 21:11:00,101790.25,60128.97,639.0,11.38,К-р Восточный,630-E040625_P_B_4.A,6066,2025-06-08,PV №52,carbonized_quartz-mica_hornfels_shists,0.19,217.71,107,15.97,165.0
1611732,2025-06-08 00:42:00,2025-06-08 01:00:00,101814.62,60124.74,639.3,11.59,К-р Восточный,630-E040625_P_B_4.A,5782,2025-06-08,PV №52,carbonized_quartz-mica_hornfels_shists,0.19,140.12,58,10.25,78.0
1579085,2025-05-06 21:37:00,2025-05-06 21:50:00,101264.51,60647.02,639.81,12.07,К-р Восточный,630-E030525_P_B_1.B,6057,2025-05-07,PV №52,quartz-mica foliated schists,0.19,244.26,106,16.59,234.0
1612684,2025-06-08 22:26:00,2025-06-08 22:47:00,101809.62,60100.65,639.32,11.5,К-р Восточный,630-E040625_P_B_4.A,5697,2025-06-09,PV №52,carbonized_quartz-mica_hornfels_shists,0.19,180.87,103,10.33,90.0
1612190,2025-06-08 10:38:00,2025-06-08 10:59:00,101828.96,60113.97,639.12,12.16,К-р Восточный,630-E040625_P_B_4.A,5744,2025-06-08,PV №52,carbonized_quartz-mica_hornfels_shists,0.19,-8.16,45,1.15,444.0
1667799,2025-08-02 00:49:00,2025-08-02 01:13:00,101236.91,60801.69,620.91,18.11,К-р Восточный,605-E230725_P_B_9.B,5021,2025-08-02,PV №52,mica-quartz_carbonate_massive_rocks,0.19,59.47,92,7.8,234.0
1581139,2025-05-08 22:36:00,2025-05-08 22:48:00,101333.75,60521.98,639.25,12.27,К-р Восточный,630-E030525_P_B_1.B,5988,2025-05-09,PV №52,mica-quartz_carbonate_massive_rocks,0.19,361.77,108,16.15,72.0
1666130,2025-07-31 08:37:00,2025-07-31 09:09:00,101248.77,60693.63,621.33,17.5,К-р Восточный,605-E230725_P_B_9.B,5080,2025-07-31,PV №52,quartz-mica foliated schists,0.19,314.95,86,15.28,96.0
1611665,2025-06-07 20:17:00,2025-06-07 20:50:00,101797.12,60129.31,639.9,12.01,К-р Восточный,630-E040625_P_B_4.A,6067,2025-06-08,PV №52,carbonized_quartz-mica_hornfels_shists,0.19,-6.1,0,0.47,348.0
1579202,2025-05-07 01:08:00,2025-05-07 01:22:00,101234.63,60667.05,639.97,12.64,К-р Восточный,630-E030525_P_B_1.B,6147,2025-05-07,PV №52,quartz-mica foliated schists,0.19,375.58,109,15.64,42.0
1613624,2025-06-09 21:44:00,2025-06-09 22:05:00,101840.35,60097.04,639.42,12.0,К-р Восточный,630-E040625_P_B_4.A,5867,2025-06-10,PV №52,carbonized_quartz-mica_hornfels_shists,0.19,101.4,77,7.8,77.4
1610814,2025-06-07 01:59:00,2025-06-07 02:16:00,101710.01,60110.37,639.56,11.58,К-р Восточный,630-E040625_P_B_4.A,5966,2025-06-07,PV №52,fault_zone,0.19,176.28,44,6.14,60.0
1615028,2025-06-11 05:48:00,2025-06-11 06:07:00,101777.39,60075.52,639.37,12.01,К-р Восточный,630-E040625_P_B_4.A,5608,2025-06-11,PV №52,carbonized_quartz-mica_hornfels_shists,0.19,318.03,101,18.48,30.0
1579675,2025-05-07 13:52:00,2025-05-07 14:06:00,101266.39,60593.1,640.24,12.12,К-р Восточный,630-E030525_P_B_1.B,6099,2025-05-07,PV №52,quartz-mica foliated schists,0.19,2.64,38,0.91,468.0
1612218,2025-06-08 11:22:00,2025-06-08 11:40:00,101815.49,60113.06,639.29,12.12,К-р Восточный,630-E040625_P_B_4.A,5746,2025-06-08,PV №52,carbonized_quartz-mica_hornfels_shists,0.19,21.89,115,6.21,42.0
1579852,2025-05-07 18:10:00,2025-05-07 18:23:00,101253.17,60599.96,640.17,12.02,К-р Восточный,630-E030525_P_B_1.B,6031,2025-05-07,PV №52,quartz-mica foliated schists,0.19,72.37,97,9.76,60.0
1613728,2025-06-10 00:47:00,2025-06-10 01:04:00,101844.14,60091.58,639.45,12.17,К-р Восточный,630-E040625_P_B_4.A,5662,2025-06-10,PV №52,carbonized_quartz-mica_hornfels_shists,0.19,70.64,69,10.01,126.0
1668070,2025-08-02 07:35:00,2025-08-02 08:01:00,101259.7,60756.55,620.57,18.0,К-р Восточный,605-E230725_P_B_9.B,8167,2025-08-02,PV №52,mica-quartz_carbonate_massive_rocks,0.19,363.05,88,21.17,48.0
1612309,2025-06-08 13:54:00,2025-06-08 14:12:00,101774.56,60109.56,638.7,11.54,К-р Восточный,630-E040625_P_B_4.A,5752,2025-06-08,PV №52,carbonized_quartz-mica_hornfels_shists,0.19,-3.58,54,1.34,468.6
1614177,2025-06-10 11:10:00,2025-06-10 11:30:00,101797.55,60077.27,638.98,11.54,К-р Восточный,630-E040625_P_B_4.A,5611,2025-06-10,PV №52,carbonized_quartz-mica_hornfels_shists,0.19,22.82,96,6.04,209.4
1612396,2025-06-08 16:08:00,2025-06-08 16:25:00,101832.83,60108.58,639.13,12.06,К-р Восточный,630-E040625_P_B_4.A,5906,2025-06-08,PV №52,carbonized_quartz-mica_hornfels_shists,0.19,36.19,94,7.28,102.0
1578646,2025-05-06 15:01:00,2025-05-06 15:16:00,101240.53,60682.37,641.78,12.85,К-р Восточный,630-E030525_P_B_1.B,6154,2025-05-06,PV №52,quartz-mica foliated schists,0.19,385.71,110,14.64,42.0
1612235,2025-06-08 11:42:00,2025-06-08 11:58:00,101808.9,60112.44,638.95,12.1,К-р Восточный,630-E040625_P_B_4.A,5747,2025-06-08,PV №52,carbonized_quartz-mica_hornfels_shists,0.19,15.28,56,4.4,18.0
1614160,2025-06-10 10:49:00,2025-06-10 11:07:00,101804.38,60077.45,638.84,12.01,К-р Восточный,630-E040625_P_B_4.A,5612,2025-06-10,PV №52,carbonized_quartz-mica_hornfels_shists,0.2,190.51,111,13.78,42.0
1578869,2025-05-06 16:36:00,2025-05-06 16:53:00,101264.63,60673.4,639.77,12.54,К-р Восточный,630-E030525_P_B_1.B,6074,2025-05-06,PV №52,quartz-mica foliated schists,0.2,153.43,113,10.63,72.0
1579129,2025-05-06 21:00:00,2025-05-06 21:12:00,101286.28,60616.79,639.64,12.25,К-р Восточный,630-E030525_P_B_1.B,6037,2025-05-07,PV №52,quartz-mica foliated schists,0.2,148.27,46,8.64,245.4
1613637,2025-06-09 22:32:00,2025-06-09 22:49:00,101827.18,60096.18,639.32,12.51,К-р Восточный,630-E040625_P_B_4.A,5869,2025-06-10,PV №52,carbonized_quartz-mica_hornfels_shists,0.2,336.42,106,18.6,30.0
1613988,2025-06-10 06:27:00,2025-06-10 06:47:00,101800.66,60082.28,638.89,12.02,К-р Восточный,630-E040625_P_B_4.A,5817,2025-06-10,PV №52,carbonized_quartz-mica_hornfels_shists,0.2,404.81,110,14.58,36.0
1672878,2025-08-06 19:58:00,2025-08-06 20:16:00,101194.63,60840.0,620.48,17.5,К-р Восточный,605-E230725_P_B_9.B,4989,2025-08-07,PV №52,quartz-mica foliated schists,0.2,201.92,72,10.56,198.6
1578869,2025-05-06 16:36:00,2025-05-06 16:53:00,101264.63,60673.4,639.77,12.54,К-р Восточный,630-E030525_P_B_1.B,6074,2025-05-06,PV №52,quartz-mica foliated schists,0.2,137.01,94,15.63,126.0
1611076,2025-06-07 07:58:00,2025-06-07 08:12:00,101756.67,60126.1,638.73,11.56,К-р Восточный,630-E040625_P_B_4.A,6061,2025-06-07,PV №52,carbonized_quartz-mica_hornfels_shists,0.2,400.2,107,17.4,48.0
1612701,2025-06-08 20:33:00,2025-06-08 20:48:00,101850.31,60103.51,639.38,11.66,К-р Восточный,630-E040625_P_B_4.A,5703,2025-06-09,PV №52,carbonized_quartz-mica_hornfels_shists,0.2,184.59,45,8.9,204.0
1666747,2025-07-31 22:44:00,2025-07-31 23:03:00,101221.02,60710.98,620.4,18.01,К-р Восточный,605-E230725_P_B_9.B,5062,2025-08-01,PV №52,mica-quartz_carbonate_massive_rocks,0.2,190.64,73,11.8,114.0
1667994,2025-08-02 04:45:00,2025-08-02 05:09:00,101240.41,60769.58,619.85,17.82,К-р Восточный,605-E230725_P_B_9.B,5045,2025-08-02,PV №52,mica-quartz_carbonate_massive_rocks,0.2,156.8,114,10.35,216.0
1609664,2025-06-05 20:27:00,2025-06-05 20:42:00,101702.34,60121.81,639.54,12.33,К-р Восточный,630-E040625_P_B_4.A,6053,2025-06-06,PV №52,carbonized_quartz-mica_hornfels_shists,0.2,6.52,32,0.67,720.0
1612218,2025-06-08 11:22:00,2025-06-08 11:40:00,101815.49,60113.06,639.29,12.12,К-р Восточный,630-E040625_P_B_4.A,5746,2025-06-08,PV №52,carbonized_quartz-mica_hornfels_shists,0.2,3.18,51,2.19,534.0
1611431,2025-06-07 17:39:00,2025-06-07 17:58:00,101837.84,60132.48,638.99,12.02,К-р Восточный,630-E040625_P_B_4.A,6073,2025-06-07,PV №52,carbonized_quartz-mica_hornfels_shists,0.2,-5.05,0,0.51,383.4
1581154,2025-05-08 23:41:00,2025-05-08 23:52:00,101343.77,60507.68,639.54,12.72,К-р Восточный,630-E030525_P_B_1.B,5994,2025-05-09,PV №52,mica-quartz_carbonate_massive_rocks,0.2,116.0,99,9.32,198.0
1672836,2025-08-06 23:24:00,2025-08-06 23:43:00,101223.74,60837.03,620.3,18.02,К-р Восточный,605-E230725_P_B_9.B,4985,2025-08-07,PV №52,mica-quartz_carbonate_massive_rocks,0.2,102.63,85,8.7,246.0
1578869,2025-05-06 16:36:00,2025-05-06 16:53:00,101264.63,60673.4,639.77,12.54,К-р Восточный,630-E030525_P_B_1.B,6074,2025-05-06,PV №52,quartz-mica foliated schists,0.2,87.31,110,11.93,348.6
1579079,2025-05-06 19:53:00,2025-05-06 20:07:00,101279.7,60629.74,639.4,12.25,К-р Восточный,630-E030525_P_B_1.B,6115,2025-05-07,PV №52,quartz-mica foliated schists,0.2,52.17,41,3.78,72.0
1667172,2025-08-01 08:31:00,2025-08-01 09:03:00,101223.06,60775.03,620.17,17.83,К-р Восточный,605-E230725_P_B_9.B,5048,2025-08-01,PV №52,mica-quartz_carbonate_massive_rocks,0.2,421.98,107,19.14,36.0
1581711,2025-05-09 10:02:00,2025-05-09 10:13:00,101336.33,60492.28,640.0,12.52,К-р Восточный,630-E030525_P_B_1.B,5999,2025-05-09,PV №52,carbonaceous quartz-mica calcium metasomatites,0.2,42.14,108,4.97,552.0
1579085,2025-05-06 21:37:00,2025-05-06 21:50:00,101264.51,60647.02,639.81,12.07,К-р Восточный,630-E030525_P_B_1.B,6057,2025-05-07,PV №52,quartz-mica foliated schists,0.2,216.72,113,12.69,180.0
1581855,2025-05-09 13:09:00,2025-05-09 13:21:00,101314.29,60482.79,640.25,13.01,К-р Восточный,630-E030525_P_B_1.B,5973,2025-05-09,PV №52,mica-quartz_carbonate_massive_rocks,0.2,207.51,113,10.83,102.0
1668131,2025-08-02 09:14:00,2025-08-02 09:35:00,101263.56,60738.03,620.44,18.26,К-р Восточный,605-E230725_P_B_9.B,8169,2025-08-02,PV №52,mica-quartz_carbonate_massive_rocks,0.2,430.98,110,16.8,48.0
1580227,2025-05-08 01:57:00,2025-05-08 02:11:00,101250.03,60576.84,640.58,12.07,К-р Восточный,630-E030525_P_B_1.B,6087,2025-05-08,PV №52,quartz-mica foliated schists,0.2,372.82,110,15.71,48.0
1609173,2025-06-05 10:04:00,2025-06-05 10:20:00,101735.1,60136.16,639.0,11.59,К-р Восточный,630-E040625_P_B_4.A,6042,2025-06-05,PV №52,carbonized_quartz-mica_hornfels_shists,0.2,88.1,114,8.66,66.0
1670702,2025-08-04 23:49:00,2025-08-05 00:12:00,101304.52,60635.36,621.11,19.01,К-р Восточный,605-E230725_P_B_9.B,8195,2025-08-05,PV №52,quartz-mica foliated schists,0.2,144.93,109,9.41,60.0
1666725,2025-07-31 20:18:00,2025-07-31 20:45:00,101212.3,60713.71,620.49,18.01,К-р Восточный,605-E230725_P_B_9.B,5101,2025-08-01,PV №52,mica-quartz_carbonate_massive_rocks,0.2,232.48,114,9.4,12.0
1668035,2025-08-02 06:07:00,2025-08-02 06:32:00,101250.84,60758.92,620.14,18.0,К-р Восточный,605-E230725_P_B_9.B,5025,2025-08-02,PV №52,mica-quartz_carbonate_massive_rocks,0.2,-5.96,52,1.29,636.0
1672613,2025-08-06 18:12:00,2025-08-06 18:39:00,101226.61,60830.51,620.41,18.02,К-р Восточный,605-E230725_P_B_9.B,5000,2025-08-06,PV №52,mica-quartz_carbonate_massive_rocks,0.2,345.6,113,14.24,120.6
1579686,2025-05-07 14:15:00,2025-05-07 14:27:00,101198.11,60671.83,640.08,12.29,К-р Восточный,630-E030525_P_B_1.B,6083,2025-05-07,PV №52,quartz-mica foliated schists,0.2,325.93,109,14.06,84.0
1580733,2025-05-08 13:09:00,2025-05-08 13:22:00,101343.16,60523.21,639.5,12.18,К-р Восточный,630-E030525_P_B_1.B,5987,2025-05-08,PV №52,mica-quartz_carbonate_massive_rocks,0.2,387.86,109,15.03,54.0
1579850,2025-05-07 18:25:00,2025-05-07 18:37:00,101257.69,60592.64,640.11,12.55,К-р Восточный,630-E030525_P_B_1.B,6100,2025-05-07,PV №52,quartz-mica foliated schists,0.2,272.3,106,14.77,318.0
1581360,2025-05-09 02:35:00,2025-05-09 02:46:00,101339.91,60499.85,639.99,12.54,К-р Восточный,630-E030525_P_B_1.B,5969,2025-05-09,PV №52,mica-quartz_carbonate_massive_rocks,0.2,-44.5,54,3.26,342.0
1581711,2025-05-09 10:02:00,2025-05-09 10:13:00,101336.33,60492.28,640.0,12.52,К-р Восточный,630-E030525_P_B_1.B,5999,2025-05-09,PV №52,carbonaceous quartz-mica calcium metasomatites,0.2,264.73,112,11.7,149.4
1668662,2025-08-02 22:06:00,2025-08-02 22:29:00,101285.8,60673.51,621.42,18.58,К-р Восточный,605-E230725_P_B_9.B,8188,2025-08-03,PV №52,quartz-mica foliated schists,0.2,6.98,40,0.99,713.4
1667710,2025-08-01 21:08:00,2025-08-01 21:35:00,101244.6,60797.64,620.71,18.51,К-р Восточный,605-E230725_P_B_9.B,8158,2025-08-02,PV №52,mica-quartz_carbonate_massive_rocks,0.2,263.0,106,17.03,48.0
1579568,2025-05-07 11:23:00,2025-05-07 11:40:00,101294.81,60602.21,641.62,12.19,К-р Восточный,630-E030525_P_B_1.B,6036,2025-05-07,PV №52,quartz-mica foliated schists,0.2,335.31,111,17.9,156.0
1611352,2025-06-07 15:59:00,2025-06-07 16:14:00,101871.33,60135.06,638.86,11.5,К-р Восточный,630-E040625_P_B_4.A,6078,2025-06-07,PV №52,carbonized_quartz-mica_hornfels_shists,0.2,138.75,115,9.6,126.0
1666370,2025-07-31 14:52:00,2025-07-31 15:13:00,101204.88,60808.41,620.02,17.52,К-р Восточный,605-E230725_P_B_9.B,4975,2025-07-31,PV №52,mica-quartz_carbonate_massive_rocks,0.2,391.37,106,16.77,36.0
1609453,2025-06-05 16:22:00,2025-06-05 16:36:00,101738.74,60130.64,639.05,11.72,К-р Восточный,630-E040625_P_B_4.A,5977,2025-06-05,PV №52,carbonized_quartz-mica_hornfels_shists,0.2,-1.81,46,1.07,862.8
1668484,2025-08-02 18:19:00,2025-08-02 18:41:00,101257.28,60690.66,620.42,17.51,К-р Восточный,605-E230725_P_B_9.B,5036,2025-08-02,PV №52,quartz-mica foliated schists,0.2,98.05,94,7.06,174.0
1613395,2025-06-09 16:11:00,2025-06-09 16:32:00,101738.97,60089.02,638.93,12.01,К-р Восточный,630-E040625_P_B_4.A,5882,2025-06-09,PV №52,carbonized_quartz-mica_hornfels_shists,0.2,383.26,109,15.44,48.0
1580975,2025-05-08 19:20:00,2025-05-08 19:33:00,101275.04,60540.84,640.39,12.64,К-р Восточный,630-E030525_P_B_1.B,5930,2025-05-08,PV №52,quartz-mica foliated schists,0.2,-6.84,36,2.42,263.4
1582263,2025-05-09 20:08:00,2025-05-09 20:19:00,101297.13,60481.34,640.74,13.02,К-р Восточный,630-E030525_P_B_1.B,5906,2025-05-10,PV №52,mica-quartz_carbonate_massive_rocks,0.2,189.77,111,14.6,349.8
1611750,2025-06-08 01:03:00,2025-06-08 01:20:00,101807.71,60124.39,639.37,11.85,К-р Восточный,630-E040625_P_B_4.A,5781,2025-06-08,PV №52,carbonized_quartz-mica_hornfels_shists,0.21,-9.88,0,0.47,270.0
1611750,2025-06-08 01:03:00,2025-06-08 01:20:00,101807.71,60124.39,639.37,11.85,К-р Восточный,630-E040625_P_B_4.A,5781,2025-06-08,PV №52,carbonized_quartz-mica_hornfels_shists,0.21,39.73,33,4.39,72.0
1580718,2025-05-08 12:34:00,2025-05-08 12:47:00,101313.53,60550.6,639.96,12.6,К-р Восточный,630-E030525_P_B_1.B,5983,2025-05-08,PV №52,quartz-mica foliated schists,0.21,152.83,110,10.13,246.0
1581748,2025-05-09 10:46:00,2025-05-09 10:57:00,101309.54,60490.02,640.34,13.01,К-р Восточный,630-E030525_P_B_1.B,5873,2025-05-09,PV №52,mica-quartz_carbonate_massive_rocks,0.21,326.41,109,15.29,222.6
1667022,2025-08-01 04:49:00,2025-08-01 05:06:00,101229.16,60707.83,620.32,17.83,К-р Восточный,605-E230725_P_B_9.B,5087,2025-08-01,PV №52,mica-quartz_carbonate_massive_rocks,0.21,189.38,110,13.58,240.0
1579319,2025-05-07 03:33:00,2025-05-07 03:47:00,101215.47,60681.16,640.27,12.64,К-р Восточный,630-E030525_P_B_1.B,6157,2025-05-07,PV №52,quartz-mica foliated schists,0.21,99.0,57,7.31,282.0
1579669,2025-05-07 13:35:00,2025-05-07 13:49:00,101261.6,60600.3,640.04,11.52,К-р Восточный,630-E030525_P_B_1.B,6032,2025-05-07,PV №52,quartz-mica foliated schists,0.21,13.35,65,1.81,648.0
1581600,2025-05-09 07:35:00,2025-05-09 07:49:00,101287.08,60495.93,640.61,12.57,К-р Восточный,630-E030525_P_B_1.B,5911,2025-05-09,PV №52,quartz-mica foliated schists,0.21,80.55,115,11.37,126.0
1614370,2025-06-10 16:45:00,2025-06-10 17:07:00,101729.17,60082.11,639.17,12.01,К-р Восточный,630-E040625_P_B_4.A,5679,2025-06-10,PV №52,carbonized_quartz-mica_hornfels_shists,0.21,163.77,110,12.5,222.0
1667411,2025-08-01 14:50:00,2025-08-01 15:18:00,101230.35,60780.35,620.11,17.03,К-р Восточный,605-E230725_P_B_9.B,5047,2025-08-01,PV №52,mica-quartz_carbonate_massive_rocks,0.21,378.13,98,18.11,66.0
1580744,2025-05-08 13:25:00,2025-05-08 13:41:00,101338.17,60530.32,639.29,12.01,К-р Восточный,630-E030525_P_B_1.B,5958,2025-05-08,PV №52,mica-quartz_carbonate_massive_rocks,0.21,147.55,111,10.35,426.0
1666303,2025-07-31 13:02:00,2025-07-31 13:26:00,101204.62,60749.38,620.07,17.5,К-р Восточный,605-E230725_P_B_9.B,5097,2025-07-31,PV №52,mica-quartz_carbonate_massive_rocks,0.21,8.18,108,2.42,798.0
1614745,2025-06-10 19:44:00,2025-06-10 20:04:00,101762.94,60084.87,639.34,12.03,К-р Восточный,630-E040625_P_B_4.A,5674,2025-06-11,PV №52,carbonized_quartz-mica_hornfels_shists,0.21,-6.15,17,0.73,396.0
1579826,2025-05-07 17:36:00,2025-05-07 17:54:00,101242.94,60614.66,640.4,12.2,К-р Восточный,630-E030525_P_B_1.B,6043,2025-05-07,PV №52,quartz-mica foliated schists,0.21,69.8,90,6.42,90.0
1580934,2025-05-08 17:26:00,2025-05-08 17:38:00,101283.64,60541.44,640.19,12.03,К-р Восточный,630-E030525_P_B_1.B,5929,2025-05-08,PV №52,quartz-mica foliated schists,0.21,399.75,108,16.91,72.0
1611651,2025-06-07 23:38:00,2025-06-07 23:56:00,101834.76,60126.28,639.4,11.68,К-р Восточный,630-E040625_P_B_4.A,5785,2025-06-08,PV №52,carbonized_quartz-mica_hornfels_shists,0.21,406.7,109,15.65,36.0
1612137,2025-06-08 09:34:00,2025-06-08 09:53:00,101849.32,60115.64,639.05,12.04,К-р Восточный,630-E040625_P_B_4.A,5741,2025-06-08,PV №52,carbonized_quartz-mica_hornfels_shists,0.21,392.71,107,18.43,36.0
1612509,2025-06-08 19:19:00,2025-06-08 19:39:00,101778.46,60104.07,639.0,12.04,К-р Восточный,630-E040625_P_B_4.A,5898,2025-06-08,PV №52,carbonized_quartz-mica_hornfels_shists,0.21,-5.62,0,1.98,364.8
1609737,2025-06-05 19:49:00,2025-06-05 20:05:00,101688.8,60120.05,639.36,12.81,К-р Восточный,630-E040625_P_B_4.A,6051,2025-06-06,PV №52,carbonized_quartz-mica_hornfels_shists,0.21,236.55,110,11.14,120.0
1612666,2025-06-08 21:46:00,2025-06-08 22:04:00,101823.21,60101.57,639.42,11.58,К-р Восточный,630-E040625_P_B_4.A,5699,2025-06-09,PV №52,carbonized_quartz-mica_hornfels_shists,0.21,134.02,69,8.47,96.0
1609935,2025-06-06 04:07:00,2025-06-06 04:24:00,101746.81,60119.32,639.27,11.33,К-р Восточный,630-E040625_P_B_4.A,5772,2025-06-06,PV №52,carbonized_quartz-mica_hornfels_shists,0.21,81.92,0,4.15,705.0
1614467,2025-06-10 19:20:00,2025-06-10 19:41:00,101756.13,60084.25,639.87,12.02,К-р Восточный,630-E040625_P_B_4.A,5675,2025-06-10,PV №52,carbonized_quartz-mica_hornfels_shists,0.21,-28.11,0,0.75,360.0
1611251,2025-06-07 11:36:00,2025-06-07 11:53:00,101867.85,60140.76,638.84,11.63,К-р Восточный,630-E040625_P_B_4.A,5996,2025-06-07,PV №52,carbonized_quartz-mica_hornfels_shists,0.21,339.45,110,14.64,102.0
1612701,2025-06-08 20:33:00,2025-06-08 20:48:00,101850.31,60103.51,639.38,11.66,К-р Восточный,630-E040625_P_B_4.A,5703,2025-06-09,PV №52,carbonized_quartz-mica_hornfels_shists,0.21,6.34,0,0.42,742.8
1666988,2025-08-01 04:07:00,2025-08-01 04:28:00,101225.49,60725.72,620.26,17.57,К-р Восточный,605-E230725_P_B_9.B,5089,2025-08-01,PV №52,mica-quartz_carbonate_massive_rocks,0.21,331.35,111,14.6,42.0
1612666,2025-06-08 21:46:00,2025-06-08 22:04:00,101823.21,60101.57,639.42,11.58,К-р Восточный,630-E040625_P_B_4.A,5699,2025-06-09,PV №52,carbonized_quartz-mica_hornfels_shists,0.21,6.27,0,0.44,306.0
1581383,2025-05-09 03:06:00,2025-05-09 03:17:00,101277.47,60510.38,640.23,12.56,К-р Восточный,630-E030525_P_B_1.B,5917,2025-05-09,PV №52,quartz-mica foliated schists,0.21,4.58,97,1.96,732.0
1581855,2025-05-09 13:09:00,2025-05-09 13:21:00,101314.29,60482.79,640.25,13.01,К-р Восточный,630-E030525_P_B_1.B,5973,2025-05-09,PV №52,mica-quartz_carbonate_massive_rocks,0.22,229.83,63,10.53,112.8
1614725,2025-06-10 23:47:00,2025-06-11 00:07:00,101726.14,60076.28,639.35,12.5,К-р Восточный,630-E040625_P_B_4.A,5806,2025-06-11,PV №52,carbonized_quartz-mica_hornfels_shists,0.22,105.27,111,12.58,95.4
1609686,2025-06-05 21:43:00,2025-06-05 22:10:00,101729.3,60123.29,639.27,11.64,К-р Восточный,630-E040625_P_B_4.A,6057,2025-06-06,PV №52,carbonized_quartz-mica_hornfels_shists,0.22,9.21,0,0.57,714.0
1613060,2025-06-09 07:17:00,2025-06-09 07:41:00,101751.44,60101.84,639.03,12.01,К-р Восточный,630-E040625_P_B_4.A,5894,2025-06-09,PV №52,carbonized_quartz-mica_hornfels_shists,0.22,380.46,106,14.0,30.0
1613629,2025-06-09 19:41:00,2025-06-09 20:02:00,101786.6,60092.87,638.87,12.01,К-р Восточный,630-E040625_P_B_4.A,5875,2025-06-10,PV №52,carbonized_quartz-mica_hornfels_shists,0.22,45.9,83,9.44,88.8
1611282,2025-06-07 14:31:00,2025-06-07 14:49:00,101847.75,60139.0,640.62,12.1,К-р Восточный,630-E040625_P_B_4.A,5993,2025-06-07,PV №52,carbonized_quartz-mica_hornfels_shists,0.22,367.89,104,19.18,36.0
1614467,2025-06-10 19:20:00,2025-06-10 19:41:00,101756.13,60084.25,639.87,12.02,К-р Восточный,630-E040625_P_B_4.A,5675,2025-06-10,PV №52,carbonized_quartz-mica_hornfels_shists,0.22,7.76,8,2.23,600.6
1667564,2025-08-01 19:21:00,2025-08-01 20:03:00,101244.7,60711.32,620.3,19.41,К-р Восточный,605-E230725_P_B_9.B,5078,2025-08-01,PV №52,mica-quartz_carbonate_massive_rocks,0.22,91.79,77,10.5,78.0
1581174,2025-05-08 21:28:00,2025-05-08 21:44:00,101302.23,60527.41,640.05,12.13,К-р Восточный,630-E030525_P_B_1.B,5926,2025-05-09,PV №52,quartz-mica foliated schists,0.22,12.31,63,3.66,798.6
1579117,2025-05-06 22:39:00,2025-05-06 22:51:00,101277.94,60617.0,639.78,12.21,К-р Восточный,630-E030525_P_B_1.B,6039,2025-05-07,PV №52,quartz-mica foliated schists,0.22,45.97,49,2.71,672.0
1579345,2025-05-07 03:50:00,2025-05-07 04:04:00,101220.63,60673.86,640.07,12.66,К-р Восточный,630-E030525_P_B_1.B,6080,2025-05-07,PV №52,quartz-mica foliated schists,0.22,113.41,30,5.9,672.0
1613956,2025-06-10 05:41:00,2025-06-10 06:02:00,101814.56,60083.28,638.84,12.0,К-р Восточный,630-E040625_P_B_4.A,5819,2025-06-10,PV №52,carbonized_quartz-mica_hornfels_shists,0.22,388.02,110,14.91,36.0
1580027,2025-05-07 19:54:00,2025-05-07 20:08:00,101215.41,60627.57,640.26,12.66,К-р Восточный,630-E030525_P_B_1.B,6048,2025-05-08,PV №52,quartz-mica foliated schists,0.22,12.59,42,1.07,816.0
1579399,2025-05-07 04:53:00,2025-05-07 05:05:00,101240.5,60644.71,640.22,12.22,К-р Восточный,630-E030525_P_B_1.B,6060,2025-05-07,PV №52,quartz-mica foliated schists,0.22,13.41,72,1.56,820.2
1611670,2025-06-07 19:33:00,2025-06-07 19:52:00,101810.62,60130.23,639.41,11.97,К-р Восточный,630-E040625_P_B_4.A,6069,2025-06-08,PV №52,carbonized_quartz-mica_hornfels_shists,0.22,59.47,51,4.48,90.0
1614152,2025-06-10 10:28:00,2025-06-10 10:47:00,101811.58,60077.91,638.82,12.01,К-р Восточный,630-E040625_P_B_4.A,5613,2025-06-10,PV №52,carbonized_quartz-mica_hornfels_shists,0.22,208.48,92,14.84,60.0
1579602,2025-05-07 11:42:00,2025-05-07 11:59:00,101287.36,60602.61,639.91,12.48,К-р Восточный,630-E030525_P_B_1.B,6035,2025-05-07,PV №52,quartz-mica foliated schists,0.22,-12.41,73,4.93,216.0
1609401,2025-06-05 15:15:00,2025-06-05 15:31:00,101712.12,60128.66,639.44,12.63,К-р Восточный,630-E040625_P_B_4.A,5973,2025-06-05,PV №52,carbonized_quartz-mica_hornfels_shists,0.22,41.9,114,7.83,54.0
1614935,2025-06-11 03:47:00,2025-06-11 04:08:00,101743.92,60071.81,639.35,12.01,К-р Восточный,630-E040625_P_B_4.A,5603,2025-06-11,PV №52,carbonized_quartz-mica_hornfels_shists,0.22,142.07,102,8.64,48.0
1612179,2025-06-08 10:17:00,2025-06-08 10:36:00,101835.84,60114.56,639.08,12.05,К-р Восточный,630-E040625_P_B_4.A,5743,2025-06-08,PV №52,carbonized_quartz-mica_hornfels_shists,0.22,67.38,98,8.21,108.0
1667799,2025-08-02 00:49:00,2025-08-02 01:13:00,101236.91,60801.69,620.91,18.11,К-р Восточный,605-E230725_P_B_9.B,5021,2025-08-02,PV №52,mica-quartz_carbonate_massive_rocks,0.22,248.38,84,17.35,106.8
1614935,2025-06-11 03:47:00,2025-06-11 04:08:00,101743.92,60071.81,639.35,12.01,К-р Восточный,630-E040625_P_B_4.A,5603,2025-06-11,PV №52,carbonized_quartz-mica_hornfels_shists,0.22,99.13,114,10.03,126.6
1668484,2025-08-02 18:19:00,2025-08-02 18:41:00,101257.28,60690.66,620.42,17.51,К-р Восточный,605-E230725_P_B_9.B,5036,2025-08-02,PV №52,quartz-mica foliated schists,0.22,338.37,110,16.64,42.0
1612084,2025-06-08 08:23:00,2025-06-08 08:42:00,101777.67,60115.7,638.66,11.62,К-р Восточный,630-E040625_P_B_4.A,5956,2025-06-08,PV №52,carbonized_quartz-mica_hornfels_shists,0.22,-4.38,58,1.46,526.8
1611750,2025-06-08 01:03:00,2025-06-08 01:20:00,101807.71,60124.39,639.37,11.85,К-р Восточный,630-E040625_P_B_4.A,5781,2025-06-08,PV №52,carbonized_quartz-mica_hornfels_shists,0.22,-6.92,0,0.48,276.0
1667994,2025-08-02 04:45:00,2025-08-02 05:09:00,101240.41,60769.58,619.85,17.82,К-р Восточный,605-E230725_P_B_9.B,5045,2025-08-02,PV №52,mica-quartz_carbonate_massive_rocks,0.22,8.26,74,1.72,804.0
1668675,2025-08-02 20:31:00,2025-08-02 20:52:00,101290.81,60679.37,621.63,19.08,К-р Восточный,605-E230725_P_B_9.B,8190,2025-08-03,PV №52,quartz-mica foliated schists,0.22,150.13,116,9.12,108.0
1611796,2025-06-08 02:01:00,2025-06-08 02:18:00,101787.7,60122.18,639.08,11.32,К-р Восточный,630-E040625_P_B_4.A,5778,2025-06-08,PV №52,carbonized_quartz-mica_hornfels_shists,0.22,9.61,0,0.44,798.0
1613639,2025-06-09 23:39:00,2025-06-09 23:58:00,101806.45,60094.96,638.93,12.01,К-р Восточный,630-E040625_P_B_4.A,5872,2025-06-10,PV №52,carbonized_quartz-mica_hornfels_shists,0.22,344.63,104,16.28,30.0
1582263,2025-05-09 20:08:00,2025-05-09 20:19:00,101297.13,60481.34,640.74,13.02,К-р Восточный,630-E030525_P_B_1.B,5906,2025-05-10,PV №52,mica-quartz_carbonate_massive_rocks,0.22,119.51,113,11.54,192.0
1611657,2025-06-07 22:38:00,2025-06-07 22:57:00,101855.24,60127.65,639.24,11.81,К-р Восточный,630-E040625_P_B_4.A,5788,2025-06-08,PV №52,carbonized_quartz-mica_hornfels_shists,0.22,407.47,108,17.02,42.0
1612658,2025-06-08 22:49:00,2025-06-08 23:07:00,101802.79,60100.15,639.32,11.52,К-р Восточный,630-E040625_P_B_4.A,5696,2025-06-09,PV №52,carbonized_quartz-mica_hornfels_shists,0.22,17.9,33,0.83,300.0
1670097,2025-08-04 10:18:00,2025-08-04 10:37:00,101252.15,60675.62,620.03,17.52,К-р Восточный,605-E230725_P_B_9.B,5082,2025-08-04,PV №52,quartz-mica foliated schists,0.22,372.88,106,18.23,126.6
1609401,2025-06-05 15:15:00,2025-06-05 15:31:00,101712.12,60128.66,639.44,12.63,К-р Восточный,630-E040625_P_B_4.A,5973,2025-06-05,PV №52,carbonized_quartz-mica_hornfels_shists,0.22,354.73,110,14.12,60.0
1666515,2025-07-31 19:24:00,2025-07-31 19:50:00,101214.84,60737.96,620.04,18.0,К-р Восточный,605-E230725_P_B_9.B,5065,2025-07-31,PV №52,mica-quartz_carbonate_massive_rocks,0.23,-5.62,0,0.96,210.0
1609383,2025-06-05 14:57:00,2025-06-05 15:14:00,101705.17,60128.03,639.34,12.57,К-р Восточный,630-E040625_P_B_4.A,5972,2025-06-05,PV №52,carbonized_quartz-mica_hornfels_shists,0.23,1.76,23,0.54,833.4
1578893,2025-05-06 17:10:00,2025-05-06 17:22:00,101255.6,60676.73,639.78,12.53,К-р Восточный,630-E030525_P_B_1.B,6076,2025-05-06,PV №52,quartz-mica foliated schists,0.23,406.31,107,16.25,60.0
1612137,2025-06-08 09:34:00,2025-06-08 09:53:00,101849.32,60115.64,639.05,12.04,К-р Восточный,630-E040625_P_B_4.A,5741,2025-06-08,PV №52,carbonized_quartz-mica_hornfels_shists,0.23,111.45,113,10.46,90.0
1611076,2025-06-07 07:58:00,2025-06-07 08:12:00,101756.67,60126.1,638.73,11.56,К-р Восточный,630-E040625_P_B_4.A,6061,2025-06-07,PV №52,carbonized_quartz-mica_hornfels_shists,0.23,222.46,110,13.55,101.4
1580640,2025-05-08 10:49:00,2025-05-08 11:16:00,101282.36,60556.82,640.35,12.01,К-р Восточный,630-E030525_P_B_1.B,5949,2025-05-08,PV №52,quartz-mica foliated schists,0.23,177.41,105,10.13,108.0
1613249,2025-06-09 12:11:00,2025-06-09 12:30:00,101755.43,60095.85,639.0,12.05,К-р Восточный,630-E040625_P_B_4.A,5689,2025-06-09,PV №52,carbonized_quartz-mica_hornfels_shists,0.23,407.09,110,15.57,30.0
1609686,2025-06-05 21:43:00,2025-06-05 22:10:00,101729.3,60123.29,639.27,11.64,К-р Восточный,630-E040625_P_B_4.A,6057,2025-06-06,PV №52,carbonized_quartz-mica_hornfels_shists,0.23,170.82,113,9.99,138.0
1613972,2025-06-10 06:04:00,2025-06-10 06:25:00,101807.61,60083.01,638.78,12.03,К-р Восточный,630-E040625_P_B_4.A,5818,2025-06-10,PV №52,carbonized_quartz-mica_hornfels_shists,0.23,129.47,112,11.43,108.0
1614888,2025-06-11 03:03:00,2025-06-11 03:23:00,101729.98,60070.5,639.26,12.53,К-р Восточный,630-E040625_P_B_4.A,5601,2025-06-11,PV №52,carbonized_quartz-mica_hornfels_shists,0.23,127.29,106,11.52,78.0
1610983,2025-06-07 05:04:00,2025-06-07 05:26:00,101707.3,60103.88,639.86,11.71,К-р Восточный,630-E040625_P_B_4.A,5762,2025-06-07,PV №52,carbonized_quartz-mica_hornfels_shists,0.23,11.83,0,0.69,987.0
1609194,2025-06-05 10:39:00,2025-06-05 10:56:00,101748.66,60137.22,638.69,11.7,К-р Восточный,630-E040625_P_B_4.A,6040,2025-06-05,PV №52,fault_zone,0.23,66.51,103,9.12,108.0
1611750,2025-06-08 01:03:00,2025-06-08 01:20:00,101807.71,60124.39,639.37,11.85,К-р Восточный,630-E040625_P_B_4.A,5781,2025-06-08,PV №52,carbonized_quartz-mica_hornfels_shists,0.23,1.18,1,0.73,294.0
1670730,2025-08-04 23:27:00,2025-08-04 23:45:00,101302.12,60644.36,621.2,19.01,К-р Восточный,605-E230725_P_B_9.B,8194,2025-08-05,PV №52,quartz-mica foliated schists,0.23,6.35,46,1.13,60.0
1609956,2025-06-06 04:30:00,2025-06-06 04:47:00,101753.5,60119.81,639.11,11.3,К-р Восточный,630-E040625_P_B_4.A,5773,2025-06-06,PV №52,carbonized_quartz-mica_hornfels_shists,0.23,165.69,52,11.47,108.0
1580662,2025-05-08 11:18:00,2025-05-08 11:31:00,101291.22,60557.3,640.1,12.03,К-р Восточный,630-E030525_P_B_1.B,5950,2025-05-08,PV №52,quartz-mica foliated schists,0.23,423.04,106,18.15,174.0
1612704,2025-06-08 21:06:00,2025-06-08 21:22:00,101836.63,60102.72,639.37,11.91,К-р Восточный,630-E040625_P_B_4.A,5701,2025-06-09,PV №52,carbonized_quartz-mica_hornfels_shists,0.23,49.32,104,10.95,36.0
1667301,2025-08-01 11:52:00,2025-08-01 12:11:00,101235.95,60714.17,620.36,18.03,К-р Восточный,605-E230725_P_B_9.B,5055,2025-08-01,PV №52,mica-quartz_carbonate_massive_rocks,0.23,317.99,109,14.52,78.0
1672630,2025-08-06 19:10:00,2025-08-06 19:25:00,101227.38,60824.16,620.05,18.07,К-р Восточный,605-E230725_P_B_9.B,5001,2025-08-06,PV №52,mica-quartz_carbonate_massive_rocks,0.23,314.45,87,17.73,384.0
1581561,2025-05-09 06:15:00,2025-05-09 06:26:00,101321.86,60498.56,640.11,12.56,К-р Восточный,630-E030525_P_B_1.B,5971,2025-05-09,PV №52,mica-quartz_carbonate_massive_rocks,0.23,-15.21,57,0.7,702.0
1666976,2025-08-01 03:40:00,2025-08-01 04:05:00,101223.53,60734.61,620.12,17.52,К-р Восточный,605-E230725_P_B_9.B,5090,2025-08-01,PV №52,mica-quartz_carbonate_massive_rocks,0.23,9.17,55,1.76,726.0
1580718,2025-05-08 12:34:00,2025-05-08 12:47:00,101313.53,60550.6,639.96,12.6,К-р Восточный,630-E030525_P_B_1.B,5983,2025-05-08,PV №52,quartz-mica foliated schists,0.23,237.3,111,13.09,282.0
1581207,2025-05-08 20:10:00,2025-05-08 20:22:00,101262.51,60531.9,640.22,12.52,К-р Восточный,630-E030525_P_B_1.B,5893,2025-05-09,PV №52,quartz-mica foliated schists,0.23,11.46,100,2.05,846.0
1581951,2025-05-09 15:23:00,2025-05-09 15:35:00,101319.67,60475.39,640.53,13.06,К-р Восточный,630-E030525_P_B_1.B,6002,2025-05-09,PV №52,mica-quartz_carbonate_massive_rocks,0.23,269.08,113,11.93,60.0
1579519,2025-05-07 09:10:00,2025-05-07 09:23:00,101242.29,60629.88,640.22,12.57,К-р Восточный,630-E030525_P_B_1.B,6051,2025-05-07,PV №52,quartz-mica foliated schists,0.23,434.65,109,15.48,60.0
1666383,2025-07-31 15:15:00,2025-07-31 15:40:00,101205.22,60799.5,619.87,17.5,К-р Восточный,605-E230725_P_B_9.B,5015,2025-07-31,PV №52,mica-quartz_carbonate_massive_rocks,0.23,385.51,110,14.52,48.0
1610856,2025-06-07 02:58:00,2025-06-07 03:12:00,101730.21,60111.59,639.38,11.71,К-р Восточный,630-E040625_P_B_4.A,5963,2025-06-07,PV №52,carbonized_quartz-mica_hornfels_shists,0.23,77.9,73,9.34,150.0
1579455,2025-05-07 07:19:00,2025-05-07 07:32:00,101208.01,60679.61,640.08,12.28,К-р Восточный,630-E030525_P_B_1.B,6158,2025-05-07,PV №52,quartz-mica foliated schists,0.23,9.44,40,3.19,677.4
1613730,2025-06-10 01:06:00,2025-06-10 01:27:00,101837.47,60091.24,639.81,12.52,К-р Восточный,630-E040625_P_B_4.A,5663,2025-06-10,PV №52,carbonized_quartz-mica_hornfels_shists,0.23,-4.23,0,1.93,90.0
1612443,2025-06-08 17:12:00,2025-06-08 17:35:00,101812.58,60107.23,639.26,12.26,К-р Восточный,630-E040625_P_B_4.A,5903,2025-06-08,PV №52,carbonized_quartz-mica_hornfels_shists,0.23,129.37,115,8.11,72.0
1611719,2025-06-08 00:20:00,2025-06-08 00:37:00,101821.33,60125.18,639.29,11.6,К-р Восточный,630-E040625_P_B_4.A,5783,2025-06-08,PV №52,carbonized_quartz-mica_hornfels_shists,0.23,166.37,0,13.48,126.0
1579116,2025-05-06 23:44:00,2025-05-06 23:57:00,101256.92,60645.92,639.86,12.17,К-р Восточный,630-E030525_P_B_1.B,6058,2025-05-07,PV №52,quartz-mica foliated schists,0.23,11.26,38,0.82,840.6
1666419,2025-07-31 16:07:00,2025-07-31 16:35:00,101206.91,60781.22,620.18,17.52,К-р Восточный,605-E230725_P_B_9.B,5013,2025-07-31,PV №52,mica-quartz_carbonate_massive_rocks,0.23,77.88,81,6.69,72.0
1579126,2025-05-06 22:55:00,2025-05-06 23:07:00,101282.91,60609.81,639.82,12.15,К-р Восточный,630-E030525_P_B_1.B,6113,2025-05-07,PV №52,quartz-mica foliated schists,0.23,308.33,111,18.27,244.2
1580227,2025-05-08 01:57:00,2025-05-08 02:11:00,101250.03,60576.84,640.58,12.07,К-р Восточный,630-E030525_P_B_1.B,6087,2025-05-08,PV №52,quartz-mica foliated schists,0.23,10.67,39,1.11,796.8
1611380,2025-06-07 16:36:00,2025-06-07 16:54:00,101858.28,60134.2,638.8,12.04,К-р Восточный,630-E040625_P_B_4.A,6076,2025-06-07,PV №52,carbonized_quartz-mica_hornfels_shists,0.24,-2.73,2,0.59,540.6
1614859,2025-06-11 02:39:00,2025-06-11 02:59:00,101722.91,60070.08,639.55,12.52,К-р Восточный,630-E040625_P_B_4.A,5600,2025-06-11,PV №52,carbonized_quartz-mica_hornfels_shists,0.24,87.1,57,5.21,36.0
1608650,2025-06-04 22:50:00,2025-06-04 23:08:00,101705.36,60138.67,639.5,12.67,К-р Восточный,630-E040625_P_B_4.A,6141,2025-06-05,PV №52,carbonized_quartz-mica_hornfels_shists,0.24,136.44,81,8.93,72.0
1613249,2025-06-09 12:11:00,2025-06-09 12:30:00,101755.43,60095.85,639.0,12.05,К-р Восточный,630-E040625_P_B_4.A,5689,2025-06-09,PV №52,carbonized_quartz-mica_hornfels_shists,0.24,80.95,70,9.47,126.0
1672613,2025-08-06 18:12:00,2025-08-06 18:39:00,101226.61,60830.51,620.41,18.02,К-р Восточный,605-E230725_P_B_9.B,5000,2025-08-06,PV №52,mica-quartz_carbonate_massive_rocks,0.24,127.81,47,7.28,174.0
1612016,2025-06-08 05:56:00,2025-06-08 06:11:00,101811.51,60118.84,639.27,11.58,К-р Восточный,630-E040625_P_B_4.A,5951,2025-06-08,PV №52,carbonized_quartz-mica_hornfels_shists,0.24,8.57,0,0.34,804.0
1579129,2025-05-06 21:00:00,2025-05-06 21:12:00,101286.28,60616.79,639.64,12.25,К-р Восточный,630-E030525_P_B_1.B,6037,2025-05-07,PV №52,quartz-mica foliated schists,0.24,153.57,47,10.35,192.0
1579812,2025-05-07 17:19:00,2025-05-07 17:33:00,101237.85,60621.34,640.57,12.15,К-р Восточный,630-E030525_P_B_1.B,6120,2025-05-07,PV №52,quartz-mica foliated schists,0.24,85.12,116,5.99,72.0
1612390,2025-06-08 15:45:00,2025-06-08 16:06:00,101839.66,60109.06,639.32,12.12,К-р Восточный,630-E040625_P_B_4.A,5907,2025-06-08,PV №52,carbonized_quartz-mica_hornfels_shists,0.24,370.84,108,15.17,48.0
1614124,2025-06-10 10:04:00,2025-06-10 10:25:00,101817.38,60078.48,638.94,12.54,К-р Восточный,630-E040625_P_B_4.A,5614,2025-06-10,PV №52,carbonized_quartz-mica_hornfels_shists,0.24,403.52,111,12.98,30.0
1611622,2025-06-07 21:13:00,2025-06-07 21:29:00,101783.81,60127.88,638.82,11.23,К-р Восточный,630-E040625_P_B_4.A,6065,2025-06-08,PV №52,carbonized_quartz-mica_hornfels_shists,0.24,371.82,107,14.46,18.0
1609444,2025-06-05 16:07:00,2025-06-05 16:20:00,101732.41,60129.9,638.99,11.65,К-р Восточный,630-E040625_P_B_4.A,5976,2025-06-05,PV №52,fault_zone,0.24,137.37,112,11.78,78.0
1613760,2025-06-10 01:54:00,2025-06-10 02:15:00,101824.38,60090.07,639.24,12.52,К-р Восточный,630-E040625_P_B_4.A,5665,2025-06-10,PV №52,carbonized_quartz-mica_hornfels_shists,0.24,109.67,81,9.93,77.4
1668005,2025-08-02 05:11:00,2025-08-02 05:34:00,101242.51,60761.79,619.85,17.54,К-р Восточный,605-E230725_P_B_9.B,5044,2025-08-02,PV №52,mica-quartz_carbonate_massive_rocks,0.24,9.41,86,2.24,820.8
1612416,2025-06-08 16:48:00,2025-06-08 17:10:00,101819.27,60107.59,639.28,12.07,К-р Восточный,630-E040625_P_B_4.A,5904,2025-06-08,PV №52,carbonized_quartz-mica_hornfels_shists,0.24,223.02,107,13.49,42.0
1666213,2025-07-31 10:29:00,2025-07-31 10:54:00,101197.62,60794.56,619.89,17.55,К-р Восточный,605-E230725_P_B_9.B,5006,2025-07-31,PV №52,mica-quartz_carbonate_massive_rocks,0.24,418.07,108,17.53,42.0
1582396,2025-05-10 00:53:00,2025-05-10 01:08:00,101278.36,60495.0,640.26,13.57,К-р Восточный,630-E030525_P_B_1.B,5910,2025-05-10,PV №52,quartz-mica foliated schists,0.24,83.36,91,9.14,102.0
1666873,2025-08-01 02:12:00,2025-08-01 02:40:00,101217.69,60761.67,620.17,17.56,К-р Восточный,605-E230725_P_B_9.B,5093,2025-08-01,PV №52,mica-quartz_carbonate_massive_rocks,0.24,146.36,79,10.48,90.0
1609929,2025-06-06 03:47:00,2025-06-06 04:04:00,101739.94,60118.72,639.28,11.53,К-р Восточный,630-E040625_P_B_4.A,5771,2025-06-06,PV №52,carbonized_quartz-mica_hornfels_shists,0.24,378.78,98,20.9,42.0
1614196,2025-06-10 11:34:00,2025-06-10 11:52:00,101783.18,60086.68,638.92,12.03,К-р Восточный,630-E040625_P_B_4.A,5671,2025-06-10,PV №52,carbonized_quartz-mica_hornfels_shists,0.24,67.65,59,6.28,131.4
1612704,2025-06-08 21:06:00,2025-06-08 21:22:00,101836.63,60102.72,639.37,11.91,К-р Восточный,630-E040625_P_B_4.A,5701,2025-06-09,PV №52,carbonized_quartz-mica_hornfels_shists,0.24,237.66,110,14.82,54.0
1667856,2025-08-02 02:15:00,2025-08-02 02:39:00,101246.2,60781.78,620.31,17.63,К-р Восточный,605-E230725_P_B_9.B,5022,2025-08-02,PV №52,mica-quartz_carbonate_massive_rocks,0.24,11.96,23,1.77,257.4
1613753,2025-06-10 01:30:00,2025-06-10 01:52:00,101831.03,60090.53,639.59,12.52,К-р Восточный,630-E040625_P_B_4.A,5664,2025-06-10,PV №52,carbonized_quartz-mica_hornfels_shists,0.24,221.51,112,13.93,185.4
1579675,2025-05-07 13:52:00,2025-05-07 14:06:00,101266.39,60593.1,640.24,12.12,К-р Восточный,630-E030525_P_B_1.B,6099,2025-05-07,PV №52,quartz-mica foliated schists,0.24,52.08,82,7.47,77.4
1611846,2025-06-08 02:59:00,2025-06-08 03:17:00,101771.4,60115.36,639.11,11.24,К-р Восточный,630-E040625_P_B_4.A,5957,2025-06-08,PV №52,carbonized_quartz-mica_hornfels_shists,0.24,19.25,0,0.65,270.0
1666849,2025-08-01 01:42:00,2025-08-01 02:10:00,101216.12,60770.68,620.25,17.58,К-р Восточный,605-E230725_P_B_9.B,5094,2025-08-01,PV №52,mica-quartz_carbonate_massive_rocks,0.24,394.05,106,17.7,36.0
1670707,2025-08-04 19:35:00,2025-08-04 19:57:00,101297.07,60661.65,621.65,19.51,К-р Восточный,605-E230725_P_B_9.B,8192,2025-08-05,PV №52,quartz-mica foliated schists,0.24,12.02,32,3.69,353.4
1611689,2025-06-07 22:59:00,2025-06-07 23:16:00,101848.46,60127.21,639.46,11.74,К-р Восточный,630-E040625_P_B_4.A,5787,2025-06-08,PV №52,carbonized_quartz-mica_hornfels_shists,0.24,-4.44,32,0.77,461.4
1609860,2025-06-06 02:28:00,2025-06-06 02:44:00,101712.98,60116.29,639.53,12.31,К-р Восточный,630-E040625_P_B_4.A,5767,2025-06-06,PV №52,carbonized_quartz-mica_hornfels_shists,0.24,135.25,68,17.56,414.0
1666191,2025-07-31 10:02:00,2025-07-31 10:26:00,101197.04,60803.22,619.86,17.6,К-р Восточный,605-E230725_P_B_9.B,5005,2025-07-31,PV №52,mica-quartz_carbonate_massive_rocks,0.24,117.43,106,9.03,48.0
1612692,2025-06-08 23:09:00,2025-06-08 23:29:00,101795.96,60099.66,639.31,11.73,К-р Восточный,630-E040625_P_B_4.A,5695,2025-06-09,PV №52,carbonized_quartz-mica_hornfels_shists,0.24,337.27,107,16.0,209.4
1609715,2025-06-05 22:34:00,2025-06-05 22:51:00,101742.85,60124.76,639.19,11.51,К-р Восточный,630-E040625_P_B_4.A,6059,2025-06-06,PV №52,carbonized_quartz-mica_hornfels_shists,0.24,11.24,0,0.52,834.0
1581118,2025-05-08 21:12:00,2025-05-08 21:25:00,101293.5,60527.12,640.05,12.29,К-р Восточный,630-E030525_P_B_1.B,5925,2025-05-09,PV №52,quartz-mica foliated schists,0.25,89.15,72,8.98,53.4
1610856,2025-06-07 02:58:00,2025-06-07 03:12:00,101730.21,60111.59,639.38,11.71,К-р Восточный,630-E040625_P_B_4.A,5963,2025-06-07,PV №52,carbonized_quartz-mica_hornfels_shists,0.25,342.7,108,16.69,144.0
1667842,2025-08-02 01:44:00,2025-08-02 02:12:00,101238.33,60784.5,620.16,17.51,К-р Восточный,605-E230725_P_B_9.B,5019,2025-08-02,PV №52,mica-quartz_carbonate_massive_rocks,0.25,415.62,108,17.49,36.0
1613091,2025-06-09 08:12:00,2025-06-09 08:44:00,101762.47,60097.07,639.01,12.01,К-р Восточный,630-E040625_P_B_4.A,5690,2025-06-09,PV №52,carbonized_quartz-mica_hornfels_shists,0.25,201.04,93,13.68,204.6
1667536,2025-08-01 17:53:00,2025-08-01 18:14:00,101240.7,60729.01,620.37,17.53,К-р Восточный,605-E230725_P_B_9.B,5076,2025-08-01,PV №52,mica-quartz_carbonate_massive_rocks,0.25,429.02,106,20.61,48.0
1578627,2025-05-06 09:46:00,2025-05-06 09:58:00,101248.66,60683.42,639.9,13.01,К-р Восточный,630-E030525_P_B_1.B,6153,2025-05-06,PV №52,quartz-mica foliated schists,0.25,14.1,108,3.23,864.0
1581191,2025-05-08 22:03:00,2025-05-08 22:17:00,101319.81,60528.56,639.68,12.12,К-р Восточный,630-E030525_P_B_1.B,5960,2025-05-09,PV №52,quartz-mica foliated schists,0.25,19.22,42,0.78,888.0
1611036,2025-06-07 06:26:00,2025-06-07 06:41:00,101734.07,60106.33,639.29,11.35,К-р Восточный,630-E040625_P_B_4.A,5758,2025-06-07,PV №52,carbonized_quartz-mica_hornfels_shists,0.25,-5.26,16,0.78,467.4
1610883,2025-06-07 03:16:00,2025-06-07 03:34:00,101737.02,60112.17,639.31,11.73,К-р Восточный,630-E040625_P_B_4.A,5962,2025-06-07,PV №52,carbonized_quartz-mica_hornfels_shists,0.25,154.34,83,8.43,96.0
1666091,2025-07-31 07:53:00,2025-07-31 08:14:00,101246.98,60702.49,620.63,18.01,К-р Восточный,605-E230725_P_B_9.B,5079,2025-07-31,PV №52,mica-quartz_carbonate_massive_rocks,0.25,401.06,106,16.35,36.0
1614725,2025-06-10 23:47:00,2025-06-11 00:07:00,101726.14,60076.28,639.35,12.5,К-р Восточный,630-E040625_P_B_4.A,5806,2025-06-11,PV №52,carbonized_quartz-mica_hornfels_shists,0.25,393.39,109,16.09,30.0
1611812,2025-06-08 02:21:00,2025-06-08 02:36:00,101780.6,60121.94,639.1,11.27,К-р Восточный,630-E040625_P_B_4.A,5777,2025-06-08,PV №52,carbonized_quartz-mica_hornfels_shists,0.25,4.89,0,0.59,455.4
1614789,2025-06-11 01:18:00,2025-06-11 01:42:00,101753.35,60078.2,639.45,12.03,К-р Восточный,630-E040625_P_B_4.A,5810,2025-06-11,PV №52,carbonized_quartz-mica_hornfels_shists,0.25,272.12,109,14.88,12.0
1581106,2025-05-08 22:20:00,2025-05-08 22:32:00,101328.62,60529.07,639.53,12.21,К-р Восточный,630-E030525_P_B_1.B,5959,2025-05-09,PV №52,mica-quartz_carbonate_massive_rocks,0.25,21.84,103,6.58,144.0
1612276,2025-06-08 12:48:00,2025-06-08 13:06:00,101788.41,60111.0,638.8,11.57,К-р Восточный,630-E040625_P_B_4.A,5750,2025-06-08,PV №52,carbonized_quartz-mica_hornfels_shists,0.25,44.39,84,7.03,72.0
1579372,2025-05-07 04:23:00,2025-05-07 04:36:00,101230.79,60659.17,640.16,12.63,К-р Восточный,630-E030525_P_B_1.B,6068,2025-05-07,PV №52,quartz-mica foliated schists,0.25,376.36,105,15.59,42.0
1578391,2025-05-06 09:01:00,2025-05-06 09:14:00,101261.0,60688.11,641.71,13.02,К-р Восточный,630-E030525_P_B_1.B,6151,2025-05-06,PV №52,quartz-mica foliated schists,0.25,176.77,110,15.56,294.0
1611651,2025-06-07 23:38:00,2025-06-07 23:56:00,101834.76,60126.28,639.4,11.68,К-р Восточный,630-E040625_P_B_4.A,5785,2025-06-08,PV №52,carbonized_quartz-mica_hornfels_shists,0.25,15.46,0,0.57,876.0
1614772,2025-06-11 01:46:00,2025-06-11 02:05:00,101759.98,60078.64,639.43,12.03,К-р Восточный,630-E040625_P_B_4.A,5811,2025-06-11,PV №52,carbonized_quartz-mica_hornfels_shists,0.25,67.04,113,8.65,102.0
1609191,2025-06-05 10:22:00,2025-06-05 10:37:00,101741.86,60136.53,638.72,11.6,К-р Восточный,630-E040625_P_B_4.A,6041,2025-06-05,PV №52,carbonized_quartz-mica_hornfels_shists,0.25,120.75,93,12.95,114.6
1580893,2025-05-08 16:44:00,2025-05-08 16:54:00,101297.01,60534.63,640.1,12.0,К-р Восточный,630-E030525_P_B_1.B,5889,2025-05-08,PV №52,quartz-mica foliated schists,0.25,203.93,108,14.81,78.0
1614070,2025-06-10 09:03:00,2025-06-10 09:27:00,101831.55,60079.69,639.47,12.64,К-р Восточный,630-E040625_P_B_4.A,5616,2025-06-10,PV №52,carbonized_quartz-mica_hornfels_shists,0.25,166.99,81,12.41,84.0
1668726,2025-08-03 00:03:00,2025-08-03 00:31:00,101233.09,60690.36,621.35,17.92,К-р Восточный,605-E230725_P_B_9.B,5085,2025-08-03,PV №52,quartz-mica foliated schists,0.25,25.62,60,2.54,642.0
1609213,2025-06-05 11:46:00,2025-06-05 12:01:00,101745.64,60131.19,638.87,12.39,К-р Восточный,630-E040625_P_B_4.A,5978,2025-06-05,PV №52,carbonized_quartz-mica_hornfels_shists,0.25,-3.6,42,1.11,606.0
1614703,2025-06-10 20:08:00,2025-06-10 20:32:00,101769.66,60085.1,639.2,12.06,К-р Восточный,630-E040625_P_B_4.A,5673,2025-06-11,PV №52,carbonized_quartz-mica_hornfels_shists,0.25,194.95,90,12.59,96.0
1609140,2025-06-05 09:11:00,2025-06-05 09:29:00,101714.77,60134.56,639.32,12.63,К-р Восточный,630-E040625_P_B_4.A,6045,2025-06-05,PV №52,carbonized_quartz-mica_hornfels_shists,0.25,246.1,109,12.34,84.0
1581600,2025-05-09 07:35:00,2025-05-09 07:49:00,101287.08,60495.93,640.61,12.57,К-р Восточный,630-E030525_P_B_1.B,5911,2025-05-09,PV №52,quartz-mica foliated schists,0.25,102.61,113,10.22,120.0
1609664,2025-06-05 20:27:00,2025-06-05 20:42:00,101702.34,60121.81,639.54,12.33,К-р Восточный,630-E040625_P_B_4.A,6053,2025-06-06,PV №52,carbonized_quartz-mica_hornfels_shists,0.25,12.76,33,0.59,294.0
1609166,2025-06-05 09:48:00,2025-06-05 10:03:00,101728.27,60135.44,639.05,12.09,К-р Восточный,630-E040625_P_B_4.A,6043,2025-06-05,PV №52,carbonized_quartz-mica_hornfels_shists,0.25,123.25,109,16.18,263.4
1581360,2025-05-09 02:35:00,2025-05-09 02:46:00,101339.91,60499.85,639.99,12.54,К-р Восточный,630-E030525_P_B_1.B,5969,2025-05-09,PV №52,mica-quartz_carbonate_massive_rocks,0.25,14.93,81,2.87,840.6
1667508,2025-08-01 17:01:00,2025-08-01 17:26:00,101237.05,60746.9,620.01,17.5,К-р Восточный,605-E230725_P_B_9.B,5074,2025-08-01,PV №52,mica-quartz_carbonate_massive_rocks,0.25,429.27,105,21.39,42.0
1667411,2025-08-01 14:50:00,2025-08-01 15:18:00,101230.35,60780.35,620.11,17.03,К-р Восточный,605-E230725_P_B_9.B,5047,2025-08-01,PV №52,mica-quartz_carbonate_massive_rocks,0.25,102.14,111,10.06,186.0
1614450,2025-06-10 18:04:00,2025-06-10 18:28:00,101749.59,60084.05,639.24,12.38,К-р Восточный,630-E040625_P_B_4.A,5676,2025-06-10,PV №52,carbonized_quartz-mica_hornfels_shists,0.25,12.12,44,0.77,336.0
1613730,2025-06-10 01:06:00,2025-06-10 01:27:00,101837.47,60091.24,639.81,12.52,К-р Восточный,630-E040625_P_B_4.A,5663,2025-06-10,PV №52,carbonized_quartz-mica_hornfels_shists,0.25,404.29,111,14.32,42.0
1614467,2025-06-10 19:20:00,2025-06-10 19:41:00,101756.13,60084.25,639.87,12.02,К-р Восточный,630-E040625_P_B_4.A,5675,2025-06-10,PV №52,carbonized_quartz-mica_hornfels_shists,0.25,1.48,0,0.76,288.6
1668058,2025-08-02 07:08:00,2025-08-02 07:31:00,101268.27,60753.27,621.06,18.52,К-р Восточный,605-E230725_P_B_9.B,8179,2025-08-02,PV №52,mica-quartz_carbonate_massive_rocks,0.25,0.81,117,3.45,863.4
1580090,2025-05-07 23:23:00,2025-05-07 23:42:00,101240.47,60591.39,640.39,12.05,К-р Восточный,630-E030525_P_B_1.B,6102,2025-05-08,PV №52,quartz-mica foliated schists,0.25,12.26,18,0.65,864.0
1668484,2025-08-02 18:19:00,2025-08-02 18:41:00,101257.28,60690.66,620.42,17.51,К-р Восточный,605-E230725_P_B_9.B,5036,2025-08-02,PV №52,quartz-mica foliated schists,0.26,18.68,65,1.24,975.0
1582263,2025-05-09 20:08:00,2025-05-09 20:19:00,101297.13,60481.34,640.74,13.02,К-р Восточный,630-E030525_P_B_1.B,5906,2025-05-10,PV №52,mica-quartz_carbonate_massive_rocks,0.26,145.52,112,12.41,162.0
1580410,2025-05-08 05:27:00,2025-05-08 05:42:00,101312.51,60566.84,639.78,12.6,К-р Восточный,630-E030525_P_B_1.B,5981,2025-05-08,PV №52,quartz-mica foliated schists,0.26,248.33,107,18.94,42.0
1610839,2025-06-07 02:38:00,2025-06-07 02:56:00,101723.47,60111.39,639.53,12.62,К-р Восточный,630-E040625_P_B_4.A,5964,2025-06-07,PV №52,carbonized_quartz-mica_hornfels_shists,0.26,7.23,49,1.2,720.6
1613956,2025-06-10 05:41:00,2025-06-10 06:02:00,101814.56,60083.28,638.84,12.0,К-р Восточный,630-E040625_P_B_4.A,5819,2025-06-10,PV №52,carbonized_quartz-mica_hornfels_shists,0.26,222.2,98,9.68,48.0
1580063,2025-05-07 23:50:00,2025-05-08 00:06:00,101303.11,60586.67,640.03,12.71,К-р Восточный,630-E030525_P_B_1.B,6094,2025-05-08,PV №52,quartz-mica foliated schists,0.26,179.05,111,13.09,258.0
1667536,2025-08-01 17:53:00,2025-08-01 18:14:00,101240.7,60729.01,620.37,17.53,К-р Восточный,605-E230725_P_B_9.B,5076,2025-08-01,PV №52,mica-quartz_carbonate_massive_rocks,0.26,17.96,68,1.34,995.4
1611113,2025-06-07 08:41:00,2025-06-07 08:54:00,101763.13,60126.69,638.66,11.64,К-р Восточный,630-E040625_P_B_4.A,6062,2025-06-07,PV №52,carbonized_quartz-mica_hornfels_shists,0.26,48.43,70,7.03,138.0
1612263,2025-06-08 12:24:00,2025-06-08 12:45:00,101795.18,60111.38,639.04,12.05,К-р Восточный,630-E040625_P_B_4.A,5749,2025-06-08,PV №52,carbonized_quartz-mica_hornfels_shists,0.26,72.01,113,8.92,72.0
1609383,2025-06-05 14:57:00,2025-06-05 15:14:00,101705.17,60128.03,639.34,12.57,К-р Восточный,630-E040625_P_B_4.A,5972,2025-06-05,PV №52,carbonized_quartz-mica_hornfels_shists,0.26,151.39,110,13.16,42.0
1609723,2025-06-05 20:07:00,2025-06-05 20:25:00,101695.76,60120.83,639.42,12.01,К-р Восточный,630-E040625_P_B_4.A,6052,2025-06-06,PV №52,carbonized_quartz-mica_hornfels_shists,0.26,386.86,94,20.15,54.0
1578926,2025-05-06 17:57:00,2025-05-06 18:12:00,101261.56,60661.55,639.63,12.76,К-р Восточный,630-E030525_P_B_1.B,6072,2025-05-06,PV №52,quartz-mica foliated schists,0.26,27.14,74,3.94,852.0
1668131,2025-08-02 09:14:00,2025-08-02 09:35:00,101263.56,60738.03,620.44,18.26,К-р Восточный,605-E230725_P_B_9.B,8169,2025-08-02,PV №52,mica-quartz_carbonate_massive_rocks,0.26,19.2,81,2.09,988.8
1672826,2025-08-06 21:00:00,2025-08-06 21:18:00,101202.65,60835.5,620.29,17.52,К-р Восточный,605-E230725_P_B_9.B,4972,2025-08-07,PV №52,quartz-mica foliated schists,0.26,40.5,60,4.34,66.0
1581301,2025-05-09 01:31:00,2025-05-09 01:47:00,101307.39,60519.9,639.81,12.59,К-р Восточный,630-E030525_P_B_1.B,5887,2025-05-09,PV №52,quartz-mica foliated schists,0.26,72.13,103,8.3,102.0
1614042,2025-06-10 08:19:00,2025-06-10 08:36:00,101845.0,60080.85,639.44,12.01,К-р Восточный,630-E040625_P_B_4.A,5618,2025-06-10,PV №52,carbonized_quartz-mica_hornfels_shists,0.26,353.71,93,18.64,48.0
1608758,2025-06-05 01:03:00,2025-06-05 01:26:00,101717.67,60139.88,639.48,12.51,К-р Восточный,630-E040625_P_B_4.A,6139,2025-06-05,PV №52,carbonized_quartz-mica_hornfels_shists,0.26,383.58,101,19.72,42.0
1666429,2025-07-31 16:37:00,2025-07-31 17:07:00,101207.51,60773.5,620.11,17.53,К-р Восточный,605-E230725_P_B_9.B,5069,2025-07-31,PV №52,mica-quartz_carbonate_massive_rocks,0.26,89.56,112,7.31,90.0
1667127,2025-08-01 07:34:00,2025-08-01 08:00:00,101221.47,60791.35,620.09,17.52,К-р Восточный,605-E230725_P_B_9.B,5017,2025-08-01,PV №52,mica-quartz_carbonate_massive_rocks,0.26,422.82,108,18.32,36.0
1614888,2025-06-11 03:03:00,2025-06-11 03:23:00,101729.98,60070.5,639.26,12.53,К-р Восточный,630-E040625_P_B_4.A,5601,2025-06-11,PV №52,carbonized_quartz-mica_hornfels_shists,0.26,106.73,112,12.09,168.0
1667764,2025-08-01 20:06:00,2025-08-01 20:25:00,101238.13,60705.36,620.44,18.04,К-р Восточный,605-E230725_P_B_9.B,5056,2025-08-02,PV №52,mica-quartz_carbonate_massive_rocks,0.26,182.09,111,13.26,324.0
1672856,2025-08-06 22:40:00,2025-08-06 22:58:00,101218.09,60836.77,620.69,17.52,К-р Восточный,605-E230725_P_B_9.B,4979,2025-08-07,PV №52,mica-quartz_carbonate_massive_rocks,0.26,72.07,64,6.72,120.0
1579116,2025-05-06 23:44:00,2025-05-06 23:57:00,101256.92,60645.92,639.86,12.17,К-р Восточный,630-E030525_P_B_1.B,6058,2025-05-07,PV №52,quartz-mica foliated schists,0.26,89.84,59,6.64,72.0
1613668,2025-06-09 20:31:00,2025-06-09 20:47:00,101853.97,60098.24,638.99,12.01,К-р Восточный,630-E040625_P_B_4.A,5865,2025-06-10,PV №52,carbonized_quartz-mica_hornfels_shists,0.26,104.24,114,9.16,78.0
1614152,2025-06-10 10:28:00,2025-06-10 10:47:00,101811.58,60077.91,638.82,12.01,К-р Восточный,630-E040625_P_B_4.A,5613,2025-06-10,PV №52,carbonized_quartz-mica_hornfels_shists,0.26,159.27,112,15.5,299.4
1666937,2025-08-01 03:11:00,2025-08-01 03:39:00,101221.55,60743.61,620.17,17.55,К-р Восточный,605-E230725_P_B_9.B,5091,2025-08-01,PV №52,mica-quartz_carbonate_massive_rocks,0.26,392.69,106,16.62,30.0
1672605,2025-08-06 17:46:00,2025-08-06 18:06:00,101235.51,60819.4,620.31,18.14,К-р Восточный,605-E230725_P_B_9.B,4986,2025-08-06,PV №52,mica-quartz_carbonate_massive_rocks,0.26,90.84,41,5.17,102.0
1666191,2025-07-31 10:02:00,2025-07-31 10:26:00,101197.04,60803.22,619.86,17.6,К-р Восточный,605-E230725_P_B_9.B,5005,2025-07-31,PV №52,mica-quartz_carbonate_massive_rocks,0.26,415.22,109,16.03,42.0
1667306,2025-08-01 12:18:00,2025-08-01 12:39:00,101228.78,60805.49,620.28,17.56,К-р Восточный,605-E230725_P_B_9.B,5003,2025-08-01,PV №52,mica-quartz_carbonate_massive_rocks,0.27,413.54,99,19.02,54.0
1670702,2025-08-04 23:49:00,2025-08-05 00:12:00,101304.52,60635.36,621.11,19.01,К-р Восточный,605-E230725_P_B_9.B,8195,2025-08-05,PV №52,quartz-mica foliated schists,0.27,20.05,55,0.97,738.0
1610826,2025-06-07 02:19:00,2025-06-07 02:35:00,101716.88,60110.85,639.53,11.58,К-р Восточный,630-E040625_P_B_4.A,5965,2025-06-07,PV №52,carbonized_quartz-mica_hornfels_shists,0.27,177.04,72,11.87,132.0
1609858,2025-06-06 02:10:00,2025-06-06 02:26:00,101706.2,60115.6,639.62,12.31,К-р Восточный,630-E040625_P_B_4.A,5766,2025-06-06,PV №52,carbonized_quartz-mica_hornfels_shists,0.27,18.72,0,0.59,936.0
1612218,2025-06-08 11:22:00,2025-06-08 11:40:00,101815.49,60113.06,639.29,12.12,К-р Восточный,630-E040625_P_B_4.A,5746,2025-06-08,PV №52,carbonized_quartz-mica_hornfels_shists,0.27,33.01,117,6.45,54.0
1612137,2025-06-08 09:34:00,2025-06-08 09:53:00,101849.32,60115.64,639.05,12.04,К-р Восточный,630-E040625_P_B_4.A,5741,2025-06-08,PV №52,carbonized_quartz-mica_hornfels_shists,0.27,49.2,114,8.74,132.0
1667856,2025-08-02 02:15:00,2025-08-02 02:39:00,101246.2,60781.78,620.31,17.63,К-р Восточный,605-E230725_P_B_9.B,5022,2025-08-02,PV №52,mica-quartz_carbonate_massive_rocks,0.27,20.82,29,0.7,372.0
1609909,2025-06-06 03:25:00,2025-06-06 03:45:00,101733.25,60118.09,639.33,11.69,К-р Восточный,630-E040625_P_B_4.A,5770,2025-06-06,PV №52,carbonized_quartz-mica_hornfels_shists,0.27,189.92,62,7.84,72.0
1614053,2025-06-10 08:38:00,2025-06-10 09:00:00,101838.15,60080.09,639.39,12.51,К-р Восточный,630-E040625_P_B_4.A,5617,2025-06-10,PV №52,carbonized_quartz-mica_hornfels_shists,0.27,396.47,108,15.2,30.0
1611128,2025-06-07 08:56:00,2025-06-07 09:13:00,101760.1,60120.38,638.85,11.92,К-р Восточный,630-E040625_P_B_4.A,5774,2025-06-07,PV №52,carbonized_quartz-mica_hornfels_shists,0.27,47.39,115,7.16,36.0
1613629,2025-06-09 19:41:00,2025-06-09 20:02:00,101786.6,60092.87,638.87,12.01,К-р Восточный,630-E040625_P_B_4.A,5875,2025-06-10,PV №52,carbonized_quartz-mica_hornfels_shists,0.27,71.53,114,8.5,120.0
1609070,2025-06-05 07:35:00,2025-06-05 07:48:00,101692.03,60138.05,639.35,12.56,К-р Восточный,630-E040625_P_B_4.A,6143,2025-06-05,PV №52,carbonized_quartz-mica_hornfels_shists,0.27,18.68,0,1.68,948.6
1611282,2025-06-07 14:31:00,2025-06-07 14:49:00,101847.75,60139.0,640.62,12.1,К-р Восточный,630-E040625_P_B_4.A,5993,2025-06-07,PV №52,carbonized_quartz-mica_hornfels_shists,0.27,265.22,110,16.18,60.0
1580744,2025-05-08 13:25:00,2025-05-08 13:41:00,101338.17,60530.32,639.29,12.01,К-р Восточный,630-E030525_P_B_1.B,5958,2025-05-08,PV №52,mica-quartz_carbonate_massive_rocks,0.27,160.31,113,11.48,438.6
1614755,2025-06-11 00:56:00,2025-06-11 01:16:00,101746.76,60078.09,639.4,12.02,К-р Восточный,630-E040625_P_B_4.A,5809,2025-06-11,PV №52,carbonized_quartz-mica_hornfels_shists,0.27,10.4,56,4.04,30.6
1666130,2025-07-31 08:37:00,2025-07-31 09:09:00,101248.77,60693.63,621.33,17.5,К-р Восточный,605-E230725_P_B_9.B,5080,2025-07-31,PV №52,quartz-mica foliated schists,0.27,380.79,107,19.72,54.0
1582419,2025-05-10 01:37:00,2025-05-10 01:52:00,101268.52,60510.08,640.42,13.26,К-р Восточный,630-E030525_P_B_1.B,5918,2025-05-10,PV №52,quartz-mica foliated schists,0.27,226.52,108,15.07,204.0
1668386,2025-08-02 15:37:00,2025-08-02 15:56:00,101250.96,60718.03,620.42,18.19,К-р Восточный,605-E230725_P_B_9.B,5039,2025-08-02,PV №52,mica-quartz_carbonate_massive_rocks,0.27,387.73,109,14.78,36.0
1579455,2025-05-07 07:19:00,2025-05-07 07:32:00,101208.01,60679.61,640.08,12.28,К-р Восточный,630-E030525_P_B_1.B,6158,2025-05-07,PV №52,quartz-mica foliated schists,0.27,146.52,113,12.25,66.0
1580426,2025-05-08 05:59:00,2025-05-08 06:11:00,101295.19,60565.54,640.4,12.61,К-р Восточный,630-E030525_P_B_1.B,5942,2025-05-08,PV №52,quartz-mica foliated schists,0.27,251.48,109,14.99,66.0
1612396,2025-06-08 16:08:00,2025-06-08 16:25:00,101832.83,60108.58,639.13,12.06,К-р Восточный,630-E040625_P_B_4.A,5906,2025-06-08,PV №52,carbonized_quartz-mica_hornfels_shists,0.27,388.47,107,17.38,30.0
1667301,2025-08-01 11:52:00,2025-08-01 12:11:00,101235.95,60714.17,620.36,18.03,К-р Восточный,605-E230725_P_B_9.B,5055,2025-08-01,PV №52,mica-quartz_carbonate_massive_rocks,0.27,305.39,112,13.81,132.0
1672560,2025-08-06 16:47:00,2025-08-06 17:11:00,101236.62,60810.85,620.48,18.47,К-р Восточный,605-E230725_P_B_9.B,4987,2025-08-06,PV №52,mica-quartz_carbonate_massive_rocks,0.27,99.64,92,8.7,60.0
1613442,2025-06-09 17:19:00,2025-06-09 17:41:00,101759.23,60090.71,638.97,12.1,К-р Восточный,630-E040625_P_B_4.A,5879,2025-06-09,PV №52,carbonized_quartz-mica_hornfels_shists,0.27,142.66,111,11.97,114.0
1668737,2025-08-03 00:45:00,2025-08-03 01:09:00,101241.94,60687.12,620.9,17.72,К-р Восточный,605-E230725_P_B_9.B,5058,2025-08-03,PV №52,quartz-mica foliated schists,0.27,168.63,114,10.52,30.0
1672889,2025-08-06 20:40:00,2025-08-06 20:59:00,101201.63,60844.76,620.55,18.11,К-р Восточный,605-E230725_P_B_9.B,4971,2025-08-07,PV №52,quartz-mica foliated schists,0.27,42.91,66,4.64,114.0
1579444,2025-05-07 05:54:00,2025-05-07 06:08:00,101260.52,60615.82,639.9,12.13,К-р Восточный,630-E030525_P_B_1.B,6041,2025-05-07,PV №52,quartz-mica foliated schists,0.27,391.78,108,16.89,36.0
1668437,2025-08-02 17:07:00,2025-08-02 17:27:00,101277.84,60709.12,621.34,19.0,К-р Восточный,605-E230725_P_B_9.B,8184,2025-08-02,PV №52,mica-quartz_carbonate_massive_rocks,0.27,19.37,122,3.81,954.6
1613629,2025-06-09 19:41:00,2025-06-09 20:02:00,101786.6,60092.87,638.87,12.01,К-р Восточный,630-E040625_P_B_4.A,5875,2025-06-10,PV №52,carbonized_quartz-mica_hornfels_shists,0.27,67.88,112,7.6,18.0
1610839,2025-06-07 02:38:00,2025-06-07 02:56:00,101723.47,60111.39,639.53,12.62,К-р Восточный,630-E040625_P_B_4.A,5964,2025-06-07,PV №52,carbonized_quartz-mica_hornfels_shists,0.27,-3.99,50,1.1,468.0
1611665,2025-06-07 20:17:00,2025-06-07 20:50:00,101797.12,60129.31,639.9,12.01,К-р Восточный,630-E040625_P_B_4.A,6067,2025-06-08,PV №52,carbonized_quartz-mica_hornfels_shists,0.27,207.56,70,14.23,185.4
1580072,2025-05-07 20:52:00,2025-05-07 21:04:00,101219.59,60635.45,640.23,12.75,К-р Восточный,630-E030525_P_B_1.B,6125,2025-05-08,PV №52,quartz-mica foliated schists,0.27,16.39,40,1.15,936.0
1672836,2025-08-06 23:24:00,2025-08-06 23:43:00,101223.74,60837.03,620.3,18.02,К-р Восточный,605-E230725_P_B_9.B,4985,2025-08-07,PV №52,mica-quartz_carbonate_massive_rocks,0.27,329.27,110,18.5,167.4
1609723,2025-06-05 20:07:00,2025-06-05 20:25:00,101695.76,60120.83,639.42,12.01,К-р Восточный,630-E040625_P_B_4.A,6052,2025-06-06,PV №52,carbonized_quartz-mica_hornfels_shists,0.27,8.51,0,0.57,228.0
1611012,2025-06-07 05:28:00,2025-06-07 05:47:00,101713.88,60104.39,639.57,11.72,К-р Восточный,630-E040625_P_B_4.A,5761,2025-06-07,PV №52,carbonized_quartz-mica_hornfels_shists,0.27,20.06,0,0.49,966.6
1612655,2025-06-08 23:55:00,2025-06-09 00:14:00,101782.36,60098.76,639.22,11.3,К-р Восточный,630-E040625_P_B_4.A,5693,2025-06-09,PV №52,carbonized_quartz-mica_hornfels_shists,0.27,197.98,99,12.86,228.0
1612356,2025-06-08 15:03:00,2025-06-08 15:22:00,101853.04,60110.12,639.0,12.12,К-р Восточный,630-E040625_P_B_4.A,5909,2025-06-08,PV №52,carbonized_quartz-mica_hornfels_shists,0.27,-3.24,51,1.19,461.4
1668242,2025-08-02 12:22:00,2025-08-02 12:49:00,101252.75,60750.34,619.83,17.56,К-р Восточный,605-E230725_P_B_9.B,5026,2025-08-02,PV №52,mica-quartz_carbonate_massive_rocks,0.27,20.86,68,1.8,918.6
1609338,2025-06-05 14:05:00,2025-06-05 14:20:00,101684.99,60126.61,639.28,12.62,К-р Восточный,630-E040625_P_B_4.A,5969,2025-06-05,PV №52,carbonized_quartz-mica_hornfels_shists,0.27,61.58,66,4.55,138.0
1614744,2025-06-11 00:36:00,2025-06-11 00:53:00,101739.89,60077.67,639.43,12.01,К-р Восточный,630-E040625_P_B_4.A,5808,2025-06-11,PV №52,carbonized_quartz-mica_hornfels_shists,0.27,122.86,105,9.2,64.2
1672866,2025-08-06 22:20:00,2025-08-06 22:37:00,101211.12,60831.98,620.24,17.51,К-р Восточный,605-E230725_P_B_9.B,4995,2025-08-07,PV №52,mica-quartz_carbonate_massive_rocks,0.28,17.9,82,2.81,881.4
1666318,2025-07-31 13:28:00,2025-07-31 13:52:00,101206.38,60740.55,620.25,17.61,К-р Восточный,605-E230725_P_B_9.B,5098,2025-07-31,PV №52,mica-quartz_carbonate_massive_rocks,0.28,191.84,111,13.89,240.0
1579105,2025-05-06 21:53:00,2025-05-06 22:05:00,101268.33,60639.28,639.76,12.21,К-р Восточный,630-E030525_P_B_1.B,6131,2025-05-07,PV №52,quartz-mica foliated schists,0.28,106.09,64,6.04,90.0
1667842,2025-08-02 01:44:00,2025-08-02 02:12:00,101238.33,60784.5,620.16,17.51,К-р Восточный,605-E230725_P_B_9.B,5019,2025-08-02,PV №52,mica-quartz_carbonate_massive_rocks,0.28,40.16,64,4.98,132.0
1614070,2025-06-10 09:03:00,2025-06-10 09:27:00,101831.55,60079.69,639.47,12.64,К-р Восточный,630-E040625_P_B_4.A,5616,2025-06-10,PV №52,carbonized_quartz-mica_hornfels_shists,0.28,137.55,110,13.88,174.0
1579568,2025-05-07 11:23:00,2025-05-07 11:40:00,101294.81,60602.21,641.62,12.19,К-р Восточный,630-E030525_P_B_1.B,6036,2025-05-07,PV №52,quartz-mica foliated schists,0.28,139.08,111,14.81,126.0
1612016,2025-06-08 05:56:00,2025-06-08 06:11:00,101811.51,60118.84,639.27,11.58,К-р Восточный,630-E040625_P_B_4.A,5951,2025-06-08,PV №52,carbonized_quartz-mica_hornfels_shists,0.28,386.07,106,17.61,54.0
1610983,2025-06-07 05:04:00,2025-06-07 05:26:00,101707.3,60103.88,639.86,11.71,К-р Восточный,630-E040625_P_B_4.A,5762,2025-06-07,PV №52,carbonized_quartz-mica_hornfels_shists,0.28,42.33,3,4.08,659.4
1666873,2025-08-01 02:12:00,2025-08-01 02:40:00,101217.69,60761.67,620.17,17.56,К-р Восточный,605-E230725_P_B_9.B,5093,2025-08-01,PV №52,mica-quartz_carbonate_massive_rocks,0.28,415.77,110,14.28,36.0
1609338,2025-06-05 14:05:00,2025-06-05 14:20:00,101684.99,60126.61,639.28,12.62,К-р Восточный,630-E040625_P_B_4.A,5969,2025-06-05,PV №52,carbonized_quartz-mica_hornfels_shists,0.28,73.77,113,10.76,12.0
1578839,2025-05-06 15:49:00,2025-05-06 16:00:00,101247.31,60675.89,640.01,12.63,К-р Восточный,630-E030525_P_B_1.B,6077,2025-05-06,PV №52,quartz-mica foliated schists,0.28,239.55,113,12.17,102.0
1609150,2025-06-05 09:31:00,2025-06-05 09:46:00,101721.53,60135.0,639.25,12.58,К-р Восточный,630-E040625_P_B_4.A,6044,2025-06-05,PV №52,carbonized_quartz-mica_hornfels_shists,0.28,123.4,98,9.09,60.0
1666318,2025-07-31 13:28:00,2025-07-31 13:52:00,101206.38,60740.55,620.25,17.61,К-р Восточный,605-E230725_P_B_9.B,5098,2025-07-31,PV №52,mica-quartz_carbonate_massive_rocks,0.28,13.41,72,1.5,900.0
1578893,2025-05-06 17:10:00,2025-05-06 17:22:00,101255.6,60676.73,639.78,12.53,К-р Восточный,630-E030525_P_B_1.B,6076,2025-05-06,PV №52,quartz-mica foliated schists,0.28,240.03,112,14.38,522.6
1611783,2025-06-08 01:40:00,2025-06-08 01:59:00,101793.97,60123.54,639.07,11.66,К-р Восточный,630-E040625_P_B_4.A,5779,2025-06-08,PV №52,carbonized_quartz-mica_hornfels_shists,0.28,66.25,37,7.48,126.0
1667921,2025-08-02 03:18:00,2025-08-02 03:46:00,101265.69,60762.86,621.03,18.04,К-р Восточный,605-E230725_P_B_9.B,8178,2025-08-02,PV №52,mica-quartz_carbonate_massive_rocks,0.28,210.62,97,22.19,18.0
1580934,2025-05-08 17:26:00,2025-05-08 17:38:00,101283.64,60541.44,640.19,12.03,К-р Восточный,630-E030525_P_B_1.B,5929,2025-05-08,PV №52,quartz-mica foliated schists,0.28,298.92,112,12.62,78.0
1672630,2025-08-06 19:10:00,2025-08-06 19:25:00,101227.38,60824.16,620.05,18.07,К-р Восточный,605-E230725_P_B_9.B,5001,2025-08-06,PV №52,mica-quartz_carbonate_massive_rocks,0.28,26.19,50,0.0,984.0
1580744,2025-05-08 13:25:00,2025-05-08 13:41:00,101338.17,60530.32,639.29,12.01,К-р Восточный,630-E030525_P_B_1.B,5958,2025-05-08,PV №52,mica-quartz_carbonate_massive_rocks,0.28,176.5,111,13.7,251.4
1611783,2025-06-08 01:40:00,2025-06-08 01:59:00,101793.97,60123.54,639.07,11.66,К-р Восточный,630-E040625_P_B_4.A,5779,2025-06-08,PV №52,carbonized_quartz-mica_hornfels_shists,0.28,385.11,105,17.09,48.0
1579602,2025-05-07 11:42:00,2025-05-07 11:59:00,101287.36,60602.61,639.91,12.48,К-р Восточный,630-E030525_P_B_1.B,6035,2025-05-07,PV №52,quartz-mica foliated schists,0.28,157.88,114,9.03,84.0
1614355,2025-06-10 16:22:00,2025-06-10 16:43:00,101722.39,60081.78,639.4,12.51,К-р Восточный,630-E040625_P_B_4.A,5680,2025-06-10,PV №52,carbonized_quartz-mica_hornfels_shists,0.28,408.57,108,16.83,42.0
1578869,2025-05-06 16:36:00,2025-05-06 16:53:00,101264.63,60673.4,639.77,12.54,К-р Восточный,630-E030525_P_B_1.B,6074,2025-05-06,PV №52,quartz-mica foliated schists,0.28,155.8,113,9.98,108.0
1668195,2025-08-02 11:05:00,2025-08-02 11:28:00,101267.32,60720.46,621.47,18.01,К-р Восточный,605-E230725_P_B_9.B,8171,2025-08-02,PV №52,mica-quartz_carbonate_massive_rocks,0.28,-26.03,100,2.56,696.6
1579389,2025-05-07 04:38:00,2025-05-07 04:51:00,101235.72,60651.78,640.25,12.15,К-р Восточный,630-E030525_P_B_1.B,6138,2025-05-07,PV №52,quartz-mica foliated schists,0.28,393.25,108,17.12,48.0
1612062,2025-06-08 08:03:00,2025-06-08 08:21:00,101784.28,60116.32,638.66,11.57,К-р Восточный,630-E040625_P_B_4.A,5955,2025-06-08,PV №52,carbonized_quartz-mica_hornfels_shists,0.28,-16.71,36,0.91,227.4
1613032,2025-06-09 05:50:00,2025-06-09 06:09:00,101738.24,60100.75,638.73,12.02,К-р Восточный,630-E040625_P_B_4.A,5892,2025-06-09,PV №52,carbonized_quartz-mica_hornfels_shists,0.28,88.57,111,10.12,23.4
1580127,2025-05-08 00:22:00,2025-05-08 00:34:00,101288.45,60586.84,640.43,12.11,К-р Восточный,630-E030525_P_B_1.B,6018,2025-05-08,PV №52,quartz-mica foliated schists,0.29,124.65,51,5.71,96.0
1666802,2025-08-01 00:41:00,2025-08-01 01:09:00,101214.17,60786.28,620.3,17.62,К-р Восточный,605-E230725_P_B_9.B,5009,2025-08-01,PV №52,mica-quartz_carbonate_massive_rocks,0.29,130.42,68,9.52,138.0
1613091,2025-06-09 08:12:00,2025-06-09 08:44:00,101762.47,60097.07,639.01,12.01,К-р Восточный,630-E040625_P_B_4.A,5690,2025-06-09,PV №52,carbonized_quartz-mica_hornfels_shists,0.29,412.77,110,15.23,36.0
1582324,2025-05-09 19:39:00,2025-05-09 19:50:00,101307.05,60467.31,640.23,13.08,К-р Восточный,630-E030525_P_B_1.B,6773,2025-05-10,PV №52,mica-quartz_carbonate_massive_rocks,0.29,295.27,109,15.35,36.0
1611012,2025-06-07 05:28:00,2025-06-07 05:47:00,101713.88,60104.39,639.57,11.72,К-р Восточный,630-E040625_P_B_4.A,5761,2025-06-07,PV №52,carbonized_quartz-mica_hornfels_shists,0.29,386.07,107,15.35,30.0
1666353,2025-07-31 14:28:00,2025-07-31 14:50:00,101204.2,60817.85,619.72,17.53,К-р Восточный,605-E230725_P_B_9.B,4974,2025-07-31,PV №52,mica-quartz_carbonate_massive_rocks,0.29,24.91,59,1.22,786.6
1668784,2025-08-03 01:32:00,2025-08-03 01:51:00,101259.22,60681.48,620.47,17.63,К-р Восточный,605-E230725_P_B_9.B,5035,2025-08-03,PV №52,quartz-mica foliated schists,0.29,16.86,0,0.66,954.0
1581177,2025-05-08 22:53:00,2025-05-08 23:05:00,101347.8,60515.62,639.61,12.59,К-р Восточный,630-E030525_P_B_1.B,5966,2025-05-09,PV №52,mica-quartz_carbonate_massive_rocks,0.29,94.41,103,6.76,348.0
1612655,2025-06-08 23:55:00,2025-06-09 00:14:00,101782.36,60098.76,639.22,11.3,К-р Восточный,630-E040625_P_B_4.A,5693,2025-06-09,PV №52,carbonized_quartz-mica_hornfels_shists,0.29,410.89,109,18.02,48.0
1611113,2025-06-07 08:41:00,2025-06-07 08:54:00,101763.13,60126.69,638.66,11.64,К-р Восточный,630-E040625_P_B_4.A,6062,2025-06-07,PV №52,carbonized_quartz-mica_hornfels_shists,0.29,107.4,113,8.86,35.4
1612450,2025-06-08 17:36:00,2025-06-08 17:52:00,101805.88,60106.45,638.5,12.04,К-р Восточный,630-E040625_P_B_4.A,5902,2025-06-08,PV №52,carbonized_quartz-mica_hornfels_shists,0.29,401.36,107,18.67,48.0
1667842,2025-08-02 01:44:00,2025-08-02 02:12:00,101238.33,60784.5,620.16,17.51,К-р Восточный,605-E230725_P_B_9.B,5019,2025-08-02,PV №52,mica-quartz_carbonate_massive_rocks,0.29,18.34,45,1.09,990.0
1609736,2025-06-05 21:03:00,2025-06-05 21:22:00,101715.97,60122.64,639.63,12.14,К-р Восточный,630-E040625_P_B_4.A,6055,2025-06-06,PV №52,fault_zone,0.29,411.48,98,21.79,36.0
1613760,2025-06-10 01:54:00,2025-06-10 02:15:00,101824.38,60090.07,639.24,12.52,К-р Восточный,630-E040625_P_B_4.A,5665,2025-06-10,PV №52,carbonized_quartz-mica_hornfels_shists,0.29,20.51,32,3.28,12.0
1614003,2025-06-10 07:29:00,2025-06-10 07:46:00,101790.37,60087.18,638.85,12.01,К-р Восточный,630-E040625_P_B_4.A,5670,2025-06-10,PV №52,carbonized_quartz-mica_hornfels_shists,0.29,31.78,26,1.61,703.2
1611060,2025-06-07 07:35:00,2025-06-07 07:54:00,101747.96,60108.14,638.82,11.79,К-р Восточный,630-E040625_P_B_4.A,5756,2025-06-07,PV №52,carbonized_quartz-mica_hornfels_shists,0.29,39.32,109,6.75,84.0
1611761,2025-06-08 01:22:00,2025-06-08 01:38:00,101800.95,60123.88,639.34,11.66,К-р Восточный,630-E040625_P_B_4.A,5780,2025-06-08,PV №52,carbonized_quartz-mica_hornfels_shists,0.29,318.44,109,16.8,78.6
1668675,2025-08-02 20:31:00,2025-08-02 20:52:00,101290.81,60679.37,621.63,19.08,К-р Восточный,605-E230725_P_B_9.B,8190,2025-08-03,PV №52,quartz-mica foliated schists,0.29,78.76,83,6.81,24.0
1581960,2025-05-09 15:36:00,2025-05-09 15:47:00,101310.45,60474.97,640.46,13.02,К-р Восточный,630-E030525_P_B_1.B,5861,2025-05-09,PV №52,mica-quartz_carbonate_massive_rocks,0.29,240.23,112,13.08,78.0
1609715,2025-06-05 22:34:00,2025-06-05 22:51:00,101742.85,60124.76,639.19,11.51,К-р Восточный,630-E040625_P_B_4.A,6059,2025-06-06,PV №52,carbonized_quartz-mica_hornfels_shists,0.29,38.14,7,4.53,324.0
1667883,2025-08-02 02:42:00,2025-08-02 03:14:00,101247.41,60775.33,619.96,17.63,К-р Восточный,605-E230725_P_B_9.B,5023,2025-08-02,PV №52,mica-quartz_carbonate_massive_rocks,0.29,333.55,109,16.9,36.0
1611979,2025-06-08 05:20:00,2025-06-08 05:37:00,101825.16,60119.91,639.32,11.73,К-р Восточный,630-E040625_P_B_4.A,5949,2025-06-08,PV №52,carbonized_quartz-mica_hornfels_shists,0.29,52.91,89,6.48,102.0
1581127,2025-05-08 19:36:00,2025-05-08 19:50:00,101279.64,60533.24,640.29,12.73,К-р Восточный,630-E030525_P_B_1.B,5891,2025-05-09,PV №52,quartz-mica foliated schists,0.29,212.56,113,11.18,138.6
1609383,2025-06-05 14:57:00,2025-06-05 15:14:00,101705.17,60128.03,639.34,12.57,К-р Восточный,630-E040625_P_B_4.A,5972,2025-06-05,PV №52,carbonized_quartz-mica_hornfels_shists,0.29,9.26,46,0.31,636.0
1582419,2025-05-10 01:37:00,2025-05-10 01:52:00,101268.52,60510.08,640.42,13.26,К-р Восточный,630-E030525_P_B_1.B,5918,2025-05-10,PV №52,quartz-mica foliated schists,0.29,166.32,113,11.65,102.0
1666668,2025-07-31 23:31:00,2025-07-31 23:48:00,101212.33,60813.31,620.05,18.01,К-р Восточный,605-E230725_P_B_9.B,4993,2025-08-01,PV №52,mica-quartz_carbonate_massive_rocks,0.29,178.14,109,10.58,143.4
1614789,2025-06-11 01:18:00,2025-06-11 01:42:00,101753.35,60078.2,639.45,12.03,К-р Восточный,630-E040625_P_B_4.A,5810,2025-06-11,PV №52,carbonized_quartz-mica_hornfels_shists,0.29,36.91,114,7.74,144.0
1613144,2025-06-09 09:23:00,2025-06-09 09:44:00,101714.77,60093.01,639.13,12.02,К-р Восточный,630-E040625_P_B_4.A,5683,2025-06-09,PV №52,carbonized_quartz-mica_hornfels_shists,0.29,232.36,106,11.04,66.0
1614152,2025-06-10 10:28:00,2025-06-10 10:47:00,101811.58,60077.91,638.82,12.01,К-р Восточный,630-E040625_P_B_4.A,5613,2025-06-10,PV №52,carbonized_quartz-mica_hornfels_shists,0.29,102.63,110,12.46,204.0
1666370,2025-07-31 14:52:00,2025-07-31 15:13:00,101204.88,60808.41,620.02,17.52,К-р Восточный,605-E230725_P_B_9.B,4975,2025-07-31,PV №52,mica-quartz_carbonate_massive_rocks,0.3,78.75,76,5.96,102.0
1581177,2025-05-08 22:53:00,2025-05-08 23:05:00,101347.8,60515.62,639.61,12.59,К-р Восточный,630-E030525_P_B_1.B,5966,2025-05-09,PV №52,mica-quartz_carbonate_massive_rocks,0.3,19.23,44,1.13,966.0
1667230,2025-08-01 10:01:00,2025-08-01 10:33:00,101228.62,60749.99,620.01,17.5,К-р Восточный,605-E230725_P_B_9.B,5051,2025-08-01,PV №52,mica-quartz_carbonate_massive_rocks,0.3,419.22,108,17.91,36.0
1672630,2025-08-06 19:10:00,2025-08-06 19:25:00,101227.38,60824.16,620.05,18.07,К-р Восточный,605-E230725_P_B_9.B,5001,2025-08-06,PV №52,mica-quartz_carbonate_massive_rocks,0.3,293.44,113,15.26,78.0
1666213,2025-07-31 10:29:00,2025-07-31 10:54:00,101197.62,60794.56,619.89,17.55,К-р Восточный,605-E230725_P_B_9.B,5006,2025-07-31,PV №52,mica-quartz_carbonate_massive_rocks,0.3,22.12,99,3.34,798.0
1581383,2025-05-09 03:06:00,2025-05-09 03:17:00,101277.47,60510.38,640.23,12.56,К-р Восточный,630-E030525_P_B_1.B,5917,2025-05-09,PV №52,quartz-mica foliated schists,0.3,-9.85,74,1.99,377.4
1672584,2025-08-06 17:18:00,2025-08-06 17:40:00,101239.12,60816.46,620.58,18.43,К-р Восточный,605-E230725_P_B_9.B,8156,2025-08-06,PV №52,mica-quartz_carbonate_massive_rocks,0.3,23.41,46,0.65,659.4
1580162,2025-05-08 01:05:00,2025-05-08 01:21:00,101262.87,60585.31,640.36,12.08,К-р Восточный,630-E030525_P_B_1.B,6021,2025-05-08,PV №52,quartz-mica foliated schists,0.3,222.84,112,11.46,156.0
1613656,2025-06-09 22:08:00,2025-06-09 22:30:00,101833.83,60096.61,639.49,12.51,К-р Восточный,630-E040625_P_B_4.A,5868,2025-06-10,PV №52,carbonized_quartz-mica_hornfels_shists,0.3,345.64,104,18.27,24.0
1580296,2025-05-08 03:16:00,2025-05-08 03:30:00,101293.08,60579.67,640.33,12.68,К-р Восточный,630-E030525_P_B_1.B,6092,2025-05-08,PV №52,quartz-mica foliated schists,0.3,303.5,104,17.37,42.0
1672613,2025-08-06 18:12:00,2025-08-06 18:39:00,101226.61,60830.51,620.41,18.02,К-р Восточный,605-E230725_P_B_9.B,5000,2025-08-06,PV №52,mica-quartz_carbonate_massive_rocks,0.3,19.0,0,0.63,984.0
1609338,2025-06-05 14:05:00,2025-06-05 14:20:00,101684.99,60126.61,639.28,12.62,К-р Восточный,630-E040625_P_B_4.A,5969,2025-06-05,PV №52,carbonized_quartz-mica_hornfels_shists,0.3,12.31,42,1.65,621.6
1608650,2025-06-04 22:50:00,2025-06-04 23:08:00,101705.36,60138.67,639.5,12.67,К-р Восточный,630-E040625_P_B_4.A,6141,2025-06-05,PV №52,carbonized_quartz-mica_hornfels_shists,0.3,2.52,35,0.99,347.4
1613753,2025-06-10 01:30:00,2025-06-10 01:52:00,101831.03,60090.53,639.59,12.52,К-р Восточный,630-E040625_P_B_4.A,5664,2025-06-10,PV №52,carbonized_quartz-mica_hornfels_shists,0.3,82.28,96,10.62,126.0
1611689,2025-06-07 22:59:00,2025-06-07 23:16:00,101848.46,60127.21,639.46,11.74,К-р Восточный,630-E040625_P_B_4.A,5787,2025-06-08,PV №52,carbonized_quartz-mica_hornfels_shists,0.3,273.51,95,14.74,216.0
1613232,2025-06-09 11:28:00,2025-06-09 11:47:00,101741.84,60094.9,638.81,12.03,К-р Восточный,630-E040625_P_B_4.A,5687,2025-06-09,PV №52,carbonized_quartz-mica_hornfels_shists,0.3,84.06,117,9.74,882.0
1667370,2025-08-01 14:02:00,2025-08-01 14:19:00,101229.46,60796.69,621.55,18.5,К-р Восточный,605-E230725_P_B_9.B,5011,2025-08-01,PV №52,mica-quartz_carbonate_massive_rocks,0.3,29.78,72,2.19,981.6
1666736,2025-07-31 23:50:00,2025-08-01 00:13:00,101213.05,60804.4,620.17,18.0,К-р Восточный,605-E230725_P_B_9.B,5004,2025-08-01,PV №52,mica-quartz_carbonate_massive_rocks,0.3,111.0,73,7.0,36.0
1611407,2025-06-07 16:56:00,2025-06-07 17:17:00,101851.6,60133.73,638.91,12.12,К-р Восточный,630-E040625_P_B_4.A,6075,2025-06-07,PV №52,carbonized_quartz-mica_hornfels_shists,0.3,47.07,114,7.65,23.4
1610773,2025-06-07 01:19:00,2025-06-07 01:37:00,101696.49,60108.7,639.19,12.29,К-р Восточный,630-E040625_P_B_4.A,5968,2025-06-07,PV №52,carbonized_quartz-mica_hornfels_shists,0.3,10.42,39,0.89,552.0
1612327,2025-06-08 14:16:00,2025-06-08 14:36:00,101768.21,60109.18,638.77,11.48,К-р Восточный,630-E040625_P_B_4.A,5753,2025-06-08,PV №52,carbonized_quartz-mica_hornfels_shists,0.3,-6.08,44,1.03,280.8
1611719,2025-06-08 00:20:00,2025-06-08 00:37:00,101821.33,60125.18,639.29,11.6,К-р Восточный,630-E040625_P_B_4.A,5783,2025-06-08,PV №52,carbonized_quartz-mica_hornfels_shists,0.3,28.53,0,0.57,294.0
1614152,2025-06-10 10:28:00,2025-06-10 10:47:00,101811.58,60077.91,638.82,12.01,К-р Восточный,630-E040625_P_B_4.A,5613,2025-06-10,PV №52,carbonized_quartz-mica_hornfels_shists,0.3,168.93,111,12.7,173.4
1609956,2025-06-06 04:30:00,2025-06-06 04:47:00,101753.5,60119.81,639.11,11.3,К-р Восточный,630-E040625_P_B_4.A,5773,2025-06-06,PV №52,carbonized_quartz-mica_hornfels_shists,0.3,264.92,83,13.2,48.0
1667061,2025-08-01 05:28:00,2025-08-01 05:48:00,101224.28,60693.01,620.08,18.02,К-р Восточный,605-E230725_P_B_9.B,5060,2025-08-01,PV №52,mica-quartz_carbonate_massive_rocks,0.3,224.37,113,12.96,156.0
1667536,2025-08-01 17:53:00,2025-08-01 18:14:00,101240.7,60729.01,620.37,17.53,К-р Восточный,605-E230725_P_B_9.B,5076,2025-08-01,PV №52,mica-quartz_carbonate_massive_rocks,0.3,18.44,80,1.9,931.2
1611870,2025-06-08 03:28:00,2025-06-08 03:45:00,101865.77,60123.21,639.31,11.48,К-р Восточный,630-E040625_P_B_4.A,5943,2025-06-08,PV №52,carbonized_quartz-mica_hornfels_shists,0.3,222.08,101,11.19,138.0
1666489,2025-07-31 18:11:00,2025-07-31 18:48:00,101213.25,60746.54,620.13,17.5,К-р Восточный,605-E230725_P_B_9.B,5066,2025-07-31,PV №52,mica-quartz_carbonate_massive_rocks,0.3,27.82,118,2.27,996.0
1611032,2025-06-07 06:08:00,2025-06-07 06:24:00,101727.36,60105.68,639.26,11.67,К-р Восточный,630-E040625_P_B_4.A,5759,2025-06-07,PV №52,carbonized_quartz-mica_hornfels_shists,0.3,250.48,97,13.88,138.0
1580245,2025-05-08 02:13:00,2025-05-08 02:26:00,101254.86,60569.48,640.52,12.62,К-р Восточный,630-E030525_P_B_1.B,6011,2025-05-08,PV №52,quartz-mica foliated schists,0.3,24.24,59,1.37,995.4
1579506,2025-05-07 08:52:00,2025-05-07 09:07:00,101236.73,60636.92,639.94,12.05,К-р Восточный,630-E030525_P_B_1.B,6127,2025-05-07,PV №52,quartz-mica foliated schists,0.3,3.32,78,2.29,642.0
1612489,2025-06-08 18:36:00,2025-06-08 18:55:00,101785.49,60104.87,638.67,11.51,К-р Восточный,630-E040625_P_B_4.A,5899,2025-06-08,PV №52,carbonized_quartz-mica_hornfels_shists,0.3,41.33,73,5.74,113.4
1612696,2025-06-08 22:06:00,2025-06-08 22:24:00,101816.36,60101.07,639.46,12.17,К-р Восточный,630-E040625_P_B_4.A,5698,2025-06-09,PV №52,carbonized_quartz-mica_hornfels_shists,0.31,27.32,80,5.23,108.0
1580806,2025-05-08 15:13:00,2025-05-08 15:26:00,101314.7,60536.29,639.78,12.51,К-р Восточный,630-E030525_P_B_1.B,5984,2025-05-08,PV №52,quartz-mica foliated schists,0.31,427.58,109,16.75,95.4
1612179,2025-06-08 10:17:00,2025-06-08 10:36:00,101835.84,60114.56,639.08,12.05,К-р Восточный,630-E040625_P_B_4.A,5743,2025-06-08,PV №52,carbonized_quartz-mica_hornfels_shists,0.31,402.48,107,17.67,48.0
1581191,2025-05-08 22:03:00,2025-05-08 22:17:00,101319.81,60528.56,639.68,12.12,К-р Восточный,630-E030525_P_B_1.B,5960,2025-05-09,PV №52,quartz-mica foliated schists,0.31,438.44,109,16.84,60.0
1581127,2025-05-08 19:36:00,2025-05-08 19:50:00,101279.64,60533.24,640.29,12.73,К-р Восточный,630-E030525_P_B_1.B,5891,2025-05-09,PV №52,quartz-mica foliated schists,0.31,-21.32,25,0.81,210.0
1580806,2025-05-08 15:13:00,2025-05-08 15:26:00,101314.7,60536.29,639.78,12.51,К-р Восточный,630-E030525_P_B_1.B,5984,2025-05-08,PV №52,quartz-mica foliated schists,0.31,169.17,114,10.97,197.4
1666172,2025-07-31 09:42:00,2025-07-31 10:00:00,101196.48,60812.38,620.0,17.71,К-р Восточный,605-E230725_P_B_9.B,4992,2025-07-31,PV №52,mica-quartz_carbonate_massive_rocks,0.31,27.31,110,3.68,948.0
1614218,2025-06-10 12:25:00,2025-06-10 12:44:00,101776.38,60085.76,639.05,12.06,К-р Восточный,630-E040625_P_B_4.A,5672,2025-06-10,PV №52,carbonized_quartz-mica_hornfels_shists,0.31,321.29,106,19.78,18.0
1611648,2025-06-07 21:59:00,2025-06-07 22:15:00,101868.72,60128.47,639.2,11.16,К-р Восточный,630-E040625_P_B_4.A,5790,2025-06-08,PV №52,carbonized_quartz-mica_hornfels_shists,0.31,214.94,112,11.77,198.0
1614718,2025-06-10 20:34:00,2025-06-10 20:53:00,101773.42,60079.64,639.3,12.0,К-р Восточный,630-E040625_P_B_4.A,5813,2025-06-11,PV №52,carbonized_quartz-mica_hornfels_shists,0.31,91.9,114,9.54,132.0
1672857,2025-08-06 23:47:00,2025-08-07 00:05:00,101227.85,60814.82,619.99,18.36,К-р Восточный,605-E230725_P_B_9.B,5002,2025-08-07,PV №52,mica-quartz_carbonate_massive_rocks,0.31,30.13,49,2.85,817.2
1580952,2025-05-08 17:59:00,2025-05-08 18:12:00,101261.27,60547.81,640.38,12.5,К-р Восточный,630-E030525_P_B_1.B,5899,2025-05-08,PV №52,quartz-mica foliated schists,0.31,208.95,113,9.98,108.0
1613463,2025-06-09 18:06:00,2025-06-09 18:28:00,101772.91,60091.48,638.84,12.03,К-р Восточный,630-E040625_P_B_4.A,5877,2025-06-09,PV №52,carbonized_quartz-mica_hornfels_shists,0.31,351.64,106,16.81,18.0
1611979,2025-06-08 05:20:00,2025-06-08 05:37:00,101825.16,60119.91,639.32,11.73,К-р Восточный,630-E040625_P_B_4.A,5949,2025-06-08,PV №52,carbonized_quartz-mica_hornfels_shists,0.31,254.02,111,12.13,102.0
1609956,2025-06-06 04:30:00,2025-06-06 04:47:00,101753.5,60119.81,639.11,11.3,К-р Восточный,630-E040625_P_B_4.A,5773,2025-06-06,PV №52,carbonized_quartz-mica_hornfels_shists,0.31,295.64,101,14.47,48.6
1613204,2025-06-09 10:42:00,2025-06-09 11:26:00,101734.95,60094.75,638.87,12.0,К-р Восточный,630-E040625_P_B_4.A,5686,2025-06-09,PV №52,carbonized_quartz-mica_hornfels_shists,0.31,48.47,100,7.58,24.0
1666172,2025-07-31 09:42:00,2025-07-31 10:00:00,101196.48,60812.38,620.0,17.71,К-р Восточный,605-E230725_P_B_9.B,4992,2025-07-31,PV №52,mica-quartz_carbonate_massive_rocks,0.31,332.74,102,21.25,414.0
1672905,2025-08-07 00:10:00,2025-08-07 00:26:00,101219.76,60818.5,620.22,17.18,К-р Восточный,605-E230725_P_B_9.B,4977,2025-08-07,PV №52,mica-quartz_carbonate_massive_rocks,0.31,29.51,54,1.06,934.2
1610963,2025-06-07 04:45:00,2025-06-07 05:02:00,101700.34,60103.09,639.16,11.55,К-р Восточный,630-E040625_P_B_4.A,5763,2025-06-07,PV №52,carbonized_quartz-mica_hornfels_shists,0.31,391.98,105,18.93,60.0
1612137,2025-06-08 09:34:00,2025-06-08 09:53:00,101849.32,60115.64,639.05,12.04,К-р Восточный,630-E040625_P_B_4.A,5741,2025-06-08,PV №52,carbonized_quartz-mica_hornfels_shists,0.31,388.72,107,18.27,30.0
1613932,2025-06-10 04:55:00,2025-06-10 05:17:00,101827.88,60084.46,639.35,12.51,К-р Восточный,630-E040625_P_B_4.A,5821,2025-06-10,PV №52,carbonized_quartz-mica_hornfels_shists,0.31,76.32,113,10.02,48.6
1668795,2025-08-03 01:55:00,2025-08-03 02:14:00,101274.54,60685.55,620.98,18.62,К-р Восточный,605-E230725_P_B_9.B,8175,2025-08-03,PV №52,quartz-mica foliated schists,0.31,-4.32,33,0.89,630.0
1666227,2025-07-31 10:56:00,2025-07-31 11:21:00,101198.21,60785.39,620.07,17.55,К-р Восточный,605-E230725_P_B_9.B,5007,2025-07-31,PV №52,mica-quartz_carbonate_massive_rocks,0.31,417.86,108,17.6,36.0
1667008,2025-08-01 04:30:00,2025-08-01 04:47:00,101227.11,60716.92,620.26,18.01,К-р Восточный,605-E230725_P_B_9.B,5088,2025-08-01,PV №52,mica-quartz_carbonate_massive_rocks,0.31,91.03,81,7.78,132.0
1666873,2025-08-01 02:12:00,2025-08-01 02:40:00,101217.69,60761.67,620.17,17.56,К-р Восточный,605-E230725_P_B_9.B,5093,2025-08-01,PV №52,mica-quartz_carbonate_massive_rocks,0.31,98.48,80,7.99,113.4
1610773,2025-06-07 01:19:00,2025-06-07 01:37:00,101696.49,60108.7,639.19,12.29,К-р Восточный,630-E040625_P_B_4.A,5968,2025-06-07,PV №52,carbonized_quartz-mica_hornfels_shists,0.31,376.96,107,15.75,36.0
1581226,2025-05-09 00:11:00,2025-05-09 00:25:00,101329.44,60514.19,639.77,12.12,К-р Восточный,630-E030525_P_B_1.B,5964,2025-05-09,PV №52,mica-quartz_carbonate_massive_rocks,0.31,-3.66,47,0.78,811.2
1614955,2025-06-11 04:11:00,2025-06-11 04:34:00,101749.72,60073.4,639.41,12.0,К-р Восточный,630-E040625_P_B_4.A,5604,2025-06-11,PV №52,carbonized_quartz-mica_hornfels_shists,0.32,77.13,84,7.04,138.0
1670097,2025-08-04 10:18:00,2025-08-04 10:37:00,101252.15,60675.62,620.03,17.52,К-р Восточный,605-E230725_P_B_9.B,5082,2025-08-04,PV №52,quartz-mica foliated schists,0.32,215.22,113,10.93,84.0
1581587,2025-05-09 07:10:00,2025-05-09 07:30:00,101304.47,60497.02,640.33,12.51,К-р Восточный,630-E030525_P_B_1.B,5913,2025-05-09,PV №52,quartz-mica foliated schists,0.32,178.52,115,10.89,114.6
1670097,2025-08-04 10:18:00,2025-08-04 10:37:00,101252.15,60675.62,620.03,17.52,К-р Восточный,605-E230725_P_B_9.B,5082,2025-08-04,PV №52,quartz-mica foliated schists,0.32,420.36,107,20.46,66.0
1614995,2025-06-11 04:57:00,2025-06-11 05:14:00,101763.59,60074.58,639.34,12.03,К-р Восточный,630-E040625_P_B_4.A,5606,2025-06-11,PV №52,carbonized_quartz-mica_hornfels_shists,0.32,388.83,109,16.29,36.0
1581561,2025-05-09 06:15:00,2025-05-09 06:26:00,101321.86,60498.56,640.11,12.56,К-р Восточный,630-E030525_P_B_1.B,5971,2025-05-09,PV №52,mica-quartz_carbonate_massive_rocks,0.32,7.62,58,1.5,690.6
1579319,2025-05-07 03:33:00,2025-05-07 03:47:00,101215.47,60681.16,640.27,12.64,К-р Восточный,630-E030525_P_B_1.B,6157,2025-05-07,PV №52,quartz-mica foliated schists,0.32,91.25,45,6.4,190.2
1579300,2025-05-07 02:56:00,2025-05-07 03:11:00,101269.03,60616.29,639.66,12.12,К-р Восточный,630-E030525_P_B_1.B,6040,2025-05-07,PV №52,quartz-mica foliated schists,0.32,123.26,67,7.61,60.0
1613897,2025-06-10 04:12:00,2025-06-10 04:30:00,101841.26,60085.48,639.45,12.02,К-р Восточный,630-E040625_P_B_4.A,5823,2025-06-10,PV №52,carbonized_quartz-mica_hornfels_shists,0.32,152.52,113,10.33,96.0
1612235,2025-06-08 11:42:00,2025-06-08 11:58:00,101808.9,60112.44,638.95,12.1,К-р Восточный,630-E040625_P_B_4.A,5747,2025-06-08,PV №52,carbonized_quartz-mica_hornfels_shists,0.32,100.01,113,9.62,133.2
1611352,2025-06-07 15:59:00,2025-06-07 16:14:00,101871.33,60135.06,638.86,11.5,К-р Восточный,630-E040625_P_B_4.A,6078,2025-06-07,PV №52,carbonized_quartz-mica_hornfels_shists,0.32,52.18,58,6.14,66.0
1579138,2025-05-06 21:17:00,2025-05-06 21:32:00,101291.05,60610.15,639.83,12.56,К-р Восточный,630-E030525_P_B_1.B,6114,2025-05-07,PV №52,quartz-mica foliated schists,0.32,99.37,108,8.59,540.0
1609444,2025-06-05 16:07:00,2025-06-05 16:20:00,101732.41,60129.9,638.99,11.65,К-р Восточный,630-E040625_P_B_4.A,5976,2025-06-05,PV №52,fault_zone,0.32,407.53,92,19.7,66.0
1580893,2025-05-08 16:44:00,2025-05-08 16:54:00,101297.01,60534.63,640.1,12.0,К-р Восточный,630-E030525_P_B_1.B,5889,2025-05-08,PV №52,quartz-mica foliated schists,0.32,161.14,116,12.63,582.0
1666191,2025-07-31 10:02:00,2025-07-31 10:26:00,101197.04,60803.22,619.86,17.6,К-р Восточный,605-E230725_P_B_9.B,5005,2025-07-31,PV №52,mica-quartz_carbonate_massive_rocks,0.32,94.88,74,5.15,858.0
1578391,2025-05-06 09:01:00,2025-05-06 09:14:00,101261.0,60688.11,641.71,13.02,К-р Восточный,630-E030525_P_B_1.B,6151,2025-05-06,PV №52,quartz-mica foliated schists,0.32,91.55,109,10.11,143.4
1609173,2025-06-05 10:04:00,2025-06-05 10:20:00,101735.1,60136.16,639.0,11.59,К-р Восточный,630-E040625_P_B_4.A,6042,2025-06-05,PV №52,carbonized_quartz-mica_hornfels_shists,0.32,394.76,107,16.23,66.0
1615045,2025-06-11 06:10:00,2025-06-11 06:29:00,101783.5,60076.04,639.28,12.0,К-р Восточный,630-E040625_P_B_4.A,5609,2025-06-11,PV №52,carbonized_quartz-mica_hornfels_shists,0.32,83.05,115,8.38,13.2
1581311,2025-05-09 01:49:00,2025-05-09 02:03:00,101315.89,60520.76,640.0,12.77,К-р Восточный,630-E030525_P_B_1.B,5990,2025-05-09,PV №52,quartz-mica foliated schists,0.32,38.53,86,6.09,131.4
1667333,2025-08-01 12:41:00,2025-08-01 13:00:00,101229.46,60796.7,619.95,13.79,К-р Восточный,605-E230725_P_B_9.B,5011,2025-08-01,PV №52,mica-quartz_carbonate_massive_rocks,0.32,94.34,84,4.32,900.0
1666227,2025-07-31 10:56:00,2025-07-31 11:21:00,101198.21,60785.39,620.07,17.55,К-р Восточный,605-E230725_P_B_9.B,5007,2025-07-31,PV №52,mica-quartz_carbonate_massive_rocks,0.32,29.16,106,3.68,833.4
1582355,2025-05-10 00:02:00,2025-05-10 00:14:00,101293.29,60473.79,640.49,13.81,К-р Восточный,630-E030525_P_B_1.B,5863,2025-05-10,PV №52,mica-quartz_carbonate_massive_rocks,0.32,222.73,106,16.68,276.0
1613988,2025-06-10 06:27:00,2025-06-10 06:47:00,101800.66,60082.28,638.89,12.02,К-р Восточный,630-E040625_P_B_4.A,5817,2025-06-10,PV №52,carbonized_quartz-mica_hornfels_shists,0.32,147.54,110,12.29,72.0
1667301,2025-08-01 11:52:00,2025-08-01 12:11:00,101235.95,60714.17,620.36,18.03,К-р Восточный,605-E230725_P_B_9.B,5055,2025-08-01,PV №52,mica-quartz_carbonate_massive_rocks,0.32,283.31,110,15.16,186.0
1581332,2025-05-09 02:05:00,2025-05-09 02:18:00,101320.76,60513.34,639.75,12.53,К-р Восточный,630-E030525_P_B_1.B,5963,2025-05-09,PV №52,mica-quartz_carbonate_massive_rocks,0.32,280.28,105,13.15,108.0
1670097,2025-08-04 10:18:00,2025-08-04 10:37:00,101252.15,60675.62,620.03,17.52,К-р Восточный,605-E230725_P_B_9.B,5082,2025-08-04,PV №52,quartz-mica foliated schists,0.32,362.32,96,20.66,12.0
1610920,2025-06-07 04:00:00,2025-06-07 04:17:00,101750.6,60113.76,639.21,11.53,К-р Восточный,630-E040625_P_B_4.A,5960,2025-06-07,PV №52,carbonized_quartz-mica_hornfels_shists,0.33,317.71,109,14.89,42.0
1668459,2025-08-02 17:29:00,2025-08-02 17:56:00,101270.96,60702.89,620.75,18.59,К-р Восточный,605-E230725_P_B_9.B,8173,2025-08-02,PV №52,quartz-mica foliated schists,0.33,425.89,110,16.85,54.0
1666155,2025-07-31 09:18:00,2025-07-31 09:39:00,101195.77,60821.6,620.14,17.08,К-р Восточный,605-E230725_P_B_9.B,4991,2025-07-31,PV №52,mica-quartz_carbonate_massive_rocks,0.33,328.78,112,14.5,132.0
1667082,2025-08-01 06:16:00,2025-08-01 06:57:00,101220.41,60809.54,619.99,17.5,К-р Восточный,605-E230725_P_B_9.B,4976,2025-08-01,PV №52,mica-quartz_carbonate_massive_rocks,0.33,334.02,109,15.57,24.0
1611380,2025-06-07 16:36:00,2025-06-07 16:54:00,101858.28,60134.2,638.8,12.04,К-р Восточный,630-E040625_P_B_4.A,6076,2025-06-07,PV №52,carbonized_quartz-mica_hornfels_shists,0.33,407.58,107,18.63,42.0
1611960,2025-06-08 04:43:00,2025-06-08 04:59:00,101838.55,60120.79,639.38,11.63,К-р Восточный,630-E040625_P_B_4.A,5947,2025-06-08,PV №52,carbonized_quartz-mica_hornfels_shists,0.33,167.05,75,13.82,36.0
1612019,2025-06-08 06:12:00,2025-06-08 06:29:00,101804.75,60118.4,639.29,11.69,К-р Восточный,630-E040625_P_B_4.A,5952,2025-06-08,PV №52,carbonized_quartz-mica_hornfels_shists,0.33,2.03,0,0.85,336.0
1580689,2025-05-08 12:06:00,2025-05-08 12:18:00,101299.82,60557.85,640.05,12.52,К-р Восточный,630-E030525_P_B_1.B,5951,2025-05-08,PV №52,quartz-mica foliated schists,0.33,377.13,109,15.7,90.0
1614718,2025-06-10 20:34:00,2025-06-10 20:53:00,101773.42,60079.64,639.3,12.0,К-р Восточный,630-E040625_P_B_4.A,5813,2025-06-11,PV №52,carbonized_quartz-mica_hornfels_shists,0.33,398.16,108,16.88,36.0
1581360,2025-05-09 02:35:00,2025-05-09 02:46:00,101339.91,60499.85,639.99,12.54,К-р Восточный,630-E030525_P_B_1.B,5969,2025-05-09,PV №52,mica-quartz_carbonate_massive_rocks,0.33,-34.92,77,2.06,912.0
1668081,2025-08-02 08:04:00,2025-08-02 08:28:00,101269.93,60744.45,621.04,18.5,К-р Восточный,605-E230725_P_B_9.B,8180,2025-08-02,PV №52,mica-quartz_carbonate_massive_rocks,0.33,248.32,99,10.34,72.0
1611380,2025-06-07 16:36:00,2025-06-07 16:54:00,101858.28,60134.2,638.8,12.04,К-р Восточный,630-E040625_P_B_4.A,6076,2025-06-07,PV №52,carbonized_quartz-mica_hornfels_shists,0.33,8.65,40,0.92,516.0
1613635,2025-06-10 00:01:00,2025-06-10 00:20:00,101799.51,60094.08,638.98,12.52,К-р Восточный,630-E040625_P_B_4.A,5873,2025-06-10,PV №52,carbonized_quartz-mica_hornfels_shists,0.33,354.02,110,14.02,24.0
1609695,2025-06-05 22:13:00,2025-06-05 22:30:00,101735.89,60124.22,639.25,11.62,К-р Восточный,630-E040625_P_B_4.A,6058,2025-06-06,PV №52,carbonized_quartz-mica_hornfels_shists,0.33,196.47,112,11.96,72.0
1613121,2025-06-09 08:49:00,2025-06-09 09:11:00,101768.71,60097.38,638.97,12.01,К-р Восточный,630-E040625_P_B_4.A,5691,2025-06-09,PV №52,carbonized_quartz-mica_hornfels_shists,0.33,320.85,110,17.59,192.0
1580806,2025-05-08 15:13:00,2025-05-08 15:26:00,101314.7,60536.29,639.78,12.51,К-р Восточный,630-E030525_P_B_1.B,5984,2025-05-08,PV №52,quartz-mica foliated schists,0.33,181.2,114,11.17,144.0
1668675,2025-08-02 20:31:00,2025-08-02 20:52:00,101290.81,60679.37,621.63,19.08,К-р Восточный,605-E230725_P_B_9.B,8190,2025-08-03,PV №52,quartz-mica foliated schists,0.34,301.43,97,20.49,42.0
1611431,2025-06-07 17:39:00,2025-06-07 17:58:00,101837.84,60132.48,638.99,12.02,К-р Восточный,630-E040625_P_B_4.A,6073,2025-06-07,PV №52,carbonized_quartz-mica_hornfels_shists,0.34,395.53,110,14.17,42.0
1611761,2025-06-08 01:22:00,2025-06-08 01:38:00,101800.95,60123.88,639.34,11.66,К-р Восточный,630-E040625_P_B_4.A,5780,2025-06-08,PV №52,carbonized_quartz-mica_hornfels_shists,0.34,-0.78,0,0.56,600.6
1667061,2025-08-01 05:28:00,2025-08-01 05:48:00,101224.28,60693.01,620.08,18.02,К-р Восточный,605-E230725_P_B_9.B,5060,2025-08-01,PV №52,mica-quartz_carbonate_massive_rocks,0.34,286.98,109,16.22,78.0
1666326,2025-07-31 13:54:00,2025-07-31 14:22:00,101208.34,60731.64,620.19,17.52,К-р Восточный,605-E230725_P_B_9.B,5099,2025-07-31,PV №52,mica-quartz_carbonate_massive_rocks,0.34,419.12,105,20.03,48.0
1667184,2025-08-01 09:04:00,2025-08-01 09:30:00,101224.46,60767.44,620.07,17.51,К-р Восточный,605-E230725_P_B_9.B,5049,2025-08-01,PV №52,mica-quartz_carbonate_massive_rocks,0.34,84.06,69,9.13,72.0
1614772,2025-06-11 01:46:00,2025-06-11 02:05:00,101759.98,60078.64,639.43,12.03,К-р Восточный,630-E040625_P_B_4.A,5811,2025-06-11,PV №52,carbonized_quartz-mica_hornfels_shists,0.34,400.8,110,14.86,30.0
1666452,2025-07-31 17:09:00,2025-07-31 17:41:00,101209.34,60764.47,620.12,17.5,К-р Восточный,605-E230725_P_B_9.B,5068,2025-07-31,PV №52,mica-quartz_carbonate_massive_rocks,0.34,72.37,88,7.75,173.4
1580410,2025-05-08 05:27:00,2025-05-08 05:42:00,101312.51,60566.84,639.78,12.6,К-р Восточный,630-E030525_P_B_1.B,5981,2025-05-08,PV №52,quartz-mica foliated schists,0.34,126.92,82,13.47,186.0
1666663,2025-07-31 21:53:00,2025-07-31 22:15:00,101216.96,60728.6,620.29,17.52,К-р Восточный,605-E230725_P_B_9.B,5064,2025-08-01,PV №52,mica-quartz_carbonate_massive_rocks,0.34,91.35,95,8.3,66.0
1581118,2025-05-08 21:12:00,2025-05-08 21:25:00,101293.5,60527.12,640.05,12.29,К-р Восточный,630-E030525_P_B_1.B,5925,2025-05-09,PV №52,quartz-mica foliated schists,0.34,139.09,69,12.36,108.0
1667112,2025-08-01 07:09:00,2025-08-01 07:32:00,101220.75,60800.39,620.05,17.51,К-р Восточный,605-E230725_P_B_9.B,5016,2025-08-01,PV №52,mica-quartz_carbonate_massive_rocks,0.34,320.71,110,15.32,228.0
1667799,2025-08-02 00:49:00,2025-08-02 01:13:00,101236.91,60801.69,620.91,18.11,К-р Восточный,605-E230725_P_B_9.B,5021,2025-08-02,PV №52,mica-quartz_carbonate_massive_rocks,0.34,299.66,89,17.95,66.0
1580162,2025-05-08 01:05:00,2025-05-08 01:21:00,101262.87,60585.31,640.36,12.08,К-р Восточный,630-E030525_P_B_1.B,6021,2025-05-08,PV №52,quartz-mica foliated schists,0.34,194.71,101,10.5,54.0
1613826,2025-06-10 03:03:00,2025-06-10 03:22:00,101803.51,60088.47,639.11,12.01,К-р Восточный,630-E040625_P_B_4.A,5668,2025-06-10,PV №52,carbonized_quartz-mica_hornfels_shists,0.34,28.56,39,3.77,54.0
1612356,2025-06-08 15:03:00,2025-06-08 15:22:00,101853.04,60110.12,639.0,12.12,К-р Восточный,630-E040625_P_B_4.A,5909,2025-06-08,PV №52,carbonized_quartz-mica_hornfels_shists,0.34,-4.23,50,1.17,408.6
1672905,2025-08-07 00:10:00,2025-08-07 00:26:00,101219.76,60818.5,620.22,17.18,К-р Восточный,605-E230725_P_B_9.B,4977,2025-08-07,PV №52,mica-quartz_carbonate_massive_rocks,0.34,106.51,65,5.97,108.0
1582263,2025-05-09 20:08:00,2025-05-09 20:19:00,101297.13,60481.34,640.74,13.02,К-р Восточный,630-E030525_P_B_1.B,5906,2025-05-10,PV №52,mica-quartz_carbonate_massive_rocks,0.34,199.67,116,14.72,444.0
1614355,2025-06-10 16:22:00,2025-06-10 16:43:00,101722.39,60081.78,639.4,12.51,К-р Восточный,630-E040625_P_B_4.A,5680,2025-06-10,PV №52,carbonized_quartz-mica_hornfels_shists,0.34,248.27,110,14.63,36.0
1579129,2025-05-06 21:00:00,2025-05-06 21:12:00,101286.28,60616.79,639.64,12.25,К-р Восточный,630-E030525_P_B_1.B,6037,2025-05-07,PV №52,quartz-mica foliated schists,0.34,144.91,66,10.06,246.6
1672889,2025-08-06 20:40:00,2025-08-06 20:59:00,101201.63,60844.76,620.55,18.11,К-р Восточный,605-E230725_P_B_9.B,4971,2025-08-07,PV №52,quartz-mica foliated schists,0.34,133.13,71,8.73,24.0
1666937,2025-08-01 03:11:00,2025-08-01 03:39:00,101221.55,60743.61,620.17,17.55,К-р Восточный,605-E230725_P_B_9.B,5091,2025-08-01,PV №52,mica-quartz_carbonate_massive_rocks,0.34,420.19,110,15.17,48.0
1581156,2025-05-08 23:08:00,2025-05-08 23:20:00,101339.01,60514.98,639.53,12.5,К-р Восточный,630-E030525_P_B_1.B,5965,2025-05-09,PV №52,mica-quartz_carbonate_massive_rocks,0.34,98.22,101,8.7,126.0
1612243,2025-06-08 12:00:00,2025-06-08 12:22:00,101801.65,60111.77,638.9,12.06,К-р Восточный,630-E040625_P_B_4.A,5748,2025-06-08,PV №52,carbonized_quartz-mica_hornfels_shists,0.34,356.66,104,19.8,18.0
1670097,2025-08-04 10:18:00,2025-08-04 10:37:00,101252.15,60675.62,620.03,17.52,К-р Восточный,605-E230725_P_B_9.B,5082,2025-08-04,PV №52,quartz-mica foliated schists,0.34,120.54,115,9.69,84.0
1666155,2025-07-31 09:18:00,2025-07-31 09:39:00,101195.77,60821.6,620.14,17.08,К-р Восточный,605-E230725_P_B_9.B,4991,2025-07-31,PV №52,mica-quartz_carbonate_massive_rocks,0.34,395.6,105,18.98,66.0
1581748,2025-05-09 10:46:00,2025-05-09 10:57:00,101309.54,60490.02,640.34,13.01,К-р Восточный,630-E030525_P_B_1.B,5873,2025-05-09,PV №52,mica-quartz_carbonate_massive_rocks,0.34,38.44,87,2.26,954.0
1613956,2025-06-10 05:41:00,2025-06-10 06:02:00,101814.56,60083.28,638.84,12.0,К-р Восточный,630-E040625_P_B_4.A,5819,2025-06-10,PV №52,carbonized_quartz-mica_hornfels_shists,0.35,52.9,112,8.69,95.4
1666247,2025-07-31 11:24:00,2025-07-31 11:53:00,101199.12,60775.76,620.23,17.55,К-р Восточный,605-E230725_P_B_9.B,5008,2025-07-31,PV №52,mica-quartz_carbonate_massive_rocks,0.35,405.9,107,15.57,48.0
1609909,2025-06-06 03:25:00,2025-06-06 03:45:00,101733.25,60118.09,639.33,11.69,К-р Восточный,630-E040625_P_B_4.A,5770,2025-06-06,PV №52,carbonized_quartz-mica_hornfels_shists,0.35,328.68,106,15.29,35.4
1609665,2025-06-05 20:45:00,2025-06-05 21:01:00,101709.12,60121.98,639.66,12.68,К-р Восточный,630-E040625_P_B_4.A,6054,2025-06-06,PV №52,carbonized_quartz-mica_hornfels_shists,0.35,412.71,106,18.65,42.0
1666118,2025-07-31 08:16:00,2025-07-31 08:35:00,101255.01,60699.67,620.53,18.02,К-р Восточный,605-E230725_P_B_9.B,5037,2025-07-31,PV №52,quartz-mica foliated schists,0.35,136.44,106,12.5,180.0
1611036,2025-06-07 06:26:00,2025-06-07 06:41:00,101734.07,60106.33,639.29,11.35,К-р Восточный,630-E040625_P_B_4.A,5758,2025-06-07,PV №52,carbonized_quartz-mica_hornfels_shists,0.35,-1.81,0,0.8,540.0
1609166,2025-06-05 09:48:00,2025-06-05 10:03:00,101728.27,60135.44,639.05,12.09,К-р Восточный,630-E040625_P_B_4.A,6043,2025-06-05,PV №52,carbonized_quartz-mica_hornfels_shists,0.35,77.52,115,7.34,90.0
1579219,2025-05-07 01:24:00,2025-05-07 01:36:00,101239.38,60659.68,640.19,12.19,К-р Восточный,630-E030525_P_B_1.B,6069,2025-05-07,PV №52,quartz-mica foliated schists,0.35,99.39,55,7.07,72.0
1580709,2025-05-08 12:21:00,2025-05-08 12:33:00,101323.04,60552.11,639.47,12.02,К-р Восточный,630-E030525_P_B_1.B,5982,2025-05-08,PV №52,quartz-mica foliated schists,0.35,290.15,102,22.9,600.0
1667306,2025-08-01 12:18:00,2025-08-01 12:39:00,101228.78,60805.49,620.28,17.56,К-р Восточный,605-E230725_P_B_9.B,5003,2025-08-01,PV №52,mica-quartz_carbonate_massive_rocks,0.35,370.06,108,17.3,48.0
1613956,2025-06-10 05:41:00,2025-06-10 06:02:00,101814.56,60083.28,638.84,12.0,К-р Восточный,630-E040625_P_B_4.A,5819,2025-06-10,PV №52,carbonized_quartz-mica_hornfels_shists,0.35,316.08,109,15.39,36.0
1666091,2025-07-31 07:53:00,2025-07-31 08:14:00,101246.98,60702.49,620.63,18.01,К-р Восточный,605-E230725_P_B_9.B,5079,2025-07-31,PV №52,mica-quartz_carbonate_massive_rocks,0.35,379.91,105,17.97,203.4
1667531,2025-08-01 17:28:00,2025-08-01 17:51:00,101238.75,60738.04,620.11,17.28,К-р Восточный,605-E230725_P_B_9.B,5075,2025-08-01,PV №52,mica-quartz_carbonate_massive_rocks,0.35,191.63,107,15.13,156.0
1667333,2025-08-01 12:41:00,2025-08-01 13:00:00,101229.46,60796.7,619.95,13.79,К-р Восточный,605-E230725_P_B_9.B,5011,2025-08-01,PV №52,mica-quartz_carbonate_massive_rocks,0.35,126.91,115,7.92,126.0
1579837,2025-05-07 17:55:00,2025-05-07 18:09:00,101247.81,60607.09,640.1,12.01,К-р Восточный,630-E030525_P_B_1.B,6109,2025-05-07,PV №52,quartz-mica foliated schists,0.35,153.4,114,9.42,84.0
1614981,2025-06-11 04:36:00,2025-06-11 04:55:00,101756.77,60073.7,639.38,12.01,К-р Восточный,630-E040625_P_B_4.A,5605,2025-06-11,PV №52,carbonized_quartz-mica_hornfels_shists,0.35,388.86,109,16.34,36.0
1581579,2025-05-09 06:27:00,2025-05-09 06:40:00,101313.64,60497.84,640.26,13.02,К-р Восточный,630-E030525_P_B_1.B,5972,2025-05-09,PV №52,mica-quartz_carbonate_massive_rocks,0.35,1.94,53,1.25,654.6
1611870,2025-06-08 03:28:00,2025-06-08 03:45:00,101865.77,60123.21,639.31,11.48,К-р Восточный,630-E040625_P_B_4.A,5943,2025-06-08,PV №52,carbonized_quartz-mica_hornfels_shists,0.35,21.52,1,1.76,462.6
1611667,2025-06-07 21:32:00,2025-06-07 21:48:00,101776.95,60127.53,638.9,11.28,К-р Восточный,630-E040625_P_B_4.A,6064,2025-06-08,PV №52,carbonized_quartz-mica_hornfels_shists,0.35,141.27,112,10.83,138.0
1668969,2025-08-04 08:56:00,2025-08-04 09:15:00,101235.18,60681.44,621.74,17.52,К-р Восточный,605-E230725_P_B_9.B,5084,2025-08-03,PV №52,quartz-mica foliated schists,0.35,430.48,110,18.39,60.0
1611141,2025-06-07 09:15:00,2025-06-07 09:32:00,101757.1,60114.34,639.0,11.7,К-р Восточный,630-E040625_P_B_4.A,5959,2025-06-07,PV №52,carbonized_quartz-mica_hornfels_shists,0.35,1.05,36,0.87,636.0
1666370,2025-07-31 14:52:00,2025-07-31 15:13:00,101204.88,60808.41,620.02,17.52,К-р Восточный,605-E230725_P_B_9.B,4975,2025-07-31,PV №52,mica-quartz_carbonate_massive_rocks,0.35,64.65,76,6.69,42.0
1608787,2025-06-05 01:29:00,2025-06-05 01:47:00,101724.34,60139.69,639.34,12.1,К-р Восточный,630-E040625_P_B_4.A,6138,2025-06-05,PV №52,carbonized_quartz-mica_hornfels_shists,0.35,406.58,108,16.25,42.0
1612696,2025-06-08 22:06:00,2025-06-08 22:24:00,101816.36,60101.07,639.46,12.17,К-р Восточный,630-E040625_P_B_4.A,5698,2025-06-09,PV №52,carbonized_quartz-mica_hornfels_shists,0.35,411.74,110,15.3,42.0
1611412,2025-06-07 17:19:00,2025-06-07 17:38:00,101844.63,60133.16,638.76,12.04,К-р Восточный,630-E040625_P_B_4.A,6074,2025-06-07,PV №52,carbonized_quartz-mica_hornfels_shists,0.35,358.95,110,13.68,36.0
1614981,2025-06-11 04:36:00,2025-06-11 04:55:00,101756.77,60073.7,639.38,12.01,К-р Восточный,630-E040625_P_B_4.A,5605,2025-06-11,PV №52,carbonized_quartz-mica_hornfels_shists,0.35,102.91,113,10.8,138.0
1578893,2025-05-06 17:10:00,2025-05-06 17:22:00,101255.6,60676.73,639.78,12.53,К-р Восточный,630-E030525_P_B_1.B,6076,2025-05-06,PV №52,quartz-mica foliated schists,0.35,315.58,110,13.96,198.0
1611719,2025-06-08 00:20:00,2025-06-08 00:37:00,101821.33,60125.18,639.29,11.6,К-р Восточный,630-E040625_P_B_4.A,5783,2025-06-08,PV №52,carbonized_quartz-mica_hornfels_shists,0.35,211.21,63,10.48,132.0
1613873,2025-06-10 03:50:00,2025-06-10 04:10:00,101848.12,60086.11,639.58,12.52,К-р Восточный,630-E040625_P_B_4.A,5824,2025-06-10,PV №52,carbonized_quartz-mica_hornfels_shists,0.36,353.44,108,16.45,24.0
1667959,2025-08-02 04:18:00,2025-08-02 04:43:00,101238.74,60776.94,619.83,17.44,К-р Восточный,605-E230725_P_B_9.B,5046,2025-08-02,PV №52,mica-quartz_carbonate_massive_rocks,0.36,431.63,109,16.47,120.0
1672878,2025-08-06 19:58:00,2025-08-06 20:16:00,101194.63,60840.0,620.48,17.5,К-р Восточный,605-E230725_P_B_9.B,4989,2025-08-07,PV №52,quartz-mica foliated schists,0.36,216.67,70,9.53,132.0
1613907,2025-06-10 04:32:00,2025-06-10 04:52:00,101834.74,60084.98,639.63,12.5,К-р Восточный,630-E040625_P_B_4.A,5822,2025-06-10,PV №52,carbonized_quartz-mica_hornfels_shists,0.36,29.5,60,4.86,90.0
1579675,2025-05-07 13:52:00,2025-05-07 14:06:00,101266.39,60593.1,640.24,12.12,К-р Восточный,630-E030525_P_B_1.B,6099,2025-05-07,PV №52,quartz-mica foliated schists,0.36,1.71,43,1.1,664.2
1580459,2025-05-08 07:13:00,2025-05-08 07:31:00,101286.34,60564.41,640.17,12.75,К-р Восточный,630-E030525_P_B_1.B,5941,2025-05-08,PV №52,quartz-mica foliated schists,0.36,175.83,114,11.0,167.4
1612704,2025-06-08 21:06:00,2025-06-08 21:22:00,101836.63,60102.72,639.37,11.91,К-р Восточный,630-E040625_P_B_4.A,5701,2025-06-09,PV №52,carbonized_quartz-mica_hornfels_shists,0.36,177.02,109,12.0,324.0
1579298,2025-05-07 02:39:00,2025-05-07 02:55:00,101264.46,60623.66,639.75,12.12,К-р Восточный,630-E030525_P_B_1.B,6117,2025-05-07,PV №52,quartz-mica foliated schists,0.36,163.7,114,9.93,54.0
1614433,2025-06-10 17:41:00,2025-06-10 18:01:00,101742.79,60083.26,639.24,12.28,К-р Восточный,630-E040625_P_B_4.A,5677,2025-06-10,PV №52,carbonized_quartz-mica_hornfels_shists,0.36,390.46,109,16.24,47.4
1666802,2025-08-01 00:41:00,2025-08-01 01:09:00,101214.17,60786.28,620.3,17.62,К-р Восточный,605-E230725_P_B_9.B,5009,2025-08-01,PV №52,mica-quartz_carbonate_massive_rocks,0.36,243.07,89,14.25,155.4
1612489,2025-06-08 18:36:00,2025-06-08 18:55:00,101785.49,60104.87,638.67,11.51,К-р Восточный,630-E040625_P_B_4.A,5899,2025-06-08,PV №52,carbonized_quartz-mica_hornfels_shists,0.36,-4.28,35,0.8,828.0
1579229,2025-05-07 01:39:00,2025-05-07 01:51:00,101244.24,60652.57,640.17,12.31,К-р Восточный,630-E030525_P_B_1.B,6137,2025-05-07,PV №52,quartz-mica foliated schists,0.36,201.71,111,12.71,370.8
1581170,2025-05-08 23:24:00,2025-05-08 23:39:00,101352.76,60508.48,639.53,12.76,К-р Восточный,630-E030525_P_B_1.B,5995,2025-05-09,PV №52,mica-quartz_carbonate_massive_rocks,0.36,83.87,113,8.77,143.4
1579229,2025-05-07 01:39:00,2025-05-07 01:51:00,101244.24,60652.57,640.17,12.31,К-р Восточный,630-E030525_P_B_1.B,6137,2025-05-07,PV №52,quartz-mica foliated schists,0.36,266.01,107,18.31,288.0
1609665,2025-06-05 20:45:00,2025-06-05 21:01:00,101709.12,60121.98,639.66,12.68,К-р Восточный,630-E040625_P_B_4.A,6054,2025-06-06,PV №52,carbonized_quartz-mica_hornfels_shists,0.36,342.58,109,15.21,60.0
1666091,2025-07-31 07:53:00,2025-07-31 08:14:00,101246.98,60702.49,620.63,18.01,К-р Восточный,605-E230725_P_B_9.B,5079,2025-07-31,PV №52,mica-quartz_carbonate_massive_rocks,0.36,378.48,88,19.81,234.0
1578926,2025-05-06 17:57:00,2025-05-06 18:12:00,101261.56,60661.55,639.63,12.76,К-р Восточный,630-E030525_P_B_1.B,6072,2025-05-06,PV №52,quartz-mica foliated schists,0.36,296.89,105,18.22,426.0
1613431,2025-06-09 16:54:00,2025-06-09 17:16:00,101752.41,60089.72,638.93,12.02,К-р Восточный,630-E040625_P_B_4.A,5880,2025-06-09,PV №52,carbonized_quartz-mica_hornfels_shists,0.36,402.12,109,15.09,24.0
1611667,2025-06-07 21:32:00,2025-06-07 21:48:00,101776.95,60127.53,638.9,11.28,К-р Восточный,630-E040625_P_B_4.A,6064,2025-06-08,PV №52,carbonized_quartz-mica_hornfels_shists,0.36,268.84,111,13.56,84.0
1612707,2025-06-08 21:25:00,2025-06-08 21:43:00,101829.81,60102.4,639.54,11.64,К-р Восточный,630-E040625_P_B_4.A,5700,2025-06-09,PV №52,carbonized_quartz-mica_hornfels_shists,0.36,12.79,0,0.39,330.0
1613907,2025-06-10 04:32:00,2025-06-10 04:52:00,101834.74,60084.98,639.63,12.5,К-р Восточный,630-E040625_P_B_4.A,5822,2025-06-10,PV №52,carbonized_quartz-mica_hornfels_shists,0.36,390.72,110,15.01,42.0
1612179,2025-06-08 10:17:00,2025-06-08 10:36:00,101835.84,60114.56,639.08,12.05,К-р Восточный,630-E040625_P_B_4.A,5743,2025-06-08,PV №52,carbonized_quartz-mica_hornfels_shists,0.37,172.26,111,13.01,54.0
1579399,2025-05-07 04:53:00,2025-05-07 05:05:00,101240.5,60644.71,640.22,12.22,К-р Восточный,630-E030525_P_B_1.B,6060,2025-05-07,PV №52,quartz-mica foliated schists,0.37,55.92,70,4.39,258.0
1578828,2025-05-06 15:35:00,2025-05-06 15:47:00,101238.52,60675.36,640.17,12.79,К-р Восточный,630-E030525_P_B_1.B,6078,2025-05-06,PV №52,quartz-mica foliated schists,0.37,208.53,110,12.2,186.0
1578612,2025-05-06 09:18:00,2025-05-06 09:29:00,101262.91,60681.21,639.54,12.09,К-р Восточный,630-E030525_P_B_1.B,6075,2025-05-06,PV №52,quartz-mica foliated schists,0.37,360.36,109,16.5,48.0
1612416,2025-06-08 16:48:00,2025-06-08 17:10:00,101819.27,60107.59,639.28,12.07,К-р Восточный,630-E040625_P_B_4.A,5904,2025-06-08,PV №52,carbonized_quartz-mica_hornfels_shists,0.37,157.34,111,11.95,168.0
1612678,2025-06-08 20:13:00,2025-06-08 20:31:00,101857.07,60103.89,639.47,11.62,К-р Восточный,630-E040625_P_B_4.A,5704,2025-06-09,PV №52,carbonized_quartz-mica_hornfels_shists,0.37,29.82,0,0.92,678.0
1614370,2025-06-10 16:45:00,2025-06-10 17:07:00,101729.17,60082.11,639.17,12.01,К-р Восточный,630-E040625_P_B_4.A,5679,2025-06-10,PV №52,carbonized_quartz-mica_hornfels_shists,0.37,301.02,102,19.09,66.0
1611846,2025-06-08 02:59:00,2025-06-08 03:17:00,101771.4,60115.36,639.11,11.24,К-р Восточный,630-E040625_P_B_4.A,5957,2025-06-08,PV №52,carbonized_quartz-mica_hornfels_shists,0.37,-5.53,0,0.43,432.6
1612127,2025-06-08 09:12:00,2025-06-08 09:32:00,101855.9,60116.22,638.99,12.11,К-р Восточный,630-E040625_P_B_4.A,5740,2025-06-08,PV №52,carbonized_quartz-mica_hornfels_shists,0.37,-2.72,34,0.88,791.4
1579519,2025-05-07 09:10:00,2025-05-07 09:23:00,101242.29,60629.88,640.22,12.57,К-р Восточный,630-E030525_P_B_1.B,6051,2025-05-07,PV №52,quartz-mica foliated schists,0.37,60.02,71,5.09,132.0
1610826,2025-06-07 02:19:00,2025-06-07 02:35:00,101716.88,60110.85,639.53,11.58,К-р Восточный,630-E040625_P_B_4.A,5965,2025-06-07,PV №52,carbonized_quartz-mica_hornfels_shists,0.37,386.16,104,18.12,36.0
1580758,2025-05-08 13:43:00,2025-05-08 13:58:00,101332.78,60537.58,639.31,12.51,К-р Восточный,630-E030525_P_B_1.B,5986,2025-05-08,PV №52,quartz-mica foliated schists,0.37,121.94,107,9.73,311.4
1611032,2025-06-07 06:08:00,2025-06-07 06:24:00,101727.36,60105.68,639.26,11.67,К-р Восточный,630-E040625_P_B_4.A,5759,2025-06-07,PV №52,carbonized_quartz-mica_hornfels_shists,0.37,311.7,102,17.64,90.0
1609890,2025-06-06 03:06:00,2025-06-06 03:23:00,101726.39,60117.55,639.35,11.65,К-р Восточный,630-E040625_P_B_4.A,5769,2025-06-06,PV №52,carbonized_quartz-mica_hornfels_shists,0.37,391.98,106,18.21,126.0
1666353,2025-07-31 14:28:00,2025-07-31 14:50:00,101204.2,60817.85,619.72,17.53,К-р Восточный,605-E230725_P_B_9.B,4974,2025-07-31,PV №52,mica-quartz_carbonate_massive_rocks,0.37,344.18,107,18.87,216.0
1609072,2025-06-05 07:52:00,2025-06-05 08:06:00,101681.16,60132.33,639.32,12.56,К-р Восточный,630-E040625_P_B_4.A,6050,2025-06-05,PV №52,carbonized_quartz-mica_hornfels_shists,0.37,148.01,113,9.71,120.0
1609401,2025-06-05 15:15:00,2025-06-05 15:31:00,101712.12,60128.66,639.44,12.63,К-р Восточный,630-E040625_P_B_4.A,5973,2025-06-05,PV №52,carbonized_quartz-mica_hornfels_shists,0.37,67.28,93,8.67,162.0
1611960,2025-06-08 04:43:00,2025-06-08 04:59:00,101838.55,60120.79,639.38,11.63,К-р Восточный,630-E040625_P_B_4.A,5947,2025-06-08,PV №52,carbonized_quartz-mica_hornfels_shists,0.37,42.64,8,3.33,462.0
1609173,2025-06-05 10:04:00,2025-06-05 10:20:00,101735.1,60136.16,639.0,11.59,К-р Восточный,630-E040625_P_B_4.A,6042,2025-06-05,PV №52,carbonized_quartz-mica_hornfels_shists,0.37,-1.07,40,0.93,810.0
1609140,2025-06-05 09:11:00,2025-06-05 09:29:00,101714.77,60134.56,639.32,12.63,К-р Восточный,630-E040625_P_B_4.A,6045,2025-06-05,PV №52,carbonized_quartz-mica_hornfels_shists,0.37,400.99,109,14.77,42.0
1668415,2025-08-02 16:21:00,2025-08-02 16:41:00,101259.86,60714.64,620.63,18.02,К-р Восточный,605-E230725_P_B_9.B,5030,2025-08-02,PV №52,mica-quartz_carbonate_massive_rocks,0.37,413.44,102,17.65,54.0
1666849,2025-08-01 01:42:00,2025-08-01 02:10:00,101216.12,60770.68,620.25,17.58,К-р Восточный,605-E230725_P_B_9.B,5094,2025-08-01,PV №52,mica-quartz_carbonate_massive_rocks,0.37,189.76,93,11.14,108.0
1612218,2025-06-08 11:22:00,2025-06-08 11:40:00,101815.49,60113.06,639.29,12.12,К-р Восточный,630-E040625_P_B_4.A,5746,2025-06-08,PV №52,carbonized_quartz-mica_hornfels_shists,0.38,382.31,109,15.56,42.0
1612751,2025-06-09 00:41:00,2025-06-09 01:01:00,101765.74,60103.05,639.49,11.37,К-р Восточный,630-E040625_P_B_4.A,5896,2025-06-09,PV №52,carbonized_quartz-mica_hornfels_shists,0.38,2.82,0,0.56,726.0
1667531,2025-08-01 17:28:00,2025-08-01 17:51:00,101238.75,60738.04,620.11,17.28,К-р Восточный,605-E230725_P_B_9.B,5075,2025-08-01,PV №52,mica-quartz_carbonate_massive_rocks,0.38,415.08,106,19.78,42.0
1666370,2025-07-31 14:52:00,2025-07-31 15:13:00,101204.88,60808.41,620.02,17.52,К-р Восточный,605-E230725_P_B_9.B,4975,2025-07-31,PV №52,mica-quartz_carbonate_massive_rocks,0.38,408.08,110,14.87,36.0
1580320,2025-05-08 03:49:00,2025-05-08 04:02:00,101276.38,60578.7,640.41,12.16,К-р Восточный,630-E030525_P_B_1.B,6090,2025-05-08,PV №52,quartz-mica foliated schists,0.38,371.18,108,14.64,42.0
1614772,2025-06-11 01:46:00,2025-06-11 02:05:00,101759.98,60078.64,639.43,12.03,К-р Восточный,630-E040625_P_B_4.A,5811,2025-06-11,PV №52,carbonized_quartz-mica_hornfels_shists,0.38,365.84,109,15.59,18.0
1612031,2025-06-08 07:26:00,2025-06-08 07:44:00,101797.92,60117.95,639.02,12.12,К-р Восточный,630-E040625_P_B_4.A,5953,2025-06-08,PV №52,carbonized_quartz-mica_hornfels_shists,0.38,381.09,107,19.42,42.0
1668668,2025-08-02 22:33:00,2025-08-02 22:53:00,101281.37,60690.95,621.4,19.05,К-р Восточный,605-E230725_P_B_9.B,8186,2025-08-03,PV №52,quartz-mica foliated schists,0.38,79.42,76,5.41,48.0
1613345,2025-06-09 15:05:00,2025-06-09 15:26:00,101718.58,60087.3,639.37,12.51,К-р Восточный,630-E040625_P_B_4.A,5885,2025-06-09,PV №52,carbonized_quartz-mica_hornfels_shists,0.38,395.14,110,14.47,30.0
1614745,2025-06-10 19:44:00,2025-06-10 20:04:00,101762.94,60084.87,639.34,12.03,К-р Восточный,630-E040625_P_B_4.A,5674,2025-06-11,PV №52,carbonized_quartz-mica_hornfels_shists,0.38,0.82,0,0.54,834.0
1613698,2025-06-10 00:30:00,2025-06-10 00:45:00,101850.93,60091.95,639.16,12.0,К-р Восточный,630-E040625_P_B_4.A,5661,2025-06-10,PV №52,carbonized_quartz-mica_hornfels_shists,0.38,72.63,116,6.68,78.0
1666743,2025-07-31 23:06:00,2025-07-31 23:23:00,101222.44,60702.05,620.31,18.05,К-р Восточный,605-E230725_P_B_9.B,5061,2025-08-01,PV №52,mica-quartz_carbonate_massive_rocks,0.38,22.83,116,6.75,132.0
1667753,2025-08-01 21:39:00,2025-08-01 22:10:00,101249.72,60789.86,620.82,18.33,К-р Восточный,605-E230725_P_B_9.B,8163,2025-08-02,PV №52,mica-quartz_carbonate_massive_rocks,0.38,404.48,102,18.84,36.0
1610883,2025-06-07 03:16:00,2025-06-07 03:34:00,101737.02,60112.17,639.31,11.73,К-р Восточный,630-E040625_P_B_4.A,5962,2025-06-07,PV №52,carbonized_quartz-mica_hornfels_shists,0.38,2.99,11,0.66,683.4
1611047,2025-06-07 07:12:00,2025-06-07 07:33:00,101741.02,60106.84,639.08,12.1,К-р Восточный,630-E040625_P_B_4.A,5757,2025-06-07,PV №52,carbonized_quartz-mica_hornfels_shists,0.38,61.37,111,8.29,24.0
1610799,2025-06-07 01:40:00,2025-06-07 01:56:00,101703.47,60109.73,639.49,12.2,К-р Восточный,630-E040625_P_B_4.A,5967,2025-06-07,PV №52,carbonized_quartz-mica_hornfels_shists,0.38,0.47,0,0.47,677.4
1579134,2025-05-06 23:59:00,2025-05-07 00:11:00,101261.13,60638.85,639.89,12.17,К-р Восточный,630-E030525_P_B_1.B,6130,2025-05-07,PV №52,quartz-mica foliated schists,0.38,405.32,110,15.21,48.0
1581858,2025-05-09 13:23:00,2025-05-09 13:35:00,101305.97,60481.71,640.56,13.02,К-р Восточный,630-E030525_P_B_1.B,5905,2025-05-09,PV №52,mica-quartz_carbonate_massive_rocks,0.39,172.48,114,9.63,102.0
1580421,2025-05-08 05:44:00,2025-05-08 05:57:00,101303.76,60565.85,640.25,12.54,К-р Восточный,630-E030525_P_B_1.B,5943,2025-05-08,PV №52,quartz-mica foliated schists,0.39,354.6,108,15.36,54.0
1610856,2025-06-07 02:58:00,2025-06-07 03:12:00,101730.21,60111.59,639.38,11.71,К-р Восточный,630-E040625_P_B_4.A,5963,2025-06-07,PV №52,carbonized_quartz-mica_hornfels_shists,0.39,152.91,34,7.89,84.0
1668688,2025-08-02 23:22:00,2025-08-02 23:40:00,101272.9,60693.84,620.79,18.53,К-р Восточный,605-E230725_P_B_9.B,8174,2025-08-03,PV №52,quartz-mica foliated schists,0.39,10.19,73,2.04,852.0
1579171,2025-05-07 00:32:00,2025-05-07 00:46:00,101224.45,60681.83,640.11,12.24,К-р Восточный,630-E030525_P_B_1.B,6156,2025-05-07,PV №52,quartz-mica foliated schists,0.39,123.13,74,7.83,89.4
1581799,2025-05-09 11:34:00,2025-05-09 11:48:00,101368.99,60488.16,639.68,12.05,К-р Восточный,630-E030525_P_B_1.B,5979,2025-05-09,PV №52,carbonaceous quartz-mica calcium metasomatites,0.39,224.61,109,13.96,48.0
1611012,2025-06-07 05:28:00,2025-06-07 05:47:00,101713.88,60104.39,639.57,11.72,К-р Восточный,630-E040625_P_B_4.A,5761,2025-06-07,PV №52,carbonized_quartz-mica_hornfels_shists,0.39,112.96,0,15.84,126.0
1666091,2025-07-31 07:53:00,2025-07-31 08:14:00,101246.98,60702.49,620.63,18.01,К-р Восточный,605-E230725_P_B_9.B,5079,2025-07-31,PV №52,mica-quartz_carbonate_massive_rocks,0.39,169.46,111,12.36,126.0
1612276,2025-06-08 12:48:00,2025-06-08 13:06:00,101788.41,60111.0,638.8,11.57,К-р Восточный,630-E040625_P_B_4.A,5750,2025-06-08,PV №52,carbonized_quartz-mica_hornfels_shists,0.39,390.93,110,14.21,36.0
1672833,2025-08-06 23:00:00,2025-08-06 23:17:00,101219.42,60827.91,620.19,17.57,К-р Восточный,605-E230725_P_B_9.B,4978,2025-08-07,PV №52,mica-quartz_carbonate_massive_rocks,0.39,321.97,96,14.85,120.0
1668477,2025-08-02 17:58:00,2025-08-02 18:17:00,101264.31,60696.83,620.48,18.03,К-р Восточный,605-E230725_P_B_9.B,5032,2025-08-02,PV №52,quartz-mica foliated schists,0.39,355.58,111,15.03,60.0
1668158,2025-08-02 10:08:00,2025-08-02 10:33:00,101265.31,60729.51,621.07,18.04,К-р Восточный,605-E230725_P_B_9.B,8170,2025-08-02,PV №52,mica-quartz_carbonate_massive_rocks,0.39,430.18,109,17.14,60.0
1612931,2025-06-09 03:49:00,2025-06-09 04:12:00,101708.26,60093.5,639.95,12.01,К-р Восточный,630-E040625_P_B_4.A,5682,2025-06-09,PV №52,carbonized_quartz-mica_hornfels_shists,0.39,383.51,111,13.57,30.0
1611750,2025-06-08 01:03:00,2025-06-08 01:20:00,101807.71,60124.39,639.37,11.85,К-р Восточный,630-E040625_P_B_4.A,5781,2025-06-08,PV №52,carbonized_quartz-mica_hornfels_shists,0.39,151.5,71,11.35,126.0
1610839,2025-06-07 02:38:00,2025-06-07 02:56:00,101723.47,60111.39,639.53,12.62,К-р Восточный,630-E040625_P_B_4.A,5964,2025-06-07,PV №52,carbonized_quartz-mica_hornfels_shists,0.39,399.16,103,20.36,42.0
1668035,2025-08-02 06:07:00,2025-08-02 06:32:00,101250.84,60758.92,620.14,18.0,К-р Восточный,605-E230725_P_B_9.B,5025,2025-08-02,PV №52,mica-quartz_carbonate_massive_rocks,0.39,429.9,110,15.26,48.0
1580672,2025-05-08 11:37:00,2025-05-08 11:49:00,101317.87,60559.19,639.52,12.5,К-р Восточный,630-E030525_P_B_1.B,5953,2025-05-08,PV №52,quartz-mica foliated schists,0.39,376.5,107,18.05,114.6
1612677,2025-06-08 23:31:00,2025-06-08 23:53:00,101789.44,60099.15,639.1,11.87,К-р Восточный,630-E040625_P_B_4.A,5694,2025-06-09,PV №52,carbonized_quartz-mica_hornfels_shists,0.39,9.58,36,0.48,672.0
1610773,2025-06-07 01:19:00,2025-06-07 01:37:00,101696.49,60108.7,639.19,12.29,К-р Восточный,630-E040625_P_B_4.A,5968,2025-06-07,PV №52,carbonized_quartz-mica_hornfels_shists,0.39,2.87,40,0.91,736.2
1581748,2025-05-09 10:46:00,2025-05-09 10:57:00,101309.54,60490.02,640.34,13.01,К-р Восточный,630-E030525_P_B_1.B,5873,2025-05-09,PV №52,mica-quartz_carbonate_massive_rocks,0.39,334.84,110,16.05,275.4
1580612,2025-05-08 10:16:00,2025-05-08 10:29:00,101265.01,60555.24,640.3,12.51,К-р Восточный,630-E030525_P_B_1.B,5947,2025-05-08,PV №52,quartz-mica foliated schists,0.39,408.09,107,17.58,66.0
1613032,2025-06-09 05:50:00,2025-06-09 06:09:00,101738.24,60100.75,638.73,12.02,К-р Восточный,630-E040625_P_B_4.A,5892,2025-06-09,PV №52,carbonized_quartz-mica_hornfels_shists,0.39,86.81,109,8.02,102.0
1613121,2025-06-09 08:49:00,2025-06-09 09:11:00,101768.71,60097.38,638.97,12.01,К-р Восточный,630-E040625_P_B_4.A,5691,2025-06-09,PV №52,carbonized_quartz-mica_hornfels_shists,0.4,263.02,112,16.27,162.0
1581156,2025-05-08 23:08:00,2025-05-08 23:20:00,101339.01,60514.98,639.53,12.5,К-р Восточный,630-E030525_P_B_1.B,5965,2025-05-09,PV №52,mica-quartz_carbonate_massive_rocks,0.4,1.67,57,1.27,708.0
1672826,2025-08-06 21:00:00,2025-08-06 21:18:00,101202.65,60835.5,620.29,17.52,К-р Восточный,605-E230725_P_B_9.B,4972,2025-08-07,PV №52,quartz-mica foliated schists,0.4,12.36,58,1.4,870.0
1614433,2025-06-10 17:41:00,2025-06-10 18:01:00,101742.79,60083.26,639.24,12.28,К-р Восточный,630-E040625_P_B_4.A,5677,2025-06-10,PV №52,carbonized_quartz-mica_hornfels_shists,0.4,61.01,91,6.71,78.0
1666747,2025-07-31 22:44:00,2025-07-31 23:03:00,101221.02,60710.98,620.4,18.01,К-р Восточный,605-E230725_P_B_9.B,5062,2025-08-01,PV №52,mica-quartz_carbonate_massive_rocks,0.4,418.07,109,15.38,66.0
1609070,2025-06-05 07:35:00,2025-06-05 07:48:00,101692.03,60138.05,639.35,12.56,К-р Восточный,630-E040625_P_B_4.A,6143,2025-06-05,PV №52,carbonized_quartz-mica_hornfels_shists,0.4,404.48,108,17.36,48.0
1582355,2025-05-10 00:02:00,2025-05-10 00:14:00,101293.29,60473.79,640.49,13.81,К-р Восточный,630-E030525_P_B_1.B,5863,2025-05-10,PV №52,mica-quartz_carbonate_massive_rocks,0.4,284.38,110,15.82,66.0
1668415,2025-08-02 16:21:00,2025-08-02 16:41:00,101259.86,60714.64,620.63,18.02,К-р Восточный,605-E230725_P_B_9.B,5030,2025-08-02,PV №52,mica-quartz_carbonate_massive_rocks,0.4,301.89,111,13.76,102.0
1609664,2025-06-05 20:27:00,2025-06-05 20:42:00,101702.34,60121.81,639.54,12.33,К-р Восточный,630-E040625_P_B_4.A,6053,2025-06-06,PV №52,carbonized_quartz-mica_hornfels_shists,0.4,60.55,28,4.33,486.0
1667734,2025-08-01 22:13:00,2025-08-01 22:39:00,101253.76,60782.63,620.53,18.62,К-р Восточный,605-E230725_P_B_9.B,8164,2025-08-02,PV №52,mica-quartz_carbonate_massive_rocks,0.4,421.08,110,15.25,48.0
1612443,2025-06-08 17:12:00,2025-06-08 17:35:00,101812.58,60107.23,639.26,12.26,К-р Восточный,630-E040625_P_B_4.A,5903,2025-06-08,PV №52,carbonized_quartz-mica_hornfels_shists,0.4,4.47,39,0.97,714.6
1613629,2025-06-09 19:41:00,2025-06-09 20:02:00,101786.6,60092.87,638.87,12.01,К-р Восточный,630-E040625_P_B_4.A,5875,2025-06-10,PV №52,carbonized_quartz-mica_hornfels_shists,0.4,216.06,110,13.97,191.4
1609664,2025-06-05 20:27:00,2025-06-05 20:42:00,101702.34,60121.81,639.54,12.33,К-р Восточный,630-E040625_P_B_4.A,6053,2025-06-06,PV №52,carbonized_quartz-mica_hornfels_shists,0.4,5.3,20,0.7,797.4
1666849,2025-08-01 01:42:00,2025-08-01 02:10:00,101216.12,60770.68,620.25,17.58,К-р Восточный,605-E230725_P_B_9.B,5094,2025-08-01,PV №52,mica-quartz_carbonate_massive_rocks,0.4,65.56,67,6.12,90.0
1612684,2025-06-08 22:26:00,2025-06-08 22:47:00,101809.62,60100.65,639.32,11.5,К-р Восточный,630-E040625_P_B_4.A,5697,2025-06-09,PV №52,carbonized_quartz-mica_hornfels_shists,0.4,330.17,111,13.82,24.0
1579219,2025-05-07 01:24:00,2025-05-07 01:36:00,101239.38,60659.68,640.19,12.19,К-р Восточный,630-E030525_P_B_1.B,6069,2025-05-07,PV №52,quartz-mica foliated schists,0.4,382.92,109,14.97,48.0
1666326,2025-07-31 13:54:00,2025-07-31 14:22:00,101208.34,60731.64,620.19,17.52,К-р Восточный,605-E230725_P_B_9.B,5099,2025-07-31,PV №52,mica-quartz_carbonate_massive_rocks,0.4,412.46,110,15.24,108.0
1612031,2025-06-08 07:26:00,2025-06-08 07:44:00,101797.92,60117.95,639.02,12.12,К-р Восточный,630-E040625_P_B_4.A,5953,2025-06-08,PV №52,carbonized_quartz-mica_hornfels_shists,0.4,40.23,66,5.22,222.0
1668665,2025-08-02 20:55:00,2025-08-02 21:15:00,101288.75,60687.28,621.52,19.53,К-р Восточный,605-E230725_P_B_9.B,8160,2025-08-03,PV №52,quartz-mica foliated schists,0.4,7.11,49,1.36,804.0
1578627,2025-05-06 09:46:00,2025-05-06 09:58:00,101248.66,60683.42,639.9,13.01,К-р Восточный,630-E030525_P_B_1.B,6153,2025-05-06,PV №52,quartz-mica foliated schists,0.4,13.93,115,3.65,792.0
1672866,2025-08-06 22:20:00,2025-08-06 22:37:00,101211.12,60831.98,620.24,17.51,К-р Восточный,605-E230725_P_B_9.B,4995,2025-08-07,PV №52,mica-quartz_carbonate_massive_rocks,0.4,53.33,88,7.33,108.0
1614124,2025-06-10 10:04:00,2025-06-10 10:25:00,101817.38,60078.48,638.94,12.54,К-р Восточный,630-E040625_P_B_4.A,5614,2025-06-10,PV №52,carbonized_quartz-mica_hornfels_shists,0.4,251.26,108,14.47,222.0
1579425,2025-05-07 05:23:00,2025-05-07 05:36:00,101250.22,60630.33,640.1,12.21,К-р Восточный,630-E030525_P_B_1.B,6052,2025-05-07,PV №52,quartz-mica foliated schists,0.4,119.9,74,7.52,28.8
1614955,2025-06-11 04:11:00,2025-06-11 04:34:00,101749.72,60073.4,639.41,12.0,К-р Восточный,630-E040625_P_B_4.A,5604,2025-06-11,PV №52,carbonized_quartz-mica_hornfels_shists,0.4,295.46,103,13.79,48.0
1610799,2025-06-07 01:40:00,2025-06-07 01:56:00,101703.47,60109.73,639.49,12.2,К-р Восточный,630-E040625_P_B_4.A,5967,2025-06-07,PV №52,carbonized_quartz-mica_hornfels_shists,0.4,403.06,109,15.43,48.0
1614718,2025-06-10 20:34:00,2025-06-10 20:53:00,101773.42,60079.64,639.3,12.0,К-р Восточный,630-E040625_P_B_4.A,5813,2025-06-11,PV №52,carbonized_quartz-mica_hornfels_shists,0.4,391.95,107,18.03,36.0
1667531,2025-08-01 17:28:00,2025-08-01 17:51:00,101238.75,60738.04,620.11,17.28,К-р Восточный,605-E230725_P_B_9.B,5075,2025-08-01,PV №52,mica-quartz_carbonate_massive_rocks,0.41,419.26,109,17.59,42.0
1613668,2025-06-09 20:31:00,2025-06-09 20:47:00,101853.97,60098.24,638.99,12.01,К-р Восточный,630-E040625_P_B_4.A,5865,2025-06-10,PV №52,carbonized_quartz-mica_hornfels_shists,0.41,394.98,108,17.4,48.0
1579349,2025-05-07 04:06:00,2025-05-07 04:21:00,101225.82,60666.37,639.8,12.62,К-р Восточный,630-E030525_P_B_1.B,6146,2025-05-07,PV №52,quartz-mica foliated schists,0.41,379.73,110,17.87,150.0
1613656,2025-06-09 22:08:00,2025-06-09 22:30:00,101833.83,60096.61,639.49,12.51,К-р Восточный,630-E040625_P_B_4.A,5868,2025-06-10,PV №52,carbonized_quartz-mica_hornfels_shists,0.41,370.4,110,14.38,36.0
1579868,2025-05-07 19:30:00,2025-05-07 19:51:00,101212.09,60634.8,640.36,12.61,К-р Восточный,630-E030525_P_B_1.B,6124,2025-05-07,PV №52,quartz-mica foliated schists,0.41,354.1,107,15.34,42.0
1667138,2025-08-01 08:02:00,2025-08-01 08:29:00,101222.04,60783.45,620.34,17.04,К-р Восточный,605-E230725_P_B_9.B,5018,2025-08-01,PV №52,mica-quartz_carbonate_massive_rocks,0.41,132.14,76,9.38,18.0
1608626,2025-06-04 23:11:00,2025-06-04 23:27:00,101711.92,60138.96,639.44,12.62,К-р Восточный,630-E040625_P_B_4.A,6140,2025-06-05,PV №52,carbonized_quartz-mica_hornfels_shists,0.41,272.09,108,16.2,60.0
1611964,2025-06-08 05:02:00,2025-06-08 05:18:00,101832.06,60120.37,639.6,11.74,К-р Восточный,630-E040625_P_B_4.A,5948,2025-06-08,PV №52,carbonized_quartz-mica_hornfels_shists,0.41,389.87,108,14.57,36.0
1667393,2025-08-01 14:23:00,2025-08-01 14:48:00,101229.77,60787.38,620.08,17.89,К-р Восточный,605-E230725_P_B_9.B,5012,2025-08-01,PV №52,mica-quartz_carbonate_massive_rocks,0.41,406.98,110,15.43,36.0
1581191,2025-05-08 22:03:00,2025-05-08 22:17:00,101319.81,60528.56,639.68,12.12,К-р Восточный,630-E030525_P_B_1.B,5960,2025-05-09,PV №52,quartz-mica foliated schists,0.41,36.48,40,1.99,828.0
1580489,2025-05-08 07:50:00,2025-05-08 08:02:00,101272.45,60570.71,640.42,12.61,К-р Восточный,630-E030525_P_B_1.B,6013,2025-05-08,PV №52,quartz-mica foliated schists,0.41,147.51,99,8.86,144.0
1611441,2025-06-07 18:00:00,2025-06-07 18:16:00,101830.98,60132.01,638.79,11.49,К-р Восточный,630-E040625_P_B_4.A,6072,2025-06-07,PV №52,carbonized_quartz-mica_hornfels_shists,0.41,380.6,108,16.69,48.0
1665915,2025-07-31 07:28:00,2025-07-31 07:51:00,101253.32,60708.55,622.36,18.02,К-р Восточный,605-E230725_P_B_9.B,5038,2025-07-31,PV №52,mica-quartz_carbonate_massive_rocks,0.41,85.85,94,9.6,36.0
1672630,2025-08-06 19:10:00,2025-08-06 19:25:00,101227.38,60824.16,620.05,18.07,К-р Восточный,605-E230725_P_B_9.B,5001,2025-08-06,PV №52,mica-quartz_carbonate_massive_rocks,0.41,76.12,40,4.36,378.0
1614955,2025-06-11 04:11:00,2025-06-11 04:34:00,101749.72,60073.4,639.41,12.0,К-р Восточный,630-E040625_P_B_4.A,5604,2025-06-11,PV №52,carbonized_quartz-mica_hornfels_shists,0.41,303.64,94,17.56,72.0
1609070,2025-06-05 07:35:00,2025-06-05 07:48:00,101692.03,60138.05,639.35,12.56,К-р Восточный,630-E040625_P_B_4.A,6143,2025-06-05,PV №52,carbonized_quartz-mica_hornfels_shists,0.41,114.23,114,8.31,102.0
1580766,2025-05-08 14:00:00,2025-05-08 14:14:00,101327.8,60544.84,639.62,12.55,К-р Восточный,630-E030525_P_B_1.B,5957,2025-05-08,PV №52,quartz-mica foliated schists,0.41,129.62,111,13.98,101.4
1582396,2025-05-10 00:53:00,2025-05-10 01:08:00,101278.36,60495.0,640.26,13.57,К-р Восточный,630-E030525_P_B_1.B,5910,2025-05-10,PV №52,quartz-mica foliated schists,0.41,-12.21,0,0.46,552.6
1668415,2025-08-02 16:21:00,2025-08-02 16:41:00,101259.86,60714.64,620.63,18.02,К-р Восточный,605-E230725_P_B_9.B,5030,2025-08-02,PV №52,mica-quartz_carbonate_massive_rocks,0.41,416.43,102,19.13,30.0
1580908,2025-05-08 17:12:00,2025-05-08 17:25:00,101278.66,60548.45,640.33,12.01,К-р Восточный,630-E030525_P_B_1.B,5901,2025-05-08,PV №52,quartz-mica foliated schists,0.41,116.58,114,9.79,168.0
1609686,2025-06-05 21:43:00,2025-06-05 22:10:00,101729.3,60123.29,639.27,11.64,К-р Восточный,630-E040625_P_B_4.A,6057,2025-06-06,PV №52,carbonized_quartz-mica_hornfels_shists,0.41,201.24,111,12.11,48.0
1611648,2025-06-07 21:59:00,2025-06-07 22:15:00,101868.72,60128.47,639.2,11.16,К-р Восточный,630-E040625_P_B_4.A,5790,2025-06-08,PV №52,carbonized_quartz-mica_hornfels_shists,0.41,291.85,111,13.07,36.0
1582260,2025-05-09 23:31:00,2025-05-09 23:46:00,101303.54,60459.19,640.43,13.77,К-р Восточный,630-E030525_P_B_1.B,6764,2025-05-10,PV №52,mica-quartz_carbonate_massive_rocks,0.41,203.38,111,12.98,300.0
1609105,2025-06-05 08:24:00,2025-06-05 08:38:00,101694.52,60132.92,639.42,12.58,К-р Восточный,630-E040625_P_B_4.A,6048,2025-06-05,PV №52,carbonized_quartz-mica_hornfels_shists,0.41,397.77,108,15.24,48.0
1578949,2025-05-06 19:18:00,2025-05-06 19:32:00,101273.17,60644.23,639.65,12.22,К-р Восточный,630-E030525_P_B_1.B,6132,2025-05-06,PV №52,quartz-mica foliated schists,0.42,91.99,73,7.21,138.0
1579129,2025-05-06 21:00:00,2025-05-06 21:12:00,101286.28,60616.79,639.64,12.25,К-р Восточный,630-E030525_P_B_1.B,6037,2025-05-07,PV №52,quartz-mica foliated schists,0.42,401.6,109,15.37,54.0
1667531,2025-08-01 17:28:00,2025-08-01 17:51:00,101238.75,60738.04,620.11,17.28,К-р Восточный,605-E230725_P_B_9.B,5075,2025-08-01,PV №52,mica-quartz_carbonate_massive_rocks,0.42,119.71,114,10.55,72.0
1666290,2025-07-31 12:27:00,2025-07-31 13:00:00,101202.47,60758.41,620.12,17.5,К-р Восточный,605-E230725_P_B_9.B,5096,2025-07-31,PV №52,mica-quartz_carbonate_massive_rocks,0.42,420.15,107,18.99,24.0
1579568,2025-05-07 11:23:00,2025-05-07 11:40:00,101294.81,60602.21,641.62,12.19,К-р Восточный,630-E030525_P_B_1.B,6036,2025-05-07,PV №52,quartz-mica foliated schists,0.42,118.25,113,11.06,318.0
1579568,2025-05-07 11:23:00,2025-05-07 11:40:00,101294.81,60602.21,641.62,12.19,К-р Восточный,630-E030525_P_B_1.B,6036,2025-05-07,PV №52,quartz-mica foliated schists,0.42,438.39,109,17.12,42.0
1667821,2025-08-02 01:15:00,2025-08-02 01:42:00,101237.68,60792.53,620.47,18.16,К-р Восточный,605-E230725_P_B_9.B,5020,2025-08-02,PV №52,mica-quartz_carbonate_massive_rocks,0.42,191.01,99,10.53,36.0
1579602,2025-05-07 11:42:00,2025-05-07 11:59:00,101287.36,60602.61,639.91,12.48,К-р Восточный,630-E030525_P_B_1.B,6035,2025-05-07,PV №52,quartz-mica foliated schists,0.42,7.76,86,2.13,762.0
1672856,2025-08-06 22:40:00,2025-08-06 22:58:00,101218.09,60836.77,620.69,17.52,К-р Восточный,605-E230725_P_B_9.B,4979,2025-08-07,PV №52,mica-quartz_carbonate_massive_rocks,0.42,288.54,103,16.01,120.0
1609858,2025-06-06 02:10:00,2025-06-06 02:26:00,101706.2,60115.6,639.62,12.31,К-р Восточный,630-E040625_P_B_4.A,5766,2025-06-06,PV №52,carbonized_quartz-mica_hornfels_shists,0.42,20.93,0,0.69,401.4
1613363,2025-06-09 15:29:00,2025-06-09 15:48:00,101725.24,60087.98,639.23,12.53,К-р Восточный,630-E040625_P_B_4.A,5884,2025-06-09,PV №52,carbonized_quartz-mica_hornfels_shists,0.42,244.74,111,13.66,12.0
1612666,2025-06-08 21:46:00,2025-06-08 22:04:00,101823.21,60101.57,639.42,11.58,К-р Восточный,630-E040625_P_B_4.A,5699,2025-06-09,PV №52,carbonized_quartz-mica_hornfels_shists,0.42,7.65,0,0.49,766.2
1609173,2025-06-05 10:04:00,2025-06-05 10:20:00,101735.1,60136.16,639.0,11.59,К-р Восточный,630-E040625_P_B_4.A,6042,2025-06-05,PV №52,carbonized_quartz-mica_hornfels_shists,0.42,370.85,103,20.76,30.0
1581614,2025-05-09 07:52:00,2025-05-09 08:05:00,101295.55,60496.18,640.47,13.02,К-р Восточный,630-E030525_P_B_1.B,5912,2025-05-09,PV №52,quartz-mica foliated schists,0.42,401.54,102,17.26,204.0
1611442,2025-06-07 18:17:00,2025-06-07 18:36:00,101824.27,60131.53,638.88,12.04,К-р Восточный,630-E040625_P_B_4.A,6071,2025-06-07,PV №52,carbonized_quartz-mica_hornfels_shists,0.42,4.44,24,0.84,792.0
1579300,2025-05-07 02:56:00,2025-05-07 03:11:00,101269.03,60616.29,639.66,12.12,К-р Восточный,630-E030525_P_B_1.B,6040,2025-05-07,PV №52,quartz-mica foliated schists,0.42,416.58,109,16.44,42.0
1613730,2025-06-10 01:06:00,2025-06-10 01:27:00,101837.47,60091.24,639.81,12.52,К-р Восточный,630-E040625_P_B_4.A,5663,2025-06-10,PV №52,carbonized_quartz-mica_hornfels_shists,0.42,55.13,59,7.17,90.0
1580744,2025-05-08 13:25:00,2025-05-08 13:41:00,101338.17,60530.32,639.29,12.01,К-р Восточный,630-E030525_P_B_1.B,5958,2025-05-08,PV №52,mica-quartz_carbonate_massive_rocks,0.42,194.42,111,12.57,294.0
1611442,2025-06-07 18:17:00,2025-06-07 18:36:00,101824.27,60131.53,638.88,12.04,К-р Восточный,630-E040625_P_B_4.A,6071,2025-06-07,PV №52,carbonized_quartz-mica_hornfels_shists,0.42,370.1,109,15.76,42.6
1609426,2025-06-05 15:51:00,2025-06-05 16:06:00,101725.44,60129.46,639.13,12.11,К-р Восточный,630-E040625_P_B_4.A,5975,2025-06-05,PV №52,fault_zone,0.42,79.49,73,4.52,36.0
1612912,2025-06-09 03:19:00,2025-06-09 03:44:00,101703.95,60097.62,639.5,11.49,К-р Восточный,630-E040625_P_B_4.A,5887,2025-06-09,PV №52,carbonized_quartz-mica_hornfels_shists,0.42,111.56,43,7.73,138.0
1667061,2025-08-01 05:28:00,2025-08-01 05:48:00,101224.28,60693.01,620.08,18.02,К-р Восточный,605-E230725_P_B_9.B,5060,2025-08-01,PV №52,mica-quartz_carbonate_massive_rocks,0.43,376.8,105,16.24,54.0
1581177,2025-05-08 22:53:00,2025-05-08 23:05:00,101347.8,60515.62,639.61,12.59,К-р Восточный,630-E030525_P_B_1.B,5966,2025-05-09,PV №52,mica-quartz_carbonate_massive_rocks,0.43,4.22,44,1.06,264.0
1667734,2025-08-01 22:13:00,2025-08-01 22:39:00,101253.76,60782.63,620.53,18.62,К-р Восточный,605-E230725_P_B_9.B,8164,2025-08-02,PV №52,mica-quartz_carbonate_massive_rocks,0.43,421.74,110,15.77,42.0
1580733,2025-05-08 13:09:00,2025-05-08 13:22:00,101343.16,60523.21,639.5,12.18,К-р Восточный,630-E030525_P_B_1.B,5987,2025-05-08,PV №52,mica-quartz_carbonate_massive_rocks,0.43,174.03,110,12.53,624.0
1668484,2025-08-02 18:19:00,2025-08-02 18:41:00,101257.28,60690.66,620.42,17.51,К-р Восточный,605-E230725_P_B_9.B,5036,2025-08-02,PV №52,quartz-mica foliated schists,0.43,426.24,108,17.66,42.0
1666668,2025-07-31 23:31:00,2025-07-31 23:48:00,101212.33,60813.31,620.05,18.01,К-р Восточный,605-E230725_P_B_9.B,4993,2025-08-01,PV №52,mica-quartz_carbonate_massive_rocks,0.43,335.92,100,16.9,66.0
1579506,2025-05-07 08:52:00,2025-05-07 09:07:00,101236.73,60636.92,639.94,12.05,К-р Восточный,630-E030525_P_B_1.B,6127,2025-05-07,PV №52,quartz-mica foliated schists,0.43,-2.83,78,2.1,372.0
1666290,2025-07-31 12:27:00,2025-07-31 13:00:00,101202.47,60758.41,620.12,17.5,К-р Восточный,605-E230725_P_B_9.B,5096,2025-07-31,PV №52,mica-quartz_carbonate_massive_rocks,0.43,404.51,104,19.16,72.0
1580041,2025-05-07 22:30:00,2025-05-07 22:44:00,101249.02,60591.89,640.44,12.12,К-р Восточный,630-E030525_P_B_1.B,6101,2025-05-08,PV №52,quartz-mica foliated schists,0.43,400.81,108,16.98,48.0
1668688,2025-08-02 23:22:00,2025-08-02 23:40:00,101272.9,60693.84,620.79,18.53,К-р Восточный,605-E230725_P_B_9.B,8174,2025-08-03,PV №52,quartz-mica foliated schists,0.43,96.22,104,7.1,47.4
1666474,2025-07-31 17:42:00,2025-07-31 18:10:00,101211.23,60755.47,620.13,17.52,К-р Восточный,605-E230725_P_B_9.B,5067,2025-07-31,PV №52,mica-quartz_carbonate_massive_rocks,0.43,413.52,111,13.64,36.0
1666937,2025-08-01 03:11:00,2025-08-01 03:39:00,101221.55,60743.61,620.17,17.55,К-р Восточный,605-E230725_P_B_9.B,5091,2025-08-01,PV №52,mica-quartz_carbonate_massive_rocks,0.43,5.06,38,1.09,615.0
1611442,2025-06-07 18:17:00,2025-06-07 18:36:00,101824.27,60131.53,638.88,12.04,К-р Восточный,630-E040625_P_B_4.A,6071,2025-06-07,PV №52,carbonized_quartz-mica_hornfels_shists,0.43,372.24,108,16.61,42.0
1668767,2025-08-03 01:11:00,2025-08-03 01:29:00,101250.05,60684.6,620.57,17.63,К-р Восточный,605-E230725_P_B_9.B,5081,2025-08-03,PV №52,quartz-mica foliated schists,0.43,374.45,108,19.17,42.0
1668058,2025-08-02 07:08:00,2025-08-02 07:31:00,101268.27,60753.27,621.06,18.52,К-р Восточный,605-E230725_P_B_9.B,8179,2025-08-02,PV №52,mica-quartz_carbonate_massive_rocks,0.43,11.44,100,2.15,690.0
1579553,2025-05-07 09:56:00,2025-05-07 10:19:00,101256.62,60607.81,639.84,12.04,К-р Восточный,630-E030525_P_B_1.B,6110,2025-05-07,PV №52,quartz-mica foliated schists,0.43,209.06,96,9.02,90.0
1608758,2025-06-05 01:03:00,2025-06-05 01:26:00,101717.67,60139.88,639.48,12.51,К-р Восточный,630-E040625_P_B_4.A,6139,2025-06-05,PV №52,carbonized_quartz-mica_hornfels_shists,0.43,171.0,107,13.6,114.0
1579116,2025-05-06 23:44:00,2025-05-06 23:57:00,101256.92,60645.92,639.86,12.17,К-р Восточный,630-E030525_P_B_1.B,6058,2025-05-07,PV №52,quartz-mica foliated schists,0.43,181.33,108,14.95,243.6
1666118,2025-07-31 08:16:00,2025-07-31 08:35:00,101255.01,60699.67,620.53,18.02,К-р Восточный,605-E230725_P_B_9.B,5037,2025-07-31,PV №52,quartz-mica foliated schists,0.43,419.52,110,15.07,54.0
1614094,2025-06-10 09:30:00,2025-06-10 10:01:00,101823.95,60079.11,639.12,12.52,К-р Восточный,630-E040625_P_B_4.A,5615,2025-06-10,PV №52,carbonized_quartz-mica_hornfels_shists,0.43,94.63,99,11.94,90.0
1578612,2025-05-06 09:18:00,2025-05-06 09:29:00,101262.91,60681.21,639.54,12.09,К-р Восточный,630-E030525_P_B_1.B,6075,2025-05-06,PV №52,quartz-mica foliated schists,0.43,192.73,114,11.16,126.0
1666290,2025-07-31 12:27:00,2025-07-31 13:00:00,101202.47,60758.41,620.12,17.5,К-р Восточный,605-E230725_P_B_9.B,5096,2025-07-31,PV №52,mica-quartz_carbonate_massive_rocks,0.43,420.15,107,19.02,24.0
1614859,2025-06-11 02:39:00,2025-06-11 02:59:00,101722.91,60070.08,639.55,12.52,К-р Восточный,630-E040625_P_B_4.A,5600,2025-06-11,PV №52,carbonized_quartz-mica_hornfels_shists,0.43,28.67,114,7.1,84.0
1579372,2025-05-07 04:23:00,2025-05-07 04:36:00,101230.79,60659.17,640.16,12.63,К-р Восточный,630-E030525_P_B_1.B,6068,2025-05-07,PV №52,quartz-mica foliated schists,0.43,421.31,109,16.41,60.0
1609665,2025-06-05 20:45:00,2025-06-05 21:01:00,101709.12,60121.98,639.66,12.68,К-р Восточный,630-E040625_P_B_4.A,6054,2025-06-06,PV №52,carbonized_quartz-mica_hornfels_shists,0.43,-0.52,0,0.49,479.4
1581311,2025-05-09 01:49:00,2025-05-09 02:03:00,101315.89,60520.76,640.0,12.77,К-р Восточный,630-E030525_P_B_1.B,5990,2025-05-09,PV №52,quartz-mica foliated schists,0.43,9.99,67,1.93,654.0
1612485,2025-06-08 17:54:00,2025-06-08 18:13:00,101798.65,60105.89,638.98,12.08,К-р Восточный,630-E040625_P_B_4.A,5901,2025-06-08,PV №52,carbonized_quartz-mica_hornfels_shists,0.43,287.83,111,13.64,78.0
1610920,2025-06-07 04:00:00,2025-06-07 04:17:00,101750.6,60113.76,639.21,11.53,К-р Восточный,630-E040625_P_B_4.A,5960,2025-06-07,PV №52,carbonized_quartz-mica_hornfels_shists,0.43,391.15,100,16.19,36.0
1610856,2025-06-07 02:58:00,2025-06-07 03:12:00,101730.21,60111.59,639.38,11.71,К-р Восточный,630-E040625_P_B_4.A,5963,2025-06-07,PV №52,carbonized_quartz-mica_hornfels_shists,0.44,388.9,107,15.13,30.0
1667732,2025-08-01 20:29:00,2025-08-01 20:57:00,101239.68,60696.48,620.16,18.01,К-р Восточный,605-E230725_P_B_9.B,5057,2025-08-02,PV №52,mica-quartz_carbonate_massive_rocks,0.44,386.02,101,17.29,42.0
1609213,2025-06-05 11:46:00,2025-06-05 12:01:00,101745.64,60131.19,638.87,12.39,К-р Восточный,630-E040625_P_B_4.A,5978,2025-06-05,PV №52,carbonized_quartz-mica_hornfels_shists,0.44,2.21,42,1.09,498.0
1613629,2025-06-09 19:41:00,2025-06-09 20:02:00,101786.6,60092.87,638.87,12.01,К-р Восточный,630-E040625_P_B_4.A,5875,2025-06-10,PV №52,carbonized_quartz-mica_hornfels_shists,0.44,353.44,106,19.63,24.0
1581439,2025-05-09 03:54:00,2025-05-09 04:09:00,101303.33,60512.2,640.01,12.62,К-р Восточный,630-E030525_P_B_1.B,5914,2025-05-09,PV №52,quartz-mica foliated schists,0.44,422.61,109,16.81,42.0
1581139,2025-05-08 22:36:00,2025-05-08 22:48:00,101333.75,60521.98,639.25,12.27,К-р Восточный,630-E030525_P_B_1.B,5988,2025-05-09,PV №52,mica-quartz_carbonate_massive_rocks,0.44,14.3,93,6.15,780.6
1611960,2025-06-08 04:43:00,2025-06-08 04:59:00,101838.55,60120.79,639.38,11.63,К-р Восточный,630-E040625_P_B_4.A,5947,2025-06-08,PV №52,carbonized_quartz-mica_hornfels_shists,0.44,388.85,109,15.28,42.0
1613363,2025-06-09 15:29:00,2025-06-09 15:48:00,101725.24,60087.98,639.23,12.53,К-р Восточный,630-E040625_P_B_4.A,5884,2025-06-09,PV №52,carbonized_quartz-mica_hornfels_shists,0.44,370.3,110,13.79,102.0
1579399,2025-05-07 04:53:00,2025-05-07 05:05:00,101240.5,60644.71,640.22,12.22,К-р Восточный,630-E030525_P_B_1.B,6060,2025-05-07,PV №52,quartz-mica foliated schists,0.44,400.07,108,15.5,48.0
1668363,2025-08-02 15:14:00,2025-08-02 15:34:00,101249.31,60726.24,620.34,17.72,К-р Восточный,605-E230725_P_B_9.B,5040,2025-08-02,PV №52,mica-quartz_carbonate_massive_rocks,0.44,189.97,71,10.41,60.0
1672560,2025-08-06 16:47:00,2025-08-06 17:11:00,101236.62,60810.85,620.48,18.47,К-р Восточный,605-E230725_P_B_9.B,4987,2025-08-06,PV №52,mica-quartz_carbonate_massive_rocks,0.44,374.91,112,14.91,60.0
1612127,2025-06-08 09:12:00,2025-06-08 09:32:00,101855.9,60116.22,638.99,12.11,К-р Восточный,630-E040625_P_B_4.A,5740,2025-06-08,PV №52,carbonized_quartz-mica_hornfels_shists,0.44,401.98,110,14.27,42.0
1668081,2025-08-02 08:04:00,2025-08-02 08:28:00,101269.93,60744.45,621.04,18.5,К-р Восточный,605-E230725_P_B_9.B,8180,2025-08-02,PV №52,mica-quartz_carbonate_massive_rocks,0.44,430.03,111,15.63,42.0
1611689,2025-06-07 22:59:00,2025-06-07 23:16:00,101848.46,60127.21,639.46,11.74,К-р Восточный,630-E040625_P_B_4.A,5787,2025-06-08,PV №52,carbonized_quartz-mica_hornfels_shists,0.44,4.86,28,0.38,786.0
1611441,2025-06-07 18:00:00,2025-06-07 18:16:00,101830.98,60132.01,638.79,11.49,К-р Восточный,630-E040625_P_B_4.A,6072,2025-06-07,PV №52,carbonized_quartz-mica_hornfels_shists,0.44,-0.08,0,0.65,984.0
1581127,2025-05-08 19:36:00,2025-05-08 19:50:00,101279.64,60533.24,640.29,12.73,К-р Восточный,630-E030525_P_B_1.B,5891,2025-05-09,PV №52,quartz-mica foliated schists,0.44,79.98,90,7.16,36.0
1611060,2025-06-07 07:35:00,2025-06-07 07:54:00,101747.96,60108.14,638.82,11.79,К-р Восточный,630-E040625_P_B_4.A,5756,2025-06-07,PV №52,carbonized_quartz-mica_hornfels_shists,0.44,42.86,70,7.38,12.0
1666743,2025-07-31 23:06:00,2025-07-31 23:23:00,101222.44,60702.05,620.31,18.05,К-р Восточный,605-E230725_P_B_9.B,5061,2025-08-01,PV №52,mica-quartz_carbonate_massive_rocks,0.45,84.8,114,8.93,286.2
1578612,2025-05-06 09:18:00,2025-05-06 09:29:00,101262.91,60681.21,639.54,12.09,К-р Восточный,630-E030525_P_B_1.B,6075,2025-05-06,PV №52,quartz-mica foliated schists,0.45,175.57,113,11.35,252.6
1667076,2025-08-01 05:51:00,2025-08-01 06:09:00,101230.86,60699.13,620.2,18.01,К-р Восточный,605-E230725_P_B_9.B,5086,2025-08-01,PV №52,mica-quartz_carbonate_massive_rocks,0.45,252.07,107,15.39,192.0
1609826,2025-06-06 01:52:00,2025-06-06 02:08:00,101699.42,60114.81,639.51,12.46,К-р Восточный,630-E040625_P_B_4.A,5765,2025-06-06,PV №52,carbonized_quartz-mica_hornfels_shists,0.45,236.96,54,13.24,144.0
1614911,2025-06-11 03:26:00,2025-06-11 03:45:00,101737.02,60071.0,639.09,12.01,К-р Восточный,630-E040625_P_B_4.A,5602,2025-06-11,PV №52,carbonized_quartz-mica_hornfels_shists,0.45,217.95,111,12.77,54.0
1581412,2025-05-09 03:19:00,2025-05-09 03:34:00,101285.92,60511.18,640.25,12.54,К-р Восточный,630-E030525_P_B_1.B,5916,2025-05-09,PV №52,quartz-mica foliated schists,0.45,2.46,48,1.12,492.0
1578828,2025-05-06 15:35:00,2025-05-06 15:47:00,101238.52,60675.36,640.17,12.79,К-р Восточный,630-E030525_P_B_1.B,6078,2025-05-06,PV №52,quartz-mica foliated schists,0.45,7.98,67,2.56,794.4
1578916,2025-05-06 17:42:00,2025-05-06 17:55:00,101268.68,60658.27,639.65,12.05,К-р Восточный,630-E030525_P_B_1.B,6134,2025-05-06,PV №52,quartz-mica foliated schists,0.45,189.54,112,11.45,66.0
1613651,2025-06-09 22:51:00,2025-06-09 23:13:00,101820.24,60095.73,639.05,12.03,К-р Восточный,630-E040625_P_B_4.A,5870,2025-06-10,PV №52,carbonized_quartz-mica_hornfels_shists,0.45,352.49,92,12.48,30.0
1668288,2025-08-02 12:51:00,2025-08-02 13:12:00,101254.69,60741.1,619.97,17.57,К-р Восточный,605-E230725_P_B_9.B,5027,2025-08-02,PV №52,mica-quartz_carbonate_massive_rocks,0.45,8.36,93,2.42,912.0
1579539,2025-05-07 09:40:00,2025-05-07 09:53:00,101251.97,60615.19,639.93,12.05,К-р Восточный,630-E030525_P_B_1.B,6042,2025-05-07,PV №52,quartz-mica foliated schists,0.45,18.33,62,1.6,798.6
1611846,2025-06-08 02:59:00,2025-06-08 03:17:00,101771.4,60115.36,639.11,11.24,К-р Восточный,630-E040625_P_B_4.A,5957,2025-06-08,PV №52,carbonized_quartz-mica_hornfels_shists,0.45,390.57,107,15.74,24.0
1668363,2025-08-02 15:14:00,2025-08-02 15:34:00,101249.31,60726.24,620.34,17.72,К-р Восточный,605-E230725_P_B_9.B,5040,2025-08-02,PV №52,mica-quartz_carbonate_massive_rocks,0.45,399.84,110,15.35,48.0
1611761,2025-06-08 01:22:00,2025-06-08 01:38:00,101800.95,60123.88,639.34,11.66,К-р Восточный,630-E040625_P_B_4.A,5780,2025-06-08,PV №52,carbonized_quartz-mica_hornfels_shists,0.45,388.3,103,18.81,30.0
1667082,2025-08-01 06:16:00,2025-08-01 06:57:00,101220.41,60809.54,619.99,17.5,К-р Восточный,605-E230725_P_B_9.B,4976,2025-08-01,PV №52,mica-quartz_carbonate_massive_rocks,0.45,365.75,108,16.97,24.0
1579163,2025-05-07 00:13:00,2025-05-07 00:26:00,101265.01,60631.63,639.74,12.16,К-р Восточный,630-E030525_P_B_1.B,6054,2025-05-07,PV №52,quartz-mica foliated schists,0.45,403.06,109,15.79,42.0
1611012,2025-06-07 05:28:00,2025-06-07 05:47:00,101713.88,60104.39,639.57,11.72,К-р Восточный,630-E040625_P_B_4.A,5761,2025-06-07,PV №52,carbonized_quartz-mica_hornfels_shists,0.45,387.0,102,19.85,36.0
1667138,2025-08-01 08:02:00,2025-08-01 08:29:00,101222.04,60783.45,620.34,17.04,К-р Восточный,605-E230725_P_B_9.B,5018,2025-08-01,PV №52,mica-quartz_carbonate_massive_rocks,0.45,418.75,110,15.18,42.0
1613649,2025-06-09 20:05:00,2025-06-09 20:25:00,101793.11,60093.51,639.09,12.5,К-р Восточный,630-E040625_P_B_4.A,5874,2025-06-10,PV №52,carbonized_quartz-mica_hornfels_shists,0.45,397.02,109,15.58,36.0
1612099,2025-06-08 08:49:00,2025-06-08 09:10:00,101862.94,60116.86,638.91,12.05,К-р Восточный,630-E040625_P_B_4.A,5739,2025-06-08,PV №52,carbonized_quartz-mica_hornfels_shists,0.45,-8.43,22,0.68,990.0
1581137,2025-05-08 20:25:00,2025-05-08 20:38:00,101267.47,60524.73,640.21,12.67,К-р Восточный,630-E030525_P_B_1.B,5922,2025-05-09,PV №52,quartz-mica foliated schists,0.46,48.18,50,3.08,564.0
1579126,2025-05-06 22:55:00,2025-05-06 23:07:00,101282.91,60609.81,639.82,12.15,К-р Восточный,630-E030525_P_B_1.B,6113,2025-05-07,PV №52,quartz-mica foliated schists,0.46,405.34,110,14.72,48.0
1581122,2025-05-08 19:53:00,2025-05-08 20:06:00,101271.25,60532.66,640.36,12.14,К-р Восточный,630-E030525_P_B_1.B,5892,2025-05-09,PV №52,quartz-mica foliated schists,0.46,110.26,78,8.1,120.0
1666353,2025-07-31 14:28:00,2025-07-31 14:50:00,101204.2,60817.85,619.72,17.53,К-р Восточный,605-E230725_P_B_9.B,4974,2025-07-31,PV №52,mica-quartz_carbonate_massive_rocks,0.46,43.28,53,3.77,549.6
1581154,2025-05-08 23:41:00,2025-05-08 23:52:00,101343.77,60507.68,639.54,12.72,К-р Восточный,630-E030525_P_B_1.B,5994,2025-05-09,PV №52,mica-quartz_carbonate_massive_rocks,0.46,146.39,114,9.89,132.0
1614053,2025-06-10 08:38:00,2025-06-10 09:00:00,101838.15,60080.09,639.39,12.51,К-р Восточный,630-E040625_P_B_4.A,5617,2025-06-10,PV №52,carbonized_quartz-mica_hornfels_shists,0.46,408.8,108,16.46,36.0
1580758,2025-05-08 13:43:00,2025-05-08 13:58:00,101332.78,60537.58,639.31,12.51,К-р Восточный,630-E030525_P_B_1.B,5986,2025-05-08,PV №52,quartz-mica foliated schists,0.46,121.68,114,9.72,372.0
1612016,2025-06-08 05:56:00,2025-06-08 06:11:00,101811.51,60118.84,639.27,11.58,К-р Восточный,630-E040625_P_B_4.A,5951,2025-06-08,PV №52,carbonized_quartz-mica_hornfels_shists,0.46,277.16,87,13.37,89.4
1611812,2025-06-08 02:21:00,2025-06-08 02:36:00,101780.6,60121.94,639.1,11.27,К-р Восточный,630-E040625_P_B_4.A,5777,2025-06-08,PV №52,carbonized_quartz-mica_hornfels_shists,0.46,-3.78,0,0.56,528.0
1578839,2025-05-06 15:49:00,2025-05-06 16:00:00,101247.31,60675.89,640.01,12.63,К-р Восточный,630-E030525_P_B_1.B,6077,2025-05-06,PV №52,quartz-mica foliated schists,0.46,437.94,109,16.82,72.0
1612084,2025-06-08 08:23:00,2025-06-08 08:42:00,101777.67,60115.7,638.66,11.62,К-р Восточный,630-E040625_P_B_4.A,5956,2025-06-08,PV №52,carbonized_quartz-mica_hornfels_shists,0.46,-3.87,59,1.33,396.0
1581519,2025-05-09 05:12:00,2025-05-09 05:27:00,101299.73,60504.23,640.33,12.71,К-р Восточный,630-E030525_P_B_1.B,5875,2025-05-09,PV №52,quartz-mica foliated schists,0.46,78.4,38,4.85,84.0
1668035,2025-08-02 06:07:00,2025-08-02 06:32:00,101250.84,60758.92,620.14,18.0,К-р Восточный,605-E230725_P_B_9.B,5025,2025-08-02,PV №52,mica-quartz_carbonate_massive_rocks,0.46,14.29,76,4.21,708.0
1579852,2025-05-07 18:10:00,2025-05-07 18:23:00,101253.17,60599.96,640.17,12.02,К-р Восточный,630-E030525_P_B_1.B,6031,2025-05-07,PV №52,quartz-mica foliated schists,0.46,20.46,94,2.48,702.6
1611895,2025-06-08 03:47:00,2025-06-08 04:03:00,101858.93,60122.35,639.26,11.15,К-р Восточный,630-E040625_P_B_4.A,5944,2025-06-08,PV №52,carbonized_quartz-mica_hornfels_shists,0.46,251.73,95,12.45,42.0
1614888,2025-06-11 03:03:00,2025-06-11 03:23:00,101729.98,60070.5,639.26,12.53,К-р Восточный,630-E040625_P_B_4.A,5601,2025-06-11,PV №52,carbonized_quartz-mica_hornfels_shists,0.46,312.2,110,14.57,60.0
1578391,2025-05-06 09:01:00,2025-05-06 09:14:00,101261.0,60688.11,641.71,13.02,К-р Восточный,630-E030525_P_B_1.B,6151,2025-05-06,PV №52,quartz-mica foliated schists,0.46,263.52,109,17.72,54.0
1666976,2025-08-01 03:40:00,2025-08-01 04:05:00,101223.53,60734.61,620.12,17.52,К-р Восточный,605-E230725_P_B_9.B,5090,2025-08-01,PV №52,mica-quartz_carbonate_massive_rocks,0.46,24.77,55,2.36,798.6
1581170,2025-05-08 23:24:00,2025-05-08 23:39:00,101352.76,60508.48,639.53,12.76,К-р Восточный,630-E030525_P_B_1.B,5995,2025-05-09,PV №52,mica-quartz_carbonate_massive_rocks,0.46,8.59,39,1.97,808.2
1580063,2025-05-07 23:50:00,2025-05-08 00:06:00,101303.11,60586.67,640.03,12.71,К-р Восточный,630-E030525_P_B_1.B,6094,2025-05-08,PV №52,quartz-mica foliated schists,0.46,342.26,109,15.41,48.0
1615066,2025-06-11 07:35:00,2025-06-11 07:54:00,101863.5,60126.78,638.89,12.0,К-р Восточный,630-E040625_P_B_4.A,5789,2025-06-11,PV №52,carbonized_quartz-mica_hornfels_shists,0.46,14.18,40,1.19,852.0
1614955,2025-06-11 04:11:00,2025-06-11 04:34:00,101749.72,60073.4,639.41,12.0,К-р Восточный,630-E040625_P_B_4.A,5604,2025-06-11,PV №52,carbonized_quartz-mica_hornfels_shists,0.46,371.89,94,13.82,24.0
1667799,2025-08-02 00:49:00,2025-08-02 01:13:00,101236.91,60801.69,620.91,18.11,К-р Восточный,605-E230725_P_B_9.B,5021,2025-08-02,PV №52,mica-quartz_carbonate_massive_rocks,0.46,159.9,90,14.06,408.0
1578853,2025-05-06 16:20:00,2025-05-06 16:33:00,101266.45,60666.52,639.51,12.37,К-р Восточный,630-E030525_P_B_1.B,6073,2025-05-06,PV №52,quartz-mica foliated schists,0.46,374.25,106,16.24,54.0
1581197,2025-05-08 23:56:00,2025-05-09 00:08:00,101324.55,60521.18,639.64,12.07,К-р Восточный,630-E030525_P_B_1.B,5989,2025-05-09,PV №52,quartz-mica foliated schists,0.46,287.44,111,14.61,72.0
1612287,2025-06-08 13:33:00,2025-06-08 13:51:00,101781.59,60110.0,640.41,11.58,К-р Восточный,630-E040625_P_B_4.A,5751,2025-06-08,PV №52,carbonized_quartz-mica_hornfels_shists,0.46,51.37,86,6.41,54.0
1611960,2025-06-08 04:43:00,2025-06-08 04:59:00,101838.55,60120.79,639.38,11.63,К-р Восточный,630-E040625_P_B_4.A,5947,2025-06-08,PV №52,carbonized_quartz-mica_hornfels_shists,0.46,347.93,109,15.58,138.0
1666920,2025-08-01 02:42:00,2025-08-01 03:09:00,101219.66,60752.39,620.19,17.57,К-р Восточный,605-E230725_P_B_9.B,5092,2025-08-01,PV №52,mica-quartz_carbonate_massive_rocks,0.47,404.35,107,15.89,48.0
1582404,2025-05-10 01:17:00,2025-05-10 01:35:00,101263.9,60517.19,640.17,13.62,К-р Восточный,630-E030525_P_B_1.B,5882,2025-05-10,PV №52,quartz-mica foliated schists,0.47,115.41,113,10.01,144.0
1579618,2025-05-07 12:17:00,2025-05-07 12:29:00,101291.22,60595.11,640.08,12.28,К-р Восточный,630-E030525_P_B_1.B,6096,2025-05-07,PV №52,quartz-mica foliated schists,0.47,412.11,110,14.93,54.0
1580041,2025-05-07 22:30:00,2025-05-07 22:44:00,101249.02,60591.89,640.44,12.12,К-р Восточный,630-E030525_P_B_1.B,6101,2025-05-08,PV №52,quartz-mica foliated schists,0.47,351.74,110,16.14,66.0
1612179,2025-06-08 10:17:00,2025-06-08 10:36:00,101835.84,60114.56,639.08,12.05,К-р Восточный,630-E040625_P_B_4.A,5743,2025-06-08,PV №52,carbonized_quartz-mica_hornfels_shists,0.47,314.65,110,13.82,36.0
1581549,2025-05-09 05:46:00,2025-05-09 05:58:00,101317.22,60505.61,640.34,13.01,К-р Восточный,630-E030525_P_B_1.B,5991,2025-05-09,PV №52,mica-quartz_carbonate_massive_rocks,0.47,12.2,34,0.89,845.4
1667138,2025-08-01 08:02:00,2025-08-01 08:29:00,101222.04,60783.45,620.34,17.04,К-р Восточный,605-E230725_P_B_9.B,5018,2025-08-01,PV №52,mica-quartz_carbonate_massive_rocks,0.47,8.09,61,1.32,888.6
1611366,2025-06-07 16:16:00,2025-06-07 16:34:00,101864.93,60134.61,638.86,11.53,К-р Восточный,630-E040625_P_B_4.A,6077,2025-06-07,PV №52,carbonized_quartz-mica_hornfels_shists,0.47,271.27,112,10.96,30.0
1579669,2025-05-07 13:35:00,2025-05-07 13:49:00,101261.6,60600.3,640.04,11.52,К-р Восточный,630-E030525_P_B_1.B,6032,2025-05-07,PV №52,quartz-mica foliated schists,0.47,11.21,64,1.53,846.0
1580521,2025-05-08 08:42:00,2025-05-08 08:54:00,101231.7,60591.11,640.32,12.51,К-р Восточный,630-E030525_P_B_1.B,6103,2025-05-08,PV №52,quartz-mica foliated schists,0.47,144.79,113,10.45,78.0
1610839,2025-06-07 02:38:00,2025-06-07 02:56:00,101723.47,60111.39,639.53,12.62,К-р Восточный,630-E040625_P_B_4.A,5964,2025-06-07,PV №52,carbonized_quartz-mica_hornfels_shists,0.47,390.73,106,16.76,30.0
1612751,2025-06-09 00:41:00,2025-06-09 01:01:00,101765.74,60103.05,639.49,11.37,К-р Восточный,630-E040625_P_B_4.A,5896,2025-06-09,PV №52,carbonized_quartz-mica_hornfels_shists,0.47,10.99,0,0.56,869.4
1614789,2025-06-11 01:18:00,2025-06-11 01:42:00,101753.35,60078.2,639.45,12.03,К-р Восточный,630-E040625_P_B_4.A,5810,2025-06-11,PV №52,carbonized_quartz-mica_hornfels_shists,0.47,123.96,114,9.83,54.0
1672523,2025-08-06 16:18:00,2025-08-06 16:44:00,101244.07,60807.19,620.97,18.43,К-р Восточный,605-E230725_P_B_9.B,8157,2025-08-06,PV №52,mica-quartz_carbonate_massive_rocks,0.47,406.59,110,16.6,102.0
1613907,2025-06-10 04:32:00,2025-06-10 04:52:00,101834.74,60084.98,639.63,12.5,К-р Восточный,630-E040625_P_B_4.A,5822,2025-06-10,PV №52,carbonized_quartz-mica_hornfels_shists,0.47,-0.83,30,0.8,576.0
1612669,2025-06-08 20:49:00,2025-06-08 21:04:00,101843.48,60103.07,639.47,12.16,К-р Восточный,630-E040625_P_B_4.A,5702,2025-06-09,PV №52,carbonized_quartz-mica_hornfels_shists,0.47,227.95,113,11.98,143.4
1612711,2025-06-08 19:43:00,2025-06-08 20:01:00,101771.72,60103.85,639.37,11.36,К-р Восточный,630-E040625_P_B_4.A,5897,2025-06-09,PV №52,carbonized_quartz-mica_hornfels_shists,0.47,23.14,7,2.27,222.0
1612137,2025-06-08 09:34:00,2025-06-08 09:53:00,101849.32,60115.64,639.05,12.04,К-р Восточный,630-E040625_P_B_4.A,5741,2025-06-08,PV №52,carbonized_quartz-mica_hornfels_shists,0.47,200.3,111,13.27,185.4
1668459,2025-08-02 17:29:00,2025-08-02 17:56:00,101270.96,60702.89,620.75,18.59,К-р Восточный,605-E230725_P_B_9.B,8173,2025-08-02,PV №52,quartz-mica foliated schists,0.47,41.14,82,3.06,672.0
1667508,2025-08-01 17:01:00,2025-08-01 17:26:00,101237.05,60746.9,620.01,17.5,К-р Восточный,605-E230725_P_B_9.B,5074,2025-08-01,PV №52,mica-quartz_carbonate_massive_rocks,0.47,141.46,99,10.92,102.0
1614703,2025-06-10 20:08:00,2025-06-10 20:32:00,101769.66,60085.1,639.2,12.06,К-р Восточный,630-E040625_P_B_4.A,5673,2025-06-11,PV №52,carbonized_quartz-mica_hornfels_shists,0.47,341.13,106,19.16,24.0
1612031,2025-06-08 07:26:00,2025-06-08 07:44:00,101797.92,60117.95,639.02,12.12,К-р Восточный,630-E040625_P_B_4.A,5953,2025-06-08,PV №52,carbonized_quartz-mica_hornfels_shists,0.47,77.26,115,8.39,42.0
1614467,2025-06-10 19:20:00,2025-06-10 19:41:00,101756.13,60084.25,639.87,12.02,К-р Восточный,630-E040625_P_B_4.A,5675,2025-06-10,PV №52,carbonized_quartz-mica_hornfels_shists,0.47,-1.17,45,1.57,538.8
1667710,2025-08-01 21:08:00,2025-08-01 21:35:00,101244.6,60797.64,620.71,18.51,К-р Восточный,605-E230725_P_B_9.B,8158,2025-08-02,PV №52,mica-quartz_carbonate_massive_rocks,0.47,70.23,114,6.74,708.0
1667082,2025-08-01 06:16:00,2025-08-01 06:57:00,101220.41,60809.54,619.99,17.5,К-р Восточный,605-E230725_P_B_9.B,4976,2025-08-01,PV №52,mica-quartz_carbonate_massive_rocks,0.48,404.01,109,15.65,48.0
1667301,2025-08-01 11:52:00,2025-08-01 12:11:00,101235.95,60714.17,620.36,18.03,К-р Восточный,605-E230725_P_B_9.B,5055,2025-08-01,PV №52,mica-quartz_carbonate_massive_rocks,0.48,283.91,110,12.78,126.0
1666155,2025-07-31 09:18:00,2025-07-31 09:39:00,101195.77,60821.6,620.14,17.08,К-р Восточный,605-E230725_P_B_9.B,4991,2025-07-31,PV №52,mica-quartz_carbonate_massive_rocks,0.48,9.19,63,1.59,943.2
1612443,2025-06-08 17:12:00,2025-06-08 17:35:00,101812.58,60107.23,639.26,12.26,К-р Восточный,630-E040625_P_B_4.A,5903,2025-06-08,PV №52,carbonized_quartz-mica_hornfels_shists,0.48,260.47,109,15.25,6.0
1613753,2025-06-10 01:30:00,2025-06-10 01:52:00,101831.03,60090.53,639.59,12.52,К-р Восточный,630-E040625_P_B_4.A,5664,2025-06-10,PV №52,carbonized_quartz-mica_hornfels_shists,0.48,21.48,40,4.25,42.0
1672605,2025-08-06 17:46:00,2025-08-06 18:06:00,101235.51,60819.4,620.31,18.14,К-р Восточный,605-E230725_P_B_9.B,4986,2025-08-06,PV №52,mica-quartz_carbonate_massive_rocks,0.48,13.43,40,1.05,951.6
1581634,2025-05-09 08:16:00,2025-05-09 08:33:00,101357.94,60501.33,639.68,12.54,К-р Восточный,630-E030525_P_B_1.B,5967,2025-05-09,PV №52,carbonaceous quartz-mica calcium metasomatites,0.48,104.16,113,10.45,108.0
1614789,2025-06-11 01:18:00,2025-06-11 01:42:00,101753.35,60078.2,639.45,12.03,К-р Восточный,630-E040625_P_B_4.A,5810,2025-06-11,PV №52,carbonized_quartz-mica_hornfels_shists,0.48,131.81,114,8.76,108.0
1609860,2025-06-06 02:28:00,2025-06-06 02:44:00,101712.98,60116.29,639.53,12.31,К-р Восточный,630-E040625_P_B_4.A,5767,2025-06-06,PV №52,carbonized_quartz-mica_hornfels_shists,0.48,372.23,103,14.3,24.0
1611648,2025-06-07 21:59:00,2025-06-07 22:15:00,101868.72,60128.47,639.2,11.16,К-р Восточный,630-E040625_P_B_4.A,5790,2025-06-08,PV №52,carbonized_quartz-mica_hornfels_shists,0.48,310.22,113,11.2,36.0
1612084,2025-06-08 08:23:00,2025-06-08 08:42:00,101777.67,60115.7,638.66,11.62,К-р Восточный,630-E040625_P_B_4.A,5956,2025-06-08,PV №52,carbonized_quartz-mica_hornfels_shists,0.48,375.92,111,12.49,24.0
1612309,2025-06-08 13:54:00,2025-06-08 14:12:00,101774.56,60109.56,638.7,11.54,К-р Восточный,630-E040625_P_B_4.A,5752,2025-06-08,PV №52,carbonized_quartz-mica_hornfels_shists,0.48,8.38,56,1.42,894.6
1613859,2025-06-10 03:24:00,2025-06-10 03:43:00,101796.74,60088.05,639.05,12.51,К-р Восточный,630-E040625_P_B_4.A,5669,2025-06-10,PV №52,carbonized_quartz-mica_hornfels_shists,0.48,42.82,56,5.16,102.0
1579776,2025-05-07 16:19:00,2025-05-07 16:32:00,101217.76,60650.7,640.16,12.51,К-р Восточный,630-E030525_P_B_1.B,6140,2025-05-07,PV №52,quartz-mica foliated schists,0.49,139.47,115,8.13,78.0
1612443,2025-06-08 17:12:00,2025-06-08 17:35:00,101812.58,60107.23,639.26,12.26,К-р Восточный,630-E040625_P_B_4.A,5903,2025-06-08,PV №52,carbonized_quartz-mica_hornfels_shists,0.49,24.11,66,5.62,42.0
1579079,2025-05-06 19:53:00,2025-05-06 20:07:00,101279.7,60629.74,639.4,12.25,К-р Восточный,630-E030525_P_B_1.B,6115,2025-05-07,PV №52,quartz-mica foliated schists,0.49,10.67,44,1.22,888.0
1612684,2025-06-08 22:26:00,2025-06-08 22:47:00,101809.62,60100.65,639.32,11.5,К-р Восточный,630-E040625_P_B_4.A,5697,2025-06-09,PV №52,carbonized_quartz-mica_hornfels_shists,0.49,334.1,109,15.75,30.0
1612684,2025-06-08 22:26:00,2025-06-08 22:47:00,101809.62,60100.65,639.32,11.5,К-р Восточный,630-E040625_P_B_4.A,5697,2025-06-09,PV №52,carbonized_quartz-mica_hornfels_shists,0.49,328.95,111,13.27,60.0
1672560,2025-08-06 16:47:00,2025-08-06 17:11:00,101236.62,60810.85,620.48,18.47,К-р Восточный,605-E230725_P_B_9.B,4987,2025-08-06,PV №52,mica-quartz_carbonate_massive_rocks,0.49,304.83,109,14.09,108.0
1609401,2025-06-05 15:15:00,2025-06-05 15:31:00,101712.12,60128.66,639.44,12.63,К-р Восточный,630-E040625_P_B_4.A,5973,2025-06-05,PV №52,carbonized_quartz-mica_hornfels_shists,0.49,46.5,114,7.51,282.0
1581634,2025-05-09 08:16:00,2025-05-09 08:33:00,101357.94,60501.33,639.68,12.54,К-р Восточный,630-E030525_P_B_1.B,5967,2025-05-09,PV №52,carbonaceous quartz-mica calcium metasomatites,0.49,442.5,109,17.38,72.0
1613463,2025-06-09 18:06:00,2025-06-09 18:28:00,101772.91,60091.48,638.84,12.03,К-р Восточный,630-E040625_P_B_4.A,5877,2025-06-09,PV №52,carbonized_quartz-mica_hornfels_shists,0.49,386.74,106,19.68,24.0
1579140,2025-05-06 22:06:00,2025-05-06 22:20:00,101271.5,60631.84,639.63,12.18,К-р Восточный,630-E030525_P_B_1.B,6055,2025-05-07,PV №52,quartz-mica foliated schists,0.49,380.06,108,14.34,36.0
1613091,2025-06-09 08:12:00,2025-06-09 08:44:00,101762.47,60097.07,639.01,12.01,К-р Восточный,630-E040625_P_B_4.A,5690,2025-06-09,PV №52,carbonized_quartz-mica_hornfels_shists,0.49,415.45,111,14.81,30.0
1614177,2025-06-10 11:10:00,2025-06-10 11:30:00,101797.55,60077.27,638.98,11.54,К-р Восточный,630-E040625_P_B_4.A,5611,2025-06-10,PV №52,carbonized_quartz-mica_hornfels_shists,0.49,132.75,113,9.73,66.0
1609860,2025-06-06 02:28:00,2025-06-06 02:44:00,101712.98,60116.29,639.53,12.31,К-р Восточный,630-E040625_P_B_4.A,5767,2025-06-06,PV №52,carbonized_quartz-mica_hornfels_shists,0.49,386.46,107,15.75,48.0
1667252,2025-08-01 10:35:00,2025-08-01 11:01:00,101230.39,60740.84,620.1,17.58,К-р Восточный,605-E230725_P_B_9.B,5052,2025-08-01,PV №52,mica-quartz_carbonate_massive_rocks,0.49,262.9,108,9.79,48.0
1609108,2025-06-05 08:39:00,2025-06-05 08:54:00,101701.41,60133.2,639.42,12.58,К-р Восточный,630-E040625_P_B_4.A,6047,2025-06-05,PV №52,carbonized_quartz-mica_hornfels_shists,0.49,323.75,108,16.6,162.0
1665915,2025-07-31 07:28:00,2025-07-31 07:51:00,101253.32,60708.55,622.36,18.02,К-р Восточный,605-E230725_P_B_9.B,5038,2025-07-31,PV №52,mica-quartz_carbonate_massive_rocks,0.49,411.05,105,21.04,54.0
1667172,2025-08-01 08:31:00,2025-08-01 09:03:00,101223.06,60775.03,620.17,17.83,К-р Восточный,605-E230725_P_B_9.B,5048,2025-08-01,PV №52,mica-quartz_carbonate_massive_rocks,0.49,417.33,110,14.44,42.0
1667564,2025-08-01 19:21:00,2025-08-01 20:03:00,101244.7,60711.32,620.3,19.41,К-р Восточный,605-E230725_P_B_9.B,5078,2025-08-01,PV №52,mica-quartz_carbonate_massive_rocks,0.49,149.45,59,9.02,144.0
1579446,2025-05-07 06:10:00,2025-05-07 06:24:00,101265.6,60608.65,640.1,12.18,К-р Восточный,630-E030525_P_B_1.B,6111,2025-05-07,PV №52,quartz-mica foliated schists,0.5,85.13,51,6.94,90.0
1581634,2025-05-09 08:16:00,2025-05-09 08:33:00,101357.94,60501.33,639.68,12.54,К-р Восточный,630-E030525_P_B_1.B,5967,2025-05-09,PV №52,carbonaceous quartz-mica calcium metasomatites,0.5,348.51,99,17.66,72.0
1666247,2025-07-31 11:24:00,2025-07-31 11:53:00,101199.12,60775.76,620.23,17.55,К-р Восточный,605-E230725_P_B_9.B,5008,2025-07-31,PV №52,mica-quartz_carbonate_massive_rocks,0.5,412.4,111,13.65,30.0
1580426,2025-05-08 05:59:00,2025-05-08 06:11:00,101295.19,60565.54,640.4,12.61,К-р Восточный,630-E030525_P_B_1.B,5942,2025-05-08,PV №52,quartz-mica foliated schists,0.5,222.22,112,12.39,150.0
1612931,2025-06-09 03:49:00,2025-06-09 04:12:00,101708.26,60093.5,639.95,12.01,К-р Восточный,630-E040625_P_B_4.A,5682,2025-06-09,PV №52,carbonized_quartz-mica_hornfels_shists,0.5,0.69,0,0.51,654.0
1580828,2025-05-08 15:30:00,2025-05-08 15:42:00,101296.28,60549.9,640.11,12.01,К-р Восточный,630-E030525_P_B_1.B,5903,2025-05-08,PV №52,quartz-mica foliated schists,0.5,9.02,118,3.71,888.6
1667764,2025-08-01 20:06:00,2025-08-01 20:25:00,101238.13,60705.36,620.44,18.04,К-р Восточный,605-E230725_P_B_9.B,5056,2025-08-02,PV №52,mica-quartz_carbonate_massive_rocks,0.5,227.48,113,12.2,192.0
1579223,2025-05-07 01:53:00,2025-05-07 02:07:00,101249.29,60645.46,640.08,12.17,К-р Восточный,630-E030525_P_B_1.B,6059,2025-05-07,PV №52,quartz-mica foliated schists,0.5,406.24,108,17.09,48.0
1666290,2025-07-31 12:27:00,2025-07-31 13:00:00,101202.47,60758.41,620.12,17.5,К-р Восточный,605-E230725_P_B_9.B,5096,2025-07-31,PV №52,mica-quartz_carbonate_massive_rocks,0.5,414.88,109,15.85,24.0
1579196,2025-05-07 00:47:00,2025-05-07 01:06:00,101229.61,60674.53,639.85,12.71,К-р Восточный,630-E030525_P_B_1.B,6079,2025-05-07,PV №52,quartz-mica foliated schists,0.5,97.85,52,5.83,136.8
1579659,2025-05-07 13:18:00,2025-05-07 13:32:00,101275.39,60593.92,640.17,11.78,К-р Восточный,630-E030525_P_B_1.B,6098,2025-05-07,PV №52,quartz-mica foliated schists,0.5,11.22,86,2.01,912.0
1668657,2025-08-02 23:42:00,2025-08-03 00:00:00,101265.74,60687.68,620.56,18.08,К-р Восточный,605-E230725_P_B_9.B,5033,2025-08-03,PV №52,quartz-mica foliated schists,0.5,394.41,107,16.42,48.0
1612666,2025-06-08 21:46:00,2025-06-08 22:04:00,101823.21,60101.57,639.42,11.58,К-р Восточный,630-E040625_P_B_4.A,5699,2025-06-09,PV №52,carbonized_quartz-mica_hornfels_shists,0.5,240.18,109,12.62,84.6
1581748,2025-05-09 10:46:00,2025-05-09 10:57:00,101309.54,60490.02,640.34,13.01,К-р Восточный,630-E030525_P_B_1.B,5873,2025-05-09,PV №52,mica-quartz_carbonate_massive_rocks,0.5,372.59,110,15.8,60.0
1611960,2025-06-08 04:43:00,2025-06-08 04:59:00,101838.55,60120.79,639.38,11.63,К-р Восточный,630-E040625_P_B_4.A,5947,2025-06-08,PV №52,carbonized_quartz-mica_hornfels_shists,0.5,19.97,0,0.68,768.0
1612669,2025-06-08 20:49:00,2025-06-08 21:04:00,101843.48,60103.07,639.47,12.16,К-р Восточный,630-E040625_P_B_4.A,5702,2025-06-09,PV №52,carbonized_quartz-mica_hornfels_shists,0.5,136.82,113,10.17,204.0
1614720,2025-06-10 23:24:00,2025-06-10 23:45:00,101719.4,60075.67,639.5,12.5,К-р Восточный,630-E040625_P_B_4.A,5805,2025-06-11,PV №52,carbonized_quartz-mica_hornfels_shists,0.5,377.07,111,13.54,36.0
1579611,2025-05-07 12:02:00,2025-05-07 12:15:00,101298.59,60594.74,639.8,12.21,К-р Восточный,630-E030525_P_B_1.B,6095,2025-05-07,PV №52,quartz-mica foliated schists,0.5,84.92,115,8.21,198.0
1672866,2025-08-06 22:20:00,2025-08-06 22:37:00,101211.12,60831.98,620.24,17.51,К-р Восточный,605-E230725_P_B_9.B,4995,2025-08-07,PV №52,mica-quartz_carbonate_massive_rocks,0.5,289.94,113,14.03,84.0
1614981,2025-06-11 04:36:00,2025-06-11 04:55:00,101756.77,60073.7,639.38,12.01,К-р Восточный,630-E040625_P_B_4.A,5605,2025-06-11,PV №52,carbonized_quartz-mica_hornfels_shists,0.5,385.34,110,14.04,36.0
1612658,2025-06-08 22:49:00,2025-06-08 23:07:00,101802.79,60100.15,639.32,11.52,К-р Восточный,630-E040625_P_B_4.A,5696,2025-06-09,PV №52,carbonized_quartz-mica_hornfels_shists,0.5,16.69,32,0.82,897.0
1614402,2025-06-10 17:12:00,2025-06-10 17:38:00,101736.03,60082.64,639.12,12.1,К-р Восточный,630-E040625_P_B_4.A,5678,2025-06-10,PV №52,carbonized_quartz-mica_hornfels_shists,0.5,168.03,113,10.3,36.0
1668158,2025-08-02 10:08:00,2025-08-02 10:33:00,101265.31,60729.51,621.07,18.04,К-р Восточный,605-E230725_P_B_9.B,8170,2025-08-02,PV №52,mica-quartz_carbonate_massive_rocks,0.5,165.47,93,9.43,90.0
1609108,2025-06-05 08:39:00,2025-06-05 08:54:00,101701.41,60133.2,639.42,12.58,К-р Восточный,630-E040625_P_B_4.A,6047,2025-06-05,PV №52,carbonized_quartz-mica_hornfels_shists,0.51,217.89,112,11.54,108.0
1581106,2025-05-08 22:20:00,2025-05-08 22:32:00,101328.62,60529.07,639.53,12.21,К-р Восточный,630-E030525_P_B_1.B,5959,2025-05-09,PV №52,mica-quartz_carbonate_massive_rocks,0.51,417.37,107,15.84,36.0
1615013,2025-06-11 05:17:00,2025-06-11 05:45:00,101770.95,60075.15,639.38,12.01,К-р Восточный,630-E040625_P_B_4.A,5607,2025-06-11,PV №52,carbonized_quartz-mica_hornfels_shists,0.51,381.12,110,13.83,36.0
1668503,2025-08-02 19:30:00,2025-08-02 19:49:00,101282.94,60703.71,621.02,19.56,К-р Восточный,605-E230725_P_B_9.B,8162,2025-08-02,PV №52,quartz-mica foliated schists,0.51,426.93,110,17.21,60.0
1666489,2025-07-31 18:11:00,2025-07-31 18:48:00,101213.25,60746.54,620.13,17.5,К-р Восточный,605-E230725_P_B_9.B,5066,2025-07-31,PV №52,mica-quartz_carbonate_massive_rocks,0.51,415.15,110,14.82,30.0
1614124,2025-06-10 10:04:00,2025-06-10 10:25:00,101817.38,60078.48,638.94,12.54,К-р Восточный,630-E040625_P_B_4.A,5614,2025-06-10,PV №52,carbonized_quartz-mica_hornfels_shists,0.51,345.64,110,13.84,12.0
1612353,2025-06-08 14:42:00,2025-06-08 15:01:00,101859.9,60110.53,638.86,12.05,К-р Восточный,630-E040625_P_B_4.A,5910,2025-06-08,PV №52,carbonized_quartz-mica_hornfels_shists,0.51,385.33,111,12.89,30.0
1615028,2025-06-11 05:48:00,2025-06-11 06:07:00,101777.39,60075.52,639.37,12.01,К-р Восточный,630-E040625_P_B_4.A,5608,2025-06-11,PV №52,carbonized_quartz-mica_hornfels_shists,0.51,397.77,107,18.59,18.0
1666290,2025-07-31 12:27:00,2025-07-31 13:00:00,101202.47,60758.41,620.12,17.5,К-р Восточный,605-E230725_P_B_9.B,5096,2025-07-31,PV №52,mica-quartz_carbonate_massive_rocks,0.51,412.31,107,18.85,24.0
1672523,2025-08-06 16:18:00,2025-08-06 16:44:00,101244.07,60807.19,620.97,18.43,К-р Восточный,605-E230725_P_B_9.B,8157,2025-08-06,PV №52,mica-quartz_carbonate_massive_rocks,0.51,423.66,112,14.94,114.0
1611032,2025-06-07 06:08:00,2025-06-07 06:24:00,101727.36,60105.68,639.26,11.67,К-р Восточный,630-E040625_P_B_4.A,5759,2025-06-07,PV №52,carbonized_quartz-mica_hornfels_shists,0.51,390.34,108,17.26,168.0
1609860,2025-06-06 02:28:00,2025-06-06 02:44:00,101712.98,60116.29,639.53,12.31,К-р Восточный,630-E040625_P_B_4.A,5767,2025-06-06,PV №52,carbonized_quartz-mica_hornfels_shists,0.51,21.24,27,0.34,906.6
1615063,2025-06-11 06:31:00,2025-06-11 06:51:00,101790.41,60076.24,639.1,11.62,К-р Восточный,630-E040625_P_B_4.A,5610,2025-06-11,PV №52,carbonized_quartz-mica_hornfels_shists,0.51,402.77,107,18.26,42.0
1672836,2025-08-06 23:24:00,2025-08-06 23:43:00,101223.74,60837.03,620.3,18.02,К-р Восточный,605-E230725_P_B_9.B,4985,2025-08-07,PV №52,mica-quartz_carbonate_massive_rocks,0.51,42.2,60,5.08,168.0
1579146,2025-05-06 20:10:00,2025-05-06 20:24:00,101282.63,60623.33,639.52,12.23,К-р Восточный,630-E030525_P_B_1.B,6038,2025-05-07,PV №52,quartz-mica foliated schists,0.51,308.91,111,14.1,162.0
1666353,2025-07-31 14:28:00,2025-07-31 14:50:00,101204.2,60817.85,619.72,17.53,К-р Восточный,605-E230725_P_B_9.B,4974,2025-07-31,PV №52,mica-quartz_carbonate_massive_rocks,0.51,381.95,105,20.99,54.0
1668158,2025-08-02 10:08:00,2025-08-02 10:33:00,101265.31,60729.51,621.07,18.04,К-р Восточный,605-E230725_P_B_9.B,8170,2025-08-02,PV №52,mica-quartz_carbonate_massive_rocks,0.51,429.67,110,16.84,42.0
1582404,2025-05-10 01:17:00,2025-05-10 01:35:00,101263.9,60517.19,640.17,13.62,К-р Восточный,630-E030525_P_B_1.B,5882,2025-05-10,PV №52,quartz-mica foliated schists,0.51,28.21,41,4.66,840.0
1613032,2025-06-09 05:50:00,2025-06-09 06:09:00,101738.24,60100.75,638.73,12.02,К-р Восточный,630-E040625_P_B_4.A,5892,2025-06-09,PV №52,carbonized_quartz-mica_hornfels_shists,0.51,411.75,110,15.02,54.0
1580434,2025-05-08 06:13:00,2025-05-08 06:35:00,101290.01,60572.32,640.42,12.63,К-р Восточный,630-E030525_P_B_1.B,6015,2025-05-08,PV №52,quartz-mica foliated schists,0.51,17.46,31,0.83,924.0
1612084,2025-06-08 08:23:00,2025-06-08 08:42:00,101777.67,60115.7,638.66,11.62,К-р Восточный,630-E040625_P_B_4.A,5956,2025-06-08,PV №52,carbonized_quartz-mica_hornfels_shists,0.51,376.7,111,13.06,30.0
1611019,2025-06-07 05:50:00,2025-06-07 06:06:00,101720.63,60105.17,639.46,12.23,К-р Восточный,630-E040625_P_B_4.A,5760,2025-06-07,PV №52,carbonized_quartz-mica_hornfels_shists,0.51,14.18,0,0.49,887.4
1612490,2025-06-08 18:15:00,2025-06-08 18:34:00,101792.39,60105.4,638.79,12.07,К-р Восточный,630-E040625_P_B_4.A,5900,2025-06-08,PV №52,carbonized_quartz-mica_hornfels_shists,0.51,17.27,0,0.44,930.6
1608626,2025-06-04 23:11:00,2025-06-04 23:27:00,101711.92,60138.96,639.44,12.62,К-р Восточный,630-E040625_P_B_4.A,6140,2025-06-05,PV №52,carbonized_quartz-mica_hornfels_shists,0.51,294.0,109,16.36,257.4
1579389,2025-05-07 04:38:00,2025-05-07 04:51:00,101235.72,60651.78,640.25,12.15,К-р Восточный,630-E030525_P_B_1.B,6138,2025-05-07,PV №52,quartz-mica foliated schists,0.51,15.47,48,1.02,936.0
1666353,2025-07-31 14:28:00,2025-07-31 14:50:00,101204.2,60817.85,619.72,17.53,К-р Восточный,605-E230725_P_B_9.B,4974,2025-07-31,PV №52,mica-quartz_carbonate_massive_rocks,0.52,395.76,104,20.64,48.0
1578840,2025-05-06 16:03:00,2025-05-06 16:16:00,101243.35,60667.88,639.85,12.79,К-р Восточный,630-E030525_P_B_1.B,6148,2025-05-06,PV №52,quartz-mica foliated schists,0.52,385.63,106,17.64,258.0
1613461,2025-06-09 17:43:00,2025-06-09 18:03:00,101766.02,60091.05,638.9,12.01,К-р Восточный,630-E040625_P_B_4.A,5878,2025-06-09,PV №52,carbonized_quartz-mica_hornfels_shists,0.52,406.84,107,19.61,24.0
1668821,2025-08-03 02:17:00,2025-08-03 02:39:00,101267.64,60678.66,620.43,18.02,К-р Восточный,605-E230725_P_B_9.B,5034,2025-08-03,PV №52,quartz-mica foliated schists,0.52,281.72,107,18.92,24.0
1672605,2025-08-06 17:46:00,2025-08-06 18:06:00,101235.51,60819.4,620.31,18.14,К-р Восточный,605-E230725_P_B_9.B,4986,2025-08-06,PV №52,mica-quartz_carbonate_massive_rocks,0.52,312.64,100,13.76,138.0
1611186,2025-06-07 10:11:00,2025-06-07 10:30:00,101766.89,60121.16,638.69,11.61,К-р Восточный,630-E040625_P_B_4.A,5775,2025-06-07,PV №52,carbonized_quartz-mica_hornfels_shists,0.52,399.61,107,17.23,78.0
1612696,2025-06-08 22:06:00,2025-06-08 22:24:00,101816.36,60101.07,639.46,12.17,К-р Восточный,630-E040625_P_B_4.A,5698,2025-06-09,PV №52,carbonized_quartz-mica_hornfels_shists,0.52,220.59,113,11.56,78.0
1666353,2025-07-31 14:28:00,2025-07-31 14:50:00,101204.2,60817.85,619.72,17.53,К-р Восточный,605-E230725_P_B_9.B,4974,2025-07-31,PV №52,mica-quartz_carbonate_massive_rocks,0.52,367.23,110,14.4,54.0
1580723,2025-05-08 12:49:00,2025-05-08 13:00:00,101305.06,60550.68,639.96,12.01,К-р Восточный,630-E030525_P_B_1.B,5904,2025-05-08,PV №52,quartz-mica foliated schists,0.52,387.14,109,16.77,192.0
1667508,2025-08-01 17:01:00,2025-08-01 17:26:00,101237.05,60746.9,620.01,17.5,К-р Восточный,605-E230725_P_B_9.B,5074,2025-08-01,PV №52,mica-quartz_carbonate_massive_rocks,0.52,137.48,99,10.73,162.0
1612243,2025-06-08 12:00:00,2025-06-08 12:22:00,101801.65,60111.77,638.9,12.06,К-р Восточный,630-E040625_P_B_4.A,5748,2025-06-08,PV №52,carbonized_quartz-mica_hornfels_shists,0.52,398.61,110,14.45,30.0
1615063,2025-06-11 06:31:00,2025-06-11 06:51:00,101790.41,60076.24,639.1,11.62,К-р Восточный,630-E040625_P_B_4.A,5610,2025-06-11,PV №52,carbonized_quartz-mica_hornfels_shists,0.52,400.32,108,17.12,30.0
1666747,2025-07-31 22:44:00,2025-07-31 23:03:00,101221.02,60710.98,620.4,18.01,К-р Восточный,605-E230725_P_B_9.B,5062,2025-08-01,PV №52,mica-quartz_carbonate_massive_rocks,0.52,370.09,95,20.88,36.0
1613249,2025-06-09 12:11:00,2025-06-09 12:30:00,101755.43,60095.85,639.0,12.05,К-р Восточный,630-E040625_P_B_4.A,5689,2025-06-09,PV №52,carbonized_quartz-mica_hornfels_shists,0.52,408.11,109,16.05,30.0
1666725,2025-07-31 20:18:00,2025-07-31 20:45:00,101212.3,60713.71,620.49,18.01,К-р Восточный,605-E230725_P_B_9.B,5101,2025-08-01,PV №52,mica-quartz_carbonate_massive_rocks,0.52,107.31,90,7.63,209.4
1580672,2025-05-08 11:37:00,2025-05-08 11:49:00,101317.87,60559.19,639.52,12.5,К-р Восточный,630-E030525_P_B_1.B,5953,2025-05-08,PV №52,quartz-mica foliated schists,0.52,225.18,113,12.48,162.0
1614703,2025-06-10 20:08:00,2025-06-10 20:32:00,101769.66,60085.1,639.2,12.06,К-р Восточный,630-E040625_P_B_4.A,5673,2025-06-11,PV №52,carbonized_quartz-mica_hornfels_shists,0.52,367.28,108,15.93,30.0
1672856,2025-08-06 22:40:00,2025-08-06 22:58:00,101218.09,60836.77,620.69,17.52,К-р Восточный,605-E230725_P_B_9.B,4979,2025-08-07,PV №52,mica-quartz_carbonate_massive_rocks,0.52,265.39,106,16.61,108.6
1614955,2025-06-11 04:11:00,2025-06-11 04:34:00,101749.72,60073.4,639.41,12.0,К-р Восточный,630-E040625_P_B_4.A,5604,2025-06-11,PV №52,carbonized_quartz-mica_hornfels_shists,0.52,370.7,95,12.67,36.0
1666474,2025-07-31 17:42:00,2025-07-31 18:10:00,101211.23,60755.47,620.13,17.52,К-р Восточный,605-E230725_P_B_9.B,5067,2025-07-31,PV №52,mica-quartz_carbonate_massive_rocks,0.53,413.11,111,13.3,36.0
1667921,2025-08-02 03:18:00,2025-08-02 03:46:00,101265.69,60762.86,621.03,18.04,К-р Восточный,605-E230725_P_B_9.B,8178,2025-08-02,PV №52,mica-quartz_carbonate_massive_rocks,0.53,261.09,100,21.21,12.0
1668415,2025-08-02 16:21:00,2025-08-02 16:41:00,101259.86,60714.64,620.63,18.02,К-р Восточный,605-E230725_P_B_9.B,5030,2025-08-02,PV №52,mica-quartz_carbonate_massive_rocks,0.53,420.2,110,16.17,54.0
1580672,2025-05-08 11:37:00,2025-05-08 11:49:00,101317.87,60559.19,639.52,12.5,К-р Восточный,630-E030525_P_B_1.B,5953,2025-05-08,PV №52,quartz-mica foliated schists,0.53,435.17,110,15.25,60.0
1612243,2025-06-08 12:00:00,2025-06-08 12:22:00,101801.65,60111.77,638.9,12.06,К-р Восточный,630-E040625_P_B_4.A,5748,2025-06-08,PV №52,carbonized_quartz-mica_hornfels_shists,0.53,399.55,109,14.82,30.0
1666191,2025-07-31 10:02:00,2025-07-31 10:26:00,101197.04,60803.22,619.86,17.6,К-р Восточный,605-E230725_P_B_9.B,5005,2025-07-31,PV №52,mica-quartz_carbonate_massive_rocks,0.53,416.01,109,16.77,36.0
1612490,2025-06-08 18:15:00,2025-06-08 18:34:00,101792.39,60105.4,638.79,12.07,К-р Восточный,630-E040625_P_B_4.A,5900,2025-06-08,PV №52,carbonized_quartz-mica_hornfels_shists,0.53,403.24,110,14.34,36.0
1612678,2025-06-08 20:13:00,2025-06-08 20:31:00,101857.07,60103.89,639.47,11.62,К-р Восточный,630-E040625_P_B_4.A,5704,2025-06-09,PV №52,carbonized_quartz-mica_hornfels_shists,0.53,19.79,35,3.76,30.0
1579223,2025-05-07 01:53:00,2025-05-07 02:07:00,101249.29,60645.46,640.08,12.17,К-р Восточный,630-E030525_P_B_1.B,6059,2025-05-07,PV №52,quartz-mica foliated schists,0.53,180.64,113,10.69,120.0
1613873,2025-06-10 03:50:00,2025-06-10 04:10:00,101848.12,60086.11,639.58,12.52,К-р Восточный,630-E040625_P_B_4.A,5824,2025-06-10,PV №52,carbonized_quartz-mica_hornfels_shists,0.53,390.19,110,14.17,30.0
1612263,2025-06-08 12:24:00,2025-06-08 12:45:00,101795.18,60111.38,639.04,12.05,К-р Восточный,630-E040625_P_B_4.A,5749,2025-06-08,PV №52,carbonized_quartz-mica_hornfels_shists,0.53,398.91,111,13.09,30.0
1611925,2025-06-08 04:25:00,2025-06-08 04:41:00,101845.42,60121.21,639.19,11.66,К-р Восточный,630-E040625_P_B_4.A,5946,2025-06-08,PV №52,carbonized_quartz-mica_hornfels_shists,0.53,17.72,0,0.16,966.6
1672856,2025-08-06 22:40:00,2025-08-06 22:58:00,101218.09,60836.77,620.69,17.52,К-р Восточный,605-E230725_P_B_9.B,4979,2025-08-07,PV №52,mica-quartz_carbonate_massive_rocks,0.53,351.4,108,16.84,66.0
1614935,2025-06-11 03:47:00,2025-06-11 04:08:00,101743.92,60071.81,639.35,12.01,К-р Восточный,630-E040625_P_B_4.A,5603,2025-06-11,PV №52,carbonized_quartz-mica_hornfels_shists,0.53,381.32,107,18.79,18.0
1666429,2025-07-31 16:37:00,2025-07-31 17:07:00,101207.51,60773.5,620.11,17.53,К-р Восточный,605-E230725_P_B_9.B,5069,2025-07-31,PV №52,mica-quartz_carbonate_massive_rocks,0.53,88.76,85,7.7,66.0
1580193,2025-05-08 01:24:00,2025-05-08 01:37:00,101253.92,60584.74,640.51,12.09,К-р Восточный,630-E030525_P_B_1.B,6022,2025-05-08,PV №52,quartz-mica foliated schists,0.53,307.33,110,15.02,72.0
1611688,2025-06-07 23:58:00,2025-06-08 00:18:00,101828.14,60125.68,639.36,11.74,К-р Восточный,630-E040625_P_B_4.A,5784,2025-06-08,PV №52,carbonized_quartz-mica_hornfels_shists,0.53,17.86,0,0.45,966.0
1666452,2025-07-31 17:09:00,2025-07-31 17:41:00,101209.34,60764.47,620.12,17.5,К-р Восточный,605-E230725_P_B_9.B,5068,2025-07-31,PV №52,mica-quartz_carbonate_massive_rocks,0.53,412.79,111,13.49,30.0
1667204,2025-08-01 09:32:00,2025-08-01 09:59:00,101226.49,60758.95,620.1,17.5,К-р Восточный,605-E230725_P_B_9.B,5050,2025-08-01,PV №52,mica-quartz_carbonate_massive_rocks,0.53,414.6,110,14.55,36.0
1613988,2025-06-10 06:27:00,2025-06-10 06:47:00,101800.66,60082.28,638.89,12.02,К-р Восточный,630-E040625_P_B_4.A,5817,2025-06-10,PV №52,carbonized_quartz-mica_hornfels_shists,0.53,202.49,96,12.43,138.0
1579389,2025-05-07 04:38:00,2025-05-07 04:51:00,101235.72,60651.78,640.25,12.15,К-р Восточный,630-E030525_P_B_1.B,6138,2025-05-07,PV №52,quartz-mica foliated schists,0.53,250.75,109,16.0,66.6
1581748,2025-05-09 10:46:00,2025-05-09 10:57:00,101309.54,60490.02,640.34,13.01,К-р Восточный,630-E030525_P_B_1.B,5873,2025-05-09,PV №52,mica-quartz_carbonate_massive_rocks,0.53,296.89,112,13.13,84.0
1612127,2025-06-08 09:12:00,2025-06-08 09:32:00,101855.9,60116.22,638.99,12.11,К-р Восточный,630-E040625_P_B_4.A,5740,2025-06-08,PV №52,carbonized_quartz-mica_hornfels_shists,0.53,17.17,16,0.72,918.0
1666976,2025-08-01 03:40:00,2025-08-01 04:05:00,101223.53,60734.61,620.12,17.52,К-р Восточный,605-E230725_P_B_9.B,5090,2025-08-01,PV №52,mica-quartz_carbonate_massive_rocks,0.53,418.75,110,14.53,36.0
1580051,2025-05-07 22:14:00,2025-05-07 22:28:00,101244.26,60599.2,640.51,12.12,К-р Восточный,630-E030525_P_B_1.B,6030,2025-05-08,PV №52,quartz-mica foliated schists,0.53,417.4,109,16.28,54.0
1610963,2025-06-07 04:45:00,2025-06-07 05:02:00,101700.34,60103.09,639.16,11.55,К-р Восточный,630-E040625_P_B_4.A,5763,2025-06-07,PV №52,carbonized_quartz-mica_hornfels_shists,0.53,17.0,0,0.43,948.0
1610839,2025-06-07 02:38:00,2025-06-07 02:56:00,101723.47,60111.39,639.53,12.62,К-р Восточный,630-E040625_P_B_4.A,5964,2025-06-07,PV №52,carbonized_quartz-mica_hornfels_shists,0.53,337.44,110,14.46,54.0
1613084,2025-06-09 07:49:00,2025-06-09 08:10:00,101758.33,60102.44,638.97,12.04,К-р Восточный,630-E040625_P_B_4.A,5895,2025-06-09,PV №52,carbonized_quartz-mica_hornfels_shists,0.53,392.4,111,14.26,24.0
1614744,2025-06-11 00:36:00,2025-06-11 00:53:00,101739.89,60077.67,639.43,12.01,К-р Восточный,630-E040625_P_B_4.A,5808,2025-06-11,PV №52,carbonized_quartz-mica_hornfels_shists,0.53,63.77,74,5.42,42.0
1667564,2025-08-01 19:21:00,2025-08-01 20:03:00,101244.7,60711.32,620.3,19.41,К-р Восточный,605-E230725_P_B_9.B,5078,2025-08-01,PV №52,mica-quartz_carbonate_massive_rocks,0.53,222.36,114,10.44,30.0
1579345,2025-05-07 03:50:00,2025-05-07 04:04:00,101220.63,60673.86,640.07,12.66,К-р Восточный,630-E030525_P_B_1.B,6080,2025-05-07,PV №52,quartz-mica foliated schists,0.54,427.21,106,20.05,48.0
1667230,2025-08-01 10:01:00,2025-08-01 10:33:00,101228.62,60749.99,620.01,17.5,К-р Восточный,605-E230725_P_B_9.B,5051,2025-08-01,PV №52,mica-quartz_carbonate_massive_rocks,0.54,420.41,108,18.41,30.0
1579539,2025-05-07 09:40:00,2025-05-07 09:53:00,101251.97,60615.19,639.93,12.05,К-р Восточный,630-E030525_P_B_1.B,6042,2025-05-07,PV №52,quartz-mica foliated schists,0.54,420.45,109,15.99,42.0
1666213,2025-07-31 10:29:00,2025-07-31 10:54:00,101197.62,60794.56,619.89,17.55,К-р Восточный,605-E230725_P_B_9.B,5006,2025-07-31,PV №52,mica-quartz_carbonate_massive_rocks,0.54,54.7,78,4.05,696.6
1668058,2025-08-02 07:08:00,2025-08-02 07:31:00,101268.27,60753.27,621.06,18.52,К-р Восточный,605-E230725_P_B_9.B,8179,2025-08-02,PV №52,mica-quartz_carbonate_massive_rocks,0.54,21.02,70,3.57,411.6
1615063,2025-06-11 06:31:00,2025-06-11 06:51:00,101790.41,60076.24,639.1,11.62,К-р Восточный,630-E040625_P_B_4.A,5610,2025-06-11,PV №52,carbonized_quartz-mica_hornfels_shists,0.54,401.49,107,17.61,36.0
1668005,2025-08-02 05:11:00,2025-08-02 05:34:00,101242.51,60761.79,619.85,17.54,К-р Восточный,605-E230725_P_B_9.B,5044,2025-08-02,PV №52,mica-quartz_carbonate_massive_rocks,0.54,373.96,111,15.61,197.4
1578624,2025-05-06 09:32:00,2025-05-06 09:43:00,101255.62,60683.48,639.94,12.67,К-р Восточный,630-E030525_P_B_1.B,6152,2025-05-06,PV №52,quartz-mica foliated schists,0.54,17.09,67,4.26,997.8
1666247,2025-07-31 11:24:00,2025-07-31 11:53:00,101199.12,60775.76,620.23,17.55,К-р Восточный,605-E230725_P_B_9.B,5008,2025-07-31,PV №52,mica-quartz_carbonate_massive_rocks,0.54,411.01,112,12.69,35.4
1666290,2025-07-31 12:27:00,2025-07-31 13:00:00,101202.47,60758.41,620.12,17.5,К-р Восточный,605-E230725_P_B_9.B,5096,2025-07-31,PV №52,mica-quartz_carbonate_massive_rocks,0.54,414.87,109,15.9,36.0
1612371,2025-06-08 15:24:00,2025-06-08 15:43:00,101846.27,60109.52,639.14,12.11,К-р Восточный,630-E040625_P_B_4.A,5908,2025-06-08,PV №52,carbonized_quartz-mica_hornfels_shists,0.54,297.3,111,13.05,102.0
1668058,2025-08-02 07:08:00,2025-08-02 07:31:00,101268.27,60753.27,621.06,18.52,К-р Восточный,605-E230725_P_B_9.B,8179,2025-08-02,PV №52,mica-quartz_carbonate_massive_rocks,0.54,394.16,113,14.92,60.0
1611412,2025-06-07 17:19:00,2025-06-07 17:38:00,101844.63,60133.16,638.76,12.04,К-р Восточный,630-E040625_P_B_4.A,6074,2025-06-07,PV №52,carbonized_quartz-mica_hornfels_shists,0.54,363.78,108,16.96,30.6
1613091,2025-06-09 08:12:00,2025-06-09 08:44:00,101762.47,60097.07,639.01,12.01,К-р Восточный,630-E040625_P_B_4.A,5690,2025-06-09,PV №52,carbonized_quartz-mica_hornfels_shists,0.54,404.06,110,14.75,42.0
1666290,2025-07-31 12:27:00,2025-07-31 13:00:00,101202.47,60758.41,620.12,17.5,К-р Восточный,605-E230725_P_B_9.B,5096,2025-07-31,PV №52,mica-quartz_carbonate_massive_rocks,0.54,414.11,110,15.39,30.0
1667127,2025-08-01 07:34:00,2025-08-01 08:00:00,101221.47,60791.35,620.09,17.52,К-р Восточный,605-E230725_P_B_9.B,5017,2025-08-01,PV №52,mica-quartz_carbonate_massive_rocks,0.54,420.11,108,17.31,36.0
1612309,2025-06-08 13:54:00,2025-06-08 14:12:00,101774.56,60109.56,638.7,11.54,К-р Восточный,630-E040625_P_B_4.A,5752,2025-06-08,PV №52,carbonized_quartz-mica_hornfels_shists,0.54,400.51,110,14.07,42.6
1611692,2025-06-07 22:18:00,2025-06-07 22:36:00,101861.93,60128.11,639.47,11.33,К-р Восточный,630-E040625_P_B_4.A,5789,2025-06-08,PV №52,carbonized_quartz-mica_hornfels_shists,0.54,17.01,12,1.72,358.2
1672584,2025-08-06 17:18:00,2025-08-06 17:40:00,101239.12,60816.46,620.58,18.43,К-р Восточный,605-E230725_P_B_9.B,8156,2025-08-06,PV №52,mica-quartz_carbonate_massive_rocks,0.54,268.1,90,11.35,18.0
1579850,2025-05-07 18:25:00,2025-05-07 18:37:00,101257.69,60592.64,640.11,12.55,К-р Восточный,630-E030525_P_B_1.B,6100,2025-05-07,PV №52,quartz-mica foliated schists,0.54,24.71,64,1.65,909.0
1667393,2025-08-01 14:23:00,2025-08-01 14:48:00,101229.77,60787.38,620.08,17.89,К-р Восточный,605-E230725_P_B_9.B,5012,2025-08-01,PV №52,mica-quartz_carbonate_massive_rocks,0.54,419.47,108,17.5,24.0
1581473,2025-05-09 04:32:00,2025-05-09 04:47:00,101282.12,60502.77,640.16,12.64,К-р Восточный,630-E030525_P_B_1.B,5877,2025-05-09,PV №52,quartz-mica foliated schists,0.54,355.13,106,14.62,108.0
1667921,2025-08-02 03:18:00,2025-08-02 03:46:00,101265.69,60762.86,621.03,18.04,К-р Восточный,605-E230725_P_B_9.B,8178,2025-08-02,PV №52,mica-quartz_carbonate_massive_rocks,0.54,398.13,109,16.09,48.0
1613395,2025-06-09 16:11:00,2025-06-09 16:32:00,101738.97,60089.02,638.93,12.01,К-р Восточный,630-E040625_P_B_4.A,5882,2025-06-09,PV №52,carbonized_quartz-mica_hornfels_shists,0.54,399.9,109,15.67,48.6
1580837,2025-05-08 15:43:00,2025-05-08 15:56:00,101301.37,60542.85,640.09,12.51,К-р Восточный,630-E030525_P_B_1.B,5927,2025-05-08,PV №52,quartz-mica foliated schists,0.54,14.08,89,2.29,966.0
1581727,2025-05-09 10:15:00,2025-05-09 10:26:00,101327.18,60491.38,640.1,12.51,К-р Восточный,630-E030525_P_B_1.B,6000,2025-05-09,PV №52,mica-quartz_carbonate_massive_rocks,0.54,443.23,110,15.76,60.0
1612127,2025-06-08 09:12:00,2025-06-08 09:32:00,101855.9,60116.22,638.99,12.11,К-р Восточный,630-E040625_P_B_4.A,5740,2025-06-08,PV №52,carbonized_quartz-mica_hornfels_shists,0.54,358.67,111,12.39,36.0
1614467,2025-06-10 19:20:00,2025-06-10 19:41:00,101756.13,60084.25,639.87,12.02,К-р Восточный,630-E040625_P_B_4.A,5675,2025-06-10,PV №52,carbonized_quartz-mica_hornfels_shists,0.54,393.88,111,13.32,36.0
1666290,2025-07-31 12:27:00,2025-07-31 13:00:00,101202.47,60758.41,620.12,17.5,К-р Восточный,605-E230725_P_B_9.B,5096,2025-07-31,PV №52,mica-quartz_carbonate_massive_rocks,0.54,412.71,110,14.81,30.0
1667821,2025-08-02 01:15:00,2025-08-02 01:42:00,101237.68,60792.53,620.47,18.16,К-р Восточный,605-E230725_P_B_9.B,5020,2025-08-02,PV №52,mica-quartz_carbonate_massive_rocks,0.54,423.61,109,17.82,36.0
1614450,2025-06-10 18:04:00,2025-06-10 18:28:00,101749.59,60084.05,639.24,12.38,К-р Восточный,630-E040625_P_B_4.A,5676,2025-06-10,PV №52,carbonized_quartz-mica_hornfels_shists,0.54,385.58,100,13.77,36.0
1609213,2025-06-05 11:46:00,2025-06-05 12:01:00,101745.64,60131.19,638.87,12.39,К-р Восточный,630-E040625_P_B_4.A,5978,2025-06-05,PV №52,carbonized_quartz-mica_hornfels_shists,0.54,26.77,64,4.5,155.4
1580386,2025-05-08 04:56:00,2025-05-08 05:08:00,101307.19,60573.95,640.04,12.71,К-р Восточный,630-E030525_P_B_1.B,5952,2025-05-08,PV №52,quartz-mica foliated schists,0.54,170.47,113,10.14,138.0
1611732,2025-06-08 00:42:00,2025-06-08 01:00:00,101814.62,60124.74,639.3,11.59,К-р Восточный,630-E040625_P_B_4.A,5782,2025-06-08,PV №52,carbonized_quartz-mica_hornfels_shists,0.54,409.21,110,13.62,30.0
1579618,2025-05-07 12:17:00,2025-05-07 12:29:00,101291.22,60595.11,640.08,12.28,К-р Восточный,630-E030525_P_B_1.B,6096,2025-05-07,PV №52,quartz-mica foliated schists,0.55,4.04,99,4.47,820.2
1581174,2025-05-08 21:28:00,2025-05-08 21:44:00,101302.23,60527.41,640.05,12.13,К-р Восточный,630-E030525_P_B_1.B,5926,2025-05-09,PV №52,quartz-mica foliated schists,0.55,398.78,105,17.99,60.0
1667842,2025-08-02 01:44:00,2025-08-02 02:12:00,101238.33,60784.5,620.16,17.51,К-р Восточный,605-E230725_P_B_9.B,5019,2025-08-02,PV №52,mica-quartz_carbonate_massive_rocks,0.55,328.33,107,18.32,30.0
1615066,2025-06-11 07:35:00,2025-06-11 07:54:00,101863.5,60126.78,638.89,12.0,К-р Восточный,630-E040625_P_B_4.A,5789,2025-06-11,PV №52,carbonized_quartz-mica_hornfels_shists,0.55,19.87,33,2.56,954.0
1668386,2025-08-02 15:37:00,2025-08-02 15:56:00,101250.96,60718.03,620.42,18.19,К-р Восточный,605-E230725_P_B_9.B,5039,2025-08-02,PV №52,mica-quartz_carbonate_massive_rocks,0.55,87.78,116,7.86,181.2
1614070,2025-06-10 09:03:00,2025-06-10 09:27:00,101831.55,60079.69,639.47,12.64,К-р Восточный,630-E040625_P_B_4.A,5616,2025-06-10,PV №52,carbonized_quartz-mica_hornfels_shists,0.55,403.81,110,13.84,36.0
1611458,2025-06-07 19:17:00,2025-06-07 19:31:00,101817.44,60130.9,639.15,11.46,К-р Восточный,630-E040625_P_B_4.A,6070,2025-06-07,PV №52,carbonized_quartz-mica_hornfels_shists,0.55,403.66,109,16.24,30.0
1668017,2025-08-02 05:37:00,2025-08-02 06:05:00,101249.02,60768.12,620.23,17.51,К-р Восточный,605-E230725_P_B_9.B,5024,2025-08-02,PV №52,mica-quartz_carbonate_massive_rocks,0.55,397.58,108,18.47,36.0
1612443,2025-06-08 17:12:00,2025-06-08 17:35:00,101812.58,60107.23,639.26,12.26,К-р Восточный,630-E040625_P_B_4.A,5903,2025-06-08,PV №52,carbonized_quartz-mica_hornfels_shists,0.55,395.57,110,13.65,36.0
1579229,2025-05-07 01:39:00,2025-05-07 01:51:00,101244.24,60652.57,640.17,12.31,К-р Восточный,630-E030525_P_B_1.B,6137,2025-05-07,PV №52,quartz-mica foliated schists,0.55,18.79,54,1.25,984.0
1613988,2025-06-10 06:27:00,2025-06-10 06:47:00,101800.66,60082.28,638.89,12.02,К-р Восточный,630-E040625_P_B_4.A,5817,2025-06-10,PV №52,carbonized_quartz-mica_hornfels_shists,0.55,364.44,107,18.6,36.0
1579372,2025-05-07 04:23:00,2025-05-07 04:36:00,101230.79,60659.17,640.16,12.63,К-р Восточный,630-E030525_P_B_1.B,6068,2025-05-07,PV №52,quartz-mica foliated schists,0.55,316.95,111,13.37,60.0
1580316,2025-05-08 03:33:00,2025-05-08 03:46:00,101285.3,60579.36,640.33,12.59,К-р Восточный,630-E030525_P_B_1.B,6091,2025-05-08,PV №52,quartz-mica foliated schists,0.55,382.96,109,15.79,36.0
1580041,2025-05-07 22:30:00,2025-05-07 22:44:00,101249.02,60591.89,640.44,12.12,К-р Восточный,630-E030525_P_B_1.B,6101,2025-05-08,PV №52,quartz-mica foliated schists,0.55,417.87,108,17.16,54.0
1667022,2025-08-01 04:49:00,2025-08-01 05:06:00,101229.16,60707.83,620.32,17.83,К-р Восточный,605-E230725_P_B_9.B,5087,2025-08-01,PV №52,mica-quartz_carbonate_massive_rocks,0.55,420.75,110,14.87,84.0
1613873,2025-06-10 03:50:00,2025-06-10 04:10:00,101848.12,60086.11,639.58,12.52,К-р Восточный,630-E040625_P_B_4.A,5824,2025-06-10,PV №52,carbonized_quartz-mica_hornfels_shists,0.55,389.84,110,14.14,36.0
1613461,2025-06-09 17:43:00,2025-06-09 18:03:00,101766.02,60091.05,638.9,12.01,К-р Восточный,630-E040625_P_B_4.A,5878,2025-06-09,PV №52,carbonized_quartz-mica_hornfels_shists,0.55,409.18,109,16.77,36.0
1667393,2025-08-01 14:23:00,2025-08-01 14:48:00,101229.77,60787.38,620.08,17.89,К-р Восточный,605-E230725_P_B_9.B,5012,2025-08-01,PV №52,mica-quartz_carbonate_massive_rocks,0.55,421.14,108,18.43,36.0
1615013,2025-06-11 05:17:00,2025-06-11 05:45:00,101770.95,60075.15,639.38,12.01,К-р Восточный,630-E040625_P_B_4.A,5607,2025-06-11,PV №52,carbonized_quartz-mica_hornfels_shists,0.55,371.35,110,14.27,36.0
1578945,2025-05-06 19:01:00,2025-05-06 19:15:00,101270.0,60650.86,639.91,12.21,К-р Восточный,630-E030525_P_B_1.B,6133,2025-05-06,PV №52,quartz-mica foliated schists,0.55,18.52,19,0.58,978.0
1666873,2025-08-01 02:12:00,2025-08-01 02:40:00,101217.69,60761.67,620.17,17.56,К-р Восточный,605-E230725_P_B_9.B,5093,2025-08-01,PV №52,mica-quartz_carbonate_massive_rocks,0.55,415.56,110,14.12,36.0
1668242,2025-08-02 12:22:00,2025-08-02 12:49:00,101252.75,60750.34,619.83,17.56,К-р Восточный,605-E230725_P_B_9.B,5026,2025-08-02,PV №52,mica-quartz_carbonate_massive_rocks,0.55,426.43,108,17.48,36.0
1612060,2025-06-08 07:46:00,2025-06-08 08:01:00,101791.4,60116.93,638.91,11.59,К-р Восточный,630-E040625_P_B_4.A,5954,2025-06-08,PV №52,carbonized_quartz-mica_hornfels_shists,0.55,81.53,83,8.45,49.8
1666873,2025-08-01 02:12:00,2025-08-01 02:40:00,101217.69,60761.67,620.17,17.56,К-р Восточный,605-E230725_P_B_9.B,5093,2025-08-01,PV №52,mica-quartz_carbonate_massive_rocks,0.55,416.83,108,15.75,30.0
1613953,2025-06-10 05:19:00,2025-06-10 05:39:00,101821.04,60083.73,638.9,12.01,К-р Восточный,630-E040625_P_B_4.A,5820,2025-06-10,PV №52,carbonized_quartz-mica_hornfels_shists,0.55,50.07,81,7.89,114.0
1666802,2025-08-01 00:41:00,2025-08-01 01:09:00,101214.17,60786.28,620.3,17.62,К-р Восточный,605-E230725_P_B_9.B,5009,2025-08-01,PV №52,mica-quartz_carbonate_massive_rocks,0.55,404.39,109,14.94,42.0
1667508,2025-08-01 17:01:00,2025-08-01 17:26:00,101237.05,60746.9,620.01,17.5,К-р Восточный,605-E230725_P_B_9.B,5074,2025-08-01,PV №52,mica-quartz_carbonate_massive_rocks,0.55,422.99,109,16.26,42.0
1581587,2025-05-09 07:10:00,2025-05-09 07:30:00,101304.47,60497.02,640.33,12.51,К-р Восточный,630-E030525_P_B_1.B,5913,2025-05-09,PV №52,quartz-mica foliated schists,0.55,439.77,109,16.07,48.0
1666659,2025-07-31 22:17:00,2025-07-31 22:41:00,101219.07,60719.69,620.39,18.04,К-р Восточный,605-E230725_P_B_9.B,5063,2025-08-01,PV №52,mica-quartz_carbonate_massive_rocks,0.55,412.78,107,13.74,48.0
1612711,2025-06-08 19:43:00,2025-06-08 20:01:00,101771.72,60103.85,639.37,11.36,К-р Восточный,630-E040625_P_B_4.A,5897,2025-06-09,PV №52,carbonized_quartz-mica_hornfels_shists,0.55,408.66,109,16.13,42.0
1612263,2025-06-08 12:24:00,2025-06-08 12:45:00,101795.18,60111.38,639.04,12.05,К-р Восточный,630-E040625_P_B_4.A,5749,2025-06-08,PV №52,carbonized_quartz-mica_hornfels_shists,0.56,398.74,110,13.14,30.0
1612019,2025-06-08 06:12:00,2025-06-08 06:29:00,101804.75,60118.4,639.29,11.69,К-р Восточный,630-E040625_P_B_4.A,5952,2025-06-08,PV №52,carbonized_quartz-mica_hornfels_shists,0.56,-5.78,0,0.49,508.8
1613249,2025-06-09 12:11:00,2025-06-09 12:30:00,101755.43,60095.85,639.0,12.05,К-р Восточный,630-E040625_P_B_4.A,5689,2025-06-09,PV №52,carbonized_quartz-mica_hornfels_shists,0.56,404.75,111,13.83,36.0
1613431,2025-06-09 16:54:00,2025-06-09 17:16:00,101752.41,60089.72,638.93,12.02,К-р Восточный,630-E040625_P_B_4.A,5880,2025-06-09,PV №52,carbonized_quartz-mica_hornfels_shists,0.56,399.35,109,15.21,48.0
1609665,2025-06-05 20:45:00,2025-06-05 21:01:00,101709.12,60121.98,639.66,12.68,К-р Восточный,630-E040625_P_B_4.A,6054,2025-06-06,PV №52,carbonized_quartz-mica_hornfels_shists,0.56,131.66,57,7.81,23.4
1665915,2025-07-31 07:28:00,2025-07-31 07:51:00,101253.32,60708.55,622.36,18.02,К-р Восточный,605-E230725_P_B_9.B,5038,2025-07-31,PV №52,mica-quartz_carbonate_massive_rocks,0.56,426.87,108,19.02,60.0
1667184,2025-08-01 09:04:00,2025-08-01 09:30:00,101224.46,60767.44,620.07,17.51,К-р Восточный,605-E230725_P_B_9.B,5049,2025-08-01,PV №52,mica-quartz_carbonate_massive_rocks,0.56,414.61,110,14.23,36.0
1613395,2025-06-09 16:11:00,2025-06-09 16:32:00,101738.97,60089.02,638.93,12.01,К-р Восточный,630-E040625_P_B_4.A,5882,2025-06-09,PV №52,carbonized_quartz-mica_hornfels_shists,0.56,401.39,109,15.48,36.0
1613907,2025-06-10 04:32:00,2025-06-10 04:52:00,101834.74,60084.98,639.63,12.5,К-р Восточный,630-E040625_P_B_4.A,5822,2025-06-10,PV №52,carbonized_quartz-mica_hornfels_shists,0.56,388.56,110,13.47,36.0
1614955,2025-06-11 04:11:00,2025-06-11 04:34:00,101749.72,60073.4,639.41,12.0,К-р Восточный,630-E040625_P_B_4.A,5604,2025-06-11,PV №52,carbonized_quartz-mica_hornfels_shists,0.56,387.03,109,16.46,24.0
1612509,2025-06-08 19:19:00,2025-06-08 19:39:00,101778.46,60104.07,639.0,12.04,К-р Восточный,630-E040625_P_B_4.A,5898,2025-06-08,PV №52,carbonized_quartz-mica_hornfels_shists,0.56,152.12,43,11.94,120.0
1672857,2025-08-06 23:47:00,2025-08-07 00:05:00,101227.85,60814.82,619.99,18.36,К-р Восточный,605-E230725_P_B_9.B,5002,2025-08-07,PV №52,mica-quartz_carbonate_massive_rocks,0.56,145.51,83,8.46,24.0
1666873,2025-08-01 02:12:00,2025-08-01 02:40:00,101217.69,60761.67,620.17,17.56,К-р Восточный,605-E230725_P_B_9.B,5093,2025-08-01,PV №52,mica-quartz_carbonate_massive_rocks,0.56,415.07,111,13.73,36.0
1668688,2025-08-02 23:22:00,2025-08-02 23:40:00,101272.9,60693.84,620.79,18.53,К-р Восточный,605-E230725_P_B_9.B,8174,2025-08-03,PV №52,quartz-mica foliated schists,0.56,424.88,110,16.41,66.0
1613649,2025-06-09 20:05:00,2025-06-09 20:25:00,101793.11,60093.51,639.09,12.5,К-р Восточный,630-E040625_P_B_4.A,5874,2025-06-10,PV №52,carbonized_quartz-mica_hornfels_shists,0.56,363.23,111,13.33,30.0
1668195,2025-08-02 11:05:00,2025-08-02 11:28:00,101267.32,60720.46,621.47,18.01,К-р Восточный,605-E230725_P_B_9.B,8171,2025-08-02,PV №52,mica-quartz_carbonate_massive_rocks,0.56,36.86,81,4.19,642.0
1611692,2025-06-07 22:18:00,2025-06-07 22:36:00,101861.93,60128.11,639.47,11.33,К-р Восточный,630-E040625_P_B_4.A,5789,2025-06-08,PV №52,carbonized_quartz-mica_hornfels_shists,0.56,303.04,110,14.01,60.0
1613091,2025-06-09 08:12:00,2025-06-09 08:44:00,101762.47,60097.07,639.01,12.01,К-р Восточный,630-E040625_P_B_4.A,5690,2025-06-09,PV №52,carbonized_quartz-mica_hornfels_shists,0.56,410.88,110,14.73,36.0
1611925,2025-06-08 04:25:00,2025-06-08 04:41:00,101845.42,60121.21,639.19,11.66,К-р Восточный,630-E040625_P_B_4.A,5946,2025-06-08,PV №52,carbonized_quartz-mica_hornfels_shists,0.56,406.39,109,15.89,36.0
1614467,2025-06-10 19:20:00,2025-06-10 19:41:00,101756.13,60084.25,639.87,12.02,К-р Восточный,630-E040625_P_B_4.A,5675,2025-06-10,PV №52,carbonized_quartz-mica_hornfels_shists,0.56,386.72,101,13.46,30.0
1612353,2025-06-08 14:42:00,2025-06-08 15:01:00,101859.9,60110.53,638.86,12.05,К-р Восточный,630-E040625_P_B_4.A,5910,2025-06-08,PV №52,carbonized_quartz-mica_hornfels_shists,0.56,385.83,111,13.25,36.0
1667230,2025-08-01 10:01:00,2025-08-01 10:33:00,101228.62,60749.99,620.01,17.5,К-р Восточный,605-E230725_P_B_9.B,5051,2025-08-01,PV №52,mica-quartz_carbonate_massive_rocks,0.57,421.29,107,18.73,30.0
1579472,2025-05-07 07:50:00,2025-05-07 08:04:00,101217.44,60666.0,640.0,12.51,К-р Восточный,630-E030525_P_B_1.B,6145,2025-05-07,PV №52,quartz-mica foliated schists,0.57,426.6,108,17.17,54.0
1668195,2025-08-02 11:05:00,2025-08-02 11:28:00,101267.32,60720.46,621.47,18.01,К-р Восточный,605-E230725_P_B_9.B,8171,2025-08-02,PV №52,mica-quartz_carbonate_massive_rocks,0.57,428.58,109,17.61,48.0
1668070,2025-08-02 07:35:00,2025-08-02 08:01:00,101259.7,60756.55,620.57,18.0,К-р Восточный,605-E230725_P_B_9.B,8167,2025-08-02,PV №52,mica-quartz_carbonate_massive_rocks,0.57,408.42,109,17.55,30.0
1614981,2025-06-11 04:36:00,2025-06-11 04:55:00,101756.77,60073.7,639.38,12.01,К-р Восточный,630-E040625_P_B_4.A,5605,2025-06-11,PV №52,carbonized_quartz-mica_hornfels_shists,0.57,386.04,110,14.26,36.0
1609716,2025-06-05 21:23:00,2025-06-05 21:41:00,101722.56,60123.42,639.43,12.51,К-р Восточный,630-E040625_P_B_4.A,6056,2025-06-06,PV №52,fault_zone,0.57,28.16,38,0.82,910.8
1613639,2025-06-09 23:39:00,2025-06-09 23:58:00,101806.45,60094.96,638.93,12.01,К-р Восточный,630-E040625_P_B_4.A,5872,2025-06-10,PV №52,carbonized_quartz-mica_hornfels_shists,0.57,378.96,111,13.52,42.0
1581587,2025-05-09 07:10:00,2025-05-09 07:30:00,101304.47,60497.02,640.33,12.51,К-р Восточный,630-E030525_P_B_1.B,5913,2025-05-09,PV №52,quartz-mica foliated schists,0.57,432.77,110,16.36,48.0
1667564,2025-08-01 19:21:00,2025-08-01 20:03:00,101244.7,60711.32,620.3,19.41,К-р Восточный,605-E230725_P_B_9.B,5078,2025-08-01,PV №52,mica-quartz_carbonate_massive_rocks,0.57,222.2,114,10.34,24.6
1580852,2025-05-08 15:58:00,2025-05-08 16:10:00,101306.16,60535.59,639.72,12.51,К-р Восточный,630-E030525_P_B_1.B,5888,2025-05-08,PV №52,quartz-mica foliated schists,0.57,49.17,83,2.99,870.0
1614935,2025-06-11 03:47:00,2025-06-11 04:08:00,101743.92,60071.81,639.35,12.01,К-р Восточный,630-E040625_P_B_4.A,5603,2025-06-11,PV №52,carbonized_quartz-mica_hornfels_shists,0.57,383.2,108,17.1,36.0
1667172,2025-08-01 08:31:00,2025-08-01 09:03:00,101223.06,60775.03,620.17,17.83,К-р Восточный,605-E230725_P_B_9.B,5048,2025-08-01,PV №52,mica-quartz_carbonate_massive_rocks,0.57,416.65,111,13.55,36.0
1668303,2025-08-02 13:38:00,2025-08-02 14:05:00,101244.14,60752.83,619.82,17.5,К-р Восточный,605-E230725_P_B_9.B,5043,2025-08-02,PV №52,mica-quartz_carbonate_massive_rocks,0.57,381.81,110,15.19,36.0
1609401,2025-06-05 15:15:00,2025-06-05 15:31:00,101712.12,60128.66,639.44,12.63,К-р Восточный,630-E040625_P_B_4.A,5973,2025-06-05,PV №52,carbonized_quartz-mica_hornfels_shists,0.57,164.05,112,11.63,131.4
1667411,2025-08-01 14:50:00,2025-08-01 15:18:00,101230.35,60780.35,620.11,17.03,К-р Восточный,605-E230725_P_B_9.B,5047,2025-08-01,PV №52,mica-quartz_carbonate_massive_rocks,0.57,25.36,64,2.54,878.4
1666452,2025-07-31 17:09:00,2025-07-31 17:41:00,101209.34,60764.47,620.12,17.5,К-р Восточный,605-E230725_P_B_9.B,5068,2025-07-31,PV №52,mica-quartz_carbonate_massive_rocks,0.57,414.57,110,14.51,36.0
1667230,2025-08-01 10:01:00,2025-08-01 10:33:00,101228.62,60749.99,620.01,17.5,К-р Восточный,605-E230725_P_B_9.B,5051,2025-08-01,PV №52,mica-quartz_carbonate_massive_rocks,0.57,415.45,110,15.51,36.0
1667564,2025-08-01 19:21:00,2025-08-01 20:03:00,101244.7,60711.32,620.3,19.41,К-р Восточный,605-E230725_P_B_9.B,5078,2025-08-01,PV №52,mica-quartz_carbonate_massive_rocks,0.57,422.88,109,17.57,36.0
1612137,2025-06-08 09:34:00,2025-06-08 09:53:00,101849.32,60115.64,639.05,12.04,К-р Восточный,630-E040625_P_B_4.A,5741,2025-06-08,PV №52,carbonized_quartz-mica_hornfels_shists,0.57,379.56,108,16.31,36.0
1666247,2025-07-31 11:24:00,2025-07-31 11:53:00,101199.12,60775.76,620.23,17.55,К-р Восточный,605-E230725_P_B_9.B,5008,2025-07-31,PV №52,mica-quartz_carbonate_massive_rocks,0.57,411.3,112,13.03,30.0
1613897,2025-06-10 04:12:00,2025-06-10 04:30:00,101841.26,60085.48,639.45,12.02,К-р Восточный,630-E040625_P_B_4.A,5823,2025-06-10,PV №52,carbonized_quartz-mica_hornfels_shists,0.57,379.94,111,13.64,36.0
1612678,2025-06-08 20:13:00,2025-06-08 20:31:00,101857.07,60103.89,639.47,11.62,К-р Восточный,630-E040625_P_B_4.A,5704,2025-06-09,PV №52,carbonized_quartz-mica_hornfels_shists,0.57,304.48,113,11.94,30.0
1612912,2025-06-09 03:19:00,2025-06-09 03:44:00,101703.95,60097.62,639.5,11.49,К-р Восточный,630-E040625_P_B_4.A,5887,2025-06-09,PV №52,carbonized_quartz-mica_hornfels_shists,0.57,359.18,108,17.8,42.0
1666849,2025-08-01 01:42:00,2025-08-01 02:10:00,101216.12,60770.68,620.25,17.58,К-р Восточный,605-E230725_P_B_9.B,5094,2025-08-01,PV №52,mica-quartz_carbonate_massive_rocks,0.57,421.77,107,18.34,36.0
1613091,2025-06-09 08:12:00,2025-06-09 08:44:00,101762.47,60097.07,639.01,12.01,К-р Восточный,630-E040625_P_B_4.A,5690,2025-06-09,PV №52,carbonized_quartz-mica_hornfels_shists,0.57,415.12,111,14.43,30.0
1615063,2025-06-11 06:31:00,2025-06-11 06:51:00,101790.41,60076.24,639.1,11.62,К-р Восточный,630-E040625_P_B_4.A,5610,2025-06-11,PV №52,carbonized_quartz-mica_hornfels_shists,0.57,405.43,106,19.18,36.0
1581171,2025-05-08 20:40:00,2025-05-08 20:56:00,101276.29,60525.78,640.39,12.72,К-р Восточный,630-E030525_P_B_1.B,5923,2025-05-09,PV №52,quartz-mica foliated schists,0.57,157.57,76,10.59,36.0
1667732,2025-08-01 20:29:00,2025-08-01 20:57:00,101239.68,60696.48,620.16,18.01,К-р Восточный,605-E230725_P_B_9.B,5057,2025-08-02,PV №52,mica-quartz_carbonate_massive_rocks,0.57,308.83,103,18.0,42.0
1611186,2025-06-07 10:11:00,2025-06-07 10:30:00,101766.89,60121.16,638.69,11.61,К-р Восточный,630-E040625_P_B_4.A,5775,2025-06-07,PV №52,carbonized_quartz-mica_hornfels_shists,0.57,395.92,109,15.3,36.0
1668821,2025-08-03 02:17:00,2025-08-03 02:39:00,101267.64,60678.66,620.43,18.02,К-р Восточный,605-E230725_P_B_9.B,5034,2025-08-03,PV №52,quartz-mica foliated schists,0.58,350.39,109,18.71,30.0
1614402,2025-06-10 17:12:00,2025-06-10 17:38:00,101736.03,60082.64,639.12,12.1,К-р Восточный,630-E040625_P_B_4.A,5678,2025-06-10,PV №52,carbonized_quartz-mica_hornfels_shists,0.58,379.67,109,15.51,30.0
1613639,2025-06-09 23:39:00,2025-06-09 23:58:00,101806.45,60094.96,638.93,12.01,К-р Восточный,630-E040625_P_B_4.A,5872,2025-06-10,PV №52,carbonized_quartz-mica_hornfels_shists,0.58,377.97,111,13.03,30.0
1614718,2025-06-10 20:34:00,2025-06-10 20:53:00,101773.42,60079.64,639.3,12.0,К-р Восточный,630-E040625_P_B_4.A,5813,2025-06-11,PV №52,carbonized_quartz-mica_hornfels_shists,0.58,380.71,110,13.97,30.0
1666326,2025-07-31 13:54:00,2025-07-31 14:22:00,101208.34,60731.64,620.19,17.52,К-р Восточный,605-E230725_P_B_9.B,5099,2025-07-31,PV №52,mica-quartz_carbonate_massive_rocks,0.58,411.94,108,17.69,36.0
1612443,2025-06-08 17:12:00,2025-06-08 17:35:00,101812.58,60107.23,639.26,12.26,К-р Восточный,630-E040625_P_B_4.A,5903,2025-06-08,PV №52,carbonized_quartz-mica_hornfels_shists,0.58,395.85,110,13.79,36.0
1609715,2025-06-05 22:34:00,2025-06-05 22:51:00,101742.85,60124.76,639.19,11.51,К-р Восточный,630-E040625_P_B_4.A,6059,2025-06-06,PV №52,carbonized_quartz-mica_hornfels_shists,0.58,399.61,82,15.99,36.0
1614718,2025-06-10 20:34:00,2025-06-10 20:53:00,101773.42,60079.64,639.3,12.0,К-р Восточный,630-E040625_P_B_4.A,5813,2025-06-11,PV №52,carbonized_quartz-mica_hornfels_shists,0.58,383.18,109,15.17,30.0
1667940,2025-08-02 03:49:00,2025-08-02 04:14:00,101257.63,60765.24,620.6,18.28,К-р Восточный,605-E230725_P_B_9.B,8166,2025-08-02,PV №52,mica-quartz_carbonate_massive_rocks,0.58,430.54,110,15.44,48.0
1613249,2025-06-09 12:11:00,2025-06-09 12:30:00,101755.43,60095.85,639.0,12.05,К-р Восточный,630-E040625_P_B_4.A,5689,2025-06-09,PV №52,carbonized_quartz-mica_hornfels_shists,0.58,406.37,110,14.93,36.0
1611732,2025-06-08 00:42:00,2025-06-08 01:00:00,101814.62,60124.74,639.3,11.59,К-р Восточный,630-E040625_P_B_4.A,5782,2025-06-08,PV №52,carbonized_quartz-mica_hornfels_shists,0.58,406.79,111,13.63,36.0
1668484,2025-08-02 18:19:00,2025-08-02 18:41:00,101257.28,60690.66,620.42,17.51,К-р Восточный,605-E230725_P_B_9.B,5036,2025-08-02,PV №52,quartz-mica foliated schists,0.58,258.35,106,18.72,36.0
1580070,2025-05-07 23:08:00,2025-05-07 23:21:00,101234.85,60598.81,640.27,12.11,К-р Восточный,630-E030525_P_B_1.B,6029,2025-05-08,PV №52,quartz-mica foliated schists,0.58,38.72,40,2.02,888.0
1612704,2025-06-08 21:06:00,2025-06-08 21:22:00,101836.63,60102.72,639.37,11.91,К-р Восточный,630-E040625_P_B_4.A,5701,2025-06-09,PV №52,carbonized_quartz-mica_hornfels_shists,0.58,373.66,109,16.27,60.0
1613956,2025-06-10 05:41:00,2025-06-10 06:02:00,101814.56,60083.28,638.84,12.0,К-р Восточный,630-E040625_P_B_4.A,5819,2025-06-10,PV №52,carbonized_quartz-mica_hornfels_shists,0.58,386.99,110,14.27,30.0
1666976,2025-08-01 03:40:00,2025-08-01 04:05:00,101223.53,60734.61,620.12,17.52,К-р Восточный,605-E230725_P_B_9.B,5090,2025-08-01,PV №52,mica-quartz_carbonate_massive_rocks,0.58,65.82,75,4.27,90.0
1613656,2025-06-09 22:08:00,2025-06-09 22:30:00,101833.83,60096.61,639.49,12.51,К-р Восточный,630-E040625_P_B_4.A,5868,2025-06-10,PV №52,carbonized_quartz-mica_hornfels_shists,0.58,364.59,106,20.02,36.0
1612489,2025-06-08 18:36:00,2025-06-08 18:55:00,101785.49,60104.87,638.67,11.51,К-р Восточный,630-E040625_P_B_4.A,5899,2025-06-08,PV №52,carbonized_quartz-mica_hornfels_shists,0.58,404.08,109,15.37,30.0
1613091,2025-06-09 08:12:00,2025-06-09 08:44:00,101762.47,60097.07,639.01,12.01,К-р Восточный,630-E040625_P_B_4.A,5690,2025-06-09,PV №52,carbonized_quartz-mica_hornfels_shists,0.58,415.21,111,14.2,36.0
1579539,2025-05-07 09:40:00,2025-05-07 09:53:00,101251.97,60615.19,639.93,12.05,К-р Восточный,630-E030525_P_B_1.B,6042,2025-05-07,PV №52,quartz-mica foliated schists,0.58,72.55,114,8.71,144.0
1611796,2025-06-08 02:01:00,2025-06-08 02:18:00,101787.7,60122.18,639.08,11.32,К-р Восточный,630-E040625_P_B_4.A,5778,2025-06-08,PV №52,carbonized_quartz-mica_hornfels_shists,0.58,356.81,110,13.79,36.0
1579320,2025-05-07 03:13:00,2025-05-07 03:25:00,101274.31,60609.08,639.88,11.62,К-р Восточный,630-E030525_P_B_1.B,6112,2025-05-07,PV №52,quartz-mica foliated schists,0.58,420.83,109,15.86,48.0
1611128,2025-06-07 08:56:00,2025-06-07 09:13:00,101760.1,60120.38,638.85,11.92,К-р Восточный,630-E040625_P_B_4.A,5774,2025-06-07,PV №52,carbonized_quartz-mica_hornfels_shists,0.58,4.44,46,1.1,732.0
1612179,2025-06-08 10:17:00,2025-06-08 10:36:00,101835.84,60114.56,639.08,12.05,К-р Восточный,630-E040625_P_B_4.A,5743,2025-06-08,PV №52,carbonized_quartz-mica_hornfels_shists,0.58,4.13,36,0.8,688.2
1579637,2025-05-07 12:48:00,2025-05-07 13:00:00,101279.12,60601.88,639.92,12.09,К-р Восточный,630-E030525_P_B_1.B,6034,2025-05-07,PV №52,quartz-mica foliated schists,0.58,436.74,109,15.48,48.0
1668665,2025-08-02 20:55:00,2025-08-02 21:15:00,101288.75,60687.28,621.52,19.53,К-р Восточный,605-E230725_P_B_9.B,8160,2025-08-03,PV №52,quartz-mica foliated schists,0.58,418.18,111,15.87,90.0
1613091,2025-06-09 08:12:00,2025-06-09 08:44:00,101762.47,60097.07,639.01,12.01,К-р Восточный,630-E040625_P_B_4.A,5690,2025-06-09,PV №52,carbonized_quartz-mica_hornfels_shists,0.58,410.4,110,15.14,36.0
1667479,2025-08-01 16:33:00,2025-08-01 16:59:00,101234.99,60755.61,620.01,17.54,К-р Восточный,605-E230725_P_B_9.B,5073,2025-08-01,PV №52,mica-quartz_carbonate_massive_rocks,0.58,56.12,93,6.82,126.0
1666303,2025-07-31 13:02:00,2025-07-31 13:26:00,101204.62,60749.38,620.07,17.5,К-р Восточный,605-E230725_P_B_9.B,5097,2025-07-31,PV №52,mica-quartz_carbonate_massive_rocks,0.58,410.48,111,13.53,36.0
1612490,2025-06-08 18:15:00,2025-06-08 18:34:00,101792.39,60105.4,638.79,12.07,К-р Восточный,630-E040625_P_B_4.A,5900,2025-06-08,PV №52,carbonized_quartz-mica_hornfels_shists,0.58,383.33,111,13.55,42.0
1613635,2025-06-10 00:01:00,2025-06-10 00:20:00,101799.51,60094.08,638.98,12.52,К-р Восточный,630-E040625_P_B_4.A,5873,2025-06-10,PV №52,carbonized_quartz-mica_hornfels_shists,0.58,390.98,111,13.83,30.0
1581156,2025-05-08 23:08:00,2025-05-08 23:20:00,101339.01,60514.98,639.53,12.5,К-р Восточный,630-E030525_P_B_1.B,5965,2025-05-09,PV №52,mica-quartz_carbonate_massive_rocks,0.58,117.44,95,9.59,120.0
1613698,2025-06-10 00:30:00,2025-06-10 00:45:00,101850.93,60091.95,639.16,12.0,К-р Восточный,630-E040625_P_B_4.A,5661,2025-06-10,PV №52,carbonized_quartz-mica_hornfels_shists,0.58,30.19,83,5.35,24.0
1610920,2025-06-07 04:00:00,2025-06-07 04:17:00,101750.6,60113.76,639.21,11.53,К-р Восточный,630-E040625_P_B_4.A,5960,2025-06-07,PV №52,carbonized_quartz-mica_hornfels_shists,0.58,401.29,109,15.31,30.0
1612356,2025-06-08 15:03:00,2025-06-08 15:22:00,101853.04,60110.12,639.0,12.12,К-р Восточный,630-E040625_P_B_4.A,5909,2025-06-08,PV №52,carbonized_quartz-mica_hornfels_shists,0.58,213.73,109,14.47,155.4
1613431,2025-06-09 16:54:00,2025-06-09 17:16:00,101752.41,60089.72,638.93,12.02,К-р Восточный,630-E040625_P_B_4.A,5880,2025-06-09,PV №52,carbonized_quartz-mica_hornfels_shists,0.58,400.72,109,15.27,30.0
1666747,2025-07-31 22:44:00,2025-07-31 23:03:00,101221.02,60710.98,620.4,18.01,К-р Восточный,605-E230725_P_B_9.B,5062,2025-08-01,PV №52,mica-quartz_carbonate_massive_rocks,0.58,161.2,73,12.0,126.0
1615013,2025-06-11 05:17:00,2025-06-11 05:45:00,101770.95,60075.15,639.38,12.01,К-р Восточный,630-E040625_P_B_4.A,5607,2025-06-11,PV №52,carbonized_quartz-mica_hornfels_shists,0.58,371.41,110,14.25,42.0
1666429,2025-07-31 16:37:00,2025-07-31 17:07:00,101207.51,60773.5,620.11,17.53,К-р Восточный,605-E230725_P_B_9.B,5069,2025-07-31,PV №52,mica-quartz_carbonate_massive_rocks,0.58,414.47,111,13.96,36.0
1668767,2025-08-03 01:11:00,2025-08-03 01:29:00,101250.05,60684.6,620.57,17.63,К-р Восточный,605-E230725_P_B_9.B,5081,2025-08-03,PV №52,quartz-mica foliated schists,0.58,426.28,110,16.64,66.0
1667821,2025-08-02 01:15:00,2025-08-02 01:42:00,101237.68,60792.53,620.47,18.16,К-р Восточный,605-E230725_P_B_9.B,5020,2025-08-02,PV №52,mica-quartz_carbonate_massive_rocks,0.58,408.29,110,16.79,137.4
1668303,2025-08-02 13:38:00,2025-08-02 14:05:00,101244.14,60752.83,619.82,17.5,К-р Восточный,605-E230725_P_B_9.B,5043,2025-08-02,PV №52,mica-quartz_carbonate_massive_rocks,0.58,378.09,110,15.64,36.0
1613988,2025-06-10 06:27:00,2025-06-10 06:47:00,101800.66,60082.28,638.89,12.02,К-р Восточный,630-E040625_P_B_4.A,5817,2025-06-10,PV №52,carbonized_quartz-mica_hornfels_shists,0.58,373.7,109,16.3,36.0
1614230,2025-06-10 12:47:00,2025-06-10 13:08:00,101780.35,60080.18,639.25,12.01,К-р Восточный,630-E040625_P_B_4.A,5814,2025-06-10,PV №52,carbonized_quartz-mica_hornfels_shists,0.58,401.42,110,14.98,36.0
1614745,2025-06-10 19:44:00,2025-06-10 20:04:00,101762.94,60084.87,639.34,12.03,К-р Восточный,630-E040625_P_B_4.A,5674,2025-06-11,PV №52,carbonized_quartz-mica_hornfels_shists,0.58,385.96,109,14.16,30.0
1667204,2025-08-01 09:32:00,2025-08-01 09:59:00,101226.49,60758.95,620.1,17.5,К-р Восточный,605-E230725_P_B_9.B,5050,2025-08-01,PV №52,mica-quartz_carbonate_massive_rocks,0.58,418.6,109,17.07,54.0
1667204,2025-08-01 09:32:00,2025-08-01 09:59:00,101226.49,60758.95,620.1,17.5,К-р Восточный,605-E230725_P_B_9.B,5050,2025-08-01,PV №52,mica-quartz_carbonate_massive_rocks,0.58,419.15,109,17.35,30.0
1612190,2025-06-08 10:38:00,2025-06-08 10:59:00,101828.96,60113.97,639.12,12.16,К-р Восточный,630-E040625_P_B_4.A,5744,2025-06-08,PV №52,carbonized_quartz-mica_hornfels_shists,0.59,388.03,110,14.41,36.0
1612728,2025-06-09 00:16:00,2025-06-09 00:32:00,101775.82,60097.89,639.28,11.36,К-р Восточный,630-E040625_P_B_4.A,5692,2025-06-09,PV №52,carbonized_quartz-mica_hornfels_shists,0.59,409.71,111,14.21,35.4
1611032,2025-06-07 06:08:00,2025-06-07 06:24:00,101727.36,60105.68,639.26,11.67,К-р Восточный,630-E040625_P_B_4.A,5759,2025-06-07,PV №52,carbonized_quartz-mica_hornfels_shists,0.59,404.09,109,15.4,30.0
1612711,2025-06-08 19:43:00,2025-06-08 20:01:00,101771.72,60103.85,639.37,11.36,К-р Восточный,630-E040625_P_B_4.A,5897,2025-06-09,PV №52,carbonized_quartz-mica_hornfels_shists,0.59,406.43,110,14.27,30.0
1613956,2025-06-10 05:41:00,2025-06-10 06:02:00,101814.56,60083.28,638.84,12.0,К-р Восточный,630-E040625_P_B_4.A,5819,2025-06-10,PV №52,carbonized_quartz-mica_hornfels_shists,0.59,386.62,110,13.72,36.0
1667252,2025-08-01 10:35:00,2025-08-01 11:01:00,101230.39,60740.84,620.1,17.58,К-р Восточный,605-E230725_P_B_9.B,5052,2025-08-01,PV №52,mica-quartz_carbonate_massive_rocks,0.59,417.3,110,15.39,36.0
1611036,2025-06-07 06:26:00,2025-06-07 06:41:00,101734.07,60106.33,639.29,11.35,К-р Восточный,630-E040625_P_B_4.A,5758,2025-06-07,PV №52,carbonized_quartz-mica_hornfels_shists,0.59,404.82,108,16.31,30.0
1613993,2025-06-10 07:06:00,2025-06-10 07:22:00,101794.46,60081.85,638.98,11.61,К-р Восточный,630-E040625_P_B_4.A,5816,2025-06-10,PV №52,carbonized_quartz-mica_hornfels_shists,0.59,404.47,111,13.74,30.0
1667479,2025-08-01 16:33:00,2025-08-01 16:59:00,101234.99,60755.61,620.01,17.54,К-р Восточный,605-E230725_P_B_9.B,5073,2025-08-01,PV №52,mica-quartz_carbonate_massive_rocks,0.59,421.61,109,17.28,42.0
1615013,2025-06-11 05:17:00,2025-06-11 05:45:00,101770.95,60075.15,639.38,12.01,К-р Восточный,630-E040625_P_B_4.A,5607,2025-06-11,PV №52,carbonized_quartz-mica_hornfels_shists,0.59,407.83,109,15.92,30.0
1613629,2025-06-09 19:41:00,2025-06-09 20:02:00,101786.6,60092.87,638.87,12.01,К-р Восточный,630-E040625_P_B_4.A,5875,2025-06-10,PV №52,carbonized_quartz-mica_hornfels_shists,0.59,390.0,110,14.79,30.0
1668215,2025-08-02 11:33:00,2025-08-02 11:55:00,101275.37,60717.43,621.91,19.01,К-р Восточный,605-E230725_P_B_9.B,8183,2025-08-02,PV №52,mica-quartz_carbonate_massive_rocks,0.59,425.8,110,15.67,60.0
1579300,2025-05-07 02:56:00,2025-05-07 03:11:00,101269.03,60616.29,639.66,12.12,К-р Восточный,630-E030525_P_B_1.B,6040,2025-05-07,PV №52,quartz-mica foliated schists,0.59,393.32,108,15.02,42.0
1666247,2025-07-31 11:24:00,2025-07-31 11:53:00,101199.12,60775.76,620.23,17.55,К-р Восточный,605-E230725_P_B_9.B,5008,2025-07-31,PV №52,mica-quartz_carbonate_massive_rocks,0.59,413.57,110,14.22,36.0
1612206,2025-06-08 11:01:00,2025-06-08 11:19:00,101822.38,60113.49,639.08,12.04,К-р Восточный,630-E040625_P_B_4.A,5745,2025-06-08,PV №52,carbonized_quartz-mica_hornfels_shists,0.59,382.62,110,13.32,36.0
1580144,2025-05-08 00:49:00,2025-05-08 01:02:00,101271.4,60585.82,640.29,12.05,К-р Восточный,630-E030525_P_B_1.B,6020,2025-05-08,PV №52,quartz-mica foliated schists,0.59,33.76,49,1.24,978.6
1581634,2025-05-09 08:16:00,2025-05-09 08:33:00,101357.94,60501.33,639.68,12.54,К-р Восточный,630-E030525_P_B_1.B,5967,2025-05-09,PV №52,carbonaceous quartz-mica calcium metasomatites,0.59,402.25,110,15.19,42.0
1612190,2025-06-08 10:38:00,2025-06-08 10:59:00,101828.96,60113.97,639.12,12.16,К-р Восточный,630-E040625_P_B_4.A,5744,2025-06-08,PV №52,carbonized_quartz-mica_hornfels_shists,0.59,387.29,110,14.09,42.0
1667172,2025-08-01 08:31:00,2025-08-01 09:03:00,101223.06,60775.03,620.17,17.83,К-р Восточный,605-E230725_P_B_9.B,5048,2025-08-01,PV №52,mica-quartz_carbonate_massive_rocks,0.59,416.94,109,16.29,36.0
1667172,2025-08-01 08:31:00,2025-08-01 09:03:00,101223.06,60775.03,620.17,17.83,К-р Восточный,605-E230725_P_B_9.B,5048,2025-08-01,PV №52,mica-quartz_carbonate_massive_rocks,0.59,416.16,110,15.93,36.0
1579628,2025-05-07 12:31:00,2025-05-07 12:44:00,101283.36,60594.29,639.96,12.09,К-р Восточный,630-E030525_P_B_1.B,6097,2025-05-07,PV №52,quartz-mica foliated schists,0.59,93.75,110,10.64,54.0
1609072,2025-06-05 07:52:00,2025-06-05 08:06:00,101681.16,60132.33,639.32,12.56,К-р Восточный,630-E040625_P_B_4.A,6050,2025-06-05,PV №52,carbonized_quartz-mica_hornfels_shists,0.59,88.15,67,8.17,185.4
1613649,2025-06-09 20:05:00,2025-06-09 20:25:00,101793.11,60093.51,639.09,12.5,К-р Восточный,630-E040625_P_B_4.A,5874,2025-06-10,PV №52,carbonized_quartz-mica_hornfels_shists,0.59,378.43,110,14.12,36.0
1666326,2025-07-31 13:54:00,2025-07-31 14:22:00,101208.34,60731.64,620.19,17.52,К-р Восточный,605-E230725_P_B_9.B,5099,2025-07-31,PV №52,mica-quartz_carbonate_massive_rocks,0.59,395.92,105,18.54,18.0
1610983,2025-06-07 05:04:00,2025-06-07 05:26:00,101707.3,60103.88,639.86,11.71,К-р Восточный,630-E040625_P_B_4.A,5762,2025-06-07,PV №52,carbonized_quartz-mica_hornfels_shists,0.59,31.53,0,0.63,918.0
1613383,2025-06-09 15:51:00,2025-06-09 16:09:00,101732.09,60088.49,638.99,12.03,К-р Восточный,630-E040625_P_B_4.A,5883,2025-06-09,PV №52,carbonized_quartz-mica_hornfels_shists,0.59,402.22,111,13.64,42.0
1614230,2025-06-10 12:47:00,2025-06-10 13:08:00,101780.35,60080.18,639.25,12.01,К-р Восточный,630-E040625_P_B_4.A,5814,2025-06-10,PV №52,carbonized_quartz-mica_hornfels_shists,0.59,405.09,108,17.23,36.0
1612390,2025-06-08 15:45:00,2025-06-08 16:06:00,101839.66,60109.06,639.32,12.12,К-р Восточный,630-E040625_P_B_4.A,5907,2025-06-08,PV №52,carbonized_quartz-mica_hornfels_shists,0.59,384.23,110,13.88,30.0
1614955,2025-06-11 04:11:00,2025-06-11 04:34:00,101749.72,60073.4,639.41,12.0,К-р Восточный,630-E040625_P_B_4.A,5604,2025-06-11,PV №52,carbonized_quartz-mica_hornfels_shists,0.59,281.83,111,12.19,24.0
1668821,2025-08-03 02:17:00,2025-08-03 02:39:00,101267.64,60678.66,620.43,18.02,К-р Восточный,605-E230725_P_B_9.B,5034,2025-08-03,PV №52,quartz-mica foliated schists,0.59,303.66,109,18.9,36.0
1611622,2025-06-07 21:13:00,2025-06-07 21:29:00,101783.81,60127.88,638.82,11.23,К-р Восточный,630-E040625_P_B_4.A,6065,2025-06-08,PV №52,carbonized_quartz-mica_hornfels_shists,0.59,403.4,110,14.54,36.0
1612390,2025-06-08 15:45:00,2025-06-08 16:06:00,101839.66,60109.06,639.32,12.12,К-р Восточный,630-E040625_P_B_4.A,5907,2025-06-08,PV №52,carbonized_quartz-mica_hornfels_shists,0.59,384.76,110,14.3,36.0
1609929,2025-06-06 03:47:00,2025-06-06 04:04:00,101739.94,60118.72,639.28,11.53,К-р Восточный,630-E040625_P_B_4.A,5771,2025-06-06,PV №52,carbonized_quartz-mica_hornfels_shists,0.59,202.87,83,10.58,150.0
1613932,2025-06-10 04:55:00,2025-06-10 05:17:00,101827.88,60084.46,639.35,12.51,К-р Восточный,630-E040625_P_B_4.A,5821,2025-06-10,PV №52,carbonized_quartz-mica_hornfels_shists,0.59,383.25,109,15.23,30.0
1667786,2025-08-02 00:16:00,2025-08-02 00:42:00,101255.85,60773.54,620.57,18.03,К-р Восточный,605-E230725_P_B_9.B,8165,2025-08-02,PV №52,mica-quartz_carbonate_massive_rocks,0.59,421.12,109,16.72,36.0
1615028,2025-06-11 05:48:00,2025-06-11 06:07:00,101777.39,60075.52,639.37,12.01,К-р Восточный,630-E040625_P_B_4.A,5608,2025-06-11,PV №52,carbonized_quartz-mica_hornfels_shists,0.59,390.59,110,14.66,30.0
1666452,2025-07-31 17:09:00,2025-07-31 17:41:00,101209.34,60764.47,620.12,17.5,К-р Восточный,605-E230725_P_B_9.B,5068,2025-07-31,PV №52,mica-quartz_carbonate_massive_rocks,0.59,421.25,107,18.48,30.0
1612276,2025-06-08 12:48:00,2025-06-08 13:06:00,101788.41,60111.0,638.8,11.57,К-р Восточный,630-E040625_P_B_4.A,5750,2025-06-08,PV №52,carbonized_quartz-mica_hornfels_shists,0.59,100.98,105,8.88,36.0
1667138,2025-08-01 08:02:00,2025-08-01 08:29:00,101222.04,60783.45,620.34,17.04,К-р Восточный,605-E230725_P_B_9.B,5018,2025-08-01,PV №52,mica-quartz_carbonate_massive_rocks,0.59,420.22,109,16.41,36.0
1615028,2025-06-11 05:48:00,2025-06-11 06:07:00,101777.39,60075.52,639.37,12.01,К-р Восточный,630-E040625_P_B_4.A,5608,2025-06-11,PV №52,carbonized_quartz-mica_hornfels_shists,0.59,385.26,110,14.25,30.0
1611925,2025-06-08 04:25:00,2025-06-08 04:41:00,101845.42,60121.21,639.19,11.66,К-р Восточный,630-E040625_P_B_4.A,5946,2025-06-08,PV №52,carbonized_quartz-mica_hornfels_shists,0.59,405.65,110,15.11,36.0
1613859,2025-06-10 03:24:00,2025-06-10 03:43:00,101796.74,60088.05,639.05,12.51,К-р Восточный,630-E040625_P_B_4.A,5669,2025-06-10,PV №52,carbonized_quartz-mica_hornfels_shists,0.59,59.39,70,7.35,48.0
1614981,2025-06-11 04:36:00,2025-06-11 04:55:00,101756.77,60073.7,639.38,12.01,К-р Восточный,630-E040625_P_B_4.A,5605,2025-06-11,PV №52,carbonized_quartz-mica_hornfels_shists,0.59,386.37,110,14.19,42.0
1580546,2025-05-08 09:15:00,2025-05-08 09:27:00,101241.09,60576.04,640.39,12.59,К-р Восточный,630-E030525_P_B_1.B,6086,2025-05-08,PV №52,quartz-mica foliated schists,0.59,417.03,109,15.52,60.0
1613431,2025-06-09 16:54:00,2025-06-09 17:16:00,101752.41,60089.72,638.93,12.02,К-р Восточный,630-E040625_P_B_4.A,5880,2025-06-09,PV №52,carbonized_quartz-mica_hornfels_shists,0.59,400.43,110,14.92,36.0
1614911,2025-06-11 03:26:00,2025-06-11 03:45:00,101737.02,60071.0,639.09,12.01,К-р Восточный,630-E040625_P_B_4.A,5602,2025-06-11,PV №52,carbonized_quartz-mica_hornfels_shists,0.59,371.98,111,13.43,36.0
1666849,2025-08-01 01:42:00,2025-08-01 02:10:00,101216.12,60770.68,620.25,17.58,К-р Восточный,605-E230725_P_B_9.B,5094,2025-08-01,PV №52,mica-quartz_carbonate_massive_rocks,0.59,23.7,44,1.02,972.0
1615013,2025-06-11 05:17:00,2025-06-11 05:45:00,101770.95,60075.15,639.38,12.01,К-р Восточный,630-E040625_P_B_4.A,5607,2025-06-11,PV №52,carbonized_quartz-mica_hornfels_shists,0.59,372.2,110,14.69,30.0
1666830,2025-08-01 01:12:00,2025-08-01 01:40:00,101214.89,60778.02,620.29,17.57,К-р Восточный,605-E230725_P_B_9.B,5070,2025-08-01,PV №52,mica-quartz_carbonate_massive_rocks,0.59,418.52,110,15.56,36.0
1667184,2025-08-01 09:04:00,2025-08-01 09:30:00,101224.46,60767.44,620.07,17.51,К-р Восточный,605-E230725_P_B_9.B,5049,2025-08-01,PV №52,mica-quartz_carbonate_massive_rocks,0.59,413.84,111,13.55,36.0
1611047,2025-06-07 07:12:00,2025-06-07 07:33:00,101741.02,60106.84,639.08,12.1,К-р Восточный,630-E040625_P_B_4.A,5757,2025-06-07,PV №52,carbonized_quartz-mica_hornfels_shists,0.59,386.53,109,15.22,36.0
1611412,2025-06-07 17:19:00,2025-06-07 17:38:00,101844.63,60133.16,638.76,12.04,К-р Восточный,630-E040625_P_B_4.A,6074,2025-06-07,PV №52,carbonized_quartz-mica_hornfels_shists,0.6,366.77,110,14.06,42.0
1614355,2025-06-10 16:22:00,2025-06-10 16:43:00,101722.39,60081.78,639.4,12.51,К-р Восточный,630-E040625_P_B_4.A,5680,2025-06-10,PV №52,carbonized_quartz-mica_hornfels_shists,0.6,414.63,101,19.07,36.0
1580580,2025-05-08 09:45:00,2025-05-08 09:57:00,101251.46,60561.67,640.61,12.53,К-р Восточный,630-E030525_P_B_1.B,5937,2025-05-08,PV №52,quartz-mica foliated schists,0.6,408.68,107,16.22,54.0
1614744,2025-06-11 00:36:00,2025-06-11 00:53:00,101739.89,60077.67,639.43,12.01,К-р Восточный,630-E040625_P_B_4.A,5808,2025-06-11,PV №52,carbonized_quartz-mica_hornfels_shists,0.6,400.09,109,16.59,36.0
1668242,2025-08-02 12:22:00,2025-08-02 12:49:00,101252.75,60750.34,619.83,17.56,К-р Восточный,605-E230725_P_B_9.B,5026,2025-08-02,PV №52,mica-quartz_carbonate_massive_rocks,0.6,425.72,109,16.77,36.0
1580193,2025-05-08 01:24:00,2025-05-08 01:37:00,101253.92,60584.74,640.51,12.09,К-р Восточный,630-E030525_P_B_1.B,6022,2025-05-08,PV №52,quartz-mica foliated schists,0.6,180.72,93,10.04,138.0
1611846,2025-06-08 02:59:00,2025-06-08 03:17:00,101771.4,60115.36,639.11,11.24,К-р Восточный,630-E040625_P_B_4.A,5957,2025-06-08,PV №52,carbonized_quartz-mica_hornfels_shists,0.6,406.93,109,15.82,36.0
1667204,2025-08-01 09:32:00,2025-08-01 09:59:00,101226.49,60758.95,620.1,17.5,К-р Восточный,605-E230725_P_B_9.B,5050,2025-08-01,PV №52,mica-quartz_carbonate_massive_rocks,0.6,413.74,111,14.07,36.0
1667441,2025-08-01 15:19:00,2025-08-01 15:42:00,101232.06,60772.74,620.09,17.01,К-р Восточный,605-E230725_P_B_9.B,5071,2025-08-01,PV №52,mica-quartz_carbonate_massive_rocks,0.6,73.37,115,8.54,54.0
1666247,2025-07-31 11:24:00,2025-07-31 11:53:00,101199.12,60775.76,620.23,17.55,К-р Восточный,605-E230725_P_B_9.B,5008,2025-07-31,PV №52,mica-quartz_carbonate_massive_rocks,0.6,411.86,111,13.3,36.0
1668645,2025-08-02 19:52:00,2025-08-02 20:27:00,101285.48,60696.18,621.3,20.93,К-р Восточный,605-E230725_P_B_9.B,8161,2025-08-03,PV №52,quartz-mica foliated schists,0.6,373.23,110,15.17,84.0
1666725,2025-07-31 20:18:00,2025-07-31 20:45:00,101212.3,60713.71,620.49,18.01,К-р Восточный,605-E230725_P_B_9.B,5101,2025-08-01,PV №52,mica-quartz_carbonate_massive_rocks,0.6,407.87,97,15.19,42.0
1613826,2025-06-10 03:03:00,2025-06-10 03:22:00,101803.51,60088.47,639.11,12.01,К-р Восточный,630-E040625_P_B_4.A,5668,2025-06-10,PV №52,carbonized_quartz-mica_hornfels_shists,0.6,194.04,91,9.65,54.0
1613760,2025-06-10 01:54:00,2025-06-10 02:15:00,101824.38,60090.07,639.24,12.52,К-р Восточный,630-E040625_P_B_4.A,5665,2025-06-10,PV №52,carbonized_quartz-mica_hornfels_shists,0.6,405.39,111,14.21,36.0
1580475,2025-05-08 07:35:00,2025-05-08 07:47:00,101281.46,60571.68,640.3,12.62,К-р Восточный,630-E030525_P_B_1.B,6014,2025-05-08,PV №52,quartz-mica foliated schists,0.6,220.29,113,11.67,222.0
1581855,2025-05-09 13:09:00,2025-05-09 13:21:00,101314.29,60482.79,640.25,13.01,К-р Восточный,630-E030525_P_B_1.B,5973,2025-05-09,PV №52,mica-quartz_carbonate_massive_rocks,0.6,449.59,109,17.57,78.0
1672630,2025-08-06 19:10:00,2025-08-06 19:25:00,101227.38,60824.16,620.05,18.07,К-р Восточный,605-E230725_P_B_9.B,5001,2025-08-06,PV №52,mica-quartz_carbonate_massive_rocks,0.6,421.44,110,16.71,66.0
1667204,2025-08-01 09:32:00,2025-08-01 09:59:00,101226.49,60758.95,620.1,17.5,К-р Восточный,605-E230725_P_B_9.B,5050,2025-08-01,PV №52,mica-quartz_carbonate_massive_rocks,0.6,419.69,108,17.69,42.0
1613897,2025-06-10 04:12:00,2025-06-10 04:30:00,101841.26,60085.48,639.45,12.02,К-р Восточный,630-E040625_P_B_4.A,5823,2025-06-10,PV №52,carbonized_quartz-mica_hornfels_shists,0.6,381.91,110,14.99,36.0
1579618,2025-05-07 12:17:00,2025-05-07 12:29:00,101291.22,60595.11,640.08,12.28,К-р Восточный,630-E030525_P_B_1.B,6096,2025-05-07,PV №52,quartz-mica foliated schists,0.6,102.25,115,7.58,168.0
1668784,2025-08-03 01:32:00,2025-08-03 01:51:00,101259.22,60681.48,620.47,17.63,К-р Восточный,605-E230725_P_B_9.B,5035,2025-08-03,PV №52,quartz-mica foliated schists,0.6,13.53,4,1.03,354.6
1611366,2025-06-07 16:16:00,2025-06-07 16:34:00,101864.93,60134.61,638.86,11.53,К-р Восточный,630-E040625_P_B_4.A,6077,2025-06-07,PV №52,carbonized_quartz-mica_hornfels_shists,0.6,373.1,106,20.21,36.0
1612327,2025-06-08 14:16:00,2025-06-08 14:36:00,101768.21,60109.18,638.77,11.48,К-р Восточный,630-E040625_P_B_4.A,5753,2025-06-08,PV №52,carbonized_quartz-mica_hornfels_shists,0.6,292.62,111,13.12,36.0
1612263,2025-06-08 12:24:00,2025-06-08 12:45:00,101795.18,60111.38,639.04,12.05,К-р Восточный,630-E040625_P_B_4.A,5749,2025-06-08,PV №52,carbonized_quartz-mica_hornfels_shists,0.6,82.8,112,9.45,18.0
1666976,2025-08-01 03:40:00,2025-08-01 04:05:00,101223.53,60734.61,620.12,17.52,К-р Восточный,605-E230725_P_B_9.B,5090,2025-08-01,PV №52,mica-quartz_carbonate_massive_rocks,0.6,420.18,110,15.38,36.0
1613664,2025-06-09 23:16:00,2025-06-09 23:36:00,101813.4,60095.31,638.96,12.01,К-р Восточный,630-E040625_P_B_4.A,5871,2025-06-10,PV №52,carbonized_quartz-mica_hornfels_shists,0.6,384.54,109,16.79,30.0
1667138,2025-08-01 08:02:00,2025-08-01 08:29:00,101222.04,60783.45,620.34,17.04,К-р Восточный,605-E230725_P_B_9.B,5018,2025-08-01,PV №52,mica-quartz_carbonate_massive_rocks,0.6,418.58,110,15.43,36.0
1580063,2025-05-07 23:50:00,2025-05-08 00:06:00,101303.11,60586.67,640.03,12.71,К-р Восточный,630-E030525_P_B_1.B,6094,2025-05-08,PV №52,quartz-mica foliated schists,0.6,214.66,112,11.57,48.0
1581147,2025-05-08 20:58:00,2025-05-08 21:10:00,101284.77,60526.44,640.06,12.14,К-р Восточный,630-E030525_P_B_1.B,5924,2025-05-09,PV №52,quartz-mica foliated schists,0.6,425.51,109,16.46,60.0
1580081,2025-05-07 20:33:00,2025-05-07 20:46:00,101225.37,60613.21,640.38,12.64,К-р Восточный,630-E030525_P_B_1.B,6045,2025-05-08,PV №52,quartz-mica foliated schists,0.6,326.89,110,14.53,174.0
1611657,2025-06-07 22:38:00,2025-06-07 22:57:00,101855.24,60127.65,639.24,11.81,К-р Восточный,630-E040625_P_B_4.A,5788,2025-06-08,PV №52,carbonized_quartz-mica_hornfels_shists,0.6,404.55,109,15.13,36.0
1666830,2025-08-01 01:12:00,2025-08-01 01:40:00,101214.89,60778.02,620.29,17.57,К-р Восточный,605-E230725_P_B_9.B,5070,2025-08-01,PV №52,mica-quartz_carbonate_massive_rocks,0.6,421.57,108,17.68,36.0
1611159,2025-06-07 09:33:00,2025-06-07 09:52:00,101754.63,60108.34,638.79,11.53,К-р Восточный,630-E040625_P_B_4.A,5755,2025-06-07,PV №52,carbonized_quartz-mica_hornfels_shists,0.6,341.93,111,13.19,36.0
1612450,2025-06-08 17:36:00,2025-06-08 17:52:00,101805.88,60106.45,638.5,12.04,К-р Восточный,630-E040625_P_B_4.A,5902,2025-06-08,PV №52,carbonized_quartz-mica_hornfels_shists,0.6,388.7,110,14.26,42.0
1613635,2025-06-10 00:01:00,2025-06-10 00:20:00,101799.51,60094.08,638.98,12.52,К-р Восточный,630-E040625_P_B_4.A,5873,2025-06-10,PV №52,carbonized_quartz-mica_hornfels_shists,0.6,390.93,110,14.15,42.0
1612190,2025-06-08 10:38:00,2025-06-08 10:59:00,101828.96,60113.97,639.12,12.16,К-р Восточный,630-E040625_P_B_4.A,5744,2025-06-08,PV №52,carbonized_quartz-mica_hornfels_shists,0.6,388.23,110,14.23,36.0
1614745,2025-06-10 19:44:00,2025-06-10 20:04:00,101762.94,60084.87,639.34,12.03,К-р Восточный,630-E040625_P_B_4.A,5674,2025-06-11,PV №52,carbonized_quartz-mica_hornfels_shists,0.6,388.84,107,15.77,36.0
1666873,2025-08-01 02:12:00,2025-08-01 02:40:00,101217.69,60761.67,620.17,17.56,К-р Восточный,605-E230725_P_B_9.B,5093,2025-08-01,PV №52,mica-quartz_carbonate_massive_rocks,0.6,415.82,111,14.31,30.0
1579085,2025-05-06 21:37:00,2025-05-06 21:50:00,101264.51,60647.02,639.81,12.07,К-р Восточный,630-E030525_P_B_1.B,6057,2025-05-07,PV №52,quartz-mica foliated schists,0.6,412.15,108,17.37,54.0
1666474,2025-07-31 17:42:00,2025-07-31 18:10:00,101211.23,60755.47,620.13,17.52,К-р Восточный,605-E230725_P_B_9.B,5067,2025-07-31,PV №52,mica-quartz_carbonate_massive_rocks,0.6,418.1,109,16.43,36.0
1580386,2025-05-08 04:56:00,2025-05-08 05:08:00,101307.19,60573.95,640.04,12.71,К-р Восточный,630-E030525_P_B_1.B,5952,2025-05-08,PV №52,quartz-mica foliated schists,0.6,331.72,110,14.79,66.0
1612443,2025-06-08 17:12:00,2025-06-08 17:35:00,101812.58,60107.23,639.26,12.26,К-р Восточный,630-E040625_P_B_4.A,5903,2025-06-08,PV №52,carbonized_quartz-mica_hornfels_shists,0.6,397.5,110,14.94,36.0
1672523,2025-08-06 16:18:00,2025-08-06 16:44:00,101244.07,60807.19,620.97,18.43,К-р Восточный,605-E230725_P_B_9.B,8157,2025-08-06,PV №52,mica-quartz_carbonate_massive_rocks,0.61,331.91,113,13.21,36.0
1609935,2025-06-06 04:07:00,2025-06-06 04:24:00,101746.81,60119.32,639.27,11.33,К-р Восточный,630-E040625_P_B_4.A,5772,2025-06-06,PV №52,carbonized_quartz-mica_hornfels_shists,0.61,403.8,109,15.22,36.0
1615063,2025-06-11 06:31:00,2025-06-11 06:51:00,101790.41,60076.24,639.1,11.62,К-р Восточный,630-E040625_P_B_4.A,5610,2025-06-11,PV №52,carbonized_quartz-mica_hornfels_shists,0.61,376.77,109,15.63,42.0
1666830,2025-08-01 01:12:00,2025-08-01 01:40:00,101214.89,60778.02,620.29,17.57,К-р Восточный,605-E230725_P_B_9.B,5070,2025-08-01,PV №52,mica-quartz_carbonate_massive_rocks,0.61,417.13,111,14.44,36.0
1668070,2025-08-02 07:35:00,2025-08-02 08:01:00,101259.7,60756.55,620.57,18.0,К-р Восточный,605-E230725_P_B_9.B,8167,2025-08-02,PV №52,mica-quartz_carbonate_massive_rocks,0.61,409.81,108,18.48,36.0
1667252,2025-08-01 10:35:00,2025-08-01 11:01:00,101230.39,60740.84,620.1,17.58,К-р Восточный,605-E230725_P_B_9.B,5052,2025-08-01,PV №52,mica-quartz_carbonate_massive_rocks,0.61,417.87,110,15.09,36.0
1613431,2025-06-09 16:54:00,2025-06-09 17:16:00,101752.41,60089.72,638.93,12.02,К-р Восточный,630-E040625_P_B_4.A,5880,2025-06-09,PV №52,carbonized_quartz-mica_hornfels_shists,0.61,401.32,110,15.25,36.0
1615013,2025-06-11 05:17:00,2025-06-11 05:45:00,101770.95,60075.15,639.38,12.01,К-р Восточный,630-E040625_P_B_4.A,5607,2025-06-11,PV №52,carbonized_quartz-mica_hornfels_shists,0.61,371.89,110,14.63,30.0
1667959,2025-08-02 04:18:00,2025-08-02 04:43:00,101238.74,60776.94,619.83,17.44,К-р Восточный,605-E230725_P_B_9.B,5046,2025-08-02,PV №52,mica-quartz_carbonate_massive_rocks,0.61,418.51,107,20.03,42.0
1668821,2025-08-03 02:17:00,2025-08-03 02:39:00,101267.64,60678.66,620.43,18.02,К-р Восточный,605-E230725_P_B_9.B,5034,2025-08-03,PV №52,quartz-mica foliated schists,0.61,318.21,108,19.34,36.0
1667959,2025-08-02 04:18:00,2025-08-02 04:43:00,101238.74,60776.94,619.83,17.44,К-р Восточный,605-E230725_P_B_9.B,5046,2025-08-02,PV №52,mica-quartz_carbonate_massive_rocks,0.61,406.71,108,18.55,36.0
1666849,2025-08-01 01:42:00,2025-08-01 02:10:00,101216.12,60770.68,620.25,17.58,К-р Восточный,605-E230725_P_B_9.B,5094,2025-08-01,PV №52,mica-quartz_carbonate_massive_rocks,0.61,422.06,107,18.46,36.0
1667747,2025-08-01 23:15:00,2025-08-01 23:41:00,101245.82,60788.55,620.64,18.01,К-р Восточный,605-E230725_P_B_9.B,8159,2025-08-02,PV №52,mica-quartz_carbonate_massive_rocks,0.61,408.32,101,21.82,42.0
1667821,2025-08-02 01:15:00,2025-08-02 01:42:00,101237.68,60792.53,620.47,18.16,К-р Восточный,605-E230725_P_B_9.B,5020,2025-08-02,PV №52,mica-quartz_carbonate_massive_rocks,0.61,58.54,68,6.06,42.6
1614467,2025-06-10 19:20:00,2025-06-10 19:41:00,101756.13,60084.25,639.87,12.02,К-р Восточный,630-E040625_P_B_4.A,5675,2025-06-10,PV №52,carbonized_quartz-mica_hornfels_shists,0.61,386.79,101,13.23,36.0
1613873,2025-06-10 03:50:00,2025-06-10 04:10:00,101848.12,60086.11,639.58,12.52,К-р Восточный,630-E040625_P_B_4.A,5824,2025-06-10,PV №52,carbonized_quartz-mica_hornfels_shists,0.61,391.69,110,14.97,36.0
1611458,2025-06-07 19:17:00,2025-06-07 19:31:00,101817.44,60130.9,639.15,11.46,К-р Восточный,630-E040625_P_B_4.A,6070,2025-06-07,PV №52,carbonized_quartz-mica_hornfels_shists,0.61,401.91,110,15.28,36.0
1667536,2025-08-01 17:53:00,2025-08-01 18:14:00,101240.7,60729.01,620.37,17.53,К-р Восточный,605-E230725_P_B_9.B,5076,2025-08-01,PV №52,mica-quartz_carbonate_massive_rocks,0.61,421.79,110,15.22,54.0
1580873,2025-05-08 16:31:00,2025-05-08 16:42:00,101292.66,60541.99,640.02,12.01,К-р Восточный,630-E030525_P_B_1.B,5928,2025-05-08,PV №52,quartz-mica foliated schists,0.61,427.18,110,15.21,60.0
1614218,2025-06-10 12:25:00,2025-06-10 12:44:00,101776.38,60085.76,639.05,12.06,К-р Восточный,630-E040625_P_B_4.A,5672,2025-06-10,PV №52,carbonized_quartz-mica_hornfels_shists,0.61,403.43,110,15.05,36.0
1613972,2025-06-10 06:04:00,2025-06-10 06:25:00,101807.61,60083.01,638.78,12.03,К-р Восточный,630-E040625_P_B_4.A,5818,2025-06-10,PV №52,carbonized_quartz-mica_hornfels_shists,0.61,373.87,110,14.62,36.0
1614789,2025-06-11 01:18:00,2025-06-11 01:42:00,101753.35,60078.2,639.45,12.03,К-р Восточный,630-E040625_P_B_4.A,5810,2025-06-11,PV №52,carbonized_quartz-mica_hornfels_shists,0.61,396.46,110,14.3,36.0
1612287,2025-06-08 13:33:00,2025-06-08 13:51:00,101781.59,60110.0,640.41,11.58,К-р Восточный,630-E040625_P_B_4.A,5751,2025-06-08,PV №52,carbonized_quartz-mica_hornfels_shists,0.61,394.62,110,14.87,42.0
1579349,2025-05-07 04:06:00,2025-05-07 04:21:00,101225.82,60666.37,639.8,12.62,К-р Восточный,630-E030525_P_B_1.B,6146,2025-05-07,PV №52,quartz-mica foliated schists,0.61,36.38,30,2.22,378.0
1579105,2025-05-06 21:53:00,2025-05-06 22:05:00,101268.33,60639.28,639.76,12.21,К-р Восточный,630-E030525_P_B_1.B,6131,2025-05-07,PV №52,quartz-mica foliated schists,0.61,42.41,57,4.68,984.6
1666383,2025-07-31 15:15:00,2025-07-31 15:40:00,101205.22,60799.5,619.87,17.5,К-р Восточный,605-E230725_P_B_9.B,5015,2025-07-31,PV №52,mica-quartz_carbonate_massive_rocks,0.61,412.05,111,14.1,36.0
1610903,2025-06-07 03:38:00,2025-06-07 03:55:00,101743.4,60113.07,639.23,11.76,К-р Восточный,630-E040625_P_B_4.A,5961,2025-06-07,PV №52,carbonized_quartz-mica_hornfels_shists,0.61,411.59,106,19.29,36.0
1615063,2025-06-11 06:31:00,2025-06-11 06:51:00,101790.41,60076.24,639.1,11.62,К-р Восточный,630-E040625_P_B_4.A,5610,2025-06-11,PV №52,carbonized_quartz-mica_hornfels_shists,0.61,401.73,108,17.74,30.0
1580368,2025-05-08 04:37:00,2025-05-08 04:51:00,101264.01,60570.39,640.46,12.57,К-р Восточный,630-E030525_P_B_1.B,6012,2025-05-08,PV №52,quartz-mica foliated schists,0.61,419.98,109,16.18,60.0
1611227,2025-06-07 10:51:00,2025-06-07 11:08:00,101761.37,60108.63,638.71,11.57,К-р Восточный,630-E040625_P_B_4.A,5754,2025-06-07,PV №52,carbonized_quartz-mica_hornfels_shists,0.61,399.05,109,14.75,30.0
1614203,2025-06-10 11:56:00,2025-06-10 12:17:00,101787.03,60080.45,639.03,12.01,К-р Восточный,630-E040625_P_B_4.A,5815,2025-06-10,PV №52,carbonized_quartz-mica_hornfels_shists,0.61,404.68,108,16.22,36.0
1612179,2025-06-08 10:17:00,2025-06-08 10:36:00,101835.84,60114.56,639.08,12.05,К-р Восточный,630-E040625_P_B_4.A,5743,2025-06-08,PV №52,carbonized_quartz-mica_hornfels_shists,0.61,396.92,110,14.23,36.0
1613121,2025-06-09 08:49:00,2025-06-09 09:11:00,101768.71,60097.38,638.97,12.01,К-р Восточный,630-E040625_P_B_4.A,5691,2025-06-09,PV №52,carbonized_quartz-mica_hornfels_shists,0.61,412.52,110,16.27,36.0
1582324,2025-05-09 19:39:00,2025-05-09 19:50:00,101307.05,60467.31,640.23,13.08,К-р Восточный,630-E030525_P_B_1.B,6773,2025-05-10,PV №52,mica-quartz_carbonate_massive_rocks,0.61,116.93,97,8.93,36.0
1666663,2025-07-31 21:53:00,2025-07-31 22:15:00,101216.96,60728.6,620.29,17.52,К-р Восточный,605-E230725_P_B_9.B,5064,2025-08-01,PV №52,mica-quartz_carbonate_massive_rocks,0.61,159.53,107,10.35,120.0
1667411,2025-08-01 14:50:00,2025-08-01 15:18:00,101230.35,60780.35,620.11,17.03,К-р Восточный,605-E230725_P_B_9.B,5047,2025-08-01,PV №52,mica-quartz_carbonate_massive_rocks,0.61,421.58,107,19.21,42.0
1579121,2025-05-06 19:36:00,2025-05-06 19:49:00,101276.2,60636.97,639.76,12.21,К-р Восточный,630-E030525_P_B_1.B,6056,2025-05-07,PV №52,quartz-mica foliated schists,0.61,50.77,4,2.66,917.4
1613753,2025-06-10 01:30:00,2025-06-10 01:52:00,101831.03,60090.53,639.59,12.52,К-р Восточный,630-E040625_P_B_4.A,5664,2025-06-10,PV №52,carbonized_quartz-mica_hornfels_shists,0.61,408.91,110,15.86,36.0
1613993,2025-06-10 07:06:00,2025-06-10 07:22:00,101794.46,60081.85,638.98,11.61,К-р Восточный,630-E040625_P_B_4.A,5816,2025-06-10,PV №52,carbonized_quartz-mica_hornfels_shists,0.61,404.84,110,14.14,36.0
1667479,2025-08-01 16:33:00,2025-08-01 16:59:00,101234.99,60755.61,620.01,17.54,К-р Восточный,605-E230725_P_B_9.B,5073,2025-08-01,PV №52,mica-quartz_carbonate_massive_rocks,0.61,421.08,109,16.83,36.0
1614789,2025-06-11 01:18:00,2025-06-11 01:42:00,101753.35,60078.2,639.45,12.03,К-р Восточный,630-E040625_P_B_4.A,5810,2025-06-11,PV №52,carbonized_quartz-mica_hornfels_shists,0.61,396.12,110,14.23,36.0
1667883,2025-08-02 02:42:00,2025-08-02 03:14:00,101247.41,60775.33,619.96,17.63,К-р Восточный,605-E230725_P_B_9.B,5023,2025-08-02,PV №52,mica-quartz_carbonate_massive_rocks,0.61,401.01,111,14.56,42.0
1667022,2025-08-01 04:49:00,2025-08-01 05:06:00,101229.16,60707.83,620.32,17.83,К-р Восточный,605-E230725_P_B_9.B,5087,2025-08-01,PV №52,mica-quartz_carbonate_massive_rocks,0.61,174.73,103,9.44,132.0
1578840,2025-05-06 16:03:00,2025-05-06 16:16:00,101243.35,60667.88,639.85,12.79,К-р Восточный,630-E030525_P_B_1.B,6148,2025-05-06,PV №52,quartz-mica foliated schists,0.61,433.22,110,15.1,54.0
1666172,2025-07-31 09:42:00,2025-07-31 10:00:00,101196.48,60812.38,620.0,17.71,К-р Восточный,605-E230725_P_B_9.B,4992,2025-07-31,PV №52,mica-quartz_carbonate_massive_rocks,0.61,164.81,100,8.56,138.0
1614763,2025-06-11 02:09:00,2025-06-11 02:31:00,101766.75,60079.41,639.41,12.01,К-р Восточный,630-E040625_P_B_4.A,5812,2025-06-11,PV №52,carbonized_quartz-mica_hornfels_shists,0.61,392.13,109,16.16,36.0
1611227,2025-06-07 10:51:00,2025-06-07 11:08:00,101761.37,60108.63,638.71,11.57,К-р Восточный,630-E040625_P_B_4.A,5754,2025-06-07,PV №52,carbonized_quartz-mica_hornfels_shists,0.61,52.12,111,6.91,24.0
1612485,2025-06-08 17:54:00,2025-06-08 18:13:00,101798.65,60105.89,638.98,12.08,К-р Восточный,630-E040625_P_B_4.A,5901,2025-06-08,PV №52,carbonized_quartz-mica_hornfels_shists,0.62,385.22,110,13.93,36.0
1612206,2025-06-08 11:01:00,2025-06-08 11:19:00,101822.38,60113.49,639.08,12.04,К-р Восточный,630-E040625_P_B_4.A,5745,2025-06-08,PV №52,carbonized_quartz-mica_hornfels_shists,0.62,384.05,111,13.34,36.0
1614935,2025-06-11 03:47:00,2025-06-11 04:08:00,101743.92,60071.81,639.35,12.01,К-р Восточный,630-E040625_P_B_4.A,5603,2025-06-11,PV №52,carbonized_quartz-mica_hornfels_shists,0.62,381.9,109,16.2,36.0
1667531,2025-08-01 17:28:00,2025-08-01 17:51:00,101238.75,60738.04,620.11,17.28,К-р Восточный,605-E230725_P_B_9.B,5075,2025-08-01,PV №52,mica-quartz_carbonate_massive_rocks,0.62,325.36,112,13.1,36.6
1613463,2025-06-09 18:06:00,2025-06-09 18:28:00,101772.91,60091.48,638.84,12.03,К-р Восточный,630-E040625_P_B_4.A,5877,2025-06-09,PV №52,carbonized_quartz-mica_hornfels_shists,0.62,410.47,107,18.65,36.0
1609686,2025-06-05 21:43:00,2025-06-05 22:10:00,101729.3,60123.29,639.27,11.64,К-р Восточный,630-E040625_P_B_4.A,6057,2025-06-06,PV №52,carbonized_quartz-mica_hornfels_shists,0.62,269.32,101,13.51,30.0
1613821,2025-06-10 02:41:00,2025-06-10 03:00:00,101810.36,60089.14,638.88,12.01,К-р Восточный,630-E040625_P_B_4.A,5667,2025-06-10,PV №52,carbonized_quartz-mica_hornfels_shists,0.62,408.27,110,15.0,36.0
1613232,2025-06-09 11:28:00,2025-06-09 11:47:00,101741.84,60094.9,638.81,12.03,К-р Восточный,630-E040625_P_B_4.A,5687,2025-06-09,PV №52,carbonized_quartz-mica_hornfels_shists,0.62,408.65,109,15.17,36.0
1667127,2025-08-01 07:34:00,2025-08-01 08:00:00,101221.47,60791.35,620.09,17.52,К-р Восточный,605-E230725_P_B_9.B,5017,2025-08-01,PV №52,mica-quartz_carbonate_massive_rocks,0.62,421.63,108,17.9,30.0
1579856,2025-05-07 19:10:00,2025-05-07 19:23:00,101214.56,60642.67,640.3,12.62,К-р Восточный,630-E030525_P_B_1.B,6063,2025-05-07,PV №52,quartz-mica foliated schists,0.62,395.84,108,17.32,59.4
1613232,2025-06-09 11:28:00,2025-06-09 11:47:00,101741.84,60094.9,638.81,12.03,К-р Восточный,630-E040625_P_B_4.A,5687,2025-06-09,PV №52,carbonized_quartz-mica_hornfels_shists,0.62,407.29,110,14.42,36.0
1666802,2025-08-01 00:41:00,2025-08-01 01:09:00,101214.17,60786.28,620.3,17.62,К-р Восточный,605-E230725_P_B_9.B,5009,2025-08-01,PV №52,mica-quartz_carbonate_massive_rocks,0.62,415.51,110,14.83,36.0
1580003,2025-05-07 22:52:00,2025-05-07 23:06:00,101230.41,60606.07,640.25,12.11,К-р Восточный,630-E030525_P_B_1.B,6107,2025-05-08,PV №52,quartz-mica foliated schists,0.62,27.52,47,2.38,852.0
1609819,2025-06-06 01:32:00,2025-06-06 01:49:00,101692.63,60115.3,639.36,12.25,К-р Восточный,630-E040625_P_B_4.A,5764,2025-06-06,PV №52,carbonized_quartz-mica_hornfels_shists,0.62,394.63,108,14.59,42.0
1615045,2025-06-11 06:10:00,2025-06-11 06:29:00,101783.5,60076.04,639.28,12.0,К-р Восточный,630-E040625_P_B_4.A,5609,2025-06-11,PV №52,carbonized_quartz-mica_hornfels_shists,0.62,408.02,109,15.68,36.0
1613953,2025-06-10 05:19:00,2025-06-10 05:39:00,101821.04,60083.73,638.9,12.01,К-р Восточный,630-E040625_P_B_4.A,5820,2025-06-10,PV №52,carbonized_quartz-mica_hornfels_shists,0.62,371.9,111,13.56,30.0
1611657,2025-06-07 22:38:00,2025-06-07 22:57:00,101855.24,60127.65,639.24,11.81,К-р Восточный,630-E040625_P_B_4.A,5788,2025-06-08,PV №52,carbonized_quartz-mica_hornfels_shists,0.62,404.34,109,14.99,30.0
1612707,2025-06-08 21:25:00,2025-06-08 21:43:00,101829.81,60102.4,639.54,11.64,К-р Восточный,630-E040625_P_B_4.A,5700,2025-06-09,PV №52,carbonized_quartz-mica_hornfels_shists,0.62,409.18,109,16.01,36.0
1612099,2025-06-08 08:49:00,2025-06-08 09:10:00,101862.94,60116.86,638.91,12.05,К-р Восточный,630-E040625_P_B_4.A,5739,2025-06-08,PV №52,carbonized_quartz-mica_hornfels_shists,0.62,389.93,110,14.77,36.0
1615028,2025-06-11 05:48:00,2025-06-11 06:07:00,101777.39,60075.52,639.37,12.01,К-р Восточный,630-E040625_P_B_4.A,5608,2025-06-11,PV №52,carbonized_quartz-mica_hornfels_shists,0.62,385.87,110,14.42,30.0
1613629,2025-06-09 19:41:00,2025-06-09 20:02:00,101786.6,60092.87,638.87,12.01,К-р Восточный,630-E040625_P_B_4.A,5875,2025-06-10,PV №52,carbonized_quartz-mica_hornfels_shists,0.62,389.69,110,14.32,48.0
1613091,2025-06-09 08:12:00,2025-06-09 08:44:00,101762.47,60097.07,639.01,12.01,К-р Восточный,630-E040625_P_B_4.A,5690,2025-06-09,PV №52,carbonized_quartz-mica_hornfels_shists,0.62,411.34,110,15.24,30.0
1667821,2025-08-02 01:15:00,2025-08-02 01:42:00,101237.68,60792.53,620.47,18.16,К-р Восточный,605-E230725_P_B_9.B,5020,2025-08-02,PV №52,mica-quartz_carbonate_massive_rocks,0.62,413.0,111,14.62,42.0
1612490,2025-06-08 18:15:00,2025-06-08 18:34:00,101792.39,60105.4,638.79,12.07,К-р Восточный,630-E040625_P_B_4.A,5900,2025-06-08,PV №52,carbonized_quartz-mica_hornfels_shists,0.62,403.74,110,14.13,36.0
1666130,2025-07-31 08:37:00,2025-07-31 09:09:00,101248.77,60693.63,621.33,17.5,К-р Восточный,605-E230725_P_B_9.B,5080,2025-07-31,PV №52,quartz-mica foliated schists,0.62,413.17,108,15.8,48.0
1613639,2025-06-09 23:39:00,2025-06-09 23:58:00,101806.45,60094.96,638.93,12.01,К-р Восточный,630-E040625_P_B_4.A,5872,2025-06-10,PV №52,carbonized_quartz-mica_hornfels_shists,0.62,378.43,111,13.44,30.0
1611667,2025-06-07 21:32:00,2025-06-07 21:48:00,101776.95,60127.53,638.9,11.28,К-р Восточный,630-E040625_P_B_4.A,6064,2025-06-08,PV №52,carbonized_quartz-mica_hornfels_shists,0.62,402.9,110,13.82,36.0
1613629,2025-06-09 19:41:00,2025-06-09 20:02:00,101786.6,60092.87,638.87,12.01,К-р Восточный,630-E040625_P_B_4.A,5875,2025-06-10,PV №52,carbonized_quartz-mica_hornfels_shists,0.62,390.05,110,14.29,36.0
1615045,2025-06-11 06:10:00,2025-06-11 06:29:00,101783.5,60076.04,639.28,12.0,К-р Восточный,630-E040625_P_B_4.A,5609,2025-06-11,PV №52,carbonized_quartz-mica_hornfels_shists,0.62,395.95,110,15.64,36.0
1609695,2025-06-05 22:13:00,2025-06-05 22:30:00,101735.89,60124.22,639.25,11.62,К-р Восточный,630-E040625_P_B_4.A,6058,2025-06-06,PV №52,carbonized_quartz-mica_hornfels_shists,0.62,403.66,109,15.8,36.0
1667264,2025-08-01 11:04:00,2025-08-01 11:27:00,101231.91,60731.84,619.6,17.65,К-р Восточный,605-E230725_P_B_9.B,5053,2025-08-01,PV №52,mica-quartz_carbonate_massive_rocks,0.62,415.67,110,14.65,35.4
1612137,2025-06-08 09:34:00,2025-06-08 09:53:00,101849.32,60115.64,639.05,12.04,К-р Восточный,630-E040625_P_B_4.A,5741,2025-06-08,PV №52,carbonized_quartz-mica_hornfels_shists,0.62,389.47,109,16.24,41.4
1612443,2025-06-08 17:12:00,2025-06-08 17:35:00,101812.58,60107.23,639.26,12.26,К-р Восточный,630-E040625_P_B_4.A,5903,2025-06-08,PV №52,carbonized_quartz-mica_hornfels_shists,0.62,397.04,110,14.44,42.0
1613821,2025-06-10 02:41:00,2025-06-10 03:00:00,101810.36,60089.14,638.88,12.01,К-р Восточный,630-E040625_P_B_4.A,5667,2025-06-10,PV №52,carbonized_quartz-mica_hornfels_shists,0.62,413.71,107,18.72,48.0
1612711,2025-06-08 19:43:00,2025-06-08 20:01:00,101771.72,60103.85,639.37,11.36,К-р Восточный,630-E040625_P_B_4.A,5897,2025-06-09,PV №52,carbonized_quartz-mica_hornfels_shists,0.62,406.76,110,14.43,42.0
1609956,2025-06-06 04:30:00,2025-06-06 04:47:00,101753.5,60119.81,639.11,11.3,К-р Восточный,630-E040625_P_B_4.A,5773,2025-06-06,PV №52,carbonized_quartz-mica_hornfels_shists,0.62,406.03,108,16.04,42.0
1610903,2025-06-07 03:38:00,2025-06-07 03:55:00,101743.4,60113.07,639.23,11.76,К-р Восточный,630-E040625_P_B_4.A,5961,2025-06-07,PV №52,carbonized_quartz-mica_hornfels_shists,0.62,409.78,107,18.5,36.0
1611651,2025-06-07 23:38:00,2025-06-07 23:56:00,101834.76,60126.28,639.4,11.68,К-р Восточный,630-E040625_P_B_4.A,5785,2025-06-08,PV №52,carbonized_quartz-mica_hornfels_shists,0.62,406.08,109,15.22,36.0
1614124,2025-06-10 10:04:00,2025-06-10 10:25:00,101817.38,60078.48,638.94,12.54,К-р Восточный,630-E040625_P_B_4.A,5614,2025-06-10,PV №52,carbonized_quartz-mica_hornfels_shists,0.62,404.19,110,13.95,42.0
1612981,2025-06-09 04:42:00,2025-06-09 05:03:00,101717.67,60099.2,639.28,12.01,К-р Восточный,630-E040625_P_B_4.A,5889,2025-06-09,PV №52,carbonized_quartz-mica_hornfels_shists,0.62,407.39,111,14.4,36.0
1614450,2025-06-10 18:04:00,2025-06-10 18:28:00,101749.59,60084.05,639.24,12.38,К-р Восточный,630-E040625_P_B_4.A,5676,2025-06-10,PV №52,carbonized_quartz-mica_hornfels_shists,0.62,406.88,98,15.84,42.0
1611019,2025-06-07 05:50:00,2025-06-07 06:06:00,101720.63,60105.17,639.46,12.23,К-р Восточный,630-E040625_P_B_4.A,5760,2025-06-07,PV №52,carbonized_quartz-mica_hornfels_shists,0.62,402.94,109,14.85,36.0
1580027,2025-05-07 19:54:00,2025-05-07 20:08:00,101215.41,60627.57,640.26,12.66,К-р Восточный,630-E030525_P_B_1.B,6048,2025-05-08,PV №52,quartz-mica foliated schists,0.62,418.34,110,14.48,48.0
1614703,2025-06-10 20:08:00,2025-06-10 20:32:00,101769.66,60085.1,639.2,12.06,К-р Восточный,630-E040625_P_B_4.A,5673,2025-06-11,PV №52,carbonized_quartz-mica_hornfels_shists,0.62,372.98,110,13.53,36.0
1613624,2025-06-09 21:44:00,2025-06-09 22:05:00,101840.35,60097.04,639.42,12.0,К-р Восточный,630-E040625_P_B_4.A,5867,2025-06-10,PV №52,carbonized_quartz-mica_hornfels_shists,0.62,389.09,111,13.72,30.0
1613091,2025-06-09 08:12:00,2025-06-09 08:44:00,101762.47,60097.07,639.01,12.01,К-р Восточный,630-E040625_P_B_4.A,5690,2025-06-09,PV №52,carbonized_quartz-mica_hornfels_shists,0.62,411.14,110,15.03,36.0
1611657,2025-06-07 22:38:00,2025-06-07 22:57:00,101855.24,60127.65,639.24,11.81,К-р Восточный,630-E040625_P_B_4.A,5788,2025-06-08,PV №52,carbonized_quartz-mica_hornfels_shists,0.63,406.68,108,16.54,36.0
1667469,2025-08-01 15:44:00,2025-08-01 16:09:00,101233.31,60764.77,620.08,17.01,К-р Восточный,605-E230725_P_B_9.B,5072,2025-08-01,PV №52,mica-quartz_carbonate_massive_rocks,0.63,413.11,110,14.67,30.0
1667411,2025-08-01 14:50:00,2025-08-01 15:18:00,101230.35,60780.35,620.11,17.03,К-р Восточный,605-E230725_P_B_9.B,5047,2025-08-01,PV №52,mica-quartz_carbonate_massive_rocks,0.63,418.75,110,14.91,36.0
1613932,2025-06-10 04:55:00,2025-06-10 05:17:00,101827.88,60084.46,639.35,12.51,К-р Восточный,630-E040625_P_B_4.A,5821,2025-06-10,PV №52,carbonized_quartz-mica_hornfels_shists,0.63,383.21,109,15.13,36.0
1612666,2025-06-08 21:46:00,2025-06-08 22:04:00,101823.21,60101.57,639.42,11.58,К-р Восточный,630-E040625_P_B_4.A,5699,2025-06-09,PV №52,carbonized_quartz-mica_hornfels_shists,0.63,407.37,110,14.26,42.0
1614911,2025-06-11 03:26:00,2025-06-11 03:45:00,101737.02,60071.0,639.09,12.01,К-р Восточный,630-E040625_P_B_4.A,5602,2025-06-11,PV №52,carbonized_quartz-mica_hornfels_shists,0.63,391.44,110,14.46,36.0
1612327,2025-06-08 14:16:00,2025-06-08 14:36:00,101768.21,60109.18,638.77,11.48,К-р Восточный,630-E040625_P_B_4.A,5753,2025-06-08,PV №52,carbonized_quartz-mica_hornfels_shists,0.63,387.66,110,14.6,42.0
1666937,2025-08-01 03:11:00,2025-08-01 03:39:00,101221.55,60743.61,620.17,17.55,К-р Восточный,605-E230725_P_B_9.B,5091,2025-08-01,PV №52,mica-quartz_carbonate_massive_rocks,0.63,421.8,109,16.35,36.0
1578805,2025-05-06 15:19:00,2025-05-06 15:33:00,101233.45,60682.43,639.93,12.62,К-р Восточный,630-E030525_P_B_1.B,6155,2025-05-06,PV №52,quartz-mica foliated schists,0.63,407.55,108,16.11,48.0
1614755,2025-06-11 00:56:00,2025-06-11 01:16:00,101746.76,60078.09,639.4,12.02,К-р Восточный,630-E040625_P_B_4.A,5809,2025-06-11,PV №52,carbonized_quartz-mica_hornfels_shists,0.63,399.28,109,15.95,54.0
1613144,2025-06-09 09:23:00,2025-06-09 09:44:00,101714.77,60093.01,639.13,12.02,К-р Восточный,630-E040625_P_B_4.A,5683,2025-06-09,PV №52,carbonized_quartz-mica_hornfels_shists,0.63,409.03,109,16.4,30.0
1667710,2025-08-01 21:08:00,2025-08-01 21:35:00,101244.6,60797.64,620.71,18.51,К-р Восточный,605-E230725_P_B_9.B,8158,2025-08-02,PV №52,mica-quartz_carbonate_massive_rocks,0.63,419.87,110,15.78,48.0
1613405,2025-06-09 16:34:00,2025-06-09 16:52:00,101745.71,60089.44,639.06,12.03,К-р Восточный,630-E040625_P_B_4.A,5881,2025-06-09,PV №52,carbonized_quartz-mica_hornfels_shists,0.63,402.26,110,14.02,42.0
1667531,2025-08-01 17:28:00,2025-08-01 17:51:00,101238.75,60738.04,620.11,17.28,К-р Восточный,605-E230725_P_B_9.B,5075,2025-08-01,PV №52,mica-quartz_carbonate_massive_rocks,0.63,400.07,108,18.82,54.0
1580837,2025-05-08 15:43:00,2025-05-08 15:56:00,101301.37,60542.85,640.09,12.51,К-р Восточный,630-E030525_P_B_1.B,5927,2025-05-08,PV №52,quartz-mica foliated schists,0.63,443.24,109,15.86,54.0
1612490,2025-06-08 18:15:00,2025-06-08 18:34:00,101792.39,60105.4,638.79,12.07,К-р Восточный,630-E040625_P_B_4.A,5900,2025-06-08,PV №52,carbonized_quartz-mica_hornfels_shists,0.63,383.88,111,13.95,30.0
1615028,2025-06-11 05:48:00,2025-06-11 06:07:00,101777.39,60075.52,639.37,12.01,К-р Восточный,630-E040625_P_B_4.A,5608,2025-06-11,PV №52,carbonized_quartz-mica_hornfels_shists,0.63,281.91,109,12.01,48.0
1670707,2025-08-04 19:35:00,2025-08-04 19:57:00,101297.07,60661.65,621.65,19.51,К-р Восточный,605-E230725_P_B_9.B,8192,2025-08-05,PV №52,quartz-mica foliated schists,0.63,391.45,105,19.17,60.0
1612450,2025-06-08 17:36:00,2025-06-08 17:52:00,101805.88,60106.45,638.5,12.04,К-р Восточный,630-E040625_P_B_4.A,5902,2025-06-08,PV №52,carbonized_quartz-mica_hornfels_shists,0.63,405.15,108,17.21,48.0
1610856,2025-06-07 02:58:00,2025-06-07 03:12:00,101730.21,60111.59,639.38,11.71,К-р Восточный,630-E040625_P_B_4.A,5963,2025-06-07,PV №52,carbonized_quartz-mica_hornfels_shists,0.63,402.25,110,14.15,42.0
1579117,2025-05-06 22:39:00,2025-05-06 22:51:00,101277.94,60617.0,639.78,12.21,К-р Восточный,630-E030525_P_B_1.B,6039,2025-05-07,PV №52,quartz-mica foliated schists,0.63,307.87,109,15.26,72.0
1668324,2025-08-02 14:21:00,2025-08-02 14:47:00,101245.92,60743.84,621.6,17.04,К-р Восточный,605-E230725_P_B_9.B,5042,2025-08-02,PV №52,mica-quartz_carbonate_massive_rocks,0.63,58.26,119,5.26,317.4
1667112,2025-08-01 07:09:00,2025-08-01 07:32:00,101220.75,60800.39,620.05,17.51,К-р Восточный,605-E230725_P_B_9.B,5016,2025-08-01,PV №52,mica-quartz_carbonate_massive_rocks,0.63,418.45,111,14.81,36.0
1613956,2025-06-10 05:41:00,2025-06-10 06:02:00,101814.56,60083.28,638.84,12.0,К-р Восточный,630-E040625_P_B_4.A,5819,2025-06-10,PV №52,carbonized_quartz-mica_hornfels_shists,0.63,387.26,110,13.98,42.0
1613121,2025-06-09 08:49:00,2025-06-09 09:11:00,101768.71,60097.38,638.97,12.01,К-р Восточный,630-E040625_P_B_4.A,5691,2025-06-09,PV №52,carbonized_quartz-mica_hornfels_shists,0.63,413.21,111,14.76,36.0
1614772,2025-06-11 01:46:00,2025-06-11 02:05:00,101759.98,60078.64,639.43,12.03,К-р Восточный,630-E040625_P_B_4.A,5811,2025-06-11,PV №52,carbonized_quartz-mica_hornfels_shists,0.63,400.33,110,14.79,42.0
1581244,2025-05-09 00:29:00,2025-05-09 00:43:00,101272.14,60517.76,640.15,12.58,К-р Восточный,630-E030525_P_B_1.B,5883,2025-05-09,PV №52,quartz-mica foliated schists,0.63,427.28,108,17.47,60.0
1612309,2025-06-08 13:54:00,2025-06-08 14:12:00,101774.56,60109.56,638.7,11.54,К-р Восточный,630-E040625_P_B_4.A,5752,2025-06-08,PV №52,carbonized_quartz-mica_hornfels_shists,0.63,392.26,110,13.92,42.0
1613345,2025-06-09 15:05:00,2025-06-09 15:26:00,101718.58,60087.3,639.37,12.51,К-р Восточный,630-E040625_P_B_4.A,5885,2025-06-09,PV №52,carbonized_quartz-mica_hornfels_shists,0.63,404.15,109,15.38,42.0
1667739,2025-08-01 22:44:00,2025-08-01 23:10:00,101259.98,60777.82,620.71,18.55,К-р Восточный,605-E230725_P_B_9.B,8176,2025-08-02,PV №52,mica-quartz_carbonate_massive_rocks,0.63,421.18,111,15.08,42.0
1613461,2025-06-09 17:43:00,2025-06-09 18:03:00,101766.02,60091.05,638.9,12.01,К-р Восточный,630-E040625_P_B_4.A,5878,2025-06-09,PV №52,carbonized_quartz-mica_hornfels_shists,0.63,380.62,111,13.82,42.0
1611352,2025-06-07 15:59:00,2025-06-07 16:14:00,101871.33,60135.06,638.86,11.5,К-р Восточный,630-E040625_P_B_4.A,6078,2025-06-07,PV №52,carbonized_quartz-mica_hornfels_shists,0.63,381.13,111,13.34,36.0
1615028,2025-06-11 05:48:00,2025-06-11 06:07:00,101777.39,60075.52,639.37,12.01,К-р Восточный,630-E040625_P_B_4.A,5608,2025-06-11,PV №52,carbonized_quartz-mica_hornfels_shists,0.63,389.33,110,15.01,36.0
1609715,2025-06-05 22:34:00,2025-06-05 22:51:00,101742.85,60124.76,639.19,11.51,К-р Восточный,630-E040625_P_B_4.A,6059,2025-06-06,PV №52,carbonized_quartz-mica_hornfels_shists,0.63,400.53,109,15.13,36.0
1579196,2025-05-07 00:47:00,2025-05-07 01:06:00,101229.61,60674.53,639.85,12.71,К-р Восточный,630-E030525_P_B_1.B,6079,2025-05-07,PV №52,quartz-mica foliated schists,0.63,422.0,108,17.36,54.0
1609956,2025-06-06 04:30:00,2025-06-06 04:47:00,101753.5,60119.81,639.11,11.3,К-р Восточный,630-E040625_P_B_4.A,5773,2025-06-06,PV №52,carbonized_quartz-mica_hornfels_shists,0.63,405.21,110,15.02,36.0
1581377,2025-05-09 02:50:00,2025-05-09 03:00:00,101325.77,60506.14,639.77,12.54,К-р Восточный,630-E030525_P_B_1.B,5992,2025-05-09,PV №52,mica-quartz_carbonate_massive_rocks,0.63,396.39,104,16.54,42.0
1613246,2025-06-09 11:50:00,2025-06-09 12:08:00,101748.67,60095.54,638.78,12.01,К-р Восточный,630-E040625_P_B_4.A,5688,2025-06-09,PV №52,carbonized_quartz-mica_hornfels_shists,0.63,407.45,110,14.08,42.0
1611251,2025-06-07 11:36:00,2025-06-07 11:53:00,101867.85,60140.76,638.84,11.63,К-р Восточный,630-E040625_P_B_4.A,5996,2025-06-07,PV №52,carbonized_quartz-mica_hornfels_shists,0.63,393.35,109,15.82,36.0
1611870,2025-06-08 03:28:00,2025-06-08 03:45:00,101865.77,60123.21,639.31,11.48,К-р Восточный,630-E040625_P_B_4.A,5943,2025-06-08,PV №52,carbonized_quartz-mica_hornfels_shists,0.63,405.92,111,14.03,42.0
1579850,2025-05-07 18:25:00,2025-05-07 18:37:00,101257.69,60592.64,640.11,12.55,К-р Восточный,630-E030525_P_B_1.B,6100,2025-05-07,PV №52,quartz-mica foliated schists,0.63,424.2,110,14.93,54.0
1611251,2025-06-07 11:36:00,2025-06-07 11:53:00,101867.85,60140.76,638.84,11.63,К-р Восточный,630-E040625_P_B_4.A,5996,2025-06-07,PV №52,carbonized_quartz-mica_hornfels_shists,0.63,376.53,110,13.52,36.0
1612509,2025-06-08 19:19:00,2025-06-08 19:39:00,101778.46,60104.07,639.0,12.04,К-р Восточный,630-E040625_P_B_4.A,5898,2025-06-08,PV №52,carbonized_quartz-mica_hornfels_shists,0.63,411.94,111,14.01,48.0
1614467,2025-06-10 19:20:00,2025-06-10 19:41:00,101756.13,60084.25,639.87,12.02,К-р Восточный,630-E040625_P_B_4.A,5675,2025-06-10,PV №52,carbonized_quartz-mica_hornfels_shists,0.63,388.29,111,14.36,30.0
1614203,2025-06-10 11:56:00,2025-06-10 12:17:00,101787.03,60080.45,639.03,12.01,К-р Восточный,630-E040625_P_B_4.A,5815,2025-06-10,PV №52,carbonized_quartz-mica_hornfels_shists,0.63,387.77,101,15.1,42.0
1614763,2025-06-11 02:09:00,2025-06-11 02:31:00,101766.75,60079.41,639.41,12.01,К-р Восточный,630-E040625_P_B_4.A,5812,2025-06-11,PV №52,carbonized_quartz-mica_hornfels_shists,0.63,391.32,104,15.49,42.0
1611235,2025-06-07 11:17:00,2025-06-07 11:34:00,101875.43,60141.51,638.78,11.61,К-р Восточный,630-E040625_P_B_4.A,5997,2025-06-07,PV №52,carbonized_quartz-mica_hornfels_shists,0.63,393.95,109,14.84,36.0
1611036,2025-06-07 06:26:00,2025-06-07 06:41:00,101734.07,60106.33,639.29,11.35,К-р Восточный,630-E040625_P_B_4.A,5758,2025-06-07,PV №52,carbonized_quartz-mica_hornfels_shists,0.63,215.69,100,10.87,72.0
1613032,2025-06-09 05:50:00,2025-06-09 06:09:00,101738.24,60100.75,638.73,12.02,К-р Восточный,630-E040625_P_B_4.A,5892,2025-06-09,PV №52,carbonized_quartz-mica_hornfels_shists,0.63,410.97,111,14.33,36.0
1611665,2025-06-07 20:17:00,2025-06-07 20:50:00,101797.12,60129.31,639.9,12.01,К-р Восточный,630-E040625_P_B_4.A,6067,2025-06-08,PV №52,carbonized_quartz-mica_hornfels_shists,0.63,392.83,109,15.73,36.0
1613345,2025-06-09 15:05:00,2025-06-09 15:26:00,101718.58,60087.3,639.37,12.51,К-р Восточный,630-E040625_P_B_4.A,5885,2025-06-09,PV №52,carbonized_quartz-mica_hornfels_shists,0.63,404.33,109,15.86,36.0
1667252,2025-08-01 10:35:00,2025-08-01 11:01:00,101230.39,60740.84,620.1,17.58,К-р Восточный,605-E230725_P_B_9.B,5052,2025-08-01,PV №52,mica-quartz_carbonate_massive_rocks,0.63,412.63,111,13.89,36.0
1613246,2025-06-09 11:50:00,2025-06-09 12:08:00,101748.67,60095.54,638.78,12.01,К-р Восточный,630-E040625_P_B_4.A,5688,2025-06-09,PV №52,carbonized_quartz-mica_hornfels_shists,0.63,407.82,110,14.91,36.0
1611366,2025-06-07 16:16:00,2025-06-07 16:34:00,101864.93,60134.61,638.86,11.53,К-р Восточный,630-E040625_P_B_4.A,6077,2025-06-07,PV №52,carbonized_quartz-mica_hornfels_shists,0.63,339.05,106,19.84,36.0
1672560,2025-08-06 16:47:00,2025-08-06 17:11:00,101236.62,60810.85,620.48,18.47,К-р Восточный,605-E230725_P_B_9.B,4987,2025-08-06,PV №52,mica-quartz_carbonate_massive_rocks,0.63,374.53,112,15.58,108.0
1666830,2025-08-01 01:12:00,2025-08-01 01:40:00,101214.89,60778.02,620.29,17.57,К-р Восточный,605-E230725_P_B_9.B,5070,2025-08-01,PV №52,mica-quartz_carbonate_massive_rocks,0.63,420.72,108,17.02,42.0
1580806,2025-05-08 15:13:00,2025-05-08 15:26:00,101314.7,60536.29,639.78,12.51,К-р Восточный,630-E030525_P_B_1.B,5984,2025-05-08,PV №52,quartz-mica foliated schists,0.64,433.4,110,15.36,54.0
1668215,2025-08-02 11:33:00,2025-08-02 11:55:00,101275.37,60717.43,621.91,19.01,К-р Восточный,605-E230725_P_B_9.B,8183,2025-08-02,PV №52,mica-quartz_carbonate_massive_rocks,0.64,15.17,78,2.35,858.0
1612062,2025-06-08 08:03:00,2025-06-08 08:21:00,101784.28,60116.32,638.66,11.57,К-р Восточный,630-E040625_P_B_4.A,5955,2025-06-08,PV №52,carbonized_quartz-mica_hornfels_shists,0.64,398.59,109,15.09,42.0
1667252,2025-08-01 10:35:00,2025-08-01 11:01:00,101230.39,60740.84,620.1,17.58,К-р Восточный,605-E230725_P_B_9.B,5052,2025-08-01,PV №52,mica-quartz_carbonate_massive_rocks,0.64,418.75,109,15.89,36.0
1666452,2025-07-31 17:09:00,2025-07-31 17:41:00,101209.34,60764.47,620.12,17.5,К-р Восточный,605-E230725_P_B_9.B,5068,2025-07-31,PV №52,mica-quartz_carbonate_massive_rocks,0.64,418.91,108,17.19,42.0
1609736,2025-06-05 21:03:00,2025-06-05 21:22:00,101715.97,60122.64,639.63,12.14,К-р Восточный,630-E040625_P_B_4.A,6055,2025-06-06,PV №52,fault_zone,0.64,407.28,107,17.65,36.0
1613405,2025-06-09 16:34:00,2025-06-09 16:52:00,101745.71,60089.44,639.06,12.03,К-р Восточный,630-E040625_P_B_4.A,5881,2025-06-09,PV №52,carbonized_quartz-mica_hornfels_shists,0.64,401.5,110,13.81,36.0
1614772,2025-06-11 01:46:00,2025-06-11 02:05:00,101759.98,60078.64,639.43,12.03,К-р Восточный,630-E040625_P_B_4.A,5811,2025-06-11,PV №52,carbonized_quartz-mica_hornfels_shists,0.64,400.85,109,15.36,36.0
1613972,2025-06-10 06:04:00,2025-06-10 06:25:00,101807.61,60083.01,638.78,12.03,К-р Восточный,630-E040625_P_B_4.A,5818,2025-06-10,PV №52,carbonized_quartz-mica_hornfels_shists,0.64,373.17,110,13.93,36.0
1613493,2025-06-09 19:21:00,2025-06-09 19:38:00,101779.47,60092.29,638.9,12.01,К-р Восточный,630-E040625_P_B_4.A,5876,2025-06-09,PV №52,carbonized_quartz-mica_hornfels_shists,0.64,395.93,110,14.6,30.0
1668242,2025-08-02 12:22:00,2025-08-02 12:49:00,101252.75,60750.34,619.83,17.56,К-р Восточный,605-E230725_P_B_9.B,5026,2025-08-02,PV №52,mica-quartz_carbonate_massive_rocks,0.64,427.09,108,17.55,42.0
1667710,2025-08-01 21:08:00,2025-08-01 21:35:00,101244.6,60797.64,620.71,18.51,К-р Восточный,605-E230725_P_B_9.B,8158,2025-08-02,PV №52,mica-quartz_carbonate_massive_rocks,0.64,358.98,112,13.47,42.0
1613972,2025-06-10 06:04:00,2025-06-10 06:25:00,101807.61,60083.01,638.78,12.03,К-р Восточный,630-E040625_P_B_4.A,5818,2025-06-10,PV №52,carbonized_quartz-mica_hornfels_shists,0.64,375.07,110,15.29,36.0
1610920,2025-06-07 04:00:00,2025-06-07 04:17:00,101750.6,60113.76,639.21,11.53,К-р Восточный,630-E040625_P_B_4.A,5960,2025-06-07,PV №52,carbonized_quartz-mica_hornfels_shists,0.64,398.77,110,14.19,42.0
1666830,2025-08-01 01:12:00,2025-08-01 01:40:00,101214.89,60778.02,620.29,17.57,К-р Восточный,605-E230725_P_B_9.B,5070,2025-08-01,PV №52,mica-quartz_carbonate_massive_rocks,0.64,417.19,107,18.94,42.6
1613461,2025-06-09 17:43:00,2025-06-09 18:03:00,101766.02,60091.05,638.9,12.01,К-р Восточный,630-E040625_P_B_4.A,5878,2025-06-09,PV №52,carbonized_quartz-mica_hornfels_shists,0.64,406.14,110,14.53,42.0
1611689,2025-06-07 22:59:00,2025-06-07 23:16:00,101848.46,60127.21,639.46,11.74,К-р Восточный,630-E040625_P_B_4.A,5787,2025-06-08,PV №52,carbonized_quartz-mica_hornfels_shists,0.64,404.84,109,15.0,36.0
1613826,2025-06-10 03:03:00,2025-06-10 03:22:00,101803.51,60088.47,639.11,12.01,К-р Восточный,630-E040625_P_B_4.A,5668,2025-06-10,PV №52,carbonized_quartz-mica_hornfels_shists,0.64,406.34,110,14.63,36.0
1612489,2025-06-08 18:36:00,2025-06-08 18:55:00,101785.49,60104.87,638.67,11.51,К-р Восточный,630-E040625_P_B_4.A,5899,2025-06-08,PV №52,carbonized_quartz-mica_hornfels_shists,0.64,403.32,110,14.74,36.0
1614763,2025-06-11 02:09:00,2025-06-11 02:31:00,101766.75,60079.41,639.41,12.01,К-р Восточный,630-E040625_P_B_4.A,5812,2025-06-11,PV №52,carbonized_quartz-mica_hornfels_shists,0.64,399.46,110,15.96,42.0
1613431,2025-06-09 16:54:00,2025-06-09 17:16:00,101752.41,60089.72,638.93,12.02,К-р Восточный,630-E040625_P_B_4.A,5880,2025-06-09,PV №52,carbonized_quartz-mica_hornfels_shists,0.64,401.29,109,15.25,48.0
1614789,2025-06-11 01:18:00,2025-06-11 01:42:00,101753.35,60078.2,639.45,12.03,К-р Восточный,630-E040625_P_B_4.A,5810,2025-06-11,PV №52,carbonized_quartz-mica_hornfels_shists,0.64,396.42,110,14.38,36.0
1580320,2025-05-08 03:49:00,2025-05-08 04:02:00,101276.38,60578.7,640.41,12.16,К-р Восточный,630-E030525_P_B_1.B,6090,2025-05-08,PV №52,quartz-mica foliated schists,0.64,414.49,109,16.14,60.0
1613463,2025-06-09 18:06:00,2025-06-09 18:28:00,101772.91,60091.48,638.84,12.03,К-р Восточный,630-E040625_P_B_4.A,5877,2025-06-09,PV №52,carbonized_quartz-mica_hornfels_shists,0.64,393.38,109,15.71,42.0
1613461,2025-06-09 17:43:00,2025-06-09 18:03:00,101766.02,60091.05,638.9,12.01,К-р Восточный,630-E040625_P_B_4.A,5878,2025-06-09,PV №52,carbonized_quartz-mica_hornfels_shists,0.64,370.81,110,14.65,60.0
1666920,2025-08-01 02:42:00,2025-08-01 03:09:00,101219.66,60752.39,620.19,17.57,К-р Восточный,605-E230725_P_B_9.B,5092,2025-08-01,PV №52,mica-quartz_carbonate_massive_rocks,0.64,417.47,111,13.79,42.0
1666659,2025-07-31 22:17:00,2025-07-31 22:41:00,101219.07,60719.69,620.39,18.04,К-р Восточный,605-E230725_P_B_9.B,5063,2025-08-01,PV №52,mica-quartz_carbonate_massive_rocks,0.64,413.21,107,13.95,36.0
1614042,2025-06-10 08:19:00,2025-06-10 08:36:00,101845.0,60080.85,639.44,12.01,К-р Восточный,630-E040625_P_B_4.A,5618,2025-06-10,PV №52,carbonized_quartz-mica_hornfels_shists,0.64,404.69,110,14.43,48.0
1612677,2025-06-08 23:31:00,2025-06-08 23:53:00,101789.44,60099.15,639.1,11.87,К-р Восточный,630-E040625_P_B_4.A,5694,2025-06-09,PV №52,carbonized_quartz-mica_hornfels_shists,0.64,412.09,110,15.36,42.0
1611407,2025-06-07 16:56:00,2025-06-07 17:17:00,101851.6,60133.73,638.91,12.12,К-р Восточный,630-E040625_P_B_4.A,6075,2025-06-07,PV №52,carbonized_quartz-mica_hornfels_shists,0.64,388.4,107,16.77,54.0
1612218,2025-06-08 11:22:00,2025-06-08 11:40:00,101815.49,60113.06,639.29,12.12,К-р Восточный,630-E040625_P_B_4.A,5746,2025-06-08,PV №52,carbonized_quartz-mica_hornfels_shists,0.64,381.13,110,13.75,42.0
1581301,2025-05-09 01:31:00,2025-05-09 01:47:00,101307.39,60519.9,639.81,12.59,К-р Восточный,630-E030525_P_B_1.B,5887,2025-05-09,PV №52,quartz-mica foliated schists,0.64,-15.18,62,2.15,24.6
1612684,2025-06-08 22:26:00,2025-06-08 22:47:00,101809.62,60100.65,639.32,11.5,К-р Восточный,630-E040625_P_B_4.A,5697,2025-06-09,PV №52,carbonized_quartz-mica_hornfels_shists,0.64,405.88,109,16.53,48.0
1611670,2025-06-07 19:33:00,2025-06-07 19:52:00,101810.62,60130.23,639.41,11.97,К-р Восточный,630-E040625_P_B_4.A,6069,2025-06-08,PV №52,carbonized_quartz-mica_hornfels_shists,0.64,402.65,109,15.72,42.0
1611648,2025-06-07 21:59:00,2025-06-07 22:15:00,101868.72,60128.47,639.2,11.16,К-р Восточный,630-E040625_P_B_4.A,5790,2025-06-08,PV №52,carbonized_quartz-mica_hornfels_shists,0.64,403.12,111,13.45,36.0
1611925,2025-06-08 04:25:00,2025-06-08 04:41:00,101845.42,60121.21,639.19,11.66,К-р Восточный,630-E040625_P_B_4.A,5946,2025-06-08,PV №52,carbonized_quartz-mica_hornfels_shists,0.64,405.93,110,15.21,36.0
1611407,2025-06-07 16:56:00,2025-06-07 17:17:00,101851.6,60133.73,638.91,12.12,К-р Восточный,630-E040625_P_B_4.A,6075,2025-06-07,PV №52,carbonized_quartz-mica_hornfels_shists,0.64,117.54,112,10.84,24.0
1611689,2025-06-07 22:59:00,2025-06-07 23:16:00,101848.46,60127.21,639.46,11.74,К-р Восточный,630-E040625_P_B_4.A,5787,2025-06-08,PV №52,carbonized_quartz-mica_hornfels_shists,0.64,404.53,110,14.59,42.0
1613363,2025-06-09 15:29:00,2025-06-09 15:48:00,101725.24,60087.98,639.23,12.53,К-р Восточный,630-E040625_P_B_4.A,5884,2025-06-09,PV №52,carbonized_quartz-mica_hornfels_shists,0.64,401.27,109,14.89,36.0
1668303,2025-08-02 13:38:00,2025-08-02 14:05:00,101244.14,60752.83,619.82,17.5,К-р Восточный,605-E230725_P_B_9.B,5043,2025-08-02,PV №52,mica-quartz_carbonate_massive_rocks,0.64,401.24,110,14.69,42.0
1613760,2025-06-10 01:54:00,2025-06-10 02:15:00,101824.38,60090.07,639.24,12.52,К-р Восточный,630-E040625_P_B_4.A,5665,2025-06-10,PV №52,carbonized_quartz-mica_hornfels_shists,0.64,406.75,110,14.8,42.0
1613760,2025-06-10 01:54:00,2025-06-10 02:15:00,101824.38,60090.07,639.24,12.52,К-р Восточный,630-E040625_P_B_4.A,5665,2025-06-10,PV №52,carbonized_quartz-mica_hornfels_shists,0.64,406.42,110,14.57,36.0
1668144,2025-08-02 09:39:00,2025-08-02 10:05:00,101272.14,60735.25,621.25,18.56,К-р Восточный,605-E230725_P_B_9.B,8181,2025-08-02,PV №52,mica-quartz_carbonate_massive_rocks,0.64,334.58,106,13.78,66.0
1612696,2025-06-08 22:06:00,2025-06-08 22:24:00,101816.36,60101.07,639.46,12.17,К-р Восточный,630-E040625_P_B_4.A,5698,2025-06-09,PV №52,carbonized_quartz-mica_hornfels_shists,0.64,412.41,109,15.89,36.0
1611846,2025-06-08 02:59:00,2025-06-08 03:17:00,101771.4,60115.36,639.11,11.24,К-р Восточный,630-E040625_P_B_4.A,5957,2025-06-08,PV №52,carbonized_quartz-mica_hornfels_shists,0.64,407.76,109,16.34,36.0
1666758,2025-07-31 21:34:00,2025-07-31 21:49:00,101214.26,60704.72,620.46,18.51,К-р Восточный,605-E230725_P_B_9.B,5102,2025-08-01,PV №52,mica-quartz_carbonate_massive_rocks,0.64,416.43,110,15.08,72.0
1667753,2025-08-01 21:39:00,2025-08-01 22:10:00,101249.72,60789.86,620.82,18.33,К-р Восточный,605-E230725_P_B_9.B,8163,2025-08-02,PV №52,mica-quartz_carbonate_massive_rocks,0.64,422.06,109,17.78,36.0
1614203,2025-06-10 11:56:00,2025-06-10 12:17:00,101787.03,60080.45,639.03,12.01,К-р Восточный,630-E040625_P_B_4.A,5815,2025-06-10,PV №52,carbonized_quartz-mica_hornfels_shists,0.64,405.63,108,16.77,36.0
1614718,2025-06-10 20:34:00,2025-06-10 20:53:00,101773.42,60079.64,639.3,12.0,К-р Восточный,630-E040625_P_B_4.A,5813,2025-06-11,PV №52,carbonized_quartz-mica_hornfels_shists,0.64,385.14,108,16.16,36.0
1613204,2025-06-09 10:42:00,2025-06-09 11:26:00,101734.95,60094.75,638.87,12.0,К-р Восточный,630-E040625_P_B_4.A,5686,2025-06-09,PV №52,carbonized_quartz-mica_hornfels_shists,0.64,408.55,109,16.19,42.0
1666191,2025-07-31 10:02:00,2025-07-31 10:26:00,101197.04,60803.22,619.86,17.6,К-р Восточный,605-E230725_P_B_9.B,5005,2025-07-31,PV №52,mica-quartz_carbonate_massive_rocks,0.64,416.85,109,17.03,42.0
1609879,2025-06-06 02:46:00,2025-06-06 03:05:00,101719.59,60117.02,639.36,12.09,К-р Восточный,630-E040625_P_B_4.A,5768,2025-06-06,PV №52,fault_zone,0.64,404.9,108,15.89,42.0
1613405,2025-06-09 16:34:00,2025-06-09 16:52:00,101745.71,60089.44,639.06,12.03,К-р Восточный,630-E040625_P_B_4.A,5881,2025-06-09,PV №52,carbonized_quartz-mica_hornfels_shists,0.64,401.69,110,14.09,36.0
1611019,2025-06-07 05:50:00,2025-06-07 06:06:00,101720.63,60105.17,639.46,12.23,К-р Восточный,630-E040625_P_B_4.A,5760,2025-06-07,PV №52,carbonized_quartz-mica_hornfels_shists,0.64,402.85,110,14.82,42.0
1609736,2025-06-05 21:03:00,2025-06-05 21:22:00,101715.97,60122.64,639.63,12.14,К-р Восточный,630-E040625_P_B_4.A,6055,2025-06-06,PV №52,fault_zone,0.65,408.53,107,18.12,42.0
1610839,2025-06-07 02:38:00,2025-06-07 02:56:00,101723.47,60111.39,639.53,12.62,К-р Восточный,630-E040625_P_B_4.A,5964,2025-06-07,PV №52,carbonized_quartz-mica_hornfels_shists,0.65,407.61,108,17.75,36.0
1668101,2025-08-02 08:47:00,2025-08-02 09:11:00,101261.44,60747.14,621.67,18.45,К-р Восточный,605-E230725_P_B_9.B,8168,2025-08-02,PV №52,mica-quartz_carbonate_massive_rocks,0.65,390.58,108,18.72,42.0
1578853,2025-05-06 16:20:00,2025-05-06 16:33:00,101266.45,60666.52,639.51,12.37,К-р Восточный,630-E030525_P_B_1.B,6073,2025-05-06,PV №52,quartz-mica foliated schists,0.65,170.82,110,13.18,96.0
1667393,2025-08-01 14:23:00,2025-08-01 14:48:00,101229.77,60787.38,620.08,17.89,К-р Восточный,605-E230725_P_B_9.B,5012,2025-08-01,PV №52,mica-quartz_carbonate_massive_rocks,0.65,407.12,110,15.54,42.0
1614019,2025-06-10 08:00:00,2025-06-10 08:17:00,101850.12,60081.15,639.32,12.0,К-р Восточный,630-E040625_P_B_4.A,5619,2025-06-10,PV №52,carbonized_quartz-mica_hornfels_shists,0.65,406.97,109,16.19,30.0
1613664,2025-06-09 23:16:00,2025-06-09 23:36:00,101813.4,60095.31,638.96,12.01,К-р Восточный,630-E040625_P_B_4.A,5871,2025-06-10,PV №52,carbonized_quartz-mica_hornfels_shists,0.65,380.14,111,14.25,42.0
1615063,2025-06-11 06:31:00,2025-06-11 06:51:00,101790.41,60076.24,639.1,11.62,К-р Восточный,630-E040625_P_B_4.A,5610,2025-06-11,PV №52,carbonized_quartz-mica_hornfels_shists,0.65,380.07,108,17.65,42.0
1614450,2025-06-10 18:04:00,2025-06-10 18:28:00,101749.59,60084.05,639.24,12.38,К-р Восточный,630-E040625_P_B_4.A,5676,2025-06-10,PV №52,carbonized_quartz-mica_hornfels_shists,0.65,406.87,98,15.87,36.0
1579812,2025-05-07 17:19:00,2025-05-07 17:33:00,101237.85,60621.34,640.57,12.15,К-р Восточный,630-E030525_P_B_1.B,6120,2025-05-07,PV №52,quartz-mica foliated schists,0.65,434.8,110,15.05,54.0
1614981,2025-06-11 04:36:00,2025-06-11 04:55:00,101756.77,60073.7,639.38,12.01,К-р Восточный,630-E040625_P_B_4.A,5605,2025-06-11,PV №52,carbonized_quartz-mica_hornfels_shists,0.65,387.24,110,14.57,36.0
1615045,2025-06-11 06:10:00,2025-06-11 06:29:00,101783.5,60076.04,639.28,12.0,К-р Восточный,630-E040625_P_B_4.A,5609,2025-06-11,PV №52,carbonized_quartz-mica_hornfels_shists,0.65,410.05,109,17.06,42.0
1666419,2025-07-31 16:07:00,2025-07-31 16:35:00,101206.91,60781.22,620.18,17.52,К-р Восточный,605-E230725_P_B_9.B,5013,2025-07-31,PV №52,mica-quartz_carbonate_massive_rocks,0.65,415.55,109,15.9,36.0
1609140,2025-06-05 09:11:00,2025-06-05 09:29:00,101714.77,60134.56,639.32,12.63,К-р Восточный,630-E040625_P_B_4.A,6045,2025-06-05,PV №52,carbonized_quartz-mica_hornfels_shists,0.65,236.8,111,13.18,102.0
1667282,2025-08-01 11:29:00,2025-08-01 11:50:00,101234.02,60722.94,620.37,18.05,К-р Восточный,605-E230725_P_B_9.B,5054,2025-08-01,PV №52,mica-quartz_carbonate_massive_rocks,0.65,186.81,113,11.65,228.0
1578805,2025-05-06 15:19:00,2025-05-06 15:33:00,101233.45,60682.43,639.93,12.62,К-р Восточный,630-E030525_P_B_1.B,6155,2025-05-06,PV №52,quartz-mica foliated schists,0.65,437.49,110,15.54,60.0
1613993,2025-06-10 07:06:00,2025-06-10 07:22:00,101794.46,60081.85,638.98,11.61,К-р Восточный,630-E040625_P_B_4.A,5816,2025-06-10,PV №52,carbonized_quartz-mica_hornfels_shists,0.65,404.48,110,16.19,48.0
1611651,2025-06-07 23:38:00,2025-06-07 23:56:00,101834.76,60126.28,639.4,11.68,К-р Восточный,630-E040625_P_B_4.A,5785,2025-06-08,PV №52,carbonized_quartz-mica_hornfels_shists,0.65,404.14,111,13.74,36.0
1613932,2025-06-10 04:55:00,2025-06-10 05:17:00,101827.88,60084.46,639.35,12.51,К-р Восточный,630-E040625_P_B_4.A,5821,2025-06-10,PV №52,carbonized_quartz-mica_hornfels_shists,0.65,383.49,110,15.33,36.0
1579602,2025-05-07 11:42:00,2025-05-07 11:59:00,101287.36,60602.61,639.91,12.48,К-р Восточный,630-E030525_P_B_1.B,6035,2025-05-07,PV №52,quartz-mica foliated schists,0.65,3.64,83,2.47,665.4
1667264,2025-08-01 11:04:00,2025-08-01 11:27:00,101231.91,60731.84,619.6,17.65,К-р Восточный,605-E230725_P_B_9.B,5053,2025-08-01,PV №52,mica-quartz_carbonate_massive_rocks,0.65,416.29,109,15.1,42.0
1579785,2025-05-07 16:34:00,2025-05-07 16:46:00,101222.86,60643.35,640.15,12.52,К-р Восточный,630-E030525_P_B_1.B,6062,2025-05-07,PV №52,quartz-mica foliated schists,0.65,205.04,101,14.22,54.0
1579298,2025-05-07 02:39:00,2025-05-07 02:55:00,101264.46,60623.66,639.75,12.12,К-р Восточный,630-E030525_P_B_1.B,6117,2025-05-07,PV №52,quartz-mica foliated schists,0.65,418.78,109,15.39,42.0
1611626,2025-06-07 20:52:00,2025-06-07 21:11:00,101790.25,60128.97,639.0,11.38,К-р Восточный,630-E040625_P_B_4.A,6066,2025-06-08,PV №52,carbonized_quartz-mica_hornfels_shists,0.65,406.07,108,17.09,30.0
1667252,2025-08-01 10:35:00,2025-08-01 11:01:00,101230.39,60740.84,620.1,17.58,К-р Восточный,605-E230725_P_B_9.B,5052,2025-08-01,PV №52,mica-quartz_carbonate_massive_rocks,0.65,416.59,110,14.97,48.0
1611870,2025-06-08 03:28:00,2025-06-08 03:45:00,101865.77,60123.21,639.31,11.48,К-р Восточный,630-E040625_P_B_4.A,5943,2025-06-08,PV №52,carbonized_quartz-mica_hornfels_shists,0.65,405.32,111,13.77,36.0
1578886,2025-05-06 16:54:00,2025-05-06 17:07:00,101258.94,60669.23,639.76,12.32,К-р Восточный,630-E030525_P_B_1.B,6150,2025-05-06,PV №52,quartz-mica foliated schists,0.65,337.96,108,16.67,150.0
1666976,2025-08-01 03:40:00,2025-08-01 04:05:00,101223.53,60734.61,620.12,17.52,К-р Восточный,605-E230725_P_B_9.B,5090,2025-08-01,PV №52,mica-quartz_carbonate_massive_rocks,0.65,417.51,110,14.73,36.0
1614402,2025-06-10 17:12:00,2025-06-10 17:38:00,101736.03,60082.64,639.12,12.1,К-р Восточный,630-E040625_P_B_4.A,5678,2025-06-10,PV №52,carbonized_quartz-mica_hornfels_shists,0.65,324.9,107,13.2,42.0
1613637,2025-06-09 22:32:00,2025-06-09 22:49:00,101827.18,60096.18,639.32,12.51,К-р Восточный,630-E040625_P_B_4.A,5869,2025-06-10,PV №52,carbonized_quartz-mica_hornfels_shists,0.65,395.75,110,14.31,48.0
1609956,2025-06-06 04:30:00,2025-06-06 04:47:00,101753.5,60119.81,639.11,11.3,К-р Восточный,630-E040625_P_B_4.A,5773,2025-06-06,PV №52,carbonized_quartz-mica_hornfels_shists,0.65,404.75,110,14.74,36.0
1612371,2025-06-08 15:24:00,2025-06-08 15:43:00,101846.27,60109.52,639.14,12.11,К-р Восточный,630-E040625_P_B_4.A,5908,2025-06-08,PV №52,carbonized_quartz-mica_hornfels_shists,0.65,394.29,110,15.11,36.0
1666758,2025-07-31 21:34:00,2025-07-31 21:49:00,101214.26,60704.72,620.46,18.51,К-р Восточный,605-E230725_P_B_9.B,5102,2025-08-01,PV №52,mica-quartz_carbonate_massive_rocks,0.65,186.86,114,10.08,426.6
1613084,2025-06-09 07:49:00,2025-06-09 08:10:00,101758.33,60102.44,638.97,12.04,К-р Восточный,630-E040625_P_B_4.A,5895,2025-06-09,PV №52,carbonized_quartz-mica_hornfels_shists,0.65,413.95,110,15.65,36.0
1579710,2025-05-07 14:51:00,2025-05-07 15:06:00,101203.29,60657.39,640.39,12.54,К-р Восточный,630-E030525_P_B_1.B,6065,2025-05-07,PV №52,quartz-mica foliated schists,0.65,432.23,111,13.93,36.0
1667786,2025-08-02 00:16:00,2025-08-02 00:42:00,101255.85,60773.54,620.57,18.03,К-р Восточный,605-E230725_P_B_9.B,8165,2025-08-02,PV №52,mica-quartz_carbonate_massive_rocks,0.65,417.57,112,13.65,36.0
1579425,2025-05-07 05:23:00,2025-05-07 05:36:00,101250.22,60630.33,640.1,12.21,К-р Восточный,630-E030525_P_B_1.B,6052,2025-05-07,PV №52,quartz-mica foliated schists,0.65,419.8,110,14.83,66.0
1612327,2025-06-08 14:16:00,2025-06-08 14:36:00,101768.21,60109.18,638.77,11.48,К-р Восточный,630-E040625_P_B_4.A,5753,2025-06-08,PV №52,carbonized_quartz-mica_hornfels_shists,0.65,380.52,110,14.22,36.0
1614467,2025-06-10 19:20:00,2025-06-10 19:41:00,101756.13,60084.25,639.87,12.02,К-р Восточный,630-E040625_P_B_4.A,5675,2025-06-10,PV №52,carbonized_quartz-mica_hornfels_shists,0.65,387.44,109,14.3,36.0
1672878,2025-08-06 19:58:00,2025-08-06 20:16:00,101194.63,60840.0,620.48,17.5,К-р Восточный,605-E230725_P_B_9.B,4989,2025-08-07,PV №52,quartz-mica foliated schists,0.66,38.39,71,2.6,970.2
1667883,2025-08-02 02:42:00,2025-08-02 03:14:00,101247.41,60775.33,619.96,17.63,К-р Восточный,605-E230725_P_B_9.B,5023,2025-08-02,PV №52,mica-quartz_carbonate_massive_rocks,0.66,402.0,109,15.2,42.0
1667734,2025-08-01 22:13:00,2025-08-01 22:39:00,101253.76,60782.63,620.53,18.62,К-р Восточный,605-E230725_P_B_9.B,8164,2025-08-02,PV №52,mica-quartz_carbonate_massive_rocks,0.66,400.37,108,15.94,42.0
1667786,2025-08-02 00:16:00,2025-08-02 00:42:00,101255.85,60773.54,620.57,18.03,К-р Восточный,605-E230725_P_B_9.B,8165,2025-08-02,PV №52,mica-quartz_carbonate_massive_rocks,0.66,421.29,109,16.83,36.0
1581177,2025-05-08 22:53:00,2025-05-08 23:05:00,101347.8,60515.62,639.61,12.59,К-р Восточный,630-E030525_P_B_1.B,5966,2025-05-09,PV №52,mica-quartz_carbonate_massive_rocks,0.66,285.33,100,18.31,101.4
1609819,2025-06-06 01:32:00,2025-06-06 01:49:00,101692.63,60115.3,639.36,12.25,К-р Восточный,630-E040625_P_B_4.A,5764,2025-06-06,PV №52,carbonized_quartz-mica_hornfels_shists,0.66,107.23,72,10.48,186.6
1581177,2025-05-08 22:53:00,2025-05-08 23:05:00,101347.8,60515.62,639.61,12.59,К-р Восточный,630-E030525_P_B_1.B,5966,2025-05-09,PV №52,mica-quartz_carbonate_massive_rocks,0.66,77.01,113,9.7,144.0
1611159,2025-06-07 09:33:00,2025-06-07 09:52:00,101754.63,60108.34,638.79,11.53,К-р Восточный,630-E040625_P_B_4.A,5755,2025-06-07,PV №52,carbonized_quartz-mica_hornfels_shists,0.66,390.61,107,17.89,36.0
1611019,2025-06-07 05:50:00,2025-06-07 06:06:00,101720.63,60105.17,639.46,12.23,К-р Восточный,630-E040625_P_B_4.A,5760,2025-06-07,PV №52,carbonized_quartz-mica_hornfels_shists,0.66,404.98,108,17.09,120.6
1668181,2025-08-02 10:38:00,2025-08-02 11:01:00,101273.72,60726.52,621.53,18.5,К-р Восточный,605-E230725_P_B_9.B,8182,2025-08-02,PV №52,mica-quartz_carbonate_massive_rocks,0.66,427.81,110,15.89,42.0
1609909,2025-06-06 03:25:00,2025-06-06 03:45:00,101733.25,60118.09,639.33,11.69,К-р Восточный,630-E040625_P_B_4.A,5770,2025-06-06,PV №52,carbonized_quartz-mica_hornfels_shists,0.66,405.24,102,18.1,66.0
1613651,2025-06-09 22:51:00,2025-06-09 23:13:00,101820.24,60095.73,639.05,12.03,К-р Восточный,630-E040625_P_B_4.A,5870,2025-06-10,PV №52,carbonized_quartz-mica_hornfels_shists,0.66,389.33,110,14.79,36.0
1612327,2025-06-08 14:16:00,2025-06-08 14:36:00,101768.21,60109.18,638.77,11.48,К-р Восточный,630-E040625_P_B_4.A,5753,2025-06-08,PV №52,carbonized_quartz-mica_hornfels_shists,0.66,394.56,110,15.29,36.0
1613045,2025-06-09 06:11:00,2025-06-09 06:32:00,101744.75,60101.1,638.89,12.02,К-р Восточный,630-E040625_P_B_4.A,5893,2025-06-09,PV №52,carbonized_quartz-mica_hornfels_shists,0.66,410.86,111,14.34,36.0
1667469,2025-08-01 15:44:00,2025-08-01 16:09:00,101233.31,60764.77,620.08,17.01,К-р Восточный,605-E230725_P_B_9.B,5072,2025-08-01,PV №52,mica-quartz_carbonate_massive_rocks,0.66,419.17,110,14.98,42.0
1613121,2025-06-09 08:49:00,2025-06-09 09:11:00,101768.71,60097.38,638.97,12.01,К-р Восточный,630-E040625_P_B_4.A,5691,2025-06-09,PV №52,carbonized_quartz-mica_hornfels_shists,0.66,412.59,110,16.33,42.0
1614755,2025-06-11 00:56:00,2025-06-11 01:16:00,101746.76,60078.09,639.4,12.02,К-р Восточный,630-E040625_P_B_4.A,5809,2025-06-11,PV №52,carbonized_quartz-mica_hornfels_shists,0.66,400.86,108,17.08,42.0
1614450,2025-06-10 18:04:00,2025-06-10 18:28:00,101749.59,60084.05,639.24,12.38,К-р Восточный,630-E040625_P_B_4.A,5676,2025-06-10,PV №52,carbonized_quartz-mica_hornfels_shists,0.66,405.22,99,15.09,36.0
1580766,2025-05-08 14:00:00,2025-05-08 14:14:00,101327.8,60544.84,639.62,12.55,К-р Восточный,630-E030525_P_B_1.B,5957,2025-05-08,PV №52,quartz-mica foliated schists,0.66,423.84,110,14.21,42.0
1610983,2025-06-07 05:04:00,2025-06-07 05:26:00,101707.3,60103.88,639.86,11.71,К-р Восточный,630-E040625_P_B_4.A,5762,2025-06-07,PV №52,carbonized_quartz-mica_hornfels_shists,0.66,412.57,107,18.39,36.0
1611159,2025-06-07 09:33:00,2025-06-07 09:52:00,101754.63,60108.34,638.79,11.53,К-р Восточный,630-E040625_P_B_4.A,5755,2025-06-07,PV №52,carbonized_quartz-mica_hornfels_shists,0.66,330.58,111,13.07,36.0
1609695,2025-06-05 22:13:00,2025-06-05 22:30:00,101735.89,60124.22,639.25,11.62,К-р Восточный,630-E040625_P_B_4.A,6058,2025-06-06,PV №52,carbonized_quartz-mica_hornfels_shists,0.66,404.35,108,16.25,36.0
1611032,2025-06-07 06:08:00,2025-06-07 06:24:00,101727.36,60105.68,639.26,11.67,К-р Восточный,630-E040625_P_B_4.A,5759,2025-06-07,PV №52,carbonized_quartz-mica_hornfels_shists,0.66,403.18,109,14.19,42.0
1611665,2025-06-07 20:17:00,2025-06-07 20:50:00,101797.12,60129.31,639.9,12.01,К-р Восточный,630-E040625_P_B_4.A,6067,2025-06-08,PV №52,carbonized_quartz-mica_hornfels_shists,0.66,401.48,110,14.12,36.0
1668144,2025-08-02 09:39:00,2025-08-02 10:05:00,101272.14,60735.25,621.25,18.56,К-р Восточный,605-E230725_P_B_9.B,8181,2025-08-02,PV №52,mica-quartz_carbonate_massive_rocks,0.66,429.21,110,16.1,42.0
1668477,2025-08-02 17:58:00,2025-08-02 18:17:00,101264.31,60696.83,620.48,18.03,К-р Восточный,605-E230725_P_B_9.B,5032,2025-08-02,PV №52,quartz-mica foliated schists,0.66,87.84,100,5.6,426.0
1612390,2025-06-08 15:45:00,2025-06-08 16:06:00,101839.66,60109.06,639.32,12.12,К-р Восточный,630-E040625_P_B_4.A,5907,2025-06-08,PV №52,carbonized_quartz-mica_hornfels_shists,0.66,378.86,109,15.06,24.0
1612960,2025-06-09 04:18:00,2025-06-09 04:39:00,101710.97,60098.76,639.43,12.0,К-р Восточный,630-E040625_P_B_4.A,5888,2025-06-09,PV №52,carbonized_quartz-mica_hornfels_shists,0.66,409.21,110,15.31,36.0
1613873,2025-06-10 03:50:00,2025-06-10 04:10:00,101848.12,60086.11,639.58,12.52,К-р Восточный,630-E040625_P_B_4.A,5824,2025-06-10,PV №52,carbonized_quartz-mica_hornfels_shists,0.66,390.65,110,14.6,42.0
1614755,2025-06-11 00:56:00,2025-06-11 01:16:00,101746.76,60078.09,639.4,12.02,К-р Восточный,630-E040625_P_B_4.A,5809,2025-06-11,PV №52,carbonized_quartz-mica_hornfels_shists,0.66,399.2,109,15.92,36.0
1667710,2025-08-01 21:08:00,2025-08-01 21:35:00,101244.6,60797.64,620.71,18.51,К-р Восточный,605-E230725_P_B_9.B,8158,2025-08-02,PV №52,mica-quartz_carbonate_massive_rocks,0.66,423.33,109,16.96,42.0
1612728,2025-06-09 00:16:00,2025-06-09 00:32:00,101775.82,60097.89,639.28,11.36,К-р Восточный,630-E040625_P_B_4.A,5692,2025-06-09,PV №52,carbonized_quartz-mica_hornfels_shists,0.66,410.86,110,15.0,42.0
1609929,2025-06-06 03:47:00,2025-06-06 04:04:00,101739.94,60118.72,639.28,11.53,К-р Восточный,630-E040625_P_B_4.A,5771,2025-06-06,PV №52,carbonized_quartz-mica_hornfels_shists,0.66,408.13,108,17.13,36.0
1579850,2025-05-07 18:25:00,2025-05-07 18:37:00,101257.69,60592.64,640.11,12.55,К-р Восточный,630-E030525_P_B_1.B,6100,2025-05-07,PV №52,quartz-mica foliated schists,0.66,288.5,111,12.77,233.4
1611846,2025-06-08 02:59:00,2025-06-08 03:17:00,101771.4,60115.36,639.11,11.24,К-р Восточный,630-E040625_P_B_4.A,5957,2025-06-08,PV №52,carbonized_quartz-mica_hornfels_shists,0.66,407.45,109,16.1,42.0
1613972,2025-06-10 06:04:00,2025-06-10 06:25:00,101807.61,60083.01,638.78,12.03,К-р Восточный,630-E040625_P_B_4.A,5818,2025-06-10,PV №52,carbonized_quartz-mica_hornfels_shists,0.66,374.94,110,14.97,48.0
1608650,2025-06-04 22:50:00,2025-06-04 23:08:00,101705.36,60138.67,639.5,12.67,К-р Восточный,630-E040625_P_B_4.A,6141,2025-06-05,PV №52,carbonized_quartz-mica_hornfels_shists,0.66,401.23,109,15.84,54.0
1613635,2025-06-10 00:01:00,2025-06-10 00:20:00,101799.51,60094.08,638.98,12.52,К-р Восточный,630-E040625_P_B_4.A,5873,2025-06-10,PV №52,carbonized_quartz-mica_hornfels_shists,0.66,392.26,110,14.6,42.0
1611688,2025-06-07 23:58:00,2025-06-08 00:18:00,101828.14,60125.68,639.36,11.74,К-р Восточный,630-E040625_P_B_4.A,5784,2025-06-08,PV №52,carbonized_quartz-mica_hornfels_shists,0.66,406.52,109,15.41,36.0
1667252,2025-08-01 10:35:00,2025-08-01 11:01:00,101230.39,60740.84,620.1,17.58,К-р Восточный,605-E230725_P_B_9.B,5052,2025-08-01,PV №52,mica-quartz_carbonate_massive_rocks,0.66,420.3,109,16.93,42.0
1611012,2025-06-07 05:28:00,2025-06-07 05:47:00,101713.88,60104.39,639.57,11.72,К-р Восточный,630-E040625_P_B_4.A,5761,2025-06-07,PV №52,carbonized_quartz-mica_hornfels_shists,0.66,403.29,110,14.6,42.0
1612655,2025-06-08 23:55:00,2025-06-09 00:14:00,101782.36,60098.76,639.22,11.3,К-р Восточный,630-E040625_P_B_4.A,5693,2025-06-09,PV №52,carbonized_quartz-mica_hornfels_shists,0.66,378.47,110,15.32,36.0
1667411,2025-08-01 14:50:00,2025-08-01 15:18:00,101230.35,60780.35,620.11,17.03,К-р Восточный,605-E230725_P_B_9.B,5047,2025-08-01,PV №52,mica-quartz_carbonate_massive_rocks,0.66,418.65,109,16.24,96.0
1666247,2025-07-31 11:24:00,2025-07-31 11:53:00,101199.12,60775.76,620.23,17.55,К-р Восточный,605-E230725_P_B_9.B,5008,2025-07-31,PV №52,mica-quartz_carbonate_massive_rocks,0.66,412.57,111,13.83,48.0
1610903,2025-06-07 03:38:00,2025-06-07 03:55:00,101743.4,60113.07,639.23,11.76,К-р Восточный,630-E040625_P_B_4.A,5961,2025-06-07,PV №52,carbonized_quartz-mica_hornfels_shists,0.66,406.14,108,16.62,36.0
1614070,2025-06-10 09:03:00,2025-06-10 09:27:00,101831.55,60079.69,639.47,12.64,К-р Восточный,630-E040625_P_B_4.A,5616,2025-06-10,PV №52,carbonized_quartz-mica_hornfels_shists,0.66,327.02,109,14.52,48.0
1580281,2025-05-08 03:01:00,2025-05-08 03:14:00,101299.7,60579.55,640.23,12.58,К-р Восточный,630-E030525_P_B_1.B,6093,2025-05-08,PV №52,quartz-mica foliated schists,0.66,139.97,96,8.5,138.0
1612190,2025-06-08 10:38:00,2025-06-08 10:59:00,101828.96,60113.97,639.12,12.16,К-р Восточный,630-E040625_P_B_4.A,5744,2025-06-08,PV №52,carbonized_quartz-mica_hornfels_shists,0.66,373.97,110,13.77,42.0
1615045,2025-06-11 06:10:00,2025-06-11 06:29:00,101783.5,60076.04,639.28,12.0,К-р Восточный,630-E040625_P_B_4.A,5609,2025-06-11,PV №52,carbonized_quartz-mica_hornfels_shists,0.66,409.8,108,16.99,36.0
1666326,2025-07-31 13:54:00,2025-07-31 14:22:00,101208.34,60731.64,620.19,17.52,К-р Восточный,605-E230725_P_B_9.B,5099,2025-07-31,PV №52,mica-quartz_carbonate_massive_rocks,0.66,413.37,110,15.42,36.0
1580247,2025-05-08 02:28:00,2025-05-08 02:42:00,101259.94,60562.47,640.52,12.59,К-р Восточный,630-E030525_P_B_1.B,5938,2025-05-08,PV №52,quartz-mica foliated schists,0.66,418.33,109,15.8,66.0
1668070,2025-08-02 07:35:00,2025-08-02 08:01:00,101259.7,60756.55,620.57,18.0,К-р Восточный,605-E230725_P_B_9.B,8167,2025-08-02,PV №52,mica-quartz_carbonate_massive_rocks,0.66,394.52,107,20.43,42.0
1667799,2025-08-02 00:49:00,2025-08-02 01:13:00,101236.91,60801.69,620.91,18.11,К-р Восточный,605-E230725_P_B_9.B,5021,2025-08-02,PV №52,mica-quartz_carbonate_massive_rocks,0.66,417.79,112,13.5,42.0
1611689,2025-06-07 22:59:00,2025-06-07 23:16:00,101848.46,60127.21,639.46,11.74,К-р Восточный,630-E040625_P_B_4.A,5787,2025-06-08,PV №52,carbonized_quartz-mica_hornfels_shists,0.66,406.04,109,15.91,36.0
1613639,2025-06-09 23:39:00,2025-06-09 23:58:00,101806.45,60094.96,638.93,12.01,К-р Восточный,630-E040625_P_B_4.A,5872,2025-06-10,PV №52,carbonized_quartz-mica_hornfels_shists,0.66,380.23,110,14.3,42.0
1667370,2025-08-01 14:02:00,2025-08-01 14:19:00,101229.46,60796.69,621.55,18.5,К-р Восточный,605-E230725_P_B_9.B,5011,2025-08-01,PV №52,mica-quartz_carbonate_massive_rocks,0.66,398.29,111,14.72,48.0
1611651,2025-06-07 23:38:00,2025-06-07 23:56:00,101834.76,60126.28,639.4,11.68,К-р Восточный,630-E040625_P_B_4.A,5785,2025-06-08,PV №52,carbonized_quartz-mica_hornfels_shists,0.66,7.35,0,0.48,808.8
1611407,2025-06-07 16:56:00,2025-06-07 17:17:00,101851.6,60133.73,638.91,12.12,К-р Восточный,630-E040625_P_B_4.A,6075,2025-06-07,PV №52,carbonized_quartz-mica_hornfels_shists,0.66,379.52,109,15.04,36.0
1667739,2025-08-01 22:44:00,2025-08-01 23:10:00,101259.98,60777.82,620.71,18.55,К-р Восточный,605-E230725_P_B_9.B,8176,2025-08-02,PV №52,mica-quartz_carbonate_massive_rocks,0.66,421.11,111,14.71,42.0
1612243,2025-06-08 12:00:00,2025-06-08 12:22:00,101801.65,60111.77,638.9,12.06,К-р Восточный,630-E040625_P_B_4.A,5748,2025-06-08,PV №52,carbonized_quartz-mica_hornfels_shists,0.66,402.08,109,15.9,48.0
1666213,2025-07-31 10:29:00,2025-07-31 10:54:00,101197.62,60794.56,619.89,17.55,К-р Восточный,605-E230725_P_B_9.B,5006,2025-07-31,PV №52,mica-quartz_carbonate_massive_rocks,0.66,412.67,111,14.24,42.0
1614160,2025-06-10 10:49:00,2025-06-10 11:07:00,101804.38,60077.45,638.84,12.01,К-р Восточный,630-E040625_P_B_4.A,5612,2025-06-10,PV №52,carbonized_quartz-mica_hornfels_shists,0.66,383.08,110,14.25,42.0
1668969,2025-08-04 08:56:00,2025-08-04 09:15:00,101235.18,60681.44,621.74,17.52,К-р Восточный,605-E230725_P_B_9.B,5084,2025-08-03,PV №52,quartz-mica foliated schists,0.66,110.62,94,10.58,71.4
1612912,2025-06-09 03:19:00,2025-06-09 03:44:00,101703.95,60097.62,639.5,11.49,К-р Восточный,630-E040625_P_B_4.A,5887,2025-06-09,PV №52,carbonized_quartz-mica_hornfels_shists,0.66,414.23,109,17.03,42.0
1667739,2025-08-01 22:44:00,2025-08-01 23:10:00,101259.98,60777.82,620.71,18.55,К-р Восточный,605-E230725_P_B_9.B,8176,2025-08-02,PV №52,mica-quartz_carbonate_massive_rocks,0.67,420.29,111,14.62,36.0
1667739,2025-08-01 22:44:00,2025-08-01 23:10:00,101259.98,60777.82,620.71,18.55,К-р Восточный,605-E230725_P_B_9.B,8176,2025-08-02,PV №52,mica-quartz_carbonate_massive_rocks,0.67,386.59,108,16.78,30.0
1672643,2025-08-06 19:30:00,2025-08-06 19:56:00,101194.04,60848.72,620.62,18.16,К-р Восточный,605-E230725_P_B_9.B,4988,2025-08-06,PV №52,quartz-mica foliated schists,0.67,417.88,109,15.93,54.0
1581600,2025-05-09 07:35:00,2025-05-09 07:49:00,101287.08,60495.93,640.61,12.57,К-р Восточный,630-E030525_P_B_1.B,5911,2025-05-09,PV №52,quartz-mica foliated schists,0.67,10.02,112,3.73,796.2
1667508,2025-08-01 17:01:00,2025-08-01 17:26:00,101237.05,60746.9,620.01,17.5,К-р Восточный,605-E230725_P_B_9.B,5074,2025-08-01,PV №52,mica-quartz_carbonate_massive_rocks,0.67,423.83,109,16.82,42.0
1611667,2025-06-07 21:32:00,2025-06-07 21:48:00,101776.95,60127.53,638.9,11.28,К-р Восточный,630-E040625_P_B_4.A,6064,2025-06-08,PV №52,carbonized_quartz-mica_hornfels_shists,0.67,405.09,109,15.97,30.0
1614755,2025-06-11 00:56:00,2025-06-11 01:16:00,101746.76,60078.09,639.4,12.02,К-р Восточный,630-E040625_P_B_4.A,5809,2025-06-11,PV №52,carbonized_quartz-mica_hornfels_shists,0.67,400.62,108,16.81,42.0
1612190,2025-06-08 10:38:00,2025-06-08 10:59:00,101828.96,60113.97,639.12,12.16,К-р Восточный,630-E040625_P_B_4.A,5744,2025-06-08,PV №52,carbonized_quartz-mica_hornfels_shists,0.67,387.88,110,13.9,36.0
1611622,2025-06-07 21:13:00,2025-06-07 21:29:00,101783.81,60127.88,638.82,11.23,К-р Восточный,630-E040625_P_B_4.A,6065,2025-06-08,PV №52,carbonized_quartz-mica_hornfels_shists,0.67,402.73,110,14.17,42.0
1668144,2025-08-02 09:39:00,2025-08-02 10:05:00,101272.14,60735.25,621.25,18.56,К-р Восточный,605-E230725_P_B_9.B,8181,2025-08-02,PV №52,mica-quartz_carbonate_massive_rocks,0.67,428.01,111,14.79,54.0
1666988,2025-08-01 04:07:00,2025-08-01 04:28:00,101225.49,60725.72,620.26,17.57,К-р Восточный,605-E230725_P_B_9.B,5089,2025-08-01,PV №52,mica-quartz_carbonate_massive_rocks,0.67,97.94,95,8.85,89.4
1667733,2025-08-01 23:46:00,2025-08-02 00:11:00,101264.34,60771.02,620.82,18.23,К-р Восточный,605-E230725_P_B_9.B,8177,2025-08-02,PV №52,mica-quartz_carbonate_massive_rocks,0.67,422.7,111,15.05,42.0
1612390,2025-06-08 15:45:00,2025-06-08 16:06:00,101839.66,60109.06,639.32,12.12,К-р Восточный,630-E040625_P_B_4.A,5907,2025-06-08,PV №52,carbonized_quartz-mica_hornfels_shists,0.67,384.95,110,14.16,36.0
1613993,2025-06-10 07:06:00,2025-06-10 07:22:00,101794.46,60081.85,638.98,11.61,К-р Восточный,630-E040625_P_B_4.A,5816,2025-06-10,PV №52,carbonized_quartz-mica_hornfels_shists,0.67,405.71,110,14.6,36.0
1612981,2025-06-09 04:42:00,2025-06-09 05:03:00,101717.67,60099.2,639.28,12.01,К-р Восточный,630-E040625_P_B_4.A,5889,2025-06-09,PV №52,carbonized_quartz-mica_hornfels_shists,0.67,407.46,111,14.71,42.0
1611622,2025-06-07 21:13:00,2025-06-07 21:29:00,101783.81,60127.88,638.82,11.23,К-р Восточный,630-E040625_P_B_4.A,6065,2025-06-08,PV №52,carbonized_quartz-mica_hornfels_shists,0.67,8.5,4,0.57,808.8
1614665,2025-06-11 00:10:00,2025-06-11 00:33:00,101733.31,60077.05,639.23,12.01,К-р Восточный,630-E040625_P_B_4.A,5807,2025-06-11,PV №52,carbonized_quartz-mica_hornfels_shists,0.67,395.75,108,17.2,30.0
1614720,2025-06-10 23:24:00,2025-06-10 23:45:00,101719.4,60075.67,639.5,12.5,К-р Восточный,630-E040625_P_B_4.A,5805,2025-06-11,PV №52,carbonized_quartz-mica_hornfels_shists,0.67,377.79,110,13.84,36.0
1613405,2025-06-09 16:34:00,2025-06-09 16:52:00,101745.71,60089.44,639.06,12.03,К-р Восточный,630-E040625_P_B_4.A,5881,2025-06-09,PV №52,carbonized_quartz-mica_hornfels_shists,0.67,395.89,110,14.39,48.0
1582379,2025-05-10 00:34:00,2025-05-10 00:50:00,101282.69,60488.3,640.56,13.54,К-р Восточный,630-E030525_P_B_1.B,5870,2025-05-10,PV №52,quartz-mica foliated schists,0.67,387.82,103,18.32,30.0
1611648,2025-06-07 21:59:00,2025-06-07 22:15:00,101868.72,60128.47,639.2,11.16,К-р Восточный,630-E040625_P_B_4.A,5790,2025-06-08,PV №52,carbonized_quartz-mica_hornfels_shists,0.67,403.02,111,13.42,42.0
1666118,2025-07-31 08:16:00,2025-07-31 08:35:00,101255.01,60699.67,620.53,18.02,К-р Восточный,605-E230725_P_B_9.B,5037,2025-07-31,PV №52,quartz-mica foliated schists,0.67,403.07,103,18.42,42.0
1614433,2025-06-10 17:41:00,2025-06-10 18:01:00,101742.79,60083.26,639.24,12.28,К-р Восточный,630-E040625_P_B_4.A,5677,2025-06-10,PV №52,carbonized_quartz-mica_hornfels_shists,0.67,404.4,110,14.6,42.0
1610826,2025-06-07 02:19:00,2025-06-07 02:35:00,101716.88,60110.85,639.53,11.58,К-р Восточный,630-E040625_P_B_4.A,5965,2025-06-07,PV №52,carbonized_quartz-mica_hornfels_shists,0.67,404.16,109,15.99,54.0
1612677,2025-06-08 23:31:00,2025-06-08 23:53:00,101789.44,60099.15,639.1,11.87,К-р Восточный,630-E040625_P_B_4.A,5694,2025-06-09,PV №52,carbonized_quartz-mica_hornfels_shists,0.67,411.59,111,14.94,36.0
1666419,2025-07-31 16:07:00,2025-07-31 16:35:00,101206.91,60781.22,620.18,17.52,К-р Восточный,605-E230725_P_B_9.B,5013,2025-07-31,PV №52,mica-quartz_carbonate_massive_rocks,0.67,415.39,109,15.78,36.0
1613802,2025-06-10 02:18:00,2025-06-10 02:39:00,101817.38,60089.68,638.91,12.02,К-р Восточный,630-E040625_P_B_4.A,5666,2025-06-10,PV №52,carbonized_quartz-mica_hornfels_shists,0.67,409.89,110,14.98,42.0
1667479,2025-08-01 16:33:00,2025-08-01 16:59:00,101234.99,60755.61,620.01,17.54,К-р Восточный,605-E230725_P_B_9.B,5073,2025-08-01,PV №52,mica-quartz_carbonate_massive_rocks,0.67,418.04,111,14.65,42.0
1666515,2025-07-31 19:24:00,2025-07-31 19:50:00,101214.84,60737.96,620.04,18.0,К-р Восточный,605-E230725_P_B_9.B,5065,2025-07-31,PV №52,mica-quartz_carbonate_massive_rocks,0.67,164.48,104,9.68,96.0
1579710,2025-05-07 14:51:00,2025-05-07 15:06:00,101203.29,60657.39,640.39,12.54,К-р Восточный,630-E030525_P_B_1.B,6065,2025-05-07,PV №52,quartz-mica foliated schists,0.67,432.35,110,14.2,36.0
1612287,2025-06-08 13:33:00,2025-06-08 13:51:00,101781.59,60110.0,640.41,11.58,К-р Восточный,630-E040625_P_B_4.A,5751,2025-06-08,PV №52,carbonized_quartz-mica_hornfels_shists,0.67,396.43,110,15.44,48.0
1667883,2025-08-02 02:42:00,2025-08-02 03:14:00,101247.41,60775.33,619.96,17.63,К-р Восточный,605-E230725_P_B_9.B,5023,2025-08-02,PV №52,mica-quartz_carbonate_massive_rocks,0.67,420.83,111,15.2,36.0
1611036,2025-06-07 06:26:00,2025-06-07 06:41:00,101734.07,60106.33,639.29,11.35,К-р Восточный,630-E040625_P_B_4.A,5758,2025-06-07,PV №52,carbonized_quartz-mica_hornfels_shists,0.67,311.32,105,15.52,120.0
1672643,2025-08-06 19:30:00,2025-08-06 19:56:00,101194.04,60848.72,620.62,18.16,К-р Восточный,605-E230725_P_B_9.B,4988,2025-08-06,PV №52,quartz-mica foliated schists,0.67,36.05,65,3.83,467.4
1611076,2025-06-07 07:58:00,2025-06-07 08:12:00,101756.67,60126.1,638.73,11.56,К-р Восточный,630-E040625_P_B_4.A,6061,2025-06-07,PV №52,carbonized_quartz-mica_hornfels_shists,0.67,62.34,96,7.55,48.0
1613084,2025-06-09 07:49:00,2025-06-09 08:10:00,101758.33,60102.44,638.97,12.04,К-р Восточный,630-E040625_P_B_4.A,5895,2025-06-09,PV №52,carbonized_quartz-mica_hornfels_shists,0.67,414.02,110,15.49,42.0
1667184,2025-08-01 09:04:00,2025-08-01 09:30:00,101224.46,60767.44,620.07,17.51,К-р Восточный,605-E230725_P_B_9.B,5049,2025-08-01,PV №52,mica-quartz_carbonate_massive_rocks,0.67,414.46,111,14.17,36.0
1613246,2025-06-09 11:50:00,2025-06-09 12:08:00,101748.67,60095.54,638.78,12.01,К-р Восточный,630-E040625_P_B_4.A,5688,2025-06-09,PV №52,carbonized_quartz-mica_hornfels_shists,0.67,407.93,110,14.63,36.0
1613204,2025-06-09 10:42:00,2025-06-09 11:26:00,101734.95,60094.75,638.87,12.0,К-р Восточный,630-E040625_P_B_4.A,5686,2025-06-09,PV №52,carbonized_quartz-mica_hornfels_shists,0.67,408.33,110,16.6,36.0
1613084,2025-06-09 07:49:00,2025-06-09 08:10:00,101758.33,60102.44,638.97,12.04,К-р Восточный,630-E040625_P_B_4.A,5895,2025-06-09,PV №52,carbonized_quartz-mica_hornfels_shists,0.67,217.43,108,13.39,144.0
1667138,2025-08-01 08:02:00,2025-08-01 08:29:00,101222.04,60783.45,620.34,17.04,К-р Восточный,605-E230725_P_B_9.B,5018,2025-08-01,PV №52,mica-quartz_carbonate_massive_rocks,0.67,419.77,110,15.8,36.0
1667710,2025-08-01 21:08:00,2025-08-01 21:35:00,101244.6,60797.64,620.71,18.51,К-р Восточный,605-E230725_P_B_9.B,8158,2025-08-02,PV №52,mica-quartz_carbonate_massive_rocks,0.67,422.59,110,16.51,36.0
1613144,2025-06-09 09:23:00,2025-06-09 09:44:00,101714.77,60093.01,639.13,12.02,К-р Восточный,630-E040625_P_B_4.A,5683,2025-06-09,PV №52,carbonized_quartz-mica_hornfels_shists,0.67,409.53,109,16.58,42.0
1667138,2025-08-01 08:02:00,2025-08-01 08:29:00,101222.04,60783.45,620.34,17.04,К-р Восточный,605-E230725_P_B_9.B,5018,2025-08-01,PV №52,mica-quartz_carbonate_massive_rocks,0.67,419.2,109,15.7,30.0
1611783,2025-06-08 01:40:00,2025-06-08 01:59:00,101793.97,60123.54,639.07,11.66,К-р Восточный,630-E040625_P_B_4.A,5779,2025-06-08,PV №52,carbonized_quartz-mica_hornfels_shists,0.67,406.43,109,15.09,42.0
1613624,2025-06-09 21:44:00,2025-06-09 22:05:00,101840.35,60097.04,639.42,12.0,К-р Восточный,630-E040625_P_B_4.A,5867,2025-06-10,PV №52,carbonized_quartz-mica_hornfels_shists,0.67,389.16,111,14.31,36.0
1666849,2025-08-01 01:42:00,2025-08-01 02:10:00,101216.12,60770.68,620.25,17.58,К-р Восточный,605-E230725_P_B_9.B,5094,2025-08-01,PV №52,mica-quartz_carbonate_massive_rocks,0.67,415.61,110,14.32,36.0
1614665,2025-06-11 00:10:00,2025-06-11 00:33:00,101733.31,60077.05,639.23,12.01,К-р Восточный,630-E040625_P_B_4.A,5807,2025-06-11,PV №52,carbonized_quartz-mica_hornfels_shists,0.67,394.88,109,16.6,42.0
1612167,2025-06-08 09:55:00,2025-06-08 10:15:00,101842.71,60115.19,639.2,12.1,К-р Восточный,630-E040625_P_B_4.A,5742,2025-06-08,PV №52,carbonized_quartz-mica_hornfels_shists,0.67,385.17,108,16.51,36.0
1580766,2025-05-08 14:00:00,2025-05-08 14:14:00,101327.8,60544.84,639.62,12.55,К-р Восточный,630-E030525_P_B_1.B,5957,2025-05-08,PV №52,quartz-mica foliated schists,0.67,157.84,110,12.54,263.4
1668675,2025-08-02 20:31:00,2025-08-02 20:52:00,101290.81,60679.37,621.63,19.08,К-р Восточный,605-E230725_P_B_9.B,8190,2025-08-03,PV №52,quartz-mica foliated schists,0.67,239.18,100,19.73,18.0
1666659,2025-07-31 22:17:00,2025-07-31 22:41:00,101219.07,60719.69,620.39,18.04,К-р Восточный,605-E230725_P_B_9.B,5063,2025-08-01,PV №52,mica-quartz_carbonate_massive_rocks,0.67,413.2,107,14.02,36.0
1667306,2025-08-01 12:18:00,2025-08-01 12:39:00,101228.78,60805.49,620.28,17.56,К-р Восточный,605-E230725_P_B_9.B,5003,2025-08-01,PV №52,mica-quartz_carbonate_massive_rocks,0.67,416.33,108,16.67,42.0
1611895,2025-06-08 03:47:00,2025-06-08 04:03:00,101858.93,60122.35,639.26,11.15,К-р Восточный,630-E040625_P_B_4.A,5944,2025-06-08,PV №52,carbonized_quartz-mica_hornfels_shists,0.67,405.8,110,14.23,36.0
1611060,2025-06-07 07:35:00,2025-06-07 07:54:00,101747.96,60108.14,638.82,11.79,К-р Восточный,630-E040625_P_B_4.A,5756,2025-06-07,PV №52,carbonized_quartz-mica_hornfels_shists,0.67,396.52,110,13.73,36.0
1613972,2025-06-10 06:04:00,2025-06-10 06:25:00,101807.61,60083.01,638.78,12.03,К-р Восточный,630-E040625_P_B_4.A,5818,2025-06-10,PV №52,carbonized_quartz-mica_hornfels_shists,0.67,374.81,110,15.21,36.0
1611750,2025-06-08 01:03:00,2025-06-08 01:20:00,101807.71,60124.39,639.37,11.85,К-р Восточный,630-E040625_P_B_4.A,5781,2025-06-08,PV №52,carbonized_quartz-mica_hornfels_shists,0.67,406.6,110,14.16,42.0
1611407,2025-06-07 16:56:00,2025-06-07 17:17:00,101851.6,60133.73,638.91,12.12,К-р Восточный,630-E040625_P_B_4.A,6075,2025-06-07,PV №52,carbonized_quartz-mica_hornfels_shists,0.67,379.34,110,14.86,36.0
1668303,2025-08-02 13:38:00,2025-08-02 14:05:00,101244.14,60752.83,619.82,17.5,К-р Восточный,605-E230725_P_B_9.B,5043,2025-08-02,PV №52,mica-quartz_carbonate_massive_rocks,0.67,402.38,110,14.92,36.0
1614070,2025-06-10 09:03:00,2025-06-10 09:27:00,101831.55,60079.69,639.47,12.64,К-р Восточный,630-E040625_P_B_4.A,5616,2025-06-10,PV №52,carbonized_quartz-mica_hornfels_shists,0.67,405.41,109,15.17,36.0
1666988,2025-08-01 04:07:00,2025-08-01 04:28:00,101225.49,60725.72,620.26,17.57,К-р Восточный,605-E230725_P_B_9.B,5089,2025-08-01,PV №52,mica-quartz_carbonate_massive_rocks,0.67,298.67,106,15.29,144.0
1611964,2025-06-08 05:02:00,2025-06-08 05:18:00,101832.06,60120.37,639.6,11.74,К-р Восточный,630-E040625_P_B_4.A,5948,2025-06-08,PV №52,carbonized_quartz-mica_hornfels_shists,0.67,404.36,110,14.08,41.4
1611964,2025-06-08 05:02:00,2025-06-08 05:18:00,101832.06,60120.37,639.6,11.74,К-р Восточный,630-E040625_P_B_4.A,5948,2025-06-08,PV №52,carbonized_quartz-mica_hornfels_shists,0.67,406.45,109,15.52,36.0
1666776,2025-08-01 00:15:00,2025-08-01 00:40:00,101213.56,60795.38,620.05,17.6,К-р Восточный,605-E230725_P_B_9.B,5010,2025-08-01,PV №52,mica-quartz_carbonate_massive_rocks,0.67,416.73,110,15.24,36.0
1613760,2025-06-10 01:54:00,2025-06-10 02:15:00,101824.38,60090.07,639.24,12.52,К-р Восточный,630-E040625_P_B_4.A,5665,2025-06-10,PV №52,carbonized_quartz-mica_hornfels_shists,0.67,405.74,102,14.91,42.0
1668005,2025-08-02 05:11:00,2025-08-02 05:34:00,101242.51,60761.79,619.85,17.54,К-р Восточный,605-E230725_P_B_9.B,5044,2025-08-02,PV №52,mica-quartz_carbonate_massive_rocks,0.67,428.9,111,14.06,36.0
1612728,2025-06-09 00:16:00,2025-06-09 00:32:00,101775.82,60097.89,639.28,11.36,К-р Восточный,630-E040625_P_B_4.A,5692,2025-06-09,PV №52,carbonized_quartz-mica_hornfels_shists,0.68,414.92,108,17.91,42.0
1666976,2025-08-01 03:40:00,2025-08-01 04:05:00,101223.53,60734.61,620.12,17.52,К-р Восточный,605-E230725_P_B_9.B,5090,2025-08-01,PV №52,mica-quartz_carbonate_massive_rocks,0.68,422.04,109,16.78,48.0
1612390,2025-06-08 15:45:00,2025-06-08 16:06:00,101839.66,60109.06,639.32,12.12,К-р Восточный,630-E040625_P_B_4.A,5907,2025-06-08,PV №52,carbonized_quartz-mica_hornfels_shists,0.68,399.55,110,15.44,48.0
1581171,2025-05-08 20:40:00,2025-05-08 20:56:00,101276.29,60525.78,640.39,12.72,К-р Восточный,630-E030525_P_B_1.B,5923,2025-05-09,PV №52,quartz-mica foliated schists,0.68,439.36,109,16.97,60.0
1668737,2025-08-03 00:45:00,2025-08-03 01:09:00,101241.94,60687.12,620.9,17.72,К-р Восточный,605-E230725_P_B_9.B,5058,2025-08-03,PV №52,quartz-mica foliated schists,0.68,368.32,109,18.1,30.0
1581748,2025-05-09 10:46:00,2025-05-09 10:57:00,101309.54,60490.02,640.34,13.01,К-р Восточный,630-E030525_P_B_1.B,5873,2025-05-09,PV №52,mica-quartz_carbonate_massive_rocks,0.68,335.21,112,13.95,143.4
1614433,2025-06-10 17:41:00,2025-06-10 18:01:00,101742.79,60083.26,639.24,12.28,К-р Восточный,630-E040625_P_B_4.A,5677,2025-06-10,PV №52,carbonized_quartz-mica_hornfels_shists,0.68,404.24,110,14.42,48.0
1668144,2025-08-02 09:39:00,2025-08-02 10:05:00,101272.14,60735.25,621.25,18.56,К-р Восточный,605-E230725_P_B_9.B,8181,2025-08-02,PV №52,mica-quartz_carbonate_massive_rocks,0.68,428.02,111,14.72,42.0
1666474,2025-07-31 17:42:00,2025-07-31 18:10:00,101211.23,60755.47,620.13,17.52,К-р Восточный,605-E230725_P_B_9.B,5067,2025-07-31,PV №52,mica-quartz_carbonate_massive_rocks,0.68,415.25,111,14.64,30.0
1613045,2025-06-09 06:11:00,2025-06-09 06:32:00,101744.75,60101.1,638.89,12.02,К-р Восточный,630-E040625_P_B_4.A,5893,2025-06-09,PV №52,carbonized_quartz-mica_hornfels_shists,0.68,411.42,111,14.52,42.0
1611750,2025-06-08 01:03:00,2025-06-08 01:20:00,101807.71,60124.39,639.37,11.85,К-р Восточный,630-E040625_P_B_4.A,5781,2025-06-08,PV №52,carbonized_quartz-mica_hornfels_shists,0.68,406.74,110,14.35,42.0
1667733,2025-08-01 23:46:00,2025-08-02 00:11:00,101264.34,60771.02,620.82,18.23,К-р Восточный,605-E230725_P_B_9.B,8177,2025-08-02,PV №52,mica-quartz_carbonate_massive_rocks,0.68,423.15,110,15.32,36.0
1666830,2025-08-01 01:12:00,2025-08-01 01:40:00,101214.89,60778.02,620.29,17.57,К-р Восточный,605-E230725_P_B_9.B,5070,2025-08-01,PV №52,mica-quartz_carbonate_massive_rocks,0.68,418.64,110,15.66,42.0
1611719,2025-06-08 00:20:00,2025-06-08 00:37:00,101821.33,60125.18,639.29,11.6,К-р Восточный,630-E040625_P_B_4.A,5783,2025-06-08,PV №52,carbonized_quartz-mica_hornfels_shists,0.68,408.82,110,14.76,42.0
1611796,2025-06-08 02:01:00,2025-06-08 02:18:00,101787.7,60122.18,639.08,11.32,К-р Восточный,630-E040625_P_B_4.A,5778,2025-06-08,PV №52,carbonized_quartz-mica_hornfels_shists,0.68,407.1,109,15.83,42.0
1666776,2025-08-01 00:15:00,2025-08-01 00:40:00,101213.56,60795.38,620.05,17.6,К-р Восточный,605-E230725_P_B_9.B,5010,2025-08-01,PV №52,mica-quartz_carbonate_massive_rocks,0.68,416.28,110,14.84,36.0
1613802,2025-06-10 02:18:00,2025-06-10 02:39:00,101817.38,60089.68,638.91,12.02,К-р Восточный,630-E040625_P_B_4.A,5666,2025-06-10,PV №52,carbonized_quartz-mica_hornfels_shists,0.68,409.55,110,14.9,36.0
1612127,2025-06-08 09:12:00,2025-06-08 09:32:00,101855.9,60116.22,638.99,12.11,К-р Восточный,630-E040625_P_B_4.A,5740,2025-06-08,PV №52,carbonized_quartz-mica_hornfels_shists,0.68,384.87,110,13.94,36.0
1609860,2025-06-06 02:28:00,2025-06-06 02:44:00,101712.98,60116.29,639.53,12.31,К-р Восточный,630-E040625_P_B_4.A,5767,2025-06-06,PV №52,carbonized_quartz-mica_hornfels_shists,0.68,403.84,109,15.27,36.0
1609890,2025-06-06 03:06:00,2025-06-06 03:23:00,101726.39,60117.55,639.35,11.65,К-р Восточный,630-E040625_P_B_4.A,5769,2025-06-06,PV №52,carbonized_quartz-mica_hornfels_shists,0.68,405.14,109,14.57,48.0
1668195,2025-08-02 11:05:00,2025-08-02 11:28:00,101267.32,60720.46,621.47,18.01,К-р Восточный,605-E230725_P_B_9.B,8171,2025-08-02,PV №52,mica-quartz_carbonate_massive_rocks,0.68,401.41,103,20.08,60.0
1613405,2025-06-09 16:34:00,2025-06-09 16:52:00,101745.71,60089.44,639.06,12.03,К-р Восточный,630-E040625_P_B_4.A,5881,2025-06-09,PV №52,carbonized_quartz-mica_hornfels_shists,0.68,400.8,110,14.67,36.0
1613405,2025-06-09 16:34:00,2025-06-09 16:52:00,101745.71,60089.44,639.06,12.03,К-р Восточный,630-E040625_P_B_4.A,5881,2025-06-09,PV №52,carbonized_quartz-mica_hornfels_shists,0.68,337.28,110,14.36,36.0
1667739,2025-08-01 22:44:00,2025-08-01 23:10:00,101259.98,60777.82,620.71,18.55,К-р Восточный,605-E230725_P_B_9.B,8176,2025-08-02,PV №52,mica-quartz_carbonate_massive_rocks,0.68,423.01,109,16.54,36.0
1611352,2025-06-07 15:59:00,2025-06-07 16:14:00,101871.33,60135.06,638.86,11.5,К-р Восточный,630-E040625_P_B_4.A,6078,2025-06-07,PV №52,carbonized_quartz-mica_hornfels_shists,0.68,381.83,111,13.66,42.0
1668005,2025-08-02 05:11:00,2025-08-02 05:34:00,101242.51,60761.79,619.85,17.54,К-р Восточный,605-E230725_P_B_9.B,5044,2025-08-02,PV №52,mica-quartz_carbonate_massive_rocks,0.68,431.15,110,15.85,42.0
1613163,2025-06-09 09:46:00,2025-06-09 10:05:00,101721.53,60093.44,639.19,12.02,К-р Восточный,630-E040625_P_B_4.A,5684,2025-06-09,PV №52,carbonized_quartz-mica_hornfels_shists,0.68,406.16,110,15.29,30.0
1667747,2025-08-01 23:15:00,2025-08-01 23:41:00,101245.82,60788.55,620.64,18.01,К-р Восточный,605-E230725_P_B_9.B,8159,2025-08-02,PV №52,mica-quartz_carbonate_massive_rocks,0.68,421.75,111,14.84,42.0
1613907,2025-06-10 04:32:00,2025-06-10 04:52:00,101834.74,60084.98,639.63,12.5,К-р Восточный,630-E040625_P_B_4.A,5822,2025-06-10,PV №52,carbonized_quartz-mica_hornfels_shists,0.68,389.63,110,14.65,36.0
1614772,2025-06-11 01:46:00,2025-06-11 02:05:00,101759.98,60078.64,639.43,12.03,К-р Восточный,630-E040625_P_B_4.A,5811,2025-06-11,PV №52,carbonized_quartz-mica_hornfels_shists,0.68,400.88,110,15.26,42.0
1667959,2025-08-02 04:18:00,2025-08-02 04:43:00,101238.74,60776.94,619.83,17.44,К-р Восточный,605-E230725_P_B_9.B,5046,2025-08-02,PV №52,mica-quartz_carbonate_massive_rocks,0.68,423.57,111,14.58,48.0
1667264,2025-08-01 11:04:00,2025-08-01 11:27:00,101231.91,60731.84,619.6,17.65,К-р Восточный,605-E230725_P_B_9.B,5053,2025-08-01,PV №52,mica-quartz_carbonate_massive_rocks,0.68,416.4,111,14.35,36.0
1667753,2025-08-01 21:39:00,2025-08-01 22:10:00,101249.72,60789.86,620.82,18.33,К-р Восточный,605-E230725_P_B_9.B,8163,2025-08-02,PV №52,mica-quartz_carbonate_massive_rocks,0.68,420.42,110,16.81,42.0
1609194,2025-06-05 10:39:00,2025-06-05 10:56:00,101748.66,60137.22,638.69,11.7,К-р Восточный,630-E040625_P_B_4.A,6040,2025-06-05,PV №52,fault_zone,0.68,403.86,107,17.23,66.0
1612696,2025-06-08 22:06:00,2025-06-08 22:24:00,101816.36,60101.07,639.46,12.17,К-р Восточный,630-E040625_P_B_4.A,5698,2025-06-09,PV №52,carbonized_quartz-mica_hornfels_shists,0.68,410.75,110,14.56,42.0
1614981,2025-06-11 04:36:00,2025-06-11 04:55:00,101756.77,60073.7,639.38,12.01,К-р Восточный,630-E040625_P_B_4.A,5605,2025-06-11,PV №52,carbonized_quartz-mica_hornfels_shists,0.68,388.01,110,15.18,36.0
1667282,2025-08-01 11:29:00,2025-08-01 11:50:00,101234.02,60722.94,620.37,18.05,К-р Восточный,605-E230725_P_B_9.B,5054,2025-08-01,PV №52,mica-quartz_carbonate_massive_rocks,0.68,416.61,109,15.37,42.0
1611689,2025-06-07 22:59:00,2025-06-07 23:16:00,101848.46,60127.21,639.46,11.74,К-р Восточный,630-E040625_P_B_4.A,5787,2025-06-08,PV №52,carbonized_quartz-mica_hornfels_shists,0.68,404.68,110,14.62,47.4
1615045,2025-06-11 06:10:00,2025-06-11 06:29:00,101783.5,60076.04,639.28,12.0,К-р Восточный,630-E040625_P_B_4.A,5609,2025-06-11,PV №52,carbonized_quartz-mica_hornfels_shists,0.68,411.12,108,17.86,42.0
1666776,2025-08-01 00:15:00,2025-08-01 00:40:00,101213.56,60795.38,620.05,17.6,К-р Восточный,605-E230725_P_B_9.B,5010,2025-08-01,PV №52,mica-quartz_carbonate_massive_rocks,0.68,419.4,108,17.27,42.0
1667883,2025-08-02 02:42:00,2025-08-02 03:14:00,101247.41,60775.33,619.96,17.63,К-р Восточный,605-E230725_P_B_9.B,5023,2025-08-02,PV №52,mica-quartz_carbonate_massive_rocks,0.68,419.45,110,15.78,24.0
1666802,2025-08-01 00:41:00,2025-08-01 01:09:00,101214.17,60786.28,620.3,17.62,К-р Восточный,605-E230725_P_B_9.B,5009,2025-08-01,PV №52,mica-quartz_carbonate_massive_rocks,0.68,416.78,109,15.43,36.0
1609956,2025-06-06 04:30:00,2025-06-06 04:47:00,101753.5,60119.81,639.11,11.3,К-р Восточный,630-E040625_P_B_4.A,5773,2025-06-06,PV №52,carbonized_quartz-mica_hornfels_shists,0.68,33.11,0,0.83,969.0
1611626,2025-06-07 20:52:00,2025-06-07 21:11:00,101790.25,60128.97,639.0,11.38,К-р Восточный,630-E040625_P_B_4.A,6066,2025-06-08,PV №52,carbonized_quartz-mica_hornfels_shists,0.68,405.75,108,16.78,36.0
1579223,2025-05-07 01:53:00,2025-05-07 02:07:00,101249.29,60645.46,640.08,12.17,К-р Восточный,630-E030525_P_B_1.B,6059,2025-05-07,PV №52,quartz-mica foliated schists,0.68,420.41,108,17.23,60.0
1612137,2025-06-08 09:34:00,2025-06-08 09:53:00,101849.32,60115.64,639.05,12.04,К-р Восточный,630-E040625_P_B_4.A,5741,2025-06-08,PV №52,carbonized_quartz-mica_hornfels_shists,0.68,385.75,109,15.28,42.0
1610983,2025-06-07 05:04:00,2025-06-07 05:26:00,101707.3,60103.88,639.86,11.71,К-р Восточный,630-E040625_P_B_4.A,5762,2025-06-07,PV №52,carbonized_quartz-mica_hornfels_shists,0.68,407.08,109,15.56,48.0
1667786,2025-08-02 00:16:00,2025-08-02 00:42:00,101255.85,60773.54,620.57,18.03,К-р Восточный,605-E230725_P_B_9.B,8165,2025-08-02,PV №52,mica-quartz_carbonate_massive_rocks,0.69,417.58,112,13.66,42.0
1613698,2025-06-10 00:30:00,2025-06-10 00:45:00,101850.93,60091.95,639.16,12.0,К-р Восточный,630-E040625_P_B_4.A,5661,2025-06-10,PV №52,carbonized_quartz-mica_hornfels_shists,0.69,406.69,110,15.63,42.0
1613246,2025-06-09 11:50:00,2025-06-09 12:08:00,101748.67,60095.54,638.78,12.01,К-р Восточный,630-E040625_P_B_4.A,5688,2025-06-09,PV №52,carbonized_quartz-mica_hornfels_shists,0.69,407.56,110,14.42,48.0
1613431,2025-06-09 16:54:00,2025-06-09 17:16:00,101752.41,60089.72,638.93,12.02,К-р Восточный,630-E040625_P_B_4.A,5880,2025-06-09,PV №52,carbonized_quartz-mica_hornfels_shists,0.69,401.13,109,15.25,35.4
1611964,2025-06-08 05:02:00,2025-06-08 05:18:00,101832.06,60120.37,639.6,11.74,К-р Восточный,630-E040625_P_B_4.A,5948,2025-06-08,PV №52,carbonized_quartz-mica_hornfels_shists,0.69,404.72,110,14.46,42.0
1611667,2025-06-07 21:32:00,2025-06-07 21:48:00,101776.95,60127.53,638.9,11.28,К-р Восточный,630-E040625_P_B_4.A,6064,2025-06-08,PV №52,carbonized_quartz-mica_hornfels_shists,0.69,402.96,110,13.89,42.0
1581301,2025-05-09 01:31:00,2025-05-09 01:47:00,101307.39,60519.9,639.81,12.59,К-р Восточный,630-E030525_P_B_1.B,5887,2025-05-09,PV №52,quartz-mica foliated schists,0.69,279.45,110,14.64,60.0
1612190,2025-06-08 10:38:00,2025-06-08 10:59:00,101828.96,60113.97,639.12,12.16,К-р Восточный,630-E040625_P_B_4.A,5744,2025-06-08,PV №52,carbonized_quartz-mica_hornfels_shists,0.69,388.13,110,14.33,60.0
1667786,2025-08-02 00:16:00,2025-08-02 00:42:00,101255.85,60773.54,620.57,18.03,К-р Восточный,605-E230725_P_B_9.B,8165,2025-08-02,PV №52,mica-quartz_carbonate_massive_rocks,0.69,418.98,110,15.42,42.0
1610963,2025-06-07 04:45:00,2025-06-07 05:02:00,101700.34,60103.09,639.16,11.55,К-р Восточный,630-E040625_P_B_4.A,5763,2025-06-07,PV №52,carbonized_quartz-mica_hornfels_shists,0.69,404.4,108,16.95,36.0
1670707,2025-08-04 19:35:00,2025-08-04 19:57:00,101297.07,60661.65,621.65,19.51,К-р Восточный,605-E230725_P_B_9.B,8192,2025-08-05,PV №52,quartz-mica foliated schists,0.69,413.56,108,18.93,54.0
1666776,2025-08-01 00:15:00,2025-08-01 00:40:00,101213.56,60795.38,620.05,17.6,К-р Восточный,605-E230725_P_B_9.B,5010,2025-08-01,PV №52,mica-quartz_carbonate_massive_rocks,0.69,416.48,110,14.99,42.0
1667370,2025-08-01 14:02:00,2025-08-01 14:19:00,101229.46,60796.69,621.55,18.5,К-р Восточный,605-E230725_P_B_9.B,5011,2025-08-01,PV №52,mica-quartz_carbonate_massive_rocks,0.69,404.21,110,15.55,42.0
1666489,2025-07-31 18:11:00,2025-07-31 18:48:00,101213.25,60746.54,620.13,17.5,К-р Восточный,605-E230725_P_B_9.B,5066,2025-07-31,PV №52,mica-quartz_carbonate_massive_rocks,0.69,415.16,110,14.85,42.0
1611761,2025-06-08 01:22:00,2025-06-08 01:38:00,101800.95,60123.88,639.34,11.66,К-р Восточный,630-E040625_P_B_4.A,5780,2025-06-08,PV №52,carbonized_quartz-mica_hornfels_shists,0.69,409.85,108,17.21,36.0
1611895,2025-06-08 03:47:00,2025-06-08 04:03:00,101858.93,60122.35,639.26,11.15,К-р Восточный,630-E040625_P_B_4.A,5944,2025-06-08,PV №52,carbonized_quartz-mica_hornfels_shists,0.69,405.65,110,14.18,36.0
1666725,2025-07-31 20:18:00,2025-07-31 20:45:00,101212.3,60713.71,620.49,18.01,К-р Восточный,605-E230725_P_B_9.B,5101,2025-08-01,PV №52,mica-quartz_carbonate_massive_rocks,0.69,382.71,105,20.58,36.0
1614218,2025-06-10 12:25:00,2025-06-10 12:44:00,101776.38,60085.76,639.05,12.06,К-р Восточный,630-E040625_P_B_4.A,5672,2025-06-10,PV №52,carbonized_quartz-mica_hornfels_shists,0.69,402.65,110,14.44,42.0
1667734,2025-08-01 22:13:00,2025-08-01 22:39:00,101253.76,60782.63,620.53,18.62,К-р Восточный,605-E230725_P_B_9.B,8164,2025-08-02,PV №52,mica-quartz_carbonate_massive_rocks,0.69,422.24,110,16.01,42.0
1611263,2025-06-07 11:55:00,2025-06-07 12:10:00,101861.19,60140.43,638.84,11.61,К-р Восточный,630-E040625_P_B_4.A,5995,2025-06-07,PV №52,carbonized_quartz-mica_hornfels_shists,0.69,405.53,107,18.22,42.0
1666452,2025-07-31 17:09:00,2025-07-31 17:41:00,101209.34,60764.47,620.12,17.5,К-р Восточный,605-E230725_P_B_9.B,5068,2025-07-31,PV №52,mica-quartz_carbonate_massive_rocks,0.69,418.9,109,17.28,24.0
1614402,2025-06-10 17:12:00,2025-06-10 17:38:00,101736.03,60082.64,639.12,12.1,К-р Восточный,630-E040625_P_B_4.A,5678,2025-06-10,PV №52,carbonized_quartz-mica_hornfels_shists,0.69,379.91,109,15.5,42.0
1666976,2025-08-01 03:40:00,2025-08-01 04:05:00,101223.53,60734.61,620.12,17.52,К-р Восточный,605-E230725_P_B_9.B,5090,2025-08-01,PV №52,mica-quartz_carbonate_massive_rocks,0.69,421.59,109,16.48,42.0
1614995,2025-06-11 04:57:00,2025-06-11 05:14:00,101763.59,60074.58,639.34,12.03,К-р Восточный,630-E040625_P_B_4.A,5606,2025-06-11,PV №52,carbonized_quartz-mica_hornfels_shists,0.69,388.03,110,15.12,42.0
1611648,2025-06-07 21:59:00,2025-06-07 22:15:00,101868.72,60128.47,639.2,11.16,К-р Восточный,630-E040625_P_B_4.A,5790,2025-06-08,PV №52,carbonized_quartz-mica_hornfels_shists,0.69,397.82,111,13.64,48.0
1611964,2025-06-08 05:02:00,2025-06-08 05:18:00,101832.06,60120.37,639.6,11.74,К-р Восточный,630-E040625_P_B_4.A,5948,2025-06-08,PV №52,carbonized_quartz-mica_hornfels_shists,0.69,405.03,110,14.47,36.0
1666515,2025-07-31 19:24:00,2025-07-31 19:50:00,101214.84,60737.96,620.04,18.0,К-р Восточный,605-E230725_P_B_9.B,5065,2025-07-31,PV №52,mica-quartz_carbonate_massive_rocks,0.69,419.9,109,16.64,48.0
1612276,2025-06-08 12:48:00,2025-06-08 13:06:00,101788.41,60111.0,638.8,11.57,К-р Восточный,630-E040625_P_B_4.A,5750,2025-06-08,PV №52,carbonized_quartz-mica_hornfels_shists,0.69,400.16,110,14.06,48.0
1612062,2025-06-08 08:03:00,2025-06-08 08:21:00,101784.28,60116.32,638.66,11.57,К-р Восточный,630-E040625_P_B_4.A,5955,2025-06-08,PV №52,carbonized_quartz-mica_hornfels_shists,0.69,397.86,110,14.18,36.0
1667856,2025-08-02 02:15:00,2025-08-02 02:39:00,101246.2,60781.78,620.31,17.63,К-р Восточный,605-E230725_P_B_9.B,5022,2025-08-02,PV №52,mica-quartz_carbonate_massive_rocks,0.69,394.31,109,17.45,42.0
1612677,2025-06-08 23:31:00,2025-06-08 23:53:00,101789.44,60099.15,639.1,11.87,К-р Восточный,630-E040625_P_B_4.A,5694,2025-06-09,PV №52,carbonized_quartz-mica_hornfels_shists,0.69,411.45,109,16.22,48.0
1613232,2025-06-09 11:28:00,2025-06-09 11:47:00,101741.84,60094.9,638.81,12.03,К-р Восточный,630-E040625_P_B_4.A,5687,2025-06-09,PV №52,carbonized_quartz-mica_hornfels_shists,0.69,407.72,111,14.41,42.0
1611622,2025-06-07 21:13:00,2025-06-07 21:29:00,101783.81,60127.88,638.82,11.23,К-р Восточный,630-E040625_P_B_4.A,6065,2025-06-08,PV №52,carbonized_quartz-mica_hornfels_shists,0.69,403.66,109,14.92,42.0
1666849,2025-08-01 01:42:00,2025-08-01 02:10:00,101216.12,60770.68,620.25,17.58,К-р Восточный,605-E230725_P_B_9.B,5094,2025-08-01,PV №52,mica-quartz_carbonate_massive_rocks,0.69,408.52,104,16.86,96.0
1667469,2025-08-01 15:44:00,2025-08-01 16:09:00,101233.31,60764.77,620.08,17.01,К-р Восточный,605-E230725_P_B_9.B,5072,2025-08-01,PV №52,mica-quartz_carbonate_massive_rocks,0.69,416.83,110,14.65,36.0
1666247,2025-07-31 11:24:00,2025-07-31 11:53:00,101199.12,60775.76,620.23,17.55,К-р Восточный,605-E230725_P_B_9.B,5008,2025-07-31,PV №52,mica-quartz_carbonate_massive_rocks,0.69,412.97,111,14.1,36.0
1613232,2025-06-09 11:28:00,2025-06-09 11:47:00,101741.84,60094.9,638.81,12.03,К-р Восточный,630-E040625_P_B_4.A,5687,2025-06-09,PV №52,carbonized_quartz-mica_hornfels_shists,0.69,407.57,110,14.69,42.0
1666429,2025-07-31 16:37:00,2025-07-31 17:07:00,101207.51,60773.5,620.11,17.53,К-р Восточный,605-E230725_P_B_9.B,5069,2025-07-31,PV №52,mica-quartz_carbonate_massive_rocks,0.69,415.2,110,14.74,36.0
1670707,2025-08-04 19:35:00,2025-08-04 19:57:00,101297.07,60661.65,621.65,19.51,К-р Восточный,605-E230725_P_B_9.B,8192,2025-08-05,PV №52,quartz-mica foliated schists,0.69,29.97,52,2.22,588.0
1667252,2025-08-01 10:35:00,2025-08-01 11:01:00,101230.39,60740.84,620.1,17.58,К-р Восточный,605-E230725_P_B_9.B,5052,2025-08-01,PV №52,mica-quartz_carbonate_massive_rocks,0.69,417.06,110,14.92,48.0
1612127,2025-06-08 09:12:00,2025-06-08 09:32:00,101855.9,60116.22,638.99,12.11,К-р Восточный,630-E040625_P_B_4.A,5740,2025-06-08,PV №52,carbonized_quartz-mica_hornfels_shists,0.69,385.6,110,14.22,42.0
1613972,2025-06-10 06:04:00,2025-06-10 06:25:00,101807.61,60083.01,638.78,12.03,К-р Восточный,630-E040625_P_B_4.A,5818,2025-06-10,PV №52,carbonized_quartz-mica_hornfels_shists,0.69,312.14,111,13.05,54.0
1614003,2025-06-10 07:29:00,2025-06-10 07:46:00,101790.37,60087.18,638.85,12.01,К-р Восточный,630-E040625_P_B_4.A,5670,2025-06-10,PV №52,carbonized_quartz-mica_hornfels_shists,0.69,405.48,110,15.14,42.0
1611274,2025-06-07 12:13:00,2025-06-07 12:29:00,101854.07,60139.77,639.27,12.03,К-р Восточный,630-E040625_P_B_4.A,5994,2025-06-07,PV №52,carbonized_quartz-mica_hornfels_shists,0.69,394.34,110,14.09,42.0
1666326,2025-07-31 13:54:00,2025-07-31 14:22:00,101208.34,60731.64,620.19,17.52,К-р Восточный,605-E230725_P_B_9.B,5099,2025-07-31,PV №52,mica-quartz_carbonate_massive_rocks,0.69,411.91,110,14.54,42.0
1612981,2025-06-09 04:42:00,2025-06-09 05:03:00,101717.67,60099.2,639.28,12.01,К-р Восточный,630-E040625_P_B_4.A,5889,2025-06-09,PV №52,carbonized_quartz-mica_hornfels_shists,0.69,407.39,111,14.65,36.0
1611719,2025-06-08 00:20:00,2025-06-08 00:37:00,101821.33,60125.18,639.29,11.6,К-р Восточный,630-E040625_P_B_4.A,5783,2025-06-08,PV №52,carbonized_quartz-mica_hornfels_shists,0.69,408.9,110,14.78,42.0
1667747,2025-08-01 23:15:00,2025-08-01 23:41:00,101245.82,60788.55,620.64,18.01,К-р Восточный,605-E230725_P_B_9.B,8159,2025-08-02,PV №52,mica-quartz_carbonate_massive_rocks,0.69,179.67,78,9.59,24.0
1611649,2025-06-07 23:18:00,2025-06-07 23:36:00,101841.81,60126.79,639.26,11.78,К-р Восточный,630-E040625_P_B_4.A,5786,2025-06-08,PV №52,carbonized_quartz-mica_hornfels_shists,0.69,404.79,111,13.94,42.0
1612489,2025-06-08 18:36:00,2025-06-08 18:55:00,101785.49,60104.87,638.67,11.51,К-р Восточный,630-E040625_P_B_4.A,5899,2025-06-08,PV №52,carbonized_quartz-mica_hornfels_shists,0.69,403.28,110,14.98,42.0
1666659,2025-07-31 22:17:00,2025-07-31 22:41:00,101219.07,60719.69,620.39,18.04,К-р Восточный,605-E230725_P_B_9.B,5063,2025-08-01,PV №52,mica-quartz_carbonate_massive_rocks,0.69,417.16,105,15.32,42.0
1666227,2025-07-31 10:56:00,2025-07-31 11:21:00,101198.21,60785.39,620.07,17.55,К-р Восточный,605-E230725_P_B_9.B,5007,2025-07-31,PV №52,mica-quartz_carbonate_massive_rocks,0.69,416.94,108,17.25,36.0
1611431,2025-06-07 17:39:00,2025-06-07 17:58:00,101837.84,60132.48,638.99,12.02,К-р Восточный,630-E040625_P_B_4.A,6073,2025-06-07,PV №52,carbonized_quartz-mica_hornfels_shists,0.69,393.57,110,14.39,48.0
1666802,2025-08-01 00:41:00,2025-08-01 01:09:00,101214.17,60786.28,620.3,17.62,К-р Восточный,605-E230725_P_B_9.B,5009,2025-08-01,PV №52,mica-quartz_carbonate_massive_rocks,0.69,417.6,109,15.91,42.0
1666849,2025-08-01 01:42:00,2025-08-01 02:10:00,101216.12,60770.68,620.25,17.58,К-р Восточный,605-E230725_P_B_9.B,5094,2025-08-01,PV №52,mica-quartz_carbonate_massive_rocks,0.69,412.12,110,14.5,42.0
1611651,2025-06-07 23:38:00,2025-06-07 23:56:00,101834.76,60126.28,639.4,11.68,К-р Восточный,630-E040625_P_B_4.A,5785,2025-06-08,PV №52,carbonized_quartz-mica_hornfels_shists,0.69,404.63,110,14.28,36.0
1667127,2025-08-01 07:34:00,2025-08-01 08:00:00,101221.47,60791.35,620.09,17.52,К-р Восточный,605-E230725_P_B_9.B,5017,2025-08-01,PV №52,mica-quartz_carbonate_massive_rocks,0.69,418.59,110,15.32,42.0
1609890,2025-06-06 03:06:00,2025-06-06 03:23:00,101726.39,60117.55,639.35,11.65,К-р Восточный,630-E040625_P_B_4.A,5769,2025-06-06,PV №52,carbonized_quartz-mica_hornfels_shists,0.69,407.29,109,15.76,41.4
1615013,2025-06-11 05:17:00,2025-06-11 05:45:00,101770.95,60075.15,639.38,12.01,К-р Восточный,630-E040625_P_B_4.A,5607,2025-06-11,PV №52,carbonized_quartz-mica_hornfels_shists,0.69,49.73,64,5.67,36.0
1613907,2025-06-10 04:32:00,2025-06-10 04:52:00,101834.74,60084.98,639.63,12.5,К-р Восточный,630-E040625_P_B_4.A,5822,2025-06-10,PV №52,carbonized_quartz-mica_hornfels_shists,0.69,389.59,110,14.51,36.0
1611689,2025-06-07 22:59:00,2025-06-07 23:16:00,101848.46,60127.21,639.46,11.74,К-р Восточный,630-E040625_P_B_4.A,5787,2025-06-08,PV №52,carbonized_quartz-mica_hornfels_shists,0.69,404.89,109,14.89,42.0
1609860,2025-06-06 02:28:00,2025-06-06 02:44:00,101712.98,60116.29,639.53,12.31,К-р Восточный,630-E040625_P_B_4.A,5767,2025-06-06,PV №52,carbonized_quartz-mica_hornfels_shists,0.69,406.19,109,15.27,42.0
1614203,2025-06-10 11:56:00,2025-06-10 12:17:00,101787.03,60080.45,639.03,12.01,К-р Восточный,630-E040625_P_B_4.A,5815,2025-06-10,PV №52,carbonized_quartz-mica_hornfels_shists,0.69,405.63,108,16.72,36.0
1667469,2025-08-01 15:44:00,2025-08-01 16:09:00,101233.31,60764.77,620.08,17.01,К-р Восточный,605-E230725_P_B_9.B,5072,2025-08-01,PV №52,mica-quartz_carbonate_massive_rocks,0.69,416.02,111,14.25,36.0
1667282,2025-08-01 11:29:00,2025-08-01 11:50:00,101234.02,60722.94,620.37,18.05,К-р Восточный,605-E230725_P_B_9.B,5054,2025-08-01,PV №52,mica-quartz_carbonate_massive_rocks,0.69,204.17,114,10.1,174.0
1579102,2025-05-06 22:22:00,2025-05-06 22:37:00,101273.93,60624.17,639.62,12.24,К-р Восточный,630-E030525_P_B_1.B,6116,2025-05-07,PV №52,quartz-mica foliated schists,0.7,416.94,110,14.32,66.0
1614859,2025-06-11 02:39:00,2025-06-11 02:59:00,101722.91,60070.08,639.55,12.52,К-р Восточный,630-E040625_P_B_4.A,5600,2025-06-11,PV №52,carbonized_quartz-mica_hornfels_shists,0.7,393.91,111,14.36,42.0
1611895,2025-06-08 03:47:00,2025-06-08 04:03:00,101858.93,60122.35,639.26,11.15,К-р Восточный,630-E040625_P_B_4.A,5944,2025-06-08,PV №52,carbonized_quartz-mica_hornfels_shists,0.7,406.12,110,14.22,42.0
1667441,2025-08-01 15:19:00,2025-08-01 15:42:00,101232.06,60772.74,620.09,17.01,К-р Восточный,605-E230725_P_B_9.B,5071,2025-08-01,PV №52,mica-quartz_carbonate_massive_rocks,0.7,417.64,111,13.93,36.0
1614772,2025-06-11 01:46:00,2025-06-11 02:05:00,101759.98,60078.64,639.43,12.03,К-р Восточный,630-E040625_P_B_4.A,5811,2025-06-11,PV №52,carbonized_quartz-mica_hornfels_shists,0.7,401.52,110,15.65,42.0
1579776,2025-05-07 16:19:00,2025-05-07 16:32:00,101217.76,60650.7,640.16,12.51,К-р Восточный,630-E030525_P_B_1.B,6140,2025-05-07,PV №52,quartz-mica foliated schists,0.7,412.65,106,15.74,48.0
1612509,2025-06-08 19:19:00,2025-06-08 19:39:00,101778.46,60104.07,639.0,12.04,К-р Восточный,630-E040625_P_B_4.A,5898,2025-06-08,PV №52,carbonized_quartz-mica_hornfels_shists,0.7,417.79,110,15.04,36.0
1579085,2025-05-06 21:37:00,2025-05-06 21:50:00,101264.51,60647.02,639.81,12.07,К-р Восточный,630-E030525_P_B_1.B,6057,2025-05-07,PV №52,quartz-mica foliated schists,0.7,195.87,112,12.87,395.4
1666802,2025-08-01 00:41:00,2025-08-01 01:09:00,101214.17,60786.28,620.3,17.62,К-р Восточный,605-E230725_P_B_9.B,5009,2025-08-01,PV №52,mica-quartz_carbonate_massive_rocks,0.7,415.27,110,14.63,36.0
1612371,2025-06-08 15:24:00,2025-06-08 15:43:00,101846.27,60109.52,639.14,12.11,К-р Восточный,630-E040625_P_B_4.A,5908,2025-06-08,PV №52,carbonized_quartz-mica_hornfels_shists,0.7,395.91,108,16.74,48.0
1614230,2025-06-10 12:47:00,2025-06-10 13:08:00,101780.35,60080.18,639.25,12.01,К-р Восточный,630-E040625_P_B_4.A,5814,2025-06-10,PV №52,carbonized_quartz-mica_hornfels_shists,0.7,405.3,108,17.37,48.0
1579466,2025-05-07 07:35:00,2025-05-07 07:47:00,101212.61,60673.23,640.14,12.61,К-р Восточный,630-E030525_P_B_1.B,6081,2025-05-07,PV №52,quartz-mica foliated schists,0.7,273.95,112,12.85,66.0
1612960,2025-06-09 04:18:00,2025-06-09 04:39:00,101710.97,60098.76,639.43,12.0,К-р Восточный,630-E040625_P_B_4.A,5888,2025-06-09,PV №52,carbonized_quartz-mica_hornfels_shists,0.7,390.22,109,15.6,54.0
1611274,2025-06-07 12:13:00,2025-06-07 12:29:00,101854.07,60139.77,639.27,12.03,К-р Восточный,630-E040625_P_B_4.A,5994,2025-06-07,PV №52,carbonized_quartz-mica_hornfels_shists,0.7,398.15,110,14.33,42.0
1612696,2025-06-08 22:06:00,2025-06-08 22:24:00,101816.36,60101.07,639.46,12.17,К-р Восточный,630-E040625_P_B_4.A,5698,2025-06-09,PV №52,carbonized_quartz-mica_hornfels_shists,0.7,410.54,110,14.57,36.0
1672560,2025-08-06 16:47:00,2025-08-06 17:11:00,101236.62,60810.85,620.48,18.47,К-р Восточный,605-E230725_P_B_9.B,4987,2025-08-06,PV №52,mica-quartz_carbonate_massive_rocks,0.7,369.12,112,14.44,48.0
1614094,2025-06-10 09:30:00,2025-06-10 10:01:00,101823.95,60079.11,639.12,12.52,К-р Восточный,630-E040625_P_B_4.A,5615,2025-06-10,PV №52,carbonized_quartz-mica_hornfels_shists,0.7,402.71,110,14.33,42.0
1613383,2025-06-09 15:51:00,2025-06-09 16:09:00,101732.09,60088.49,638.99,12.03,К-р Восточный,630-E040625_P_B_4.A,5883,2025-06-09,PV №52,carbonized_quartz-mica_hornfels_shists,0.7,402.61,110,14.09,36.0
1609695,2025-06-05 22:13:00,2025-06-05 22:30:00,101735.89,60124.22,639.25,11.62,К-р Восточный,630-E040625_P_B_4.A,6058,2025-06-06,PV №52,carbonized_quartz-mica_hornfels_shists,0.7,402.83,109,15.73,42.0
1667393,2025-08-01 14:23:00,2025-08-01 14:48:00,101229.77,60787.38,620.08,17.89,К-р Восточный,605-E230725_P_B_9.B,5012,2025-08-01,PV №52,mica-quartz_carbonate_massive_rocks,0.7,74.34,76,8.17,114.0
1666213,2025-07-31 10:29:00,2025-07-31 10:54:00,101197.62,60794.56,619.89,17.55,К-р Восточный,605-E230725_P_B_9.B,5006,2025-07-31,PV №52,mica-quartz_carbonate_massive_rocks,0.7,413.43,110,14.35,48.0
1579497,2025-05-07 08:24:00,2025-05-07 08:36:00,101227.31,60651.62,640.01,12.52,К-р Восточный,630-E030525_P_B_1.B,6139,2025-05-07,PV №52,quartz-mica foliated schists,0.7,434.44,108,16.94,54.0
1666318,2025-07-31 13:28:00,2025-07-31 13:52:00,101206.38,60740.55,620.25,17.61,К-р Восточный,605-E230725_P_B_9.B,5098,2025-07-31,PV №52,mica-quartz_carbonate_massive_rocks,0.7,412.32,111,13.72,48.0
1610826,2025-06-07 02:19:00,2025-06-07 02:35:00,101716.88,60110.85,639.53,11.58,К-р Восточный,630-E040625_P_B_4.A,5965,2025-06-07,PV №52,carbonized_quartz-mica_hornfels_shists,0.7,402.64,109,15.02,42.0
1611076,2025-06-07 07:58:00,2025-06-07 08:12:00,101756.67,60126.1,638.73,11.56,К-р Восточный,630-E040625_P_B_4.A,6061,2025-06-07,PV №52,carbonized_quartz-mica_hornfels_shists,0.7,309.17,111,12.23,48.0
1613821,2025-06-10 02:41:00,2025-06-10 03:00:00,101810.36,60089.14,638.88,12.01,К-р Восточный,630-E040625_P_B_4.A,5667,2025-06-10,PV №52,carbonized_quartz-mica_hornfels_shists,0.7,408.52,110,15.14,42.0
1614053,2025-06-10 08:38:00,2025-06-10 09:00:00,101838.15,60080.09,639.39,12.51,К-р Восточный,630-E040625_P_B_4.A,5617,2025-06-10,PV №52,carbonized_quartz-mica_hornfels_shists,0.7,406.08,110,14.68,42.0
1613144,2025-06-09 09:23:00,2025-06-09 09:44:00,101714.77,60093.01,639.13,12.02,К-р Восточный,630-E040625_P_B_4.A,5683,2025-06-09,PV №52,carbonized_quartz-mica_hornfels_shists,0.7,409.65,109,16.4,36.0
1667204,2025-08-01 09:32:00,2025-08-01 09:59:00,101226.49,60758.95,620.1,17.5,К-р Восточный,605-E230725_P_B_9.B,5050,2025-08-01,PV №52,mica-quartz_carbonate_massive_rocks,0.7,417.32,109,16.43,42.0
1611761,2025-06-08 01:22:00,2025-06-08 01:38:00,101800.95,60123.88,639.34,11.66,К-р Восточный,630-E040625_P_B_4.A,5780,2025-06-08,PV №52,carbonized_quartz-mica_hornfels_shists,0.7,409.25,109,16.0,48.0
1667411,2025-08-01 14:50:00,2025-08-01 15:18:00,101230.35,60780.35,620.11,17.03,К-р Восточный,605-E230725_P_B_9.B,5047,2025-08-01,PV №52,mica-quartz_carbonate_massive_rocks,0.7,306.3,110,13.14,36.0
1612137,2025-06-08 09:34:00,2025-06-08 09:53:00,101849.32,60115.64,639.05,12.04,К-р Восточный,630-E040625_P_B_4.A,5741,2025-06-08,PV №52,carbonized_quartz-mica_hornfels_shists,0.7,384.78,109,14.97,42.0
1666725,2025-07-31 20:18:00,2025-07-31 20:45:00,101212.3,60713.71,620.49,18.01,К-р Восточный,605-E230725_P_B_9.B,5101,2025-08-01,PV №52,mica-quartz_carbonate_massive_rocks,0.7,368.44,107,19.71,54.0
1612711,2025-06-08 19:43:00,2025-06-08 20:01:00,101771.72,60103.85,639.37,11.36,К-р Восточный,630-E040625_P_B_4.A,5897,2025-06-09,PV №52,carbonized_quartz-mica_hornfels_shists,0.7,260.54,109,13.29,66.0
1614370,2025-06-10 16:45:00,2025-06-10 17:07:00,101729.17,60082.11,639.17,12.01,К-р Восточный,630-E040625_P_B_4.A,5679,2025-06-10,PV №52,carbonized_quartz-mica_hornfels_shists,0.7,406.77,109,16.11,48.0
1610839,2025-06-07 02:38:00,2025-06-07 02:56:00,101723.47,60111.39,639.53,12.62,К-р Восточный,630-E040625_P_B_4.A,5964,2025-06-07,PV №52,carbonized_quartz-mica_hornfels_shists,0.7,405.33,108,16.79,42.0
1667469,2025-08-01 15:44:00,2025-08-01 16:09:00,101233.31,60764.77,620.08,17.01,К-р Восточный,605-E230725_P_B_9.B,5072,2025-08-01,PV №52,mica-quartz_carbonate_massive_rocks,0.7,415.99,111,14.28,54.0
1611667,2025-06-07 21:32:00,2025-06-07 21:48:00,101776.95,60127.53,638.9,11.28,К-р Восточный,630-E040625_P_B_4.A,6064,2025-06-08,PV №52,carbonized_quartz-mica_hornfels_shists,0.7,403.19,110,14.1,48.0
1666172,2025-07-31 09:42:00,2025-07-31 10:00:00,101196.48,60812.38,620.0,17.71,К-р Восточный,605-E230725_P_B_9.B,4992,2025-07-31,PV №52,mica-quartz_carbonate_massive_rocks,0.7,51.22,84,3.32,942.0
1667172,2025-08-01 08:31:00,2025-08-01 09:03:00,101223.06,60775.03,620.17,17.83,К-р Восточный,605-E230725_P_B_9.B,5048,2025-08-01,PV №52,mica-quartz_carbonate_massive_rocks,0.7,418.04,110,14.5,42.0
1611626,2025-06-07 20:52:00,2025-06-07 21:11:00,101790.25,60128.97,639.0,11.38,К-р Восточный,630-E040625_P_B_4.A,6066,2025-06-08,PV №52,carbonized_quartz-mica_hornfels_shists,0.7,404.15,109,15.53,36.0
1613001,2025-06-09 05:04:00,2025-06-09 05:26:00,101724.25,60099.69,639.15,12.52,К-р Восточный,630-E040625_P_B_4.A,5890,2025-06-09,PV №52,carbonized_quartz-mica_hornfels_shists,0.7,408.41,111,14.36,48.0
1581122,2025-05-08 19:53:00,2025-05-08 20:06:00,101271.25,60532.66,640.36,12.14,К-р Восточный,630-E030525_P_B_1.B,5892,2025-05-09,PV №52,quartz-mica foliated schists,0.7,438.79,108,17.58,66.0
1612485,2025-06-08 17:54:00,2025-06-08 18:13:00,101798.65,60105.89,638.98,12.08,К-р Восточный,630-E040625_P_B_4.A,5901,2025-06-08,PV №52,carbonized_quartz-mica_hornfels_shists,0.7,389.73,110,14.16,48.0
1581439,2025-05-09 03:54:00,2025-05-09 04:09:00,101303.33,60512.2,640.01,12.62,К-р Восточный,630-E030525_P_B_1.B,5914,2025-05-09,PV №52,quartz-mica foliated schists,0.7,403.61,111,14.15,36.0
1667441,2025-08-01 15:19:00,2025-08-01 15:42:00,101232.06,60772.74,620.09,17.01,К-р Восточный,605-E230725_P_B_9.B,5071,2025-08-01,PV №52,mica-quartz_carbonate_massive_rocks,0.7,417.44,111,13.84,42.0
1612981,2025-06-09 04:42:00,2025-06-09 05:03:00,101717.67,60099.2,639.28,12.01,К-р Восточный,630-E040625_P_B_4.A,5889,2025-06-09,PV №52,carbonized_quartz-mica_hornfels_shists,0.7,407.89,110,15.08,48.0
1614725,2025-06-10 23:47:00,2025-06-11 00:07:00,101726.14,60076.28,639.35,12.5,К-р Восточный,630-E040625_P_B_4.A,5806,2025-06-11,PV №52,carbonized_quartz-mica_hornfels_shists,0.7,391.96,109,15.34,36.0
1609716,2025-06-05 21:23:00,2025-06-05 21:41:00,101722.56,60123.42,639.43,12.51,К-р Восточный,630-E040625_P_B_4.A,6056,2025-06-06,PV №52,fault_zone,0.7,401.86,110,14.1,42.0
1609072,2025-06-05 07:52:00,2025-06-05 08:06:00,101681.16,60132.33,639.32,12.56,К-р Восточный,630-E040625_P_B_4.A,6050,2025-06-05,PV №52,carbonized_quartz-mica_hornfels_shists,0.7,400.39,109,15.66,42.0
1614772,2025-06-11 01:46:00,2025-06-11 02:05:00,101759.98,60078.64,639.43,12.03,К-р Восточный,630-E040625_P_B_4.A,5811,2025-06-11,PV №52,carbonized_quartz-mica_hornfels_shists,0.7,400.53,110,15.07,48.0
1667564,2025-08-01 19:21:00,2025-08-01 20:03:00,101244.7,60711.32,620.3,19.41,К-р Восточный,605-E230725_P_B_9.B,5078,2025-08-01,PV №52,mica-quartz_carbonate_massive_rocks,0.7,212.82,114,11.39,36.0
1611649,2025-06-07 23:18:00,2025-06-07 23:36:00,101841.81,60126.79,639.26,11.78,К-р Восточный,630-E040625_P_B_4.A,5786,2025-06-08,PV №52,carbonized_quartz-mica_hornfels_shists,0.7,404.39,111,13.74,36.0
1614196,2025-06-10 11:34:00,2025-06-10 11:52:00,101783.18,60086.68,638.92,12.03,К-р Восточный,630-E040625_P_B_4.A,5671,2025-06-10,PV №52,carbonized_quartz-mica_hornfels_shists,0.7,402.32,110,14.48,36.0
1612179,2025-06-08 10:17:00,2025-06-08 10:36:00,101835.84,60114.56,639.08,12.05,К-р Восточный,630-E040625_P_B_4.A,5743,2025-06-08,PV №52,carbonized_quartz-mica_hornfels_shists,0.7,398.52,109,15.46,36.0
1668144,2025-08-02 09:39:00,2025-08-02 10:05:00,101272.14,60735.25,621.25,18.56,К-р Восточный,605-E230725_P_B_9.B,8181,2025-08-02,PV №52,mica-quartz_carbonate_massive_rocks,0.7,428.32,111,14.76,42.0
1581192,2025-05-08 21:48:00,2025-05-08 22:00:00,101310.92,60527.91,639.69,12.03,К-р Восточный,630-E030525_P_B_1.B,5961,2025-05-09,PV №52,quartz-mica foliated schists,0.7,414.31,99,16.83,96.0
1667994,2025-08-02 04:45:00,2025-08-02 05:09:00,101240.41,60769.58,619.85,17.82,К-р Восточный,605-E230725_P_B_9.B,5045,2025-08-02,PV №52,mica-quartz_carbonate_massive_rocks,0.71,415.7,112,13.83,42.0
1612912,2025-06-09 03:19:00,2025-06-09 03:44:00,101703.95,60097.62,639.5,11.49,К-р Восточный,630-E040625_P_B_4.A,5887,2025-06-09,PV №52,carbonized_quartz-mica_hornfels_shists,0.71,411.05,110,15.44,42.0
1611895,2025-06-08 03:47:00,2025-06-08 04:03:00,101858.93,60122.35,639.26,11.15,К-р Восточный,630-E040625_P_B_4.A,5944,2025-06-08,PV №52,carbonized_quartz-mica_hornfels_shists,0.71,405.63,111,14.23,54.0
1579568,2025-05-07 11:23:00,2025-05-07 11:40:00,101294.81,60602.21,641.62,12.19,К-р Восточный,630-E030525_P_B_1.B,6036,2025-05-07,PV №52,quartz-mica foliated schists,0.71,437.48,109,16.94,42.0
1667842,2025-08-02 01:44:00,2025-08-02 02:12:00,101238.33,60784.5,620.16,17.51,К-р Восточный,605-E230725_P_B_9.B,5019,2025-08-02,PV №52,mica-quartz_carbonate_massive_rocks,0.71,420.94,109,16.76,42.0
1611217,2025-06-07 10:32:00,2025-06-07 10:49:00,101764.18,60114.94,638.81,11.61,К-р Восточный,630-E040625_P_B_4.A,5958,2025-06-07,PV №52,carbonized_quartz-mica_hornfels_shists,0.71,372.81,110,14.55,30.0
1609879,2025-06-06 02:46:00,2025-06-06 03:05:00,101719.59,60117.02,639.36,12.09,К-р Восточный,630-E040625_P_B_4.A,5768,2025-06-06,PV №52,fault_zone,0.71,404.26,109,15.34,42.0
1611622,2025-06-07 21:13:00,2025-06-07 21:29:00,101783.81,60127.88,638.82,11.23,К-р Восточный,630-E040625_P_B_4.A,6065,2025-06-08,PV №52,carbonized_quartz-mica_hornfels_shists,0.71,403.86,109,14.88,42.0
1667333,2025-08-01 12:41:00,2025-08-01 13:00:00,101229.46,60796.7,619.95,13.79,К-р Восточный,605-E230725_P_B_9.B,5011,2025-08-01,PV №52,mica-quartz_carbonate_massive_rocks,0.71,413.37,110,14.68,54.0
1611898,2025-06-08 04:06:00,2025-06-08 04:23:00,101852.19,60121.79,639.55,12.04,К-р Восточный,630-E040625_P_B_4.A,5945,2025-06-08,PV №52,carbonized_quartz-mica_hornfels_shists,0.71,405.7,110,14.22,48.0
1613664,2025-06-09 23:16:00,2025-06-09 23:36:00,101813.4,60095.31,638.96,12.01,К-р Восточный,630-E040625_P_B_4.A,5871,2025-06-10,PV №52,carbonized_quartz-mica_hornfels_shists,0.71,385.98,108,17.48,48.0
1612002,2025-06-08 05:39:00,2025-06-08 05:54:00,101818.4,60119.4,639.31,11.53,К-р Восточный,630-E040625_P_B_4.A,5950,2025-06-08,PV №52,carbonized_quartz-mica_hornfels_shists,0.71,404.62,110,14.47,42.0
1613993,2025-06-10 07:06:00,2025-06-10 07:22:00,101794.46,60081.85,638.98,11.61,К-р Восточный,630-E040625_P_B_4.A,5816,2025-06-10,PV №52,carbonized_quartz-mica_hornfels_shists,0.71,404.8,110,14.87,36.0
1667883,2025-08-02 02:42:00,2025-08-02 03:14:00,101247.41,60775.33,619.96,17.63,К-р Восточный,605-E230725_P_B_9.B,5023,2025-08-02,PV №52,mica-quartz_carbonate_massive_rocks,0.71,419.62,110,15.77,42.0
1581634,2025-05-09 08:16:00,2025-05-09 08:33:00,101357.94,60501.33,639.68,12.54,К-р Восточный,630-E030525_P_B_1.B,5967,2025-05-09,PV №52,carbonaceous quartz-mica calcium metasomatites,0.71,442.36,109,17.44,48.0
1672857,2025-08-06 23:47:00,2025-08-07 00:05:00,101227.85,60814.82,619.99,18.36,К-р Восточный,605-E230725_P_B_9.B,5002,2025-08-07,PV №52,mica-quartz_carbonate_massive_rocks,0.71,27.72,41,1.29,954.0
1613649,2025-06-09 20:05:00,2025-06-09 20:25:00,101793.11,60093.51,639.09,12.5,К-р Восточный,630-E040625_P_B_4.A,5874,2025-06-10,PV №52,carbonized_quartz-mica_hornfels_shists,0.71,366.49,110,15.53,48.0
1611263,2025-06-07 11:55:00,2025-06-07 12:10:00,101861.19,60140.43,638.84,11.61,К-р Восточный,630-E040625_P_B_4.A,5995,2025-06-07,PV №52,carbonized_quartz-mica_hornfels_shists,0.71,377.58,110,13.44,42.0
1580475,2025-05-08 07:35:00,2025-05-08 07:47:00,101281.46,60571.68,640.3,12.62,К-р Восточный,630-E030525_P_B_1.B,6014,2025-05-08,PV №52,quartz-mica foliated schists,0.71,425.29,108,17.19,66.0
1611366,2025-06-07 16:16:00,2025-06-07 16:34:00,101864.93,60134.61,638.86,11.53,К-р Восточный,630-E040625_P_B_4.A,6077,2025-06-07,PV №52,carbonized_quartz-mica_hornfels_shists,0.71,80.25,90,8.05,18.0
1668425,2025-08-02 16:43:00,2025-08-02 17:04:00,101261.97,60705.5,620.54,18.0,К-р Восточный,605-E230725_P_B_9.B,5031,2025-08-02,PV №52,mica-quartz_carbonate_massive_rocks,0.71,419.91,111,15.02,60.0
1578926,2025-05-06 17:57:00,2025-05-06 18:12:00,101261.56,60661.55,639.63,12.76,К-р Восточный,630-E030525_P_B_1.B,6072,2025-05-06,PV №52,quartz-mica foliated schists,0.71,266.27,109,13.86,18.0
1612981,2025-06-09 04:42:00,2025-06-09 05:03:00,101717.67,60099.2,639.28,12.01,К-р Восточный,630-E040625_P_B_4.A,5889,2025-06-09,PV №52,carbonized_quartz-mica_hornfels_shists,0.71,407.24,111,14.68,54.0
1609716,2025-06-05 21:23:00,2025-06-05 21:41:00,101722.56,60123.42,639.43,12.51,К-р Восточный,630-E040625_P_B_4.A,6056,2025-06-06,PV №52,fault_zone,0.71,402.09,109,14.33,42.0
1613182,2025-06-09 10:08:00,2025-06-09 10:39:00,101728.23,60093.87,639.1,12.0,К-р Восточный,630-E040625_P_B_4.A,5685,2025-06-09,PV №52,carbonized_quartz-mica_hornfels_shists,0.71,409.99,109,16.58,42.0
1668005,2025-08-02 05:11:00,2025-08-02 05:34:00,101242.51,60761.79,619.85,17.54,К-р Восточный,605-E230725_P_B_9.B,5044,2025-08-02,PV №52,mica-quartz_carbonate_massive_rocks,0.71,430.61,110,15.2,48.0
1666370,2025-07-31 14:52:00,2025-07-31 15:13:00,101204.88,60808.41,620.02,17.52,К-р Восточный,605-E230725_P_B_9.B,4975,2025-07-31,PV №52,mica-quartz_carbonate_massive_rocks,0.71,415.64,108,16.96,42.0
1613431,2025-06-09 16:54:00,2025-06-09 17:16:00,101752.41,60089.72,638.93,12.02,К-р Восточный,630-E040625_P_B_4.A,5880,2025-06-09,PV №52,carbonized_quartz-mica_hornfels_shists,0.71,402.51,108,16.23,36.0
1667739,2025-08-01 22:44:00,2025-08-01 23:10:00,101259.98,60777.82,620.71,18.55,К-р Восточный,605-E230725_P_B_9.B,8176,2025-08-02,PV №52,mica-quartz_carbonate_massive_rocks,0.71,420.58,111,14.44,36.0
1666937,2025-08-01 03:11:00,2025-08-01 03:39:00,101221.55,60743.61,620.17,17.55,К-р Восточный,605-E230725_P_B_9.B,5091,2025-08-01,PV №52,mica-quartz_carbonate_massive_rocks,0.71,420.89,110,15.19,36.0
1667138,2025-08-01 08:02:00,2025-08-01 08:29:00,101222.04,60783.45,620.34,17.04,К-р Восточный,605-E230725_P_B_9.B,5018,2025-08-01,PV №52,mica-quartz_carbonate_massive_rocks,0.71,422.39,107,18.26,42.0
1581634,2025-05-09 08:16:00,2025-05-09 08:33:00,101357.94,60501.33,639.68,12.54,К-р Восточный,630-E030525_P_B_1.B,5967,2025-05-09,PV №52,carbonaceous quartz-mica calcium metasomatites,0.71,430.68,109,16.87,30.0
1667710,2025-08-01 21:08:00,2025-08-01 21:35:00,101244.6,60797.64,620.71,18.51,К-р Восточный,605-E230725_P_B_9.B,8158,2025-08-02,PV №52,mica-quartz_carbonate_massive_rocks,0.71,422.2,110,16.25,42.0
1613826,2025-06-10 03:03:00,2025-06-10 03:22:00,101803.51,60088.47,639.11,12.01,К-р Восточный,630-E040625_P_B_4.A,5668,2025-06-10,PV №52,carbonized_quartz-mica_hornfels_shists,0.71,406.4,110,15.04,42.0
1611688,2025-06-07 23:58:00,2025-06-08 00:18:00,101828.14,60125.68,639.36,11.74,К-р Восточный,630-E040625_P_B_4.A,5784,2025-06-08,PV №52,carbonized_quartz-mica_hornfels_shists,0.71,413.32,107,19.55,42.0
1667921,2025-08-02 03:18:00,2025-08-02 03:46:00,101265.69,60762.86,621.03,18.04,К-р Восточный,605-E230725_P_B_9.B,8178,2025-08-02,PV №52,mica-quartz_carbonate_massive_rocks,0.71,411.28,108,18.98,48.0
1666937,2025-08-01 03:11:00,2025-08-01 03:39:00,101221.55,60743.61,620.17,17.55,К-р Восточный,605-E230725_P_B_9.B,5091,2025-08-01,PV №52,mica-quartz_carbonate_massive_rocks,0.71,424.22,107,17.56,48.0
1612390,2025-06-08 15:45:00,2025-06-08 16:06:00,101839.66,60109.06,639.32,12.12,К-р Восточный,630-E040625_P_B_4.A,5907,2025-06-08,PV №52,carbonized_quartz-mica_hornfels_shists,0.71,397.6,110,14.94,36.0
1610839,2025-06-07 02:38:00,2025-06-07 02:56:00,101723.47,60111.39,639.53,12.62,К-р Восточный,630-E040625_P_B_4.A,5964,2025-06-07,PV №52,carbonized_quartz-mica_hornfels_shists,0.71,405.87,108,17.16,54.0
1609108,2025-06-05 08:39:00,2025-06-05 08:54:00,101701.41,60133.2,639.42,12.58,К-р Восточный,630-E040625_P_B_4.A,6047,2025-06-05,PV №52,carbonized_quartz-mica_hornfels_shists,0.71,369.99,107,17.58,42.0
1613873,2025-06-10 03:50:00,2025-06-10 04:10:00,101848.12,60086.11,639.58,12.52,К-р Восточный,630-E040625_P_B_4.A,5824,2025-06-10,PV №52,carbonized_quartz-mica_hornfels_shists,0.71,406.2,110,15.44,42.0
1611251,2025-06-07 11:36:00,2025-06-07 11:53:00,101867.85,60140.76,638.84,11.63,К-р Восточный,630-E040625_P_B_4.A,5996,2025-06-07,PV №52,carbonized_quartz-mica_hornfels_shists,0.71,392.88,109,15.68,42.0
1612396,2025-06-08 16:08:00,2025-06-08 16:25:00,101832.83,60108.58,639.13,12.06,К-р Восточный,630-E040625_P_B_4.A,5906,2025-06-08,PV №52,carbonized_quartz-mica_hornfels_shists,0.71,389.64,107,19.26,36.0
1614019,2025-06-10 08:00:00,2025-06-10 08:17:00,101850.12,60081.15,639.32,12.0,К-р Восточный,630-E040625_P_B_4.A,5619,2025-06-10,PV №52,carbonized_quartz-mica_hornfels_shists,0.71,389.13,109,15.99,48.0
1579229,2025-05-07 01:39:00,2025-05-07 01:51:00,101244.24,60652.57,640.17,12.31,К-р Восточный,630-E030525_P_B_1.B,6137,2025-05-07,PV №52,quartz-mica foliated schists,0.71,422.12,107,18.91,60.0
1612489,2025-06-08 18:36:00,2025-06-08 18:55:00,101785.49,60104.87,638.67,11.51,К-р Восточный,630-E040625_P_B_4.A,5899,2025-06-08,PV №52,carbonized_quartz-mica_hornfels_shists,0.71,397.86,110,15.78,42.0
1610826,2025-06-07 02:19:00,2025-06-07 02:35:00,101716.88,60110.85,639.53,11.58,К-р Восточный,630-E040625_P_B_4.A,5965,2025-06-07,PV №52,carbonized_quartz-mica_hornfels_shists,0.71,402.69,109,14.96,54.0
1581849,2025-05-09 12:58:00,2025-05-09 13:08:00,101323.77,60483.28,640.39,12.51,К-р Восточный,630-E030525_P_B_1.B,5974,2025-05-09,PV №52,mica-quartz_carbonate_massive_rocks,0.71,212.26,114,10.63,227.4
1580386,2025-05-08 04:56:00,2025-05-08 05:08:00,101307.19,60573.95,640.04,12.71,К-р Восточный,630-E030525_P_B_1.B,5952,2025-05-08,PV №52,quartz-mica foliated schists,0.71,408.32,107,18.28,66.0
1610773,2025-06-07 01:19:00,2025-06-07 01:37:00,101696.49,60108.7,639.19,12.29,К-р Восточный,630-E040625_P_B_4.A,5968,2025-06-07,PV №52,carbonized_quartz-mica_hornfels_shists,0.71,402.99,109,15.59,47.4
1612167,2025-06-08 09:55:00,2025-06-08 10:15:00,101842.71,60115.19,639.2,12.1,К-р Восточный,630-E040625_P_B_4.A,5742,2025-06-08,PV №52,carbonized_quartz-mica_hornfels_shists,0.71,339.38,110,13.77,36.0
1612416,2025-06-08 16:48:00,2025-06-08 17:10:00,101819.27,60107.59,639.28,12.07,К-р Восточный,630-E040625_P_B_4.A,5904,2025-06-08,PV №52,carbonized_quartz-mica_hornfels_shists,0.71,397.81,110,14.95,42.0
1611431,2025-06-07 17:39:00,2025-06-07 17:58:00,101837.84,60132.48,638.99,12.02,К-р Восточный,630-E040625_P_B_4.A,6073,2025-06-07,PV №52,carbonized_quartz-mica_hornfels_shists,0.71,393.54,110,14.23,42.6
1614467,2025-06-10 19:20:00,2025-06-10 19:41:00,101756.13,60084.25,639.87,12.02,К-р Восточный,630-E040625_P_B_4.A,5675,2025-06-10,PV №52,carbonized_quartz-mica_hornfels_shists,0.71,387.0,110,14.67,36.0
1613060,2025-06-09 07:17:00,2025-06-09 07:41:00,101751.44,60101.84,639.03,12.01,К-р Восточный,630-E040625_P_B_4.A,5894,2025-06-09,PV №52,carbonized_quartz-mica_hornfels_shists,0.71,411.78,111,14.96,42.0
1612960,2025-06-09 04:18:00,2025-06-09 04:39:00,101710.97,60098.76,639.43,12.0,К-р Восточный,630-E040625_P_B_4.A,5888,2025-06-09,PV №52,carbonized_quartz-mica_hornfels_shists,0.71,408.6,111,14.75,36.0
1667856,2025-08-02 02:15:00,2025-08-02 02:39:00,101246.2,60781.78,620.31,17.63,К-р Восточный,605-E230725_P_B_9.B,5022,2025-08-02,PV №52,mica-quartz_carbonate_massive_rocks,0.71,406.35,110,16.03,156.0
1610773,2025-06-07 01:19:00,2025-06-07 01:37:00,101696.49,60108.7,639.19,12.29,К-р Восточный,630-E040625_P_B_4.A,5968,2025-06-07,PV №52,carbonized_quartz-mica_hornfels_shists,0.71,404.5,108,16.37,42.0
1612060,2025-06-08 07:46:00,2025-06-08 08:01:00,101791.4,60116.93,638.91,11.59,К-р Восточный,630-E040625_P_B_4.A,5954,2025-06-08,PV №52,carbonized_quartz-mica_hornfels_shists,0.71,397.81,110,14.39,42.0
1668303,2025-08-02 13:38:00,2025-08-02 14:05:00,101244.14,60752.83,619.82,17.5,К-р Восточный,605-E230725_P_B_9.B,5043,2025-08-02,PV №52,mica-quartz_carbonate_massive_rocks,0.71,401.11,111,14.42,42.0
1614053,2025-06-10 08:38:00,2025-06-10 09:00:00,101838.15,60080.09,639.39,12.51,К-р Восточный,630-E040625_P_B_4.A,5617,2025-06-10,PV №52,carbonized_quartz-mica_hornfels_shists,0.71,406.64,109,15.23,42.0
1614995,2025-06-11 04:57:00,2025-06-11 05:14:00,101763.59,60074.58,639.34,12.03,К-р Восточный,630-E040625_P_B_4.A,5606,2025-06-11,PV №52,carbonized_quartz-mica_hornfels_shists,0.72,388.54,109,16.12,42.0
1667479,2025-08-01 16:33:00,2025-08-01 16:59:00,101234.99,60755.61,620.01,17.54,К-р Восточный,605-E230725_P_B_9.B,5073,2025-08-01,PV №52,mica-quartz_carbonate_massive_rocks,0.72,418.25,111,14.7,42.0
1666383,2025-07-31 15:15:00,2025-07-31 15:40:00,101205.22,60799.5,619.87,17.5,К-р Восточный,605-E230725_P_B_9.B,5015,2025-07-31,PV №52,mica-quartz_carbonate_massive_rocks,0.72,322.54,110,14.51,60.0
1612666,2025-06-08 21:46:00,2025-06-08 22:04:00,101823.21,60101.57,639.42,11.58,К-р Восточный,630-E040625_P_B_4.A,5699,2025-06-09,PV №52,carbonized_quartz-mica_hornfels_shists,0.72,408.37,110,15.2,42.0
1667739,2025-08-01 22:44:00,2025-08-01 23:10:00,101259.98,60777.82,620.71,18.55,К-р Восточный,605-E230725_P_B_9.B,8176,2025-08-02,PV №52,mica-quartz_carbonate_massive_rocks,0.72,422.57,110,15.8,42.0
1613032,2025-06-09 05:50:00,2025-06-09 06:09:00,101738.24,60100.75,638.73,12.02,К-р Восточный,630-E040625_P_B_4.A,5892,2025-06-09,PV №52,carbonized_quartz-mica_hornfels_shists,0.72,411.21,111,14.32,60.0
1613144,2025-06-09 09:23:00,2025-06-09 09:44:00,101714.77,60093.01,639.13,12.02,К-р Восточный,630-E040625_P_B_4.A,5683,2025-06-09,PV №52,carbonized_quartz-mica_hornfels_shists,0.72,401.82,109,16.55,42.0
1611282,2025-06-07 14:31:00,2025-06-07 14:49:00,101847.75,60139.0,640.62,12.1,К-р Восточный,630-E040625_P_B_4.A,5993,2025-06-07,PV №52,carbonized_quartz-mica_hornfels_shists,0.72,390.69,109,15.89,42.0
1611251,2025-06-07 11:36:00,2025-06-07 11:53:00,101867.85,60140.76,638.84,11.63,К-р Восточный,630-E040625_P_B_4.A,5996,2025-06-07,PV №52,carbonized_quartz-mica_hornfels_shists,0.72,393.2,109,15.74,42.0
1668303,2025-08-02 13:38:00,2025-08-02 14:05:00,101244.14,60752.83,619.82,17.5,К-р Восточный,605-E230725_P_B_9.B,5043,2025-08-02,PV №52,mica-quartz_carbonate_massive_rocks,0.72,400.84,111,14.42,54.6
1667856,2025-08-02 02:15:00,2025-08-02 02:39:00,101246.2,60781.78,620.31,17.63,К-р Восточный,605-E230725_P_B_9.B,5022,2025-08-02,PV №52,mica-quartz_carbonate_massive_rocks,0.72,420.92,110,15.36,42.0
1666318,2025-07-31 13:28:00,2025-07-31 13:52:00,101206.38,60740.55,620.25,17.61,К-р Восточный,605-E230725_P_B_9.B,5098,2025-07-31,PV №52,mica-quartz_carbonate_massive_rocks,0.72,131.47,115,9.7,180.0
1666213,2025-07-31 10:29:00,2025-07-31 10:54:00,101197.62,60794.56,619.89,17.55,К-р Восточный,605-E230725_P_B_9.B,5006,2025-07-31,PV №52,mica-quartz_carbonate_massive_rocks,0.72,421.49,106,20.0,42.0
1668144,2025-08-02 09:39:00,2025-08-02 10:05:00,101272.14,60735.25,621.25,18.56,К-р Восточный,605-E230725_P_B_9.B,8181,2025-08-02,PV №52,mica-quartz_carbonate_massive_rocks,0.72,429.74,109,16.56,42.0
1666213,2025-07-31 10:29:00,2025-07-31 10:54:00,101197.62,60794.56,619.89,17.55,К-р Восточный,605-E230725_P_B_9.B,5006,2025-07-31,PV №52,mica-quartz_carbonate_massive_rocks,0.72,416.51,109,16.48,48.0
1668158,2025-08-02 10:08:00,2025-08-02 10:33:00,101265.31,60729.51,621.07,18.04,К-р Восточный,605-E230725_P_B_9.B,8170,2025-08-02,PV №52,mica-quartz_carbonate_massive_rocks,0.72,418.38,104,17.24,84.0
1614450,2025-06-10 18:04:00,2025-06-10 18:28:00,101749.59,60084.05,639.24,12.38,К-р Восточный,630-E040625_P_B_4.A,5676,2025-06-10,PV №52,carbonized_quartz-mica_hornfels_shists,0.72,383.79,110,14.57,24.0
1609736,2025-06-05 21:03:00,2025-06-05 21:22:00,101715.97,60122.64,639.63,12.14,К-р Восточный,630-E040625_P_B_4.A,6055,2025-06-06,PV №52,fault_zone,0.72,411.61,106,19.37,42.0
1615063,2025-06-11 06:31:00,2025-06-11 06:51:00,101790.41,60076.24,639.1,11.62,К-р Восточный,630-E040625_P_B_4.A,5610,2025-06-11,PV №52,carbonized_quartz-mica_hornfels_shists,0.72,377.78,109,16.29,30.0
1667842,2025-08-02 01:44:00,2025-08-02 02:12:00,101238.33,60784.5,620.16,17.51,К-р Восточный,605-E230725_P_B_9.B,5019,2025-08-02,PV №52,mica-quartz_carbonate_massive_rocks,0.72,413.13,108,18.03,36.0
1609716,2025-06-05 21:23:00,2025-06-05 21:41:00,101722.56,60123.42,639.43,12.51,К-р Восточный,630-E040625_P_B_4.A,6056,2025-06-06,PV №52,fault_zone,0.72,401.84,109,14.25,42.0
1668350,2025-08-02 14:48:00,2025-08-02 15:12:00,101247.74,60735.06,620.07,17.21,К-р Восточный,605-E230725_P_B_9.B,5041,2025-08-02,PV №52,mica-quartz_carbonate_massive_rocks,0.72,372.85,107,19.84,36.0
1666776,2025-08-01 00:15:00,2025-08-01 00:40:00,101213.56,60795.38,620.05,17.6,К-р Восточный,605-E230725_P_B_9.B,5010,2025-08-01,PV №52,mica-quartz_carbonate_massive_rocks,0.72,419.19,109,17.04,42.0
1614763,2025-06-11 02:09:00,2025-06-11 02:31:00,101766.75,60079.41,639.41,12.01,К-р Восточный,630-E040625_P_B_4.A,5812,2025-06-11,PV №52,carbonized_quartz-mica_hornfels_shists,0.72,400.64,109,16.6,42.0
1667856,2025-08-02 02:15:00,2025-08-02 02:39:00,101246.2,60781.78,620.31,17.63,К-р Восточный,605-E230725_P_B_9.B,5022,2025-08-02,PV №52,mica-quartz_carbonate_massive_rocks,0.72,420.27,111,14.82,42.0
1610814,2025-06-07 01:59:00,2025-06-07 02:16:00,101710.01,60110.37,639.56,11.58,К-р Восточный,630-E040625_P_B_4.A,5966,2025-06-07,PV №52,fault_zone,0.72,409.71,107,17.46,42.0
1613246,2025-06-09 11:50:00,2025-06-09 12:08:00,101748.67,60095.54,638.78,12.01,К-р Восточный,630-E040625_P_B_4.A,5688,2025-06-09,PV №52,carbonized_quartz-mica_hornfels_shists,0.72,408.4,110,15.15,36.0
1613144,2025-06-09 09:23:00,2025-06-09 09:44:00,101714.77,60093.01,639.13,12.02,К-р Восточный,630-E040625_P_B_4.A,5683,2025-06-09,PV №52,carbonized_quartz-mica_hornfels_shists,0.72,353.23,111,14.5,30.0
1613144,2025-06-09 09:23:00,2025-06-09 09:44:00,101714.77,60093.01,639.13,12.02,К-р Восточный,630-E040625_P_B_4.A,5683,2025-06-09,PV №52,carbonized_quartz-mica_hornfels_shists,0.72,400.7,109,16.34,48.0
1609890,2025-06-06 03:06:00,2025-06-06 03:23:00,101726.39,60117.55,639.35,11.65,К-р Восточный,630-E040625_P_B_4.A,5769,2025-06-06,PV №52,carbonized_quartz-mica_hornfels_shists,0.72,405.19,109,14.86,42.0
1610773,2025-06-07 01:19:00,2025-06-07 01:37:00,101696.49,60108.7,639.19,12.29,К-р Восточный,630-E040625_P_B_4.A,5968,2025-06-07,PV №52,carbonized_quartz-mica_hornfels_shists,0.72,400.36,110,14.84,36.0
1613651,2025-06-09 22:51:00,2025-06-09 23:13:00,101820.24,60095.73,639.05,12.03,К-р Восточный,630-E040625_P_B_4.A,5870,2025-06-10,PV №52,carbonized_quartz-mica_hornfels_shists,0.72,390.25,110,15.48,42.0
1612485,2025-06-08 17:54:00,2025-06-08 18:13:00,101798.65,60105.89,638.98,12.08,К-р Восточный,630-E040625_P_B_4.A,5901,2025-06-08,PV №52,carbonized_quartz-mica_hornfels_shists,0.72,386.63,110,14.25,48.0
1667799,2025-08-02 00:49:00,2025-08-02 01:13:00,101236.91,60801.69,620.91,18.11,К-р Восточный,605-E230725_P_B_9.B,5021,2025-08-02,PV №52,mica-quartz_carbonate_massive_rocks,0.72,420.86,110,15.42,54.0
1611141,2025-06-07 09:15:00,2025-06-07 09:32:00,101757.1,60114.34,639.0,11.7,К-р Восточный,630-E040625_P_B_4.A,5959,2025-06-07,PV №52,carbonized_quartz-mica_hornfels_shists,0.72,398.14,110,14.16,42.0
1612669,2025-06-08 20:49:00,2025-06-08 21:04:00,101843.48,60103.07,639.47,12.16,К-р Восточный,630-E040625_P_B_4.A,5702,2025-06-09,PV №52,carbonized_quartz-mica_hornfels_shists,0.72,407.85,110,14.19,42.0
1667564,2025-08-01 19:21:00,2025-08-01 20:03:00,101244.7,60711.32,620.3,19.41,К-р Восточный,605-E230725_P_B_9.B,5078,2025-08-01,PV №52,mica-quartz_carbonate_massive_rocks,0.72,425.58,108,18.79,42.0
1611251,2025-06-07 11:36:00,2025-06-07 11:53:00,101867.85,60140.76,638.84,11.63,К-р Восточный,630-E040625_P_B_4.A,5996,2025-06-07,PV №52,carbonized_quartz-mica_hornfels_shists,0.72,392.16,109,15.29,36.0
1668081,2025-08-02 08:04:00,2025-08-02 08:28:00,101269.93,60744.45,621.04,18.5,К-р Восточный,605-E230725_P_B_9.B,8180,2025-08-02,PV №52,mica-quartz_carbonate_massive_rocks,0.72,430.99,110,16.43,42.0
1609858,2025-06-06 02:10:00,2025-06-06 02:26:00,101706.2,60115.6,639.62,12.31,К-р Восточный,630-E040625_P_B_4.A,5766,2025-06-06,PV №52,carbonized_quartz-mica_hornfels_shists,0.72,405.05,109,15.9,42.0
1608626,2025-06-04 23:11:00,2025-06-04 23:27:00,101711.92,60138.96,639.44,12.62,К-р Восточный,630-E040625_P_B_4.A,6140,2025-06-05,PV №52,carbonized_quartz-mica_hornfels_shists,0.72,273.56,110,13.44,36.0
1611251,2025-06-07 11:36:00,2025-06-07 11:53:00,101867.85,60140.76,638.84,11.63,К-р Восточный,630-E040625_P_B_4.A,5996,2025-06-07,PV №52,carbonized_quartz-mica_hornfels_shists,0.72,391.89,109,15.13,36.0
1667753,2025-08-01 21:39:00,2025-08-01 22:10:00,101249.72,60789.86,620.82,18.33,К-р Восточный,605-E230725_P_B_9.B,8163,2025-08-02,PV №52,mica-quartz_carbonate_massive_rocks,0.72,419.89,110,16.31,42.0
1613760,2025-06-10 01:54:00,2025-06-10 02:15:00,101824.38,60090.07,639.24,12.52,К-р Восточный,630-E040625_P_B_4.A,5665,2025-06-10,PV №52,carbonized_quartz-mica_hornfels_shists,0.72,406.54,110,15.3,36.0
1667172,2025-08-01 08:31:00,2025-08-01 09:03:00,101223.06,60775.03,620.17,17.83,К-р Восточный,605-E230725_P_B_9.B,5048,2025-08-01,PV №52,mica-quartz_carbonate_massive_rocks,0.72,418.67,108,17.45,36.0
1609716,2025-06-05 21:23:00,2025-06-05 21:41:00,101722.56,60123.42,639.43,12.51,К-р Восточный,630-E040625_P_B_4.A,6056,2025-06-06,PV №52,fault_zone,0.73,403.06,109,14.82,48.0
1610773,2025-06-07 01:19:00,2025-06-07 01:37:00,101696.49,60108.7,639.19,12.29,К-р Восточный,630-E040625_P_B_4.A,5968,2025-06-07,PV №52,carbonized_quartz-mica_hornfels_shists,0.73,404.11,108,16.18,42.0
1580938,2025-05-08 17:40:00,2025-05-08 17:53:00,101288.77,60533.99,640.19,12.37,К-р Восточный,630-E030525_P_B_1.B,5890,2025-05-08,PV №52,quartz-mica foliated schists,0.73,421.37,109,16.05,60.0
1580873,2025-05-08 16:31:00,2025-05-08 16:42:00,101292.66,60541.99,640.02,12.01,К-р Восточный,630-E030525_P_B_1.B,5928,2025-05-08,PV №52,quartz-mica foliated schists,0.73,132.75,112,8.64,156.0
1613907,2025-06-10 04:32:00,2025-06-10 04:52:00,101834.74,60084.98,639.63,12.5,К-р Восточный,630-E040625_P_B_4.A,5822,2025-06-10,PV №52,carbonized_quartz-mica_hornfels_shists,0.73,388.84,110,14.46,36.0
1672613,2025-08-06 18:12:00,2025-08-06 18:39:00,101226.61,60830.51,620.41,18.02,К-р Восточный,605-E230725_P_B_9.B,5000,2025-08-06,PV №52,mica-quartz_carbonate_massive_rocks,0.73,271.22,98,12.13,30.0
1613045,2025-06-09 06:11:00,2025-06-09 06:32:00,101744.75,60101.1,638.89,12.02,К-р Восточный,630-E040625_P_B_4.A,5893,2025-06-09,PV №52,carbonized_quartz-mica_hornfels_shists,0.73,411.11,111,14.52,42.0
1614995,2025-06-11 04:57:00,2025-06-11 05:14:00,101763.59,60074.58,639.34,12.03,К-р Восточный,630-E040625_P_B_4.A,5606,2025-06-11,PV №52,carbonized_quartz-mica_hornfels_shists,0.73,387.77,109,15.6,48.0
1612243,2025-06-08 12:00:00,2025-06-08 12:22:00,101801.65,60111.77,638.9,12.06,К-р Восточный,630-E040625_P_B_4.A,5748,2025-06-08,PV №52,carbonized_quartz-mica_hornfels_shists,0.73,399.71,110,14.1,42.0
1666130,2025-07-31 08:37:00,2025-07-31 09:09:00,101248.77,60693.63,621.33,17.5,К-р Восточный,605-E230725_P_B_9.B,5080,2025-07-31,PV №52,quartz-mica foliated schists,0.73,283.27,107,18.57,36.0
1667264,2025-08-01 11:04:00,2025-08-01 11:27:00,101231.91,60731.84,619.6,17.65,К-р Восточный,605-E230725_P_B_9.B,5053,2025-08-01,PV №52,mica-quartz_carbonate_massive_rocks,0.73,416.99,109,15.37,42.0
1667733,2025-08-01 23:46:00,2025-08-02 00:11:00,101264.34,60771.02,620.82,18.23,К-р Восточный,605-E230725_P_B_9.B,8177,2025-08-02,PV №52,mica-quartz_carbonate_massive_rocks,0.73,421.7,111,14.56,42.0
1613897,2025-06-10 04:12:00,2025-06-10 04:30:00,101841.26,60085.48,639.45,12.02,К-р Восточный,630-E040625_P_B_4.A,5823,2025-06-10,PV №52,carbonized_quartz-mica_hornfels_shists,0.73,383.48,109,15.87,36.0
1582357,2025-05-10 00:17:00,2025-05-10 00:32:00,101288.53,60480.75,640.72,13.77,К-р Восточный,630-E030525_P_B_1.B,5907,2025-05-10,PV №52,mica-quartz_carbonate_massive_rocks,0.73,388.53,107,18.3,36.0
1612416,2025-06-08 16:48:00,2025-06-08 17:10:00,101819.27,60107.59,639.28,12.07,К-р Восточный,630-E040625_P_B_4.A,5904,2025-06-08,PV №52,carbonized_quartz-mica_hornfels_shists,0.73,397.47,110,14.66,36.0
1667940,2025-08-02 03:49:00,2025-08-02 04:14:00,101257.63,60765.24,620.6,18.28,К-р Восточный,605-E230725_P_B_9.B,8166,2025-08-02,PV №52,mica-quartz_carbonate_massive_rocks,0.73,429.88,111,15.03,48.0
1580351,2025-05-08 04:21:00,2025-05-08 04:35:00,101258.95,60577.44,640.49,12.16,К-р Восточный,630-E030525_P_B_1.B,6088,2025-05-08,PV №52,quartz-mica foliated schists,0.73,407.84,108,16.45,48.0
1579229,2025-05-07 01:39:00,2025-05-07 01:51:00,101244.24,60652.57,640.17,12.31,К-р Восточный,630-E030525_P_B_1.B,6137,2025-05-07,PV №52,quartz-mica foliated schists,0.73,41.52,52,2.7,618.0
1668288,2025-08-02 12:51:00,2025-08-02 13:12:00,101254.69,60741.1,619.97,17.57,К-р Восточный,605-E230725_P_B_9.B,5027,2025-08-02,PV №52,mica-quartz_carbonate_massive_rocks,0.73,423.29,111,14.57,42.6
1609695,2025-06-05 22:13:00,2025-06-05 22:30:00,101735.89,60124.22,639.25,11.62,К-р Восточный,630-E040625_P_B_4.A,6058,2025-06-06,PV №52,carbonized_quartz-mica_hornfels_shists,0.73,403.12,109,15.73,36.0
1609194,2025-06-05 10:39:00,2025-06-05 10:56:00,101748.66,60137.22,638.69,11.7,К-р Восточный,630-E040625_P_B_4.A,6040,2025-06-05,PV №52,fault_zone,0.73,397.46,108,16.35,36.0
1609695,2025-06-05 22:13:00,2025-06-05 22:30:00,101735.89,60124.22,639.25,11.62,К-р Восточный,630-E040625_P_B_4.A,6058,2025-06-06,PV №52,carbonized_quartz-mica_hornfels_shists,0.73,402.29,109,14.94,42.0
1580852,2025-05-08 15:58:00,2025-05-08 16:10:00,101306.16,60535.59,639.72,12.51,К-р Восточный,630-E030525_P_B_1.B,5888,2025-05-08,PV №52,quartz-mica foliated schists,0.73,442.79,109,16.34,66.0
1611719,2025-06-08 00:20:00,2025-06-08 00:37:00,101821.33,60125.18,639.29,11.6,К-р Восточный,630-E040625_P_B_4.A,5783,2025-06-08,PV №52,carbonized_quartz-mica_hornfels_shists,0.73,409.36,110,15.05,42.0
1578893,2025-05-06 17:10:00,2025-05-06 17:22:00,101255.6,60676.73,639.78,12.53,К-р Восточный,630-E030525_P_B_1.B,6076,2025-05-06,PV №52,quartz-mica foliated schists,0.73,11.49,110,2.66,905.4
1580069,2025-05-07 21:22:00,2025-05-07 21:35:00,101229.15,60621.08,640.21,12.4,К-р Восточный,630-E030525_P_B_1.B,6121,2025-05-08,PV №52,quartz-mica foliated schists,0.73,31.24,38,1.58,754.8
1667921,2025-08-02 03:18:00,2025-08-02 03:46:00,101265.69,60762.86,621.03,18.04,К-р Восточный,605-E230725_P_B_9.B,8178,2025-08-02,PV №52,mica-quartz_carbonate_massive_rocks,0.73,419.47,109,17.34,42.0
1666303,2025-07-31 13:02:00,2025-07-31 13:26:00,101204.62,60749.38,620.07,17.5,К-р Восточный,605-E230725_P_B_9.B,5097,2025-07-31,PV №52,mica-quartz_carbonate_massive_rocks,0.73,411.38,110,14.03,42.0
1580069,2025-05-07 21:22:00,2025-05-07 21:35:00,101229.15,60621.08,640.21,12.4,К-р Восточный,630-E030525_P_B_1.B,6121,2025-05-08,PV №52,quartz-mica foliated schists,0.73,408.26,110,15.51,42.0
1612002,2025-06-08 05:39:00,2025-06-08 05:54:00,101818.4,60119.4,639.31,11.53,К-р Восточный,630-E040625_P_B_4.A,5950,2025-06-08,PV №52,carbonized_quartz-mica_hornfels_shists,0.73,405.27,110,14.63,48.0
1581139,2025-05-08 22:36:00,2025-05-08 22:48:00,101333.75,60521.98,639.25,12.27,К-р Восточный,630-E030525_P_B_1.B,5988,2025-05-09,PV №52,mica-quartz_carbonate_massive_rocks,0.73,408.15,109,16.15,36.0
1615066,2025-06-11 07:35:00,2025-06-11 07:54:00,101863.5,60126.78,638.89,12.0,К-р Восточный,630-E040625_P_B_4.A,5789,2025-06-11,PV №52,carbonized_quartz-mica_hornfels_shists,0.73,406.71,109,15.22,48.0
1667333,2025-08-01 12:41:00,2025-08-01 13:00:00,101229.46,60796.7,619.95,13.79,К-р Восточный,605-E230725_P_B_9.B,5011,2025-08-01,PV №52,mica-quartz_carbonate_massive_rocks,0.73,413.12,110,14.58,41.4
1610883,2025-06-07 03:16:00,2025-06-07 03:34:00,101737.02,60112.17,639.31,11.73,К-р Восточный,630-E040625_P_B_4.A,5962,2025-06-07,PV №52,carbonized_quartz-mica_hornfels_shists,0.73,403.99,109,15.26,42.0
1614789,2025-06-11 01:18:00,2025-06-11 01:42:00,101753.35,60078.2,639.45,12.03,К-р Восточный,630-E040625_P_B_4.A,5810,2025-06-11,PV №52,carbonized_quartz-mica_hornfels_shists,0.73,397.43,110,15.18,36.0
1613463,2025-06-09 18:06:00,2025-06-09 18:28:00,101772.91,60091.48,638.84,12.03,К-р Восточный,630-E040625_P_B_4.A,5877,2025-06-09,PV №52,carbonized_quartz-mica_hornfels_shists,0.73,405.35,110,14.99,36.0
1612416,2025-06-08 16:48:00,2025-06-08 17:10:00,101819.27,60107.59,639.28,12.07,К-р Восточный,630-E040625_P_B_4.A,5904,2025-06-08,PV №52,carbonized_quartz-mica_hornfels_shists,0.73,398.29,110,15.37,36.0
1581171,2025-05-08 20:40:00,2025-05-08 20:56:00,101276.29,60525.78,640.39,12.72,К-р Восточный,630-E030525_P_B_1.B,5923,2025-05-09,PV №52,quartz-mica foliated schists,0.74,428.3,107,16.99,42.0
1611719,2025-06-08 00:20:00,2025-06-08 00:37:00,101821.33,60125.18,639.29,11.6,К-р Восточный,630-E040625_P_B_4.A,5783,2025-06-08,PV №52,carbonized_quartz-mica_hornfels_shists,0.74,24.46,0,0.65,970.8
1613873,2025-06-10 03:50:00,2025-06-10 04:10:00,101848.12,60086.11,639.58,12.52,К-р Восточный,630-E040625_P_B_4.A,5824,2025-06-10,PV №52,carbonized_quartz-mica_hornfels_shists,0.74,405.89,110,15.38,42.0
1609166,2025-06-05 09:48:00,2025-06-05 10:03:00,101728.27,60135.44,639.05,12.09,К-р Восточный,630-E040625_P_B_4.A,6043,2025-06-05,PV №52,carbonized_quartz-mica_hornfels_shists,0.74,399.95,109,15.47,42.0
1667856,2025-08-02 02:15:00,2025-08-02 02:39:00,101246.2,60781.78,620.31,17.63,К-р Восточный,605-E230725_P_B_9.B,5022,2025-08-02,PV №52,mica-quartz_carbonate_massive_rocks,0.74,419.35,111,14.37,48.0
1668017,2025-08-02 05:37:00,2025-08-02 06:05:00,101249.02,60768.12,620.23,17.51,К-р Восточный,605-E230725_P_B_9.B,5024,2025-08-02,PV №52,mica-quartz_carbonate_massive_rocks,0.74,144.35,92,9.53,48.0
1672523,2025-08-06 16:18:00,2025-08-06 16:44:00,101244.07,60807.19,620.97,18.43,К-р Восточный,605-E230725_P_B_9.B,8157,2025-08-06,PV №52,mica-quartz_carbonate_massive_rocks,0.74,424.89,111,15.28,48.0
1614433,2025-06-10 17:41:00,2025-06-10 18:01:00,101742.79,60083.26,639.24,12.28,К-р Восточный,630-E040625_P_B_4.A,5677,2025-06-10,PV №52,carbonized_quartz-mica_hornfels_shists,0.74,407.06,108,16.13,53.4
1668035,2025-08-02 06:07:00,2025-08-02 06:32:00,101250.84,60758.92,620.14,18.0,К-р Восточный,605-E230725_P_B_9.B,5025,2025-08-02,PV №52,mica-quartz_carbonate_massive_rocks,0.74,434.39,108,18.69,42.0
1666725,2025-07-31 20:18:00,2025-07-31 20:45:00,101212.3,60713.71,620.49,18.01,К-р Восточный,605-E230725_P_B_9.B,5101,2025-08-01,PV №52,mica-quartz_carbonate_massive_rocks,0.74,386.31,106,20.29,42.0
1612960,2025-06-09 04:18:00,2025-06-09 04:39:00,101710.97,60098.76,639.43,12.0,К-р Восточный,630-E040625_P_B_4.A,5888,2025-06-09,PV №52,carbonized_quartz-mica_hornfels_shists,0.74,395.54,111,14.79,42.0
1611761,2025-06-08 01:22:00,2025-06-08 01:38:00,101800.95,60123.88,639.34,11.66,К-р Восточный,630-E040625_P_B_4.A,5780,2025-06-08,PV №52,carbonized_quartz-mica_hornfels_shists,0.74,407.99,110,14.99,48.0
1579856,2025-05-07 19:10:00,2025-05-07 19:23:00,101214.56,60642.67,640.3,12.62,К-р Восточный,630-E030525_P_B_1.B,6063,2025-05-07,PV №52,quartz-mica foliated schists,0.74,315.4,111,14.91,60.0
1580072,2025-05-07 20:52:00,2025-05-07 21:04:00,101219.59,60635.45,640.23,12.75,К-р Восточный,630-E030525_P_B_1.B,6125,2025-05-08,PV №52,quartz-mica foliated schists,0.74,418.58,109,15.28,66.0
1668070,2025-08-02 07:35:00,2025-08-02 08:01:00,101259.7,60756.55,620.57,18.0,К-р Восточный,605-E230725_P_B_9.B,8167,2025-08-02,PV №52,mica-quartz_carbonate_massive_rocks,0.74,430.9,110,16.87,54.0
1668685,2025-08-02 22:58:00,2025-08-02 23:19:00,101279.42,60699.63,621.29,18.9,К-р Восточный,605-E230725_P_B_9.B,8185,2025-08-03,PV №52,quartz-mica foliated schists,0.74,428.31,109,18.96,60.0
1667508,2025-08-01 17:01:00,2025-08-01 17:26:00,101237.05,60746.9,620.01,17.5,К-р Восточный,605-E230725_P_B_9.B,5074,2025-08-01,PV №52,mica-quartz_carbonate_massive_rocks,0.74,422.16,110,15.5,48.0
1611719,2025-06-08 00:20:00,2025-06-08 00:37:00,101821.33,60125.18,639.29,11.6,К-р Восточный,630-E040625_P_B_4.A,5783,2025-06-08,PV №52,carbonized_quartz-mica_hornfels_shists,0.74,409.51,110,15.17,42.0
1579444,2025-05-07 05:54:00,2025-05-07 06:08:00,101260.52,60615.82,639.9,12.13,К-р Восточный,630-E030525_P_B_1.B,6041,2025-05-07,PV №52,quartz-mica foliated schists,0.74,409.25,109,17.45,72.0
1613651,2025-06-09 22:51:00,2025-06-09 23:13:00,101820.24,60095.73,639.05,12.03,К-р Восточный,630-E040625_P_B_4.A,5870,2025-06-10,PV №52,carbonized_quartz-mica_hornfels_shists,0.74,390.42,110,15.39,48.0
1614703,2025-06-10 20:08:00,2025-06-10 20:32:00,101769.66,60085.1,639.2,12.06,К-р Восточный,630-E040625_P_B_4.A,5673,2025-06-11,PV №52,carbonized_quartz-mica_hornfels_shists,0.74,358.89,110,14.29,66.0
1614911,2025-06-11 03:26:00,2025-06-11 03:45:00,101737.02,60071.0,639.09,12.01,К-р Восточный,630-E040625_P_B_4.A,5602,2025-06-11,PV №52,carbonized_quartz-mica_hornfels_shists,0.74,317.49,111,13.08,48.0
1609819,2025-06-06 01:32:00,2025-06-06 01:49:00,101692.63,60115.3,639.36,12.25,К-р Восточный,630-E040625_P_B_4.A,5764,2025-06-06,PV №52,carbonized_quartz-mica_hornfels_shists,0.74,410.28,107,18.37,48.0
1668477,2025-08-02 17:58:00,2025-08-02 18:17:00,101264.31,60696.83,620.48,18.03,К-р Восточный,605-E230725_P_B_9.B,5032,2025-08-02,PV №52,quartz-mica foliated schists,0.74,408.34,106,17.07,30.0
1579399,2025-05-07 04:53:00,2025-05-07 05:05:00,101240.5,60644.71,640.22,12.22,К-р Восточный,630-E030525_P_B_1.B,6060,2025-05-07,PV №52,quartz-mica foliated schists,0.74,206.5,104,10.3,132.0
1611227,2025-06-07 10:51:00,2025-06-07 11:08:00,101761.37,60108.63,638.71,11.57,К-р Восточный,630-E040625_P_B_4.A,5754,2025-06-07,PV №52,carbonized_quartz-mica_hornfels_shists,0.74,400.85,108,16.28,54.0
1613656,2025-06-09 22:08:00,2025-06-09 22:30:00,101833.83,60096.61,639.49,12.51,К-р Восточный,630-E040625_P_B_4.A,5868,2025-06-10,PV №52,carbonized_quartz-mica_hornfels_shists,0.74,361.7,111,14.15,41.4
1668303,2025-08-02 13:38:00,2025-08-02 14:05:00,101244.14,60752.83,619.82,17.5,К-р Восточный,605-E230725_P_B_9.B,5043,2025-08-02,PV №52,mica-quartz_carbonate_massive_rocks,0.74,426.45,108,17.67,36.0
1609191,2025-06-05 10:22:00,2025-06-05 10:37:00,101741.86,60136.53,638.72,11.6,К-р Восточный,630-E040625_P_B_4.A,6041,2025-06-05,PV №52,carbonized_quartz-mica_hornfels_shists,0.74,404.41,107,17.79,42.0
1582282,2025-05-09 19:52:00,2025-05-09 20:03:00,101301.82,60473.68,640.4,13.07,К-р Восточный,630-E030525_P_B_1.B,5862,2025-05-10,PV №52,mica-quartz_carbonate_massive_rocks,0.74,375.07,107,16.67,66.0
1609194,2025-06-05 10:39:00,2025-06-05 10:56:00,101748.66,60137.22,638.69,11.7,К-р Восточный,630-E040625_P_B_4.A,6040,2025-06-05,PV №52,fault_zone,0.74,403.22,108,16.85,48.0
1668158,2025-08-02 10:08:00,2025-08-02 10:33:00,101265.31,60729.51,621.07,18.04,К-р Восточный,605-E230725_P_B_9.B,8170,2025-08-02,PV №52,mica-quartz_carbonate_massive_rocks,0.74,433.58,108,19.23,36.0
1579868,2025-05-07 19:30:00,2025-05-07 19:51:00,101212.09,60634.8,640.36,12.61,К-р Восточный,630-E030525_P_B_1.B,6124,2025-05-07,PV №52,quartz-mica foliated schists,0.74,399.69,109,15.21,36.0
1666394,2025-07-31 15:42:00,2025-07-31 16:05:00,101205.65,60790.31,619.95,17.55,К-р Восточный,605-E230725_P_B_9.B,5014,2025-07-31,PV №52,mica-quartz_carbonate_massive_rocks,0.74,411.35,111,13.71,36.0
1610856,2025-06-07 02:58:00,2025-06-07 03:12:00,101730.21,60111.59,639.38,11.71,К-р Восточный,630-E040625_P_B_4.A,5963,2025-06-07,PV №52,carbonized_quartz-mica_hornfels_shists,0.74,403.61,109,15.31,42.0
1609909,2025-06-06 03:25:00,2025-06-06 03:45:00,101733.25,60118.09,639.33,11.69,К-р Восточный,630-E040625_P_B_4.A,5770,2025-06-06,PV №52,carbonized_quartz-mica_hornfels_shists,0.74,406.29,109,14.85,36.0
1614789,2025-06-11 01:18:00,2025-06-11 01:42:00,101753.35,60078.2,639.45,12.03,К-р Восточный,630-E040625_P_B_4.A,5810,2025-06-11,PV №52,carbonized_quartz-mica_hornfels_shists,0.74,396.73,110,14.95,42.0
1667842,2025-08-02 01:44:00,2025-08-02 02:12:00,101238.33,60784.5,620.16,17.51,К-р Восточный,605-E230725_P_B_9.B,5019,2025-08-02,PV №52,mica-quartz_carbonate_massive_rocks,0.74,420.85,109,16.58,42.0
1667940,2025-08-02 03:49:00,2025-08-02 04:14:00,101257.63,60765.24,620.6,18.28,К-р Восточный,605-E230725_P_B_9.B,8166,2025-08-02,PV №52,mica-quartz_carbonate_massive_rocks,0.74,402.4,109,16.86,48.0
1672866,2025-08-06 22:20:00,2025-08-06 22:37:00,101211.12,60831.98,620.24,17.51,К-р Восточный,605-E230725_P_B_9.B,4995,2025-08-07,PV №52,mica-quartz_carbonate_massive_rocks,0.74,307.05,111,15.38,54.0
1609879,2025-06-06 02:46:00,2025-06-06 03:05:00,101719.59,60117.02,639.36,12.09,К-р Восточный,630-E040625_P_B_4.A,5768,2025-06-06,PV №52,fault_zone,0.74,406.31,108,16.45,42.0
1611407,2025-06-07 16:56:00,2025-06-07 17:17:00,101851.6,60133.73,638.91,12.12,К-р Восточный,630-E040625_P_B_4.A,6075,2025-06-07,PV №52,carbonized_quartz-mica_hornfels_shists,0.74,379.14,110,14.66,36.0
1609401,2025-06-05 15:15:00,2025-06-05 15:31:00,101712.12,60128.66,639.44,12.63,К-р Восточный,630-E040625_P_B_4.A,5973,2025-06-05,PV №52,carbonized_quartz-mica_hornfels_shists,0.74,72.39,114,8.77,72.0
1582260,2025-05-09 23:31:00,2025-05-09 23:46:00,101303.54,60459.19,640.43,13.77,К-р Восточный,630-E030525_P_B_1.B,6764,2025-05-10,PV №52,mica-quartz_carbonate_massive_rocks,0.74,431.67,107,19.43,48.0
1579349,2025-05-07 04:06:00,2025-05-07 04:21:00,101225.82,60666.37,639.8,12.62,К-р Восточный,630-E030525_P_B_1.B,6146,2025-05-07,PV №52,quartz-mica foliated schists,0.74,354.28,109,15.85,84.0
1611186,2025-06-07 10:11:00,2025-06-07 10:30:00,101766.89,60121.16,638.69,11.61,К-р Восточный,630-E040625_P_B_4.A,5775,2025-06-07,PV №52,carbonized_quartz-mica_hornfels_shists,0.74,396.72,109,15.67,54.0
1666318,2025-07-31 13:28:00,2025-07-31 13:52:00,101206.38,60740.55,620.25,17.61,К-р Восточный,605-E230725_P_B_9.B,5098,2025-07-31,PV №52,mica-quartz_carbonate_massive_rocks,0.74,413.02,111,14.13,42.0
1672833,2025-08-06 23:00:00,2025-08-06 23:17:00,101219.42,60827.91,620.19,17.57,К-р Восточный,605-E230725_P_B_9.B,4978,2025-08-07,PV №52,mica-quartz_carbonate_massive_rocks,0.75,142.28,77,7.97,54.0
1579753,2025-05-07 16:02:00,2025-05-07 16:16:00,101212.09,60657.96,640.31,12.55,К-р Восточный,630-E030525_P_B_1.B,6066,2025-05-07,PV №52,quartz-mica foliated schists,0.75,317.0,112,12.61,168.0
1668035,2025-08-02 06:07:00,2025-08-02 06:32:00,101250.84,60758.92,620.14,18.0,К-р Восточный,605-E230725_P_B_9.B,5025,2025-08-02,PV №52,mica-quartz_carbonate_massive_rocks,0.75,432.65,109,17.79,42.0
1667264,2025-08-01 11:04:00,2025-08-01 11:27:00,101231.91,60731.84,619.6,17.65,К-р Восточный,605-E230725_P_B_9.B,5053,2025-08-01,PV №52,mica-quartz_carbonate_massive_rocks,0.75,417.04,109,15.41,36.0
1611625,2025-06-07 19:54:00,2025-06-07 20:13:00,101803.89,60129.68,639.17,11.71,К-р Восточный,630-E040625_P_B_4.A,6068,2025-06-08,PV №52,carbonized_quartz-mica_hornfels_shists,0.75,84.28,64,8.22,156.0
1613343,2025-06-09 14:43:00,2025-06-09 15:01:00,101711.8,60086.6,639.45,12.01,К-р Восточный,630-E040625_P_B_4.A,5886,2025-06-09,PV №52,carbonized_quartz-mica_hornfels_shists,0.75,401.54,110,14.5,42.0
1668035,2025-08-02 06:07:00,2025-08-02 06:32:00,101250.84,60758.92,620.14,18.0,К-р Восточный,605-E230725_P_B_9.B,5025,2025-08-02,PV №52,mica-quartz_carbonate_massive_rocks,0.75,431.12,110,16.62,42.0
1609736,2025-06-05 21:03:00,2025-06-05 21:22:00,101715.97,60122.64,639.63,12.14,К-р Восточный,630-E040625_P_B_4.A,6055,2025-06-06,PV №52,fault_zone,0.75,48.67,0,1.28,762.0
1613730,2025-06-10 01:06:00,2025-06-10 01:27:00,101837.47,60091.24,639.81,12.52,К-р Восточный,630-E040625_P_B_4.A,5663,2025-06-10,PV №52,carbonized_quartz-mica_hornfels_shists,0.75,405.7,110,15.49,36.0
1609708,2025-06-05 22:55:00,2025-06-05 23:09:00,101749.46,60125.21,639.3,11.47,К-р Восточный,630-E040625_P_B_4.A,6060,2025-06-06,PV №52,carbonized_quartz-mica_hornfels_shists,0.75,397.97,108,14.26,54.0
1668363,2025-08-02 15:14:00,2025-08-02 15:34:00,101249.31,60726.24,620.34,17.72,К-р Восточный,605-E230725_P_B_9.B,5040,2025-08-02,PV №52,mica-quartz_carbonate_massive_rocks,0.75,129.38,71,8.4,120.0
1668668,2025-08-02 22:33:00,2025-08-02 22:53:00,101281.37,60690.95,621.4,19.05,К-р Восточный,605-E230725_P_B_9.B,8186,2025-08-03,PV №52,quartz-mica foliated schists,0.75,254.62,104,21.58,30.0
1612443,2025-06-08 17:12:00,2025-06-08 17:35:00,101812.58,60107.23,639.26,12.26,К-р Восточный,630-E040625_P_B_4.A,5903,2025-06-08,PV №52,carbonized_quartz-mica_hornfels_shists,0.75,394.74,110,15.54,54.0
1609140,2025-06-05 09:11:00,2025-06-05 09:29:00,101714.77,60134.56,639.32,12.63,К-р Восточный,630-E040625_P_B_4.A,6045,2025-06-05,PV №52,carbonized_quartz-mica_hornfels_shists,0.75,400.2,110,14.64,48.0
1611442,2025-06-07 18:17:00,2025-06-07 18:36:00,101824.27,60131.53,638.88,12.04,К-р Восточный,630-E040625_P_B_4.A,6071,2025-06-07,PV №52,carbonized_quartz-mica_hornfels_shists,0.75,366.85,110,13.94,48.0
1666353,2025-07-31 14:28:00,2025-07-31 14:50:00,101204.2,60817.85,619.72,17.53,К-р Восточный,605-E230725_P_B_9.B,4974,2025-07-31,PV №52,mica-quartz_carbonate_massive_rocks,0.75,416.22,109,16.93,60.0
1667842,2025-08-02 01:44:00,2025-08-02 02:12:00,101238.33,60784.5,620.16,17.51,К-р Восточный,605-E230725_P_B_9.B,5019,2025-08-02,PV №52,mica-quartz_carbonate_massive_rocks,0.75,420.16,110,15.97,48.0
1666130,2025-07-31 08:37:00,2025-07-31 09:09:00,101248.77,60693.63,621.33,17.5,К-р Восточный,605-E230725_P_B_9.B,5080,2025-07-31,PV №52,quartz-mica foliated schists,0.75,362.8,106,20.21,42.0
1609194,2025-06-05 10:39:00,2025-06-05 10:56:00,101748.66,60137.22,638.69,11.7,К-р Восточный,630-E040625_P_B_4.A,6040,2025-06-05,PV №52,fault_zone,0.75,395.87,109,15.83,42.0
1612353,2025-06-08 14:42:00,2025-06-08 15:01:00,101859.9,60110.53,638.86,12.05,К-р Восточный,630-E040625_P_B_4.A,5910,2025-06-08,PV №52,carbonized_quartz-mica_hornfels_shists,0.75,369.89,110,15.42,36.0
1667112,2025-08-01 07:09:00,2025-08-01 07:32:00,101220.75,60800.39,620.05,17.51,К-р Восточный,605-E230725_P_B_9.B,5016,2025-08-01,PV №52,mica-quartz_carbonate_massive_rocks,0.75,423.39,108,18.38,48.0
1666663,2025-07-31 21:53:00,2025-07-31 22:15:00,101216.96,60728.6,620.29,17.52,К-р Восточный,605-E230725_P_B_9.B,5064,2025-08-01,PV №52,mica-quartz_carbonate_massive_rocks,0.75,416.53,110,14.91,42.0
1666247,2025-07-31 11:24:00,2025-07-31 11:53:00,101199.12,60775.76,620.23,17.55,К-р Восточный,605-E230725_P_B_9.B,5008,2025-07-31,PV №52,mica-quartz_carbonate_massive_rocks,0.75,415.25,110,15.3,48.0
1614433,2025-06-10 17:41:00,2025-06-10 18:01:00,101742.79,60083.26,639.24,12.28,К-р Восточный,630-E040625_P_B_4.A,5677,2025-06-10,PV №52,carbonized_quartz-mica_hornfels_shists,0.75,405.55,109,15.08,42.0
1612390,2025-06-08 15:45:00,2025-06-08 16:06:00,101839.66,60109.06,639.32,12.12,К-р Восточный,630-E040625_P_B_4.A,5907,2025-06-08,PV №52,carbonized_quartz-mica_hornfels_shists,0.75,390.67,110,14.95,48.0
1579856,2025-05-07 19:10:00,2025-05-07 19:23:00,101214.56,60642.67,640.3,12.62,К-р Восточный,630-E030525_P_B_1.B,6063,2025-05-07,PV №52,quartz-mica foliated schists,0.75,163.93,74,8.62,138.0
1666663,2025-07-31 21:53:00,2025-07-31 22:15:00,101216.96,60728.6,620.29,17.52,К-р Восточный,605-E230725_P_B_9.B,5064,2025-08-01,PV №52,mica-quartz_carbonate_massive_rocks,0.75,416.92,110,15.23,42.0
1579856,2025-05-07 19:10:00,2025-05-07 19:23:00,101214.56,60642.67,640.3,12.62,К-р Восточный,630-E030525_P_B_1.B,6063,2025-05-07,PV №52,quartz-mica foliated schists,0.75,403.83,108,16.46,36.0
1581301,2025-05-09 01:31:00,2025-05-09 01:47:00,101307.39,60519.9,639.81,12.59,К-р Восточный,630-E030525_P_B_1.B,5887,2025-05-09,PV №52,quartz-mica foliated schists,0.75,402.99,107,15.4,42.0
1666474,2025-07-31 17:42:00,2025-07-31 18:10:00,101211.23,60755.47,620.13,17.52,К-р Восточный,605-E230725_P_B_9.B,5067,2025-07-31,PV №52,mica-quartz_carbonate_massive_rocks,0.75,64.36,79,7.16,54.0
1667799,2025-08-02 00:49:00,2025-08-02 01:13:00,101236.91,60801.69,620.91,18.11,К-р Восточный,605-E230725_P_B_9.B,5021,2025-08-02,PV №52,mica-quartz_carbonate_massive_rocks,0.75,419.24,111,14.38,36.0
1666394,2025-07-31 15:42:00,2025-07-31 16:05:00,101205.65,60790.31,619.95,17.55,К-р Восточный,605-E230725_P_B_9.B,5014,2025-07-31,PV №52,mica-quartz_carbonate_massive_rocks,0.75,413.59,110,15.17,48.0
1611274,2025-06-07 12:13:00,2025-06-07 12:29:00,101854.07,60139.77,639.27,12.03,К-р Восточный,630-E040625_P_B_4.A,5994,2025-06-07,PV №52,carbonized_quartz-mica_hornfels_shists,0.75,396.25,109,14.64,42.0
1579171,2025-05-07 00:32:00,2025-05-07 00:46:00,101224.45,60681.83,640.11,12.24,К-р Восточный,630-E030525_P_B_1.B,6156,2025-05-07,PV №52,quartz-mica foliated schists,0.75,49.06,29,2.72,539.4
1614152,2025-06-10 10:28:00,2025-06-10 10:47:00,101811.58,60077.91,638.82,12.01,К-р Восточный,630-E040625_P_B_4.A,5613,2025-06-10,PV №52,carbonized_quartz-mica_hornfels_shists,0.75,401.11,110,15.03,36.0
1612450,2025-06-08 17:36:00,2025-06-08 17:52:00,101805.88,60106.45,638.5,12.04,К-р Восточный,630-E040625_P_B_4.A,5902,2025-06-08,PV №52,carbonized_quartz-mica_hornfels_shists,0.75,402.76,109,15.04,48.0
1666802,2025-08-01 00:41:00,2025-08-01 01:09:00,101214.17,60786.28,620.3,17.62,К-р Восточный,605-E230725_P_B_9.B,5009,2025-08-01,PV №52,mica-quartz_carbonate_massive_rocks,0.75,415.12,110,14.56,36.0
1609819,2025-06-06 01:32:00,2025-06-06 01:49:00,101692.63,60115.3,639.36,12.25,К-р Восточный,630-E040625_P_B_4.A,5764,2025-06-06,PV №52,carbonized_quartz-mica_hornfels_shists,0.75,401.56,109,14.39,42.0
1580592,2025-05-08 09:59:00,2025-05-08 10:11:00,101256.56,60555.01,640.37,12.52,К-р Восточный,630-E030525_P_B_1.B,5946,2025-05-08,PV №52,quartz-mica foliated schists,0.75,418.38,109,15.91,66.0
1610903,2025-06-07 03:38:00,2025-06-07 03:55:00,101743.4,60113.07,639.23,11.76,К-р Восточный,630-E040625_P_B_4.A,5961,2025-06-07,PV №52,carbonized_quartz-mica_hornfels_shists,0.75,403.52,109,15.43,42.0
1667112,2025-08-01 07:09:00,2025-08-01 07:32:00,101220.75,60800.39,620.05,17.51,К-р Восточный,605-E230725_P_B_9.B,5016,2025-08-01,PV №52,mica-quartz_carbonate_massive_rocks,0.75,401.88,107,19.28,48.0
1613343,2025-06-09 14:43:00,2025-06-09 15:01:00,101711.8,60086.6,639.45,12.01,К-р Восточный,630-E040625_P_B_4.A,5886,2025-06-09,PV №52,carbonized_quartz-mica_hornfels_shists,0.75,404.64,108,16.27,42.0
1667564,2025-08-01 19:21:00,2025-08-01 20:03:00,101244.7,60711.32,620.3,19.41,К-р Восточный,605-E230725_P_B_9.B,5078,2025-08-01,PV №52,mica-quartz_carbonate_massive_rocks,0.75,427.69,96,21.88,42.0
1611719,2025-06-08 00:20:00,2025-06-08 00:37:00,101821.33,60125.18,639.29,11.6,К-р Восточный,630-E040625_P_B_4.A,5783,2025-06-08,PV №52,carbonized_quartz-mica_hornfels_shists,0.75,408.95,110,14.84,42.0
1613956,2025-06-10 05:41:00,2025-06-10 06:02:00,101814.56,60083.28,638.84,12.0,К-р Восточный,630-E040625_P_B_4.A,5819,2025-06-10,PV №52,carbonized_quartz-mica_hornfels_shists,0.75,388.59,110,14.94,36.0
1612678,2025-06-08 20:13:00,2025-06-08 20:31:00,101857.07,60103.89,639.47,11.62,К-р Восточный,630-E040625_P_B_4.A,5704,2025-06-09,PV №52,carbonized_quartz-mica_hornfels_shists,0.76,184.91,96,10.25,48.0
1611898,2025-06-08 04:06:00,2025-06-08 04:23:00,101852.19,60121.79,639.55,12.04,К-р Восточный,630-E040625_P_B_4.A,5945,2025-06-08,PV №52,carbonized_quartz-mica_hornfels_shists,0.76,406.53,110,14.85,42.0
1668324,2025-08-02 14:21:00,2025-08-02 14:47:00,101245.92,60743.84,621.6,17.04,К-р Восточный,605-E230725_P_B_9.B,5042,2025-08-02,PV №52,mica-quartz_carbonate_massive_rocks,0.76,424.76,109,16.79,42.0
1667734,2025-08-01 22:13:00,2025-08-01 22:39:00,101253.76,60782.63,620.53,18.62,К-р Восточный,605-E230725_P_B_9.B,8164,2025-08-02,PV №52,mica-quartz_carbonate_massive_rocks,0.76,420.75,111,14.9,48.0
1611217,2025-06-07 10:32:00,2025-06-07 10:49:00,101764.18,60114.94,638.81,11.61,К-р Восточный,630-E040625_P_B_4.A,5958,2025-06-07,PV №52,carbonized_quartz-mica_hornfels_shists,0.76,391.99,109,15.06,42.0
1581711,2025-05-09 10:02:00,2025-05-09 10:13:00,101336.33,60492.28,640.0,12.52,К-р Восточный,630-E030525_P_B_1.B,5999,2025-05-09,PV №52,carbonaceous quartz-mica calcium metasomatites,0.76,416.48,106,19.71,78.0
1579249,2025-05-07 02:09:00,2025-05-07 02:22:00,101254.33,60638.11,640.04,12.15,К-р Восточный,630-E030525_P_B_1.B,6129,2025-05-07,PV №52,quartz-mica foliated schists,0.76,404.22,108,16.03,47.4
1609929,2025-06-06 03:47:00,2025-06-06 04:04:00,101739.94,60118.72,639.28,11.53,К-р Восточный,630-E040625_P_B_4.A,5771,2025-06-06,PV №52,carbonized_quartz-mica_hornfels_shists,0.76,403.42,109,14.78,48.0
1612019,2025-06-08 06:12:00,2025-06-08 06:29:00,101804.75,60118.4,639.29,11.69,К-р Восточный,630-E040625_P_B_4.A,5952,2025-06-08,PV №52,carbonized_quartz-mica_hornfels_shists,0.76,407.82,109,15.22,42.0
1612019,2025-06-08 06:12:00,2025-06-08 06:29:00,101804.75,60118.4,639.29,11.69,К-р Восточный,630-E040625_P_B_4.A,5952,2025-06-08,PV №52,carbonized_quartz-mica_hornfels_shists,0.76,408.43,108,16.51,48.0
1667230,2025-08-01 10:01:00,2025-08-01 10:33:00,101228.62,60749.99,620.01,17.5,К-р Восточный,605-E230725_P_B_9.B,5051,2025-08-01,PV №52,mica-quartz_carbonate_massive_rocks,0.76,416.75,109,16.25,42.0
1613144,2025-06-09 09:23:00,2025-06-09 09:44:00,101714.77,60093.01,639.13,12.02,К-р Восточный,630-E040625_P_B_4.A,5683,2025-06-09,PV №52,carbonized_quartz-mica_hornfels_shists,0.76,390.44,110,15.79,48.0
1611692,2025-06-07 22:18:00,2025-06-07 22:36:00,101861.93,60128.11,639.47,11.33,К-р Восточный,630-E040625_P_B_4.A,5789,2025-06-08,PV №52,carbonized_quartz-mica_hornfels_shists,0.76,404.82,109,16.13,36.6
1579102,2025-05-06 22:22:00,2025-05-06 22:37:00,101273.93,60624.17,639.62,12.24,К-р Восточный,630-E030525_P_B_1.B,6116,2025-05-07,PV №52,quartz-mica foliated schists,0.76,408.75,109,15.09,48.0
1582419,2025-05-10 01:37:00,2025-05-10 01:52:00,101268.52,60510.08,640.42,13.26,К-р Восточный,630-E030525_P_B_1.B,5918,2025-05-10,PV №52,quartz-mica foliated schists,0.76,230.65,100,13.43,78.0
1611651,2025-06-07 23:38:00,2025-06-07 23:56:00,101834.76,60126.28,639.4,11.68,К-р Восточный,630-E040625_P_B_4.A,5785,2025-06-08,PV №52,carbonized_quartz-mica_hornfels_shists,0.76,405.35,110,14.87,42.0
1666680,2025-07-31 19:53:00,2025-07-31 20:15:00,101210.3,60722.46,620.43,18.05,К-р Восточный,605-E230725_P_B_9.B,5100,2025-08-01,PV №52,mica-quartz_carbonate_massive_rocks,0.76,170.76,114,10.36,42.0
1579349,2025-05-07 04:06:00,2025-05-07 04:21:00,101225.82,60666.37,639.8,12.62,К-р Восточный,630-E030525_P_B_1.B,6146,2025-05-07,PV №52,quartz-mica foliated schists,0.76,420.46,108,16.76,60.0
1613664,2025-06-09 23:16:00,2025-06-09 23:36:00,101813.4,60095.31,638.96,12.01,К-р Восточный,630-E040625_P_B_4.A,5871,2025-06-10,PV №52,carbonized_quartz-mica_hornfels_shists,0.76,352.91,111,13.97,36.0
1611407,2025-06-07 16:56:00,2025-06-07 17:17:00,101851.6,60133.73,638.91,12.12,К-р Восточный,630-E040625_P_B_4.A,6075,2025-06-07,PV №52,carbonized_quartz-mica_hornfels_shists,0.76,380.28,109,15.24,36.0
1613650,2025-06-09 20:50:00,2025-06-09 21:06:00,101847.38,60097.46,639.05,12.01,К-р Восточный,630-E040625_P_B_4.A,5866,2025-06-10,PV №52,carbonized_quartz-mica_hornfels_shists,0.76,391.15,110,14.51,41.4
1667469,2025-08-01 15:44:00,2025-08-01 16:09:00,101233.31,60764.77,620.08,17.01,К-р Восточный,605-E230725_P_B_9.B,5072,2025-08-01,PV №52,mica-quartz_carbonate_massive_rocks,0.76,415.47,111,14.45,36.0
1613249,2025-06-09 12:11:00,2025-06-09 12:30:00,101755.43,60095.85,639.0,12.05,К-р Восточный,630-E040625_P_B_4.A,5689,2025-06-09,PV №52,carbonized_quartz-mica_hornfels_shists,0.76,403.35,110,15.66,36.0
1609664,2025-06-05 20:27:00,2025-06-05 20:42:00,101702.34,60121.81,639.54,12.33,К-р Восточный,630-E040625_P_B_4.A,6053,2025-06-06,PV №52,carbonized_quartz-mica_hornfels_shists,0.76,395.36,110,14.27,30.0
1612931,2025-06-09 03:49:00,2025-06-09 04:12:00,101708.26,60093.5,639.95,12.01,К-р Восточный,630-E040625_P_B_4.A,5682,2025-06-09,PV №52,carbonized_quartz-mica_hornfels_shists,0.76,407.75,111,14.66,42.0
1611732,2025-06-08 00:42:00,2025-06-08 01:00:00,101814.62,60124.74,639.3,11.59,К-р Восточный,630-E040625_P_B_4.A,5782,2025-06-08,PV №52,carbonized_quartz-mica_hornfels_shists,0.76,407.12,110,13.89,42.0
1614218,2025-06-10 12:25:00,2025-06-10 12:44:00,101776.38,60085.76,639.05,12.06,К-р Восточный,630-E040625_P_B_4.A,5672,2025-06-10,PV №52,carbonized_quartz-mica_hornfels_shists,0.76,396.5,105,15.12,42.0
1668070,2025-08-02 07:35:00,2025-08-02 08:01:00,101259.7,60756.55,620.57,18.0,К-р Восточный,605-E230725_P_B_9.B,8167,2025-08-02,PV №52,mica-quartz_carbonate_massive_rocks,0.76,429.84,111,15.79,42.0
1612981,2025-06-09 04:42:00,2025-06-09 05:03:00,101717.67,60099.2,639.28,12.01,К-р Восточный,630-E040625_P_B_4.A,5889,2025-06-09,PV №52,carbonized_quartz-mica_hornfels_shists,0.76,408.69,110,15.8,54.0
1666976,2025-08-01 03:40:00,2025-08-01 04:05:00,101223.53,60734.61,620.12,17.52,К-р Восточный,605-E230725_P_B_9.B,5090,2025-08-01,PV №52,mica-quartz_carbonate_massive_rocks,0.76,418.83,110,15.55,42.0
1666515,2025-07-31 19:24:00,2025-07-31 19:50:00,101214.84,60737.96,620.04,18.0,К-р Восточный,605-E230725_P_B_9.B,5065,2025-07-31,PV №52,mica-quartz_carbonate_massive_rocks,0.76,417.67,111,14.72,36.0
1613656,2025-06-09 22:08:00,2025-06-09 22:30:00,101833.83,60096.61,639.49,12.51,К-р Восточный,630-E040625_P_B_4.A,5868,2025-06-10,PV №52,carbonized_quartz-mica_hornfels_shists,0.76,399.57,109,17.13,42.0
1667508,2025-08-01 17:01:00,2025-08-01 17:26:00,101237.05,60746.9,620.01,17.5,К-р Восточный,605-E230725_P_B_9.B,5074,2025-08-01,PV №52,mica-quartz_carbonate_massive_rocks,0.76,25.4,52,2.32,996.0
1668215,2025-08-02 11:33:00,2025-08-02 11:55:00,101275.37,60717.43,621.91,19.01,К-р Восточный,605-E230725_P_B_9.B,8183,2025-08-02,PV №52,mica-quartz_carbonate_massive_rocks,0.76,425.5,110,15.72,36.0
1666920,2025-08-01 02:42:00,2025-08-01 03:09:00,101219.66,60752.39,620.19,17.57,К-р Восточный,605-E230725_P_B_9.B,5092,2025-08-01,PV №52,mica-quartz_carbonate_massive_rocks,0.76,416.69,110,15.12,71.4
1579129,2025-05-06 21:00:00,2025-05-06 21:12:00,101286.28,60616.79,639.64,12.25,К-р Восточный,630-E030525_P_B_1.B,6037,2025-05-07,PV №52,quartz-mica foliated schists,0.76,113.13,13,7.3,684.0
1666318,2025-07-31 13:28:00,2025-07-31 13:52:00,101206.38,60740.55,620.25,17.61,К-р Восточный,605-E230725_P_B_9.B,5098,2025-07-31,PV №52,mica-quartz_carbonate_massive_rocks,0.76,413.69,111,14.57,42.0
1609826,2025-06-06 01:52:00,2025-06-06 02:08:00,101699.42,60114.81,639.51,12.46,К-р Восточный,630-E040625_P_B_4.A,5765,2025-06-06,PV №52,carbonized_quartz-mica_hornfels_shists,0.76,404.72,109,15.55,42.0
1610963,2025-06-07 04:45:00,2025-06-07 05:02:00,101700.34,60103.09,639.16,11.55,К-р Восточный,630-E040625_P_B_4.A,5763,2025-06-07,PV №52,carbonized_quartz-mica_hornfels_shists,0.76,404.43,108,16.62,48.0
1612692,2025-06-08 23:09:00,2025-06-08 23:29:00,101795.96,60099.66,639.31,11.73,К-р Восточный,630-E040625_P_B_4.A,5695,2025-06-09,PV №52,carbonized_quartz-mica_hornfels_shists,0.76,409.72,110,15.77,42.0
1667921,2025-08-02 03:18:00,2025-08-02 03:46:00,101265.69,60762.86,621.03,18.04,К-р Восточный,605-E230725_P_B_9.B,8178,2025-08-02,PV №52,mica-quartz_carbonate_massive_rocks,0.76,411.48,107,19.22,47.4
1580316,2025-05-08 03:33:00,2025-05-08 03:46:00,101285.3,60579.36,640.33,12.59,К-р Восточный,630-E030525_P_B_1.B,6091,2025-05-08,PV №52,quartz-mica foliated schists,0.76,155.69,72,8.92,144.0
1610883,2025-06-07 03:16:00,2025-06-07 03:34:00,101737.02,60112.17,639.31,11.73,К-р Восточный,630-E040625_P_B_4.A,5962,2025-06-07,PV №52,carbonized_quartz-mica_hornfels_shists,0.76,403.94,109,15.22,36.0
1667508,2025-08-01 17:01:00,2025-08-01 17:26:00,101237.05,60746.9,620.01,17.5,К-р Восточный,605-E230725_P_B_9.B,5074,2025-08-01,PV №52,mica-quartz_carbonate_massive_rocks,0.76,304.49,105,13.56,48.0
1667921,2025-08-02 03:18:00,2025-08-02 03:46:00,101265.69,60762.86,621.03,18.04,К-р Восточный,605-E230725_P_B_9.B,8178,2025-08-02,PV №52,mica-quartz_carbonate_massive_rocks,0.76,421.0,107,19.37,42.0
1610799,2025-06-07 01:40:00,2025-06-07 01:56:00,101703.47,60109.73,639.49,12.2,К-р Восточный,630-E040625_P_B_4.A,5967,2025-06-07,PV №52,carbonized_quartz-mica_hornfels_shists,0.76,401.85,109,14.81,48.0
1609860,2025-06-06 02:28:00,2025-06-06 02:44:00,101712.98,60116.29,639.53,12.31,К-р Восточный,630-E040625_P_B_4.A,5767,2025-06-06,PV №52,carbonized_quartz-mica_hornfels_shists,0.76,406.07,109,15.29,42.0
1666191,2025-07-31 10:02:00,2025-07-31 10:26:00,101197.04,60803.22,619.86,17.6,К-р Восточный,605-E230725_P_B_9.B,5005,2025-07-31,PV №52,mica-quartz_carbonate_massive_rocks,0.76,415.14,109,16.01,42.0
1612669,2025-06-08 20:49:00,2025-06-08 21:04:00,101843.48,60103.07,639.47,12.16,К-р Восточный,630-E040625_P_B_4.A,5702,2025-06-09,PV №52,carbonized_quartz-mica_hornfels_shists,0.76,409.6,110,14.97,48.0
1614755,2025-06-11 00:56:00,2025-06-11 01:16:00,101746.76,60078.09,639.4,12.02,К-р Восточный,630-E040625_P_B_4.A,5809,2025-06-11,PV №52,carbonized_quartz-mica_hornfels_shists,0.76,54.05,104,8.23,25.2
1609716,2025-06-05 21:23:00,2025-06-05 21:41:00,101722.56,60123.42,639.43,12.51,К-р Восточный,630-E040625_P_B_4.A,6056,2025-06-06,PV №52,fault_zone,0.77,338.25,111,13.09,42.0
1611870,2025-06-08 03:28:00,2025-06-08 03:45:00,101865.77,60123.21,639.31,11.48,К-р Восточный,630-E040625_P_B_4.A,5943,2025-06-08,PV №52,carbonized_quartz-mica_hornfels_shists,0.77,406.7,110,14.81,36.0
1667138,2025-08-01 08:02:00,2025-08-01 08:29:00,101222.04,60783.45,620.34,17.04,К-р Восточный,605-E230725_P_B_9.B,5018,2025-08-01,PV №52,mica-quartz_carbonate_massive_rocks,0.77,419.56,110,15.47,42.0
1579079,2025-05-06 19:53:00,2025-05-06 20:07:00,101279.7,60629.74,639.4,12.25,К-р Восточный,630-E030525_P_B_1.B,6115,2025-05-07,PV №52,quartz-mica foliated schists,0.77,37.85,69,5.99,156.0
1667411,2025-08-01 14:50:00,2025-08-01 15:18:00,101230.35,60780.35,620.11,17.03,К-р Восточный,605-E230725_P_B_9.B,5047,2025-08-01,PV №52,mica-quartz_carbonate_massive_rocks,0.77,416.67,111,14.8,54.0
1612450,2025-06-08 17:36:00,2025-06-08 17:52:00,101805.88,60106.45,638.5,12.04,К-р Восточный,630-E040625_P_B_4.A,5902,2025-06-08,PV №52,carbonized_quartz-mica_hornfels_shists,0.77,379.4,110,14.43,42.0
1611689,2025-06-07 22:59:00,2025-06-07 23:16:00,101848.46,60127.21,639.46,11.74,К-р Восточный,630-E040625_P_B_4.A,5787,2025-06-08,PV №52,carbonized_quartz-mica_hornfels_shists,0.77,403.85,110,14.3,36.0
1611047,2025-06-07 07:12:00,2025-06-07 07:33:00,101741.02,60106.84,639.08,12.1,К-р Восточный,630-E040625_P_B_4.A,5757,2025-06-07,PV №52,carbonized_quartz-mica_hornfels_shists,0.77,395.34,109,16.33,42.0
1609929,2025-06-06 03:47:00,2025-06-06 04:04:00,101739.94,60118.72,639.28,11.53,К-р Восточный,630-E040625_P_B_4.A,5771,2025-06-06,PV №52,carbonized_quartz-mica_hornfels_shists,0.77,373.88,111,13.67,42.0
1581137,2025-05-08 20:25:00,2025-05-08 20:38:00,101267.47,60524.73,640.21,12.67,К-р Восточный,630-E030525_P_B_1.B,5922,2025-05-09,PV №52,quartz-mica foliated schists,0.77,374.77,98,17.82,72.0
1667959,2025-08-02 04:18:00,2025-08-02 04:43:00,101238.74,60776.94,619.83,17.44,К-р Восточный,605-E230725_P_B_9.B,5046,2025-08-02,PV №52,mica-quartz_carbonate_massive_rocks,0.77,-3.43,63,1.36,678.0
1612002,2025-06-08 05:39:00,2025-06-08 05:54:00,101818.4,60119.4,639.31,11.53,К-р Восточный,630-E040625_P_B_4.A,5950,2025-06-08,PV №52,carbonized_quartz-mica_hornfels_shists,0.77,405.35,110,14.75,42.0
1611366,2025-06-07 16:16:00,2025-06-07 16:34:00,101864.93,60134.61,638.86,11.53,К-р Восточный,630-E040625_P_B_4.A,6077,2025-06-07,PV №52,carbonized_quartz-mica_hornfels_shists,0.77,400.81,107,19.03,42.0
1610856,2025-06-07 02:58:00,2025-06-07 03:12:00,101730.21,60111.59,639.38,11.71,К-р Восточный,630-E040625_P_B_4.A,5963,2025-06-07,PV №52,carbonized_quartz-mica_hornfels_shists,0.77,403.65,109,15.5,48.0
1611047,2025-06-07 07:12:00,2025-06-07 07:33:00,101741.02,60106.84,639.08,12.1,К-р Восточный,630-E040625_P_B_4.A,5757,2025-06-07,PV №52,carbonized_quartz-mica_hornfels_shists,0.77,394.99,109,15.97,48.0
1613728,2025-06-10 00:47:00,2025-06-10 01:04:00,101844.14,60091.58,639.45,12.17,К-р Восточный,630-E040625_P_B_4.A,5662,2025-06-10,PV №52,carbonized_quartz-mica_hornfels_shists,0.77,405.64,110,14.39,48.0
1611750,2025-06-08 01:03:00,2025-06-08 01:20:00,101807.71,60124.39,639.37,11.85,К-р Восточный,630-E040625_P_B_4.A,5781,2025-06-08,PV №52,carbonized_quartz-mica_hornfels_shists,0.77,407.38,109,14.8,48.0
1611732,2025-06-08 00:42:00,2025-06-08 01:00:00,101814.62,60124.74,639.3,11.59,К-р Восточный,630-E040625_P_B_4.A,5782,2025-06-08,PV №52,carbonized_quartz-mica_hornfels_shists,0.77,407.3,111,14.19,48.0
1667550,2025-08-01 18:16:00,2025-08-01 18:45:00,101242.77,60720.4,620.5,18.01,К-р Восточный,605-E230725_P_B_9.B,5077,2025-08-01,PV №52,mica-quartz_carbonate_massive_rocks,0.77,35.91,67,2.98,620.4
1581505,2025-05-09 04:51:00,2025-05-09 05:09:00,101290.95,60503.34,640.45,12.66,К-р Восточный,630-E030525_P_B_1.B,5876,2025-05-09,PV №52,quartz-mica foliated schists,0.77,405.25,108,16.15,42.0
1672866,2025-08-06 22:20:00,2025-08-06 22:37:00,101211.12,60831.98,620.24,17.51,К-р Восточный,605-E230725_P_B_9.B,4995,2025-08-07,PV №52,mica-quartz_carbonate_massive_rocks,0.77,426.88,110,17.14,60.0
1613956,2025-06-10 05:41:00,2025-06-10 06:02:00,101814.56,60083.28,638.84,12.0,К-р Восточный,630-E040625_P_B_4.A,5819,2025-06-10,PV №52,carbonized_quartz-mica_hornfels_shists,0.77,88.77,81,8.45,120.6
1613907,2025-06-10 04:32:00,2025-06-10 04:52:00,101834.74,60084.98,639.63,12.5,К-р Восточный,630-E040625_P_B_4.A,5822,2025-06-10,PV №52,carbonized_quartz-mica_hornfels_shists,0.77,389.34,110,14.75,54.0
1614003,2025-06-10 07:29:00,2025-06-10 07:46:00,101790.37,60087.18,638.85,12.01,К-р Восточный,630-E040625_P_B_4.A,5670,2025-06-10,PV №52,carbonized_quartz-mica_hornfels_shists,0.77,406.16,109,16.33,48.0
1666988,2025-08-01 04:07:00,2025-08-01 04:28:00,101225.49,60725.72,620.26,17.57,К-р Восточный,605-E230725_P_B_9.B,5089,2025-08-01,PV №52,mica-quartz_carbonate_massive_rocks,0.77,419.37,110,14.87,54.0
1614160,2025-06-10 10:49:00,2025-06-10 11:07:00,101804.38,60077.45,638.84,12.01,К-р Восточный,630-E040625_P_B_4.A,5612,2025-06-10,PV №52,carbonized_quartz-mica_hornfels_shists,0.77,399.46,110,14.57,60.0
1611441,2025-06-07 18:00:00,2025-06-07 18:16:00,101830.98,60132.01,638.79,11.49,К-р Восточный,630-E040625_P_B_4.A,6072,2025-06-07,PV №52,carbonized_quartz-mica_hornfels_shists,0.77,369.03,109,15.2,42.0
1613345,2025-06-09 15:05:00,2025-06-09 15:26:00,101718.58,60087.3,639.37,12.51,К-р Восточный,630-E040625_P_B_4.A,5885,2025-06-09,PV №52,carbonized_quartz-mica_hornfels_shists,0.77,373.86,111,13.66,42.0
1579319,2025-05-07 03:33:00,2025-05-07 03:47:00,101215.47,60681.16,640.27,12.64,К-р Восточный,630-E030525_P_B_1.B,6157,2025-05-07,PV №52,quartz-mica foliated schists,0.77,420.82,109,16.38,42.0
1611626,2025-06-07 20:52:00,2025-06-07 21:11:00,101790.25,60128.97,639.0,11.38,К-р Восточный,630-E040625_P_B_4.A,6066,2025-06-08,PV №52,carbonized_quartz-mica_hornfels_shists,0.77,404.74,109,16.46,54.0
1614160,2025-06-10 10:49:00,2025-06-10 11:07:00,101804.38,60077.45,638.84,12.01,К-р Восточный,630-E040625_P_B_4.A,5612,2025-06-10,PV №52,carbonized_quartz-mica_hornfels_shists,0.77,404.28,110,14.81,42.0
1609909,2025-06-06 03:25:00,2025-06-06 03:45:00,101733.25,60118.09,639.33,11.69,К-р Восточный,630-E040625_P_B_4.A,5770,2025-06-06,PV №52,carbonized_quartz-mica_hornfels_shists,0.77,376.1,109,15.11,36.0
1610814,2025-06-07 01:59:00,2025-06-07 02:16:00,101710.01,60110.37,639.56,11.58,К-р Восточный,630-E040625_P_B_4.A,5966,2025-06-07,PV №52,fault_zone,0.77,403.02,109,15.86,30.0
1614203,2025-06-10 11:56:00,2025-06-10 12:17:00,101787.03,60080.45,639.03,12.01,К-р Восточный,630-E040625_P_B_4.A,5815,2025-06-10,PV №52,carbonized_quartz-mica_hornfels_shists,0.77,364.69,93,15.32,72.0
1668386,2025-08-02 15:37:00,2025-08-02 15:56:00,101250.96,60718.03,620.42,18.19,К-р Восточный,605-E230725_P_B_9.B,5039,2025-08-02,PV №52,mica-quartz_carbonate_massive_rocks,0.77,422.87,111,14.62,42.0
1612655,2025-06-08 23:55:00,2025-06-09 00:14:00,101782.36,60098.76,639.22,11.3,К-р Восточный,630-E040625_P_B_4.A,5693,2025-06-09,PV №52,carbonized_quartz-mica_hornfels_shists,0.78,33.52,0,1.38,678.6
1667733,2025-08-01 23:46:00,2025-08-02 00:11:00,101264.34,60771.02,620.82,18.23,К-р Восточный,605-E230725_P_B_9.B,8177,2025-08-02,PV №52,mica-quartz_carbonate_massive_rocks,0.78,422.23,111,14.83,42.0
1612684,2025-06-08 22:26:00,2025-06-08 22:47:00,101809.62,60100.65,639.32,11.5,К-р Восточный,630-E040625_P_B_4.A,5697,2025-06-09,PV №52,carbonized_quartz-mica_hornfels_shists,0.78,329.53,111,14.04,60.0
1667531,2025-08-01 17:28:00,2025-08-01 17:51:00,101238.75,60738.04,620.11,17.28,К-р Восточный,605-E230725_P_B_9.B,5075,2025-08-01,PV №52,mica-quartz_carbonate_massive_rocks,0.78,423.19,109,17.69,66.0
1613728,2025-06-10 00:47:00,2025-06-10 01:04:00,101844.14,60091.58,639.45,12.17,К-р Восточный,630-E040625_P_B_4.A,5662,2025-06-10,PV №52,carbonized_quartz-mica_hornfels_shists,0.78,406.04,110,14.74,48.0
1613826,2025-06-10 03:03:00,2025-06-10 03:22:00,101803.51,60088.47,639.11,12.01,К-р Восточный,630-E040625_P_B_4.A,5668,2025-06-10,PV №52,carbonized_quartz-mica_hornfels_shists,0.78,404.97,110,15.09,42.0
1666213,2025-07-31 10:29:00,2025-07-31 10:54:00,101197.62,60794.56,619.89,17.55,К-р Восточный,605-E230725_P_B_9.B,5006,2025-07-31,PV №52,mica-quartz_carbonate_massive_rocks,0.78,420.15,107,18.63,48.0
1667411,2025-08-01 14:50:00,2025-08-01 15:18:00,101230.35,60780.35,620.11,17.03,К-р Восточный,605-E230725_P_B_9.B,5047,2025-08-01,PV №52,mica-quartz_carbonate_massive_rocks,0.78,416.64,110,14.79,42.0
1668324,2025-08-02 14:21:00,2025-08-02 14:47:00,101245.92,60743.84,621.6,17.04,К-р Восточный,605-E230725_P_B_9.B,5042,2025-08-02,PV №52,mica-quartz_carbonate_massive_rocks,0.78,416.79,107,19.6,42.0
1611380,2025-06-07 16:36:00,2025-06-07 16:54:00,101858.28,60134.2,638.8,12.04,К-р Восточный,630-E040625_P_B_4.A,6076,2025-06-07,PV №52,carbonized_quartz-mica_hornfels_shists,0.78,393.02,109,15.17,42.0
1609338,2025-06-05 14:05:00,2025-06-05 14:20:00,101684.99,60126.61,639.28,12.62,К-р Восточный,630-E040625_P_B_4.A,5969,2025-06-05,PV №52,carbonized_quartz-mica_hornfels_shists,0.78,374.34,110,13.95,48.0
1612031,2025-06-08 07:26:00,2025-06-08 07:44:00,101797.92,60117.95,639.02,12.12,К-р Восточный,630-E040625_P_B_4.A,5953,2025-06-08,PV №52,carbonized_quartz-mica_hornfels_shists,0.78,394.75,110,15.51,54.0
1610799,2025-06-07 01:40:00,2025-06-07 01:56:00,101703.47,60109.73,639.49,12.2,К-р Восточный,630-E040625_P_B_4.A,5967,2025-06-07,PV №52,carbonized_quartz-mica_hornfels_shists,0.78,402.5,109,15.32,36.0
1581139,2025-05-08 22:36:00,2025-05-08 22:48:00,101333.75,60521.98,639.25,12.27,К-р Восточный,630-E030525_P_B_1.B,5988,2025-05-09,PV №52,mica-quartz_carbonate_massive_rocks,0.78,428.99,110,15.72,60.0
1666920,2025-08-01 02:42:00,2025-08-01 03:09:00,101219.66,60752.39,620.19,17.57,К-р Восточный,605-E230725_P_B_9.B,5092,2025-08-01,PV №52,mica-quartz_carbonate_massive_rocks,0.78,417.9,110,14.91,42.0
1615066,2025-06-11 07:35:00,2025-06-11 07:54:00,101863.5,60126.78,638.89,12.0,К-р Восточный,630-E040625_P_B_4.A,5789,2025-06-11,PV №52,carbonized_quartz-mica_hornfels_shists,0.78,405.29,110,14.78,42.0
1612489,2025-06-08 18:36:00,2025-06-08 18:55:00,101785.49,60104.87,638.67,11.51,К-р Восточный,630-E040625_P_B_4.A,5899,2025-06-08,PV №52,carbonized_quartz-mica_hornfels_shists,0.78,363.13,110,14.42,36.0
1666515,2025-07-31 19:24:00,2025-07-31 19:50:00,101214.84,60737.96,620.04,18.0,К-р Восточный,605-E230725_P_B_9.B,5065,2025-07-31,PV №52,mica-quartz_carbonate_massive_rocks,0.78,418.01,111,15.0,48.0
1609716,2025-06-05 21:23:00,2025-06-05 21:41:00,101722.56,60123.42,639.43,12.51,К-р Восточный,630-E040625_P_B_4.A,6056,2025-06-06,PV №52,fault_zone,0.78,402.13,109,14.34,66.0
1578869,2025-05-06 16:36:00,2025-05-06 16:53:00,101264.63,60673.4,639.77,12.54,К-р Восточный,630-E030525_P_B_1.B,6074,2025-05-06,PV №52,quartz-mica foliated schists,0.78,255.71,108,11.22,102.0
1610826,2025-06-07 02:19:00,2025-06-07 02:35:00,101716.88,60110.85,639.53,11.58,К-р Восточный,630-E040625_P_B_4.A,5965,2025-06-07,PV №52,carbonized_quartz-mica_hornfels_shists,0.78,402.38,110,15.05,36.0
1611625,2025-06-07 19:54:00,2025-06-07 20:13:00,101803.89,60129.68,639.17,11.71,К-р Восточный,630-E040625_P_B_4.A,6068,2025-06-08,PV №52,carbonized_quartz-mica_hornfels_shists,0.78,407.24,107,17.82,48.0
1612931,2025-06-09 03:49:00,2025-06-09 04:12:00,101708.26,60093.5,639.95,12.01,К-р Восточный,630-E040625_P_B_4.A,5682,2025-06-09,PV №52,carbonized_quartz-mica_hornfels_shists,0.78,405.96,110,15.22,42.0
1580787,2025-05-08 14:36:00,2025-05-08 14:50:00,101323.25,60536.47,639.51,12.04,К-р Восточный,630-E030525_P_B_1.B,5985,2025-05-08,PV №52,quartz-mica foliated schists,0.78,433.22,110,14.82,48.0
1611282,2025-06-07 14:31:00,2025-06-07 14:49:00,101847.75,60139.0,640.62,12.1,К-р Восточный,630-E040625_P_B_4.A,5993,2025-06-07,PV №52,carbonized_quartz-mica_hornfels_shists,0.78,394.99,108,17.99,54.0
1667550,2025-08-01 18:16:00,2025-08-01 18:45:00,101242.77,60720.4,620.5,18.01,К-р Восточный,605-E230725_P_B_9.B,5077,2025-08-01,PV №52,mica-quartz_carbonate_massive_rocks,0.78,421.16,109,16.78,48.0
1668242,2025-08-02 12:22:00,2025-08-02 12:49:00,101252.75,60750.34,619.83,17.56,К-р Восточный,605-E230725_P_B_9.B,5026,2025-08-02,PV №52,mica-quartz_carbonate_massive_rocks,0.78,424.17,110,15.43,48.0
1612751,2025-06-09 00:41:00,2025-06-09 01:01:00,101765.74,60103.05,639.49,11.37,К-р Восточный,630-E040625_P_B_4.A,5896,2025-06-09,PV №52,carbonized_quartz-mica_hornfels_shists,0.78,414.97,110,14.89,48.0
1614094,2025-06-10 09:30:00,2025-06-10 10:01:00,101823.95,60079.11,639.12,12.52,К-р Восточный,630-E040625_P_B_4.A,5615,2025-06-10,PV №52,carbonized_quartz-mica_hornfels_shists,0.78,388.52,110,15.05,42.0
1611442,2025-06-07 18:17:00,2025-06-07 18:36:00,101824.27,60131.53,638.88,12.04,К-р Восточный,630-E040625_P_B_4.A,6071,2025-06-07,PV №52,carbonized_quartz-mica_hornfels_shists,0.78,367.9,110,14.49,42.0
1610826,2025-06-07 02:19:00,2025-06-07 02:35:00,101716.88,60110.85,639.53,11.58,К-р Восточный,630-E040625_P_B_4.A,5965,2025-06-07,PV №52,carbonized_quartz-mica_hornfels_shists,0.78,402.89,109,15.34,42.0
1609173,2025-06-05 10:04:00,2025-06-05 10:20:00,101735.1,60136.16,639.0,11.59,К-р Восточный,630-E040625_P_B_4.A,6042,2025-06-05,PV №52,carbonized_quartz-mica_hornfels_shists,0.78,405.8,107,17.99,54.0
1580938,2025-05-08 17:40:00,2025-05-08 17:53:00,101288.77,60533.99,640.19,12.37,К-р Восточный,630-E030525_P_B_1.B,5890,2025-05-08,PV №52,quartz-mica foliated schists,0.78,348.42,103,16.63,96.0
1666172,2025-07-31 09:42:00,2025-07-31 10:00:00,101196.48,60812.38,620.0,17.71,К-р Восточный,605-E230725_P_B_9.B,4992,2025-07-31,PV №52,mica-quartz_carbonate_massive_rocks,0.78,420.27,108,17.87,54.0
1611732,2025-06-08 00:42:00,2025-06-08 01:00:00,101814.62,60124.74,639.3,11.59,К-р Восточный,630-E040625_P_B_4.A,5782,2025-06-08,PV №52,carbonized_quartz-mica_hornfels_shists,0.78,406.9,111,14.07,42.0
1668101,2025-08-02 08:47:00,2025-08-02 09:11:00,101261.44,60747.14,621.67,18.45,К-р Восточный,605-E230725_P_B_9.B,8168,2025-08-02,PV №52,mica-quartz_carbonate_massive_rocks,0.78,432.44,109,18.14,48.0
1609858,2025-06-06 02:10:00,2025-06-06 02:26:00,101706.2,60115.6,639.62,12.31,К-р Восточный,630-E040625_P_B_4.A,5766,2025-06-06,PV №52,carbonized_quartz-mica_hornfels_shists,0.78,405.24,109,15.98,48.0
1613728,2025-06-10 00:47:00,2025-06-10 01:04:00,101844.14,60091.58,639.45,12.17,К-р Восточный,630-E040625_P_B_4.A,5662,2025-06-10,PV №52,carbonized_quartz-mica_hornfels_shists,0.78,405.66,111,14.46,42.0
1580758,2025-05-08 13:43:00,2025-05-08 13:58:00,101332.78,60537.58,639.31,12.51,К-р Восточный,630-E030525_P_B_1.B,5986,2025-05-08,PV №52,quartz-mica foliated schists,0.79,426.48,110,14.48,48.0
1612960,2025-06-09 04:18:00,2025-06-09 04:39:00,101710.97,60098.76,639.43,12.0,К-р Восточный,630-E040625_P_B_4.A,5888,2025-06-09,PV №52,carbonized_quartz-mica_hornfels_shists,0.79,410.43,110,16.52,42.0
1609350,2025-06-05 14:22:00,2025-06-05 14:38:00,101691.48,60127.21,639.29,12.58,К-р Восточный,630-E040625_P_B_4.A,5970,2025-06-05,PV №52,carbonized_quartz-mica_hornfels_shists,0.79,392.71,109,15.27,48.0
1668415,2025-08-02 16:21:00,2025-08-02 16:41:00,101259.86,60714.64,620.63,18.02,К-р Восточный,605-E230725_P_B_9.B,5030,2025-08-02,PV №52,mica-quartz_carbonate_massive_rocks,0.79,425.92,109,17.5,42.0
1666776,2025-08-01 00:15:00,2025-08-01 00:40:00,101213.56,60795.38,620.05,17.6,К-р Восточный,605-E230725_P_B_9.B,5010,2025-08-01,PV №52,mica-quartz_carbonate_massive_rocks,0.79,416.93,110,15.29,48.0
1666988,2025-08-01 04:07:00,2025-08-01 04:28:00,101225.49,60725.72,620.26,17.57,К-р Восточный,605-E230725_P_B_9.B,5089,2025-08-01,PV №52,mica-quartz_carbonate_massive_rocks,0.79,418.58,111,14.67,48.0
1611458,2025-06-07 19:17:00,2025-06-07 19:31:00,101817.44,60130.9,639.15,11.46,К-р Восточный,630-E040625_P_B_4.A,6070,2025-06-07,PV №52,carbonized_quartz-mica_hornfels_shists,0.79,402.03,110,15.7,42.0
1666680,2025-07-31 19:53:00,2025-07-31 20:15:00,101210.3,60722.46,620.43,18.05,К-р Восточный,605-E230725_P_B_9.B,5100,2025-08-01,PV №52,mica-quartz_carbonate_massive_rocks,0.79,424.08,106,19.96,60.0
1609665,2025-06-05 20:45:00,2025-06-05 21:01:00,101709.12,60121.98,639.66,12.68,К-р Восточный,630-E040625_P_B_4.A,6054,2025-06-06,PV №52,carbonized_quartz-mica_hornfels_shists,0.79,409.01,108,17.04,54.0
1666452,2025-07-31 17:09:00,2025-07-31 17:41:00,101209.34,60764.47,620.12,17.5,К-р Восточный,605-E230725_P_B_9.B,5068,2025-07-31,PV №52,mica-quartz_carbonate_massive_rocks,0.79,74.57,87,4.79,486.0
1612960,2025-06-09 04:18:00,2025-06-09 04:39:00,101710.97,60098.76,639.43,12.0,К-р Восточный,630-E040625_P_B_4.A,5888,2025-06-09,PV №52,carbonized_quartz-mica_hornfels_shists,0.79,405.88,110,15.47,36.0
1581332,2025-05-09 02:05:00,2025-05-09 02:18:00,101320.76,60513.34,639.75,12.53,К-р Восточный,630-E030525_P_B_1.B,5963,2025-05-09,PV №52,mica-quartz_carbonate_massive_rocks,0.79,423.26,110,15.6,66.0
1578916,2025-05-06 17:42:00,2025-05-06 17:55:00,101268.68,60658.27,639.65,12.05,К-р Восточный,630-E030525_P_B_1.B,6134,2025-05-06,PV №52,quartz-mica foliated schists,0.79,353.21,109,15.55,149.4
1668144,2025-08-02 09:39:00,2025-08-02 10:05:00,101272.14,60735.25,621.25,18.56,К-р Восточный,605-E230725_P_B_9.B,8181,2025-08-02,PV №52,mica-quartz_carbonate_massive_rocks,0.79,430.26,109,16.96,42.0
1667230,2025-08-01 10:01:00,2025-08-01 10:33:00,101228.62,60749.99,620.01,17.5,К-р Восточный,605-E230725_P_B_9.B,5051,2025-08-01,PV №52,mica-quartz_carbonate_massive_rocks,0.79,18.05,55,1.9,834.0
1612235,2025-06-08 11:42:00,2025-06-08 11:58:00,101808.9,60112.44,638.95,12.1,К-р Восточный,630-E040625_P_B_4.A,5747,2025-06-08,PV №52,carbonized_quartz-mica_hornfels_shists,0.79,368.78,110,14.59,48.0
1611979,2025-06-08 05:20:00,2025-06-08 05:37:00,101825.16,60119.91,639.32,11.73,К-р Восточный,630-E040625_P_B_4.A,5949,2025-06-08,PV №52,carbonized_quartz-mica_hornfels_shists,0.79,411.88,107,18.36,48.0
1613656,2025-06-09 22:08:00,2025-06-09 22:30:00,101833.83,60096.61,639.49,12.51,К-р Восточный,630-E040625_P_B_4.A,5868,2025-06-10,PV №52,carbonized_quartz-mica_hornfels_shists,0.79,396.57,110,15.23,48.0
1609665,2025-06-05 20:45:00,2025-06-05 21:01:00,101709.12,60121.98,639.66,12.68,К-р Восточный,630-E040625_P_B_4.A,6054,2025-06-06,PV №52,carbonized_quartz-mica_hornfels_shists,0.79,408.0,108,16.3,48.0
1667786,2025-08-02 00:16:00,2025-08-02 00:42:00,101255.85,60773.54,620.57,18.03,К-р Восточный,605-E230725_P_B_9.B,8165,2025-08-02,PV №52,mica-quartz_carbonate_massive_rocks,0.79,415.17,111,14.28,42.0
1668350,2025-08-02 14:48:00,2025-08-02 15:12:00,101247.74,60735.06,620.07,17.21,К-р Восточный,605-E230725_P_B_9.B,5041,2025-08-02,PV №52,mica-quartz_carbonate_massive_rocks,0.79,416.17,108,18.16,48.0
1667508,2025-08-01 17:01:00,2025-08-01 17:26:00,101237.05,60746.9,620.01,17.5,К-р Восточный,605-E230725_P_B_9.B,5074,2025-08-01,PV №52,mica-quartz_carbonate_massive_rocks,0.79,422.37,110,15.88,42.0
1666776,2025-08-01 00:15:00,2025-08-01 00:40:00,101213.56,60795.38,620.05,17.6,К-р Восточный,605-E230725_P_B_9.B,5010,2025-08-01,PV №52,mica-quartz_carbonate_massive_rocks,0.79,416.98,110,15.33,48.0
1666326,2025-07-31 13:54:00,2025-07-31 14:22:00,101208.34,60731.64,620.19,17.52,К-р Восточный,605-E230725_P_B_9.B,5099,2025-07-31,PV №52,mica-quartz_carbonate_massive_rocks,0.79,413.89,110,15.57,48.0
1613753,2025-06-10 01:30:00,2025-06-10 01:52:00,101831.03,60090.53,639.59,12.52,К-р Восточный,630-E040625_P_B_4.A,5664,2025-06-10,PV №52,carbonized_quartz-mica_hornfels_shists,0.79,409.16,109,16.31,53.4
1610839,2025-06-07 02:38:00,2025-06-07 02:56:00,101723.47,60111.39,639.53,12.62,К-р Восточный,630-E040625_P_B_4.A,5964,2025-06-07,PV №52,carbonized_quartz-mica_hornfels_shists,0.79,404.62,108,16.42,60.0
1666383,2025-07-31 15:15:00,2025-07-31 15:40:00,101205.22,60799.5,619.87,17.5,К-р Восточный,605-E230725_P_B_9.B,5015,2025-07-31,PV №52,mica-quartz_carbonate_massive_rocks,0.8,413.14,110,14.98,48.0
1609858,2025-06-06 02:10:00,2025-06-06 02:26:00,101706.2,60115.6,639.62,12.31,К-р Восточный,630-E040625_P_B_4.A,5766,2025-06-06,PV №52,carbonized_quartz-mica_hornfels_shists,0.8,404.39,108,15.7,42.0
1608758,2025-06-05 01:03:00,2025-06-05 01:26:00,101717.67,60139.88,639.48,12.51,К-р Восточный,630-E040625_P_B_4.A,6139,2025-06-05,PV №52,carbonized_quartz-mica_hornfels_shists,0.8,394.98,109,15.94,54.0
1609715,2025-06-05 22:34:00,2025-06-05 22:51:00,101742.85,60124.76,639.19,11.51,К-р Восточный,630-E040625_P_B_4.A,6059,2025-06-06,PV №52,carbonized_quartz-mica_hornfels_shists,0.8,402.32,109,16.36,48.0
1611170,2025-06-07 09:55:00,2025-06-07 10:09:00,101769.84,60126.97,638.51,11.62,К-р Восточный,630-E040625_P_B_4.A,6063,2025-06-07,PV №52,carbonized_quartz-mica_hornfels_shists,0.8,390.69,108,16.44,54.0
1667393,2025-08-01 14:23:00,2025-08-01 14:48:00,101229.77,60787.38,620.08,17.89,К-р Восточный,605-E230725_P_B_9.B,5012,2025-08-01,PV №52,mica-quartz_carbonate_massive_rocks,0.8,417.78,110,15.76,42.0
1667940,2025-08-02 03:49:00,2025-08-02 04:14:00,101257.63,60765.24,620.6,18.28,К-р Восточный,605-E230725_P_B_9.B,8166,2025-08-02,PV №52,mica-quartz_carbonate_massive_rocks,0.8,438.88,106,20.81,48.0
1668195,2025-08-02 11:05:00,2025-08-02 11:28:00,101267.32,60720.46,621.47,18.01,К-р Восточный,605-E230725_P_B_9.B,8171,2025-08-02,PV №52,mica-quartz_carbonate_massive_rocks,0.8,421.17,106,17.61,48.0
1667112,2025-08-01 07:09:00,2025-08-01 07:32:00,101220.75,60800.39,620.05,17.51,К-р Восточный,605-E230725_P_B_9.B,5016,2025-08-01,PV №52,mica-quartz_carbonate_massive_rocks,0.8,421.46,109,16.88,42.0
1668101,2025-08-02 08:47:00,2025-08-02 09:11:00,101261.44,60747.14,621.67,18.45,К-р Восточный,605-E230725_P_B_9.B,8168,2025-08-02,PV №52,mica-quartz_carbonate_massive_rocks,0.8,430.88,110,17.05,54.0
1667786,2025-08-02 00:16:00,2025-08-02 00:42:00,101255.85,60773.54,620.57,18.03,К-р Восточный,605-E230725_P_B_9.B,8165,2025-08-02,PV №52,mica-quartz_carbonate_massive_rocks,0.8,409.78,110,16.82,36.0
1612707,2025-06-08 21:25:00,2025-06-08 21:43:00,101829.81,60102.4,639.54,11.64,К-р Восточный,630-E040625_P_B_4.A,5700,2025-06-09,PV №52,carbonized_quartz-mica_hornfels_shists,0.8,408.53,110,15.88,48.6
1612016,2025-06-08 05:56:00,2025-06-08 06:11:00,101811.51,60118.84,639.27,11.58,К-р Восточный,630-E040625_P_B_4.A,5951,2025-06-08,PV №52,carbonized_quartz-mica_hornfels_shists,0.8,406.44,109,15.2,42.0
1667172,2025-08-01 08:31:00,2025-08-01 09:03:00,101223.06,60775.03,620.17,17.83,К-р Восточный,605-E230725_P_B_9.B,5048,2025-08-01,PV №52,mica-quartz_carbonate_massive_rocks,0.8,416.93,109,16.33,71.4
1612960,2025-06-09 04:18:00,2025-06-09 04:39:00,101710.97,60098.76,639.43,12.0,К-р Восточный,630-E040625_P_B_4.A,5888,2025-06-09,PV №52,carbonized_quartz-mica_hornfels_shists,0.8,279.09,113,12.6,42.0
1614053,2025-06-10 08:38:00,2025-06-10 09:00:00,101838.15,60080.09,639.39,12.51,К-р Восточный,630-E040625_P_B_4.A,5617,2025-06-10,PV №52,carbonized_quartz-mica_hornfels_shists,0.8,409.96,108,17.31,60.0
1613760,2025-06-10 01:54:00,2025-06-10 02:15:00,101824.38,60090.07,639.24,12.52,К-р Восточный,630-E040625_P_B_4.A,5665,2025-06-10,PV №52,carbonized_quartz-mica_hornfels_shists,0.8,391.43,110,15.51,42.0
1609715,2025-06-05 22:34:00,2025-06-05 22:51:00,101742.85,60124.76,639.19,11.51,К-р Восточный,630-E040625_P_B_4.A,6059,2025-06-06,PV №52,carbonized_quartz-mica_hornfels_shists,0.8,401.78,108,16.14,42.0
1579753,2025-05-07 16:02:00,2025-05-07 16:16:00,101212.09,60657.96,640.31,12.55,К-р Восточный,630-E030525_P_B_1.B,6066,2025-05-07,PV №52,quartz-mica foliated schists,0.8,435.32,109,16.25,54.0
1611407,2025-06-07 16:56:00,2025-06-07 17:17:00,101851.6,60133.73,638.91,12.12,К-р Восточный,630-E040625_P_B_4.A,6075,2025-06-07,PV №52,carbonized_quartz-mica_hornfels_shists,0.8,376.61,110,14.43,42.0
1611960,2025-06-08 04:43:00,2025-06-08 04:59:00,101838.55,60120.79,639.38,11.63,К-р Восточный,630-E040625_P_B_4.A,5947,2025-06-08,PV №52,carbonized_quartz-mica_hornfels_shists,0.8,406.08,110,15.0,54.0
1611263,2025-06-07 11:55:00,2025-06-07 12:10:00,101861.19,60140.43,638.84,11.61,К-р Восточный,630-E040625_P_B_4.A,5995,2025-06-07,PV №52,carbonized_quartz-mica_hornfels_shists,0.8,391.65,109,14.63,60.0
1611263,2025-06-07 11:55:00,2025-06-07 12:10:00,101861.19,60140.43,638.84,11.61,К-р Восточный,630-E040625_P_B_4.A,5995,2025-06-07,PV №52,carbonized_quartz-mica_hornfels_shists,0.8,391.8,109,14.63,48.0
1666213,2025-07-31 10:29:00,2025-07-31 10:54:00,101197.62,60794.56,619.89,17.55,К-р Восточный,605-E230725_P_B_9.B,5006,2025-07-31,PV №52,mica-quartz_carbonate_massive_rocks,0.8,414.62,110,15.33,42.0
1613907,2025-06-10 04:32:00,2025-06-10 04:52:00,101834.74,60084.98,639.63,12.5,К-р Восточный,630-E040625_P_B_4.A,5822,2025-06-10,PV №52,carbonized_quartz-mica_hornfels_shists,0.8,390.88,109,16.13,42.0
1580772,2025-05-08 14:17:00,2025-05-08 14:29:00,101318.89,60544.02,639.66,12.51,К-р Восточный,630-E030525_P_B_1.B,5956,2025-05-08,PV №52,quartz-mica foliated schists,0.8,425.43,109,15.15,60.0
1579085,2025-05-06 21:37:00,2025-05-06 21:50:00,101264.51,60647.02,639.81,12.07,К-р Восточный,630-E030525_P_B_1.B,6057,2025-05-07,PV №52,quartz-mica foliated schists,0.8,145.8,85,9.19,150.0
1614094,2025-06-10 09:30:00,2025-06-10 10:01:00,101823.95,60079.11,639.12,12.52,К-р Восточный,630-E040625_P_B_4.A,5615,2025-06-10,PV №52,carbonized_quartz-mica_hornfels_shists,0.8,402.38,110,14.76,42.0
1668195,2025-08-02 11:05:00,2025-08-02 11:28:00,101267.32,60720.46,621.47,18.01,К-р Восточный,605-E230725_P_B_9.B,8171,2025-08-02,PV №52,mica-quartz_carbonate_massive_rocks,0.8,426.59,110,16.33,48.0
1667082,2025-08-01 06:16:00,2025-08-01 06:57:00,101220.41,60809.54,619.99,17.5,К-р Восточный,605-E230725_P_B_9.B,4976,2025-08-01,PV №52,mica-quartz_carbonate_massive_rocks,0.8,335.51,109,16.15,42.0
1609737,2025-06-05 19:49:00,2025-06-05 20:05:00,101688.8,60120.05,639.36,12.81,К-р Восточный,630-E040625_P_B_4.A,6051,2025-06-06,PV №52,carbonized_quartz-mica_hornfels_shists,0.81,405.43,108,16.43,48.0
1666191,2025-07-31 10:02:00,2025-07-31 10:26:00,101197.04,60803.22,619.86,17.6,К-р Восточный,605-E230725_P_B_9.B,5005,2025-07-31,PV №52,mica-quartz_carbonate_massive_rocks,0.81,415.41,109,16.22,48.0
1580410,2025-05-08 05:27:00,2025-05-08 05:42:00,101312.51,60566.84,639.78,12.6,К-р Восточный,630-E030525_P_B_1.B,5981,2025-05-08,PV №52,quartz-mica foliated schists,0.81,336.49,111,14.07,54.0
1667940,2025-08-02 03:49:00,2025-08-02 04:14:00,101257.63,60765.24,620.6,18.28,К-р Восточный,605-E230725_P_B_9.B,8166,2025-08-02,PV №52,mica-quartz_carbonate_massive_rocks,0.81,438.02,107,20.29,48.0
1580421,2025-05-08 05:44:00,2025-05-08 05:57:00,101303.76,60565.85,640.25,12.54,К-р Восточный,630-E030525_P_B_1.B,5943,2025-05-08,PV №52,quartz-mica foliated schists,0.81,180.31,104,11.0,90.0
1667306,2025-08-01 12:18:00,2025-08-01 12:39:00,101228.78,60805.49,620.28,17.56,К-р Восточный,605-E230725_P_B_9.B,5003,2025-08-01,PV №52,mica-quartz_carbonate_massive_rocks,0.81,419.59,107,18.56,48.0
1613431,2025-06-09 16:54:00,2025-06-09 17:16:00,101752.41,60089.72,638.93,12.02,К-р Восточный,630-E040625_P_B_4.A,5880,2025-06-09,PV №52,carbonized_quartz-mica_hornfels_shists,0.81,401.39,109,15.92,48.0
1666988,2025-08-01 04:07:00,2025-08-01 04:28:00,101225.49,60725.72,620.26,17.57,К-р Восточный,605-E230725_P_B_9.B,5089,2025-08-01,PV №52,mica-quartz_carbonate_massive_rocks,0.81,419.98,110,15.06,54.0
1668350,2025-08-02 14:48:00,2025-08-02 15:12:00,101247.74,60735.06,620.07,17.21,К-р Восточный,605-E230725_P_B_9.B,5041,2025-08-02,PV №52,mica-quartz_carbonate_massive_rocks,0.81,428.95,108,18.44,42.0
1614177,2025-06-10 11:10:00,2025-06-10 11:30:00,101797.55,60077.27,638.98,11.54,К-р Восточный,630-E040625_P_B_4.A,5611,2025-06-10,PV №52,carbonized_quartz-mica_hornfels_shists,0.81,404.19,109,16.15,36.0
1612060,2025-06-08 07:46:00,2025-06-08 08:01:00,101791.4,60116.93,638.91,11.59,К-р Восточный,630-E040625_P_B_4.A,5954,2025-06-08,PV №52,carbonized_quartz-mica_hornfels_shists,0.81,398.91,109,15.39,54.0
1668081,2025-08-02 08:04:00,2025-08-02 08:28:00,101269.93,60744.45,621.04,18.5,К-р Восточный,605-E230725_P_B_9.B,8180,2025-08-02,PV №52,mica-quartz_carbonate_massive_rocks,0.81,430.65,111,16.11,54.0
1578927,2025-05-06 18:14:00,2025-05-06 18:26:00,101255.11,60661.09,639.85,12.17,К-р Восточный,630-E030525_P_B_1.B,6071,2025-05-06,PV №52,quartz-mica foliated schists,0.81,412.1,106,17.17,30.0
1581311,2025-05-09 01:49:00,2025-05-09 02:03:00,101315.89,60520.76,640.0,12.77,К-р Восточный,630-E030525_P_B_1.B,5990,2025-05-09,PV №52,quartz-mica foliated schists,0.81,26.56,65,2.92,509.4
1611846,2025-06-08 02:59:00,2025-06-08 03:17:00,101771.4,60115.36,639.11,11.24,К-р Восточный,630-E040625_P_B_4.A,5957,2025-06-08,PV №52,carbonized_quartz-mica_hornfels_shists,0.81,311.64,112,12.61,42.0
1666725,2025-07-31 20:18:00,2025-07-31 20:45:00,101212.3,60713.71,620.49,18.01,К-р Восточный,605-E230725_P_B_9.B,5101,2025-08-01,PV №52,mica-quartz_carbonate_massive_rocks,0.81,346.82,107,18.99,36.0
1611076,2025-06-07 07:58:00,2025-06-07 08:12:00,101756.67,60126.1,638.73,11.56,К-р Восточный,630-E040625_P_B_4.A,6061,2025-06-07,PV №52,carbonized_quartz-mica_hornfels_shists,0.81,400.73,108,16.39,48.0
1614755,2025-06-11 00:56:00,2025-06-11 01:16:00,101746.76,60078.09,639.4,12.02,К-р Восточный,630-E040625_P_B_4.A,5809,2025-06-11,PV №52,carbonized_quartz-mica_hornfels_shists,0.81,400.27,108,17.75,42.0
1578627,2025-05-06 09:46:00,2025-05-06 09:58:00,101248.66,60683.42,639.9,13.01,К-р Восточный,630-E030525_P_B_1.B,6153,2025-05-06,PV №52,quartz-mica foliated schists,0.81,434.58,110,14.94,54.0
1667370,2025-08-01 14:02:00,2025-08-01 14:19:00,101229.46,60796.69,621.55,18.5,К-р Восточный,605-E230725_P_B_9.B,5011,2025-08-01,PV №52,mica-quartz_carbonate_massive_rocks,0.81,29.85,71,3.18,732.6
1613182,2025-06-09 10:08:00,2025-06-09 10:39:00,101728.23,60093.87,639.1,12.0,К-р Восточный,630-E040625_P_B_4.A,5685,2025-06-09,PV №52,carbonized_quartz-mica_hornfels_shists,0.81,389.88,110,15.29,42.0
1612218,2025-06-08 11:22:00,2025-06-08 11:40:00,101815.49,60113.06,639.29,12.12,К-р Восточный,630-E040625_P_B_4.A,5746,2025-06-08,PV №52,carbonized_quartz-mica_hornfels_shists,0.81,388.07,109,15.06,48.0
1612016,2025-06-08 05:56:00,2025-06-08 06:11:00,101811.51,60118.84,639.27,11.58,К-р Восточный,630-E040625_P_B_4.A,5951,2025-06-08,PV №52,carbonized_quartz-mica_hornfels_shists,0.81,407.03,109,15.44,48.0
1614370,2025-06-10 16:45:00,2025-06-10 17:07:00,101729.17,60082.11,639.17,12.01,К-р Восточный,630-E040625_P_B_4.A,5679,2025-06-10,PV №52,carbonized_quartz-mica_hornfels_shists,0.81,392.64,107,17.53,42.0
1668386,2025-08-02 15:37:00,2025-08-02 15:56:00,101250.96,60718.03,620.42,18.19,К-р Восточный,605-E230725_P_B_9.B,5039,2025-08-02,PV №52,mica-quartz_carbonate_massive_rocks,0.81,94.1,115,9.66,114.0
1580394,2025-05-08 05:11:00,2025-05-08 05:23:00,101298.76,60572.01,640.36,12.6,К-р Восточный,630-E030525_P_B_1.B,6016,2025-05-08,PV №52,quartz-mica foliated schists,0.81,374.22,108,15.63,42.0
1666213,2025-07-31 10:29:00,2025-07-31 10:54:00,101197.62,60794.56,619.89,17.55,К-р Восточный,605-E230725_P_B_9.B,5006,2025-07-31,PV №52,mica-quartz_carbonate_massive_rocks,0.81,402.34,109,16.2,126.0
1668235,2025-08-02 11:58:00,2025-08-02 12:18:00,101269.08,60711.68,621.04,18.5,К-р Восточный,605-E230725_P_B_9.B,8172,2025-08-02,PV №52,mica-quartz_carbonate_massive_rocks,0.81,425.47,111,15.94,60.0
1580063,2025-05-07 23:50:00,2025-05-08 00:06:00,101303.11,60586.67,640.03,12.71,К-р Восточный,630-E030525_P_B_1.B,6094,2025-05-08,PV №52,quartz-mica foliated schists,0.81,281.99,110,15.11,48.0
1666318,2025-07-31 13:28:00,2025-07-31 13:52:00,101206.38,60740.55,620.25,17.61,К-р Восточный,605-E230725_P_B_9.B,5098,2025-07-31,PV №52,mica-quartz_carbonate_massive_rocks,0.81,418.37,109,17.47,54.0
1608787,2025-06-05 01:29:00,2025-06-05 01:47:00,101724.34,60139.69,639.34,12.1,К-р Восточный,630-E040625_P_B_4.A,6138,2025-06-05,PV №52,carbonized_quartz-mica_hornfels_shists,0.81,403.95,109,15.19,42.0
1668350,2025-08-02 14:48:00,2025-08-02 15:12:00,101247.74,60735.06,620.07,17.21,К-р Восточный,605-E230725_P_B_9.B,5041,2025-08-02,PV №52,mica-quartz_carbonate_massive_rocks,0.81,424.5,110,15.37,72.0
1668158,2025-08-02 10:08:00,2025-08-02 10:33:00,101265.31,60729.51,621.07,18.04,К-р Восточный,605-E230725_P_B_9.B,8170,2025-08-02,PV №52,mica-quartz_carbonate_massive_rocks,0.82,429.19,110,16.36,36.0
1580766,2025-05-08 14:00:00,2025-05-08 14:14:00,101327.8,60544.84,639.62,12.55,К-р Восточный,630-E030525_P_B_1.B,5957,2025-05-08,PV №52,quartz-mica foliated schists,0.82,425.18,110,14.6,48.0
1666776,2025-08-01 00:15:00,2025-08-01 00:40:00,101213.56,60795.38,620.05,17.6,К-р Восточный,605-E230725_P_B_9.B,5010,2025-08-01,PV №52,mica-quartz_carbonate_massive_rocks,0.82,417.26,110,15.52,48.0
1580410,2025-05-08 05:27:00,2025-05-08 05:42:00,101312.51,60566.84,639.78,12.6,К-р Восточный,630-E030525_P_B_1.B,5981,2025-05-08,PV №52,quartz-mica foliated schists,0.82,17.98,8,1.83,646.8
1579686,2025-05-07 14:15:00,2025-05-07 14:27:00,101198.11,60671.83,640.08,12.29,К-р Восточный,630-E030525_P_B_1.B,6083,2025-05-07,PV №52,quartz-mica foliated schists,0.82,376.69,111,14.22,96.0
1666849,2025-08-01 01:42:00,2025-08-01 02:10:00,101216.12,60770.68,620.25,17.58,К-р Восточный,605-E230725_P_B_9.B,5094,2025-08-01,PV №52,mica-quartz_carbonate_massive_rocks,0.82,406.48,108,17.74,41.4
1668144,2025-08-02 09:39:00,2025-08-02 10:05:00,101272.14,60735.25,621.25,18.56,К-р Восточный,605-E230725_P_B_9.B,8181,2025-08-02,PV №52,mica-quartz_carbonate_massive_rocks,0.82,429.19,111,15.79,42.0
1609860,2025-06-06 02:28:00,2025-06-06 02:44:00,101712.98,60116.29,639.53,12.31,К-р Восточный,630-E040625_P_B_4.A,5767,2025-06-06,PV №52,carbonized_quartz-mica_hornfels_shists,0.82,406.68,108,16.75,42.0
1613060,2025-06-09 07:17:00,2025-06-09 07:41:00,101751.44,60101.84,639.03,12.01,К-р Восточный,630-E040625_P_B_4.A,5894,2025-06-09,PV №52,carbonized_quartz-mica_hornfels_shists,0.82,410.49,111,15.22,54.0
1667734,2025-08-01 22:13:00,2025-08-01 22:39:00,101253.76,60782.63,620.53,18.62,К-р Восточный,605-E230725_P_B_9.B,8164,2025-08-02,PV №52,mica-quartz_carbonate_massive_rocks,0.82,419.97,111,15.06,48.0
1668477,2025-08-02 17:58:00,2025-08-02 18:17:00,101264.31,60696.83,620.48,18.03,К-р Восточный,605-E230725_P_B_9.B,5032,2025-08-02,PV №52,quartz-mica foliated schists,0.82,401.2,109,18.01,60.0
1579202,2025-05-07 01:08:00,2025-05-07 01:22:00,101234.63,60667.05,639.97,12.64,К-р Восточный,630-E030525_P_B_1.B,6147,2025-05-07,PV №52,quartz-mica foliated schists,0.82,418.07,109,15.52,48.0
1609737,2025-06-05 19:49:00,2025-06-05 20:05:00,101688.8,60120.05,639.36,12.81,К-р Восточный,630-E040625_P_B_4.A,6051,2025-06-06,PV №52,carbonized_quartz-mica_hornfels_shists,0.82,407.25,107,17.26,66.0
1609935,2025-06-06 04:07:00,2025-06-06 04:24:00,101746.81,60119.32,639.27,11.33,К-р Восточный,630-E040625_P_B_4.A,5772,2025-06-06,PV №52,carbonized_quartz-mica_hornfels_shists,0.82,18.79,0,0.59,972.6
1670707,2025-08-04 19:35:00,2025-08-04 19:57:00,101297.07,60661.65,621.65,19.51,К-р Восточный,605-E230725_P_B_9.B,8192,2025-08-05,PV №52,quartz-mica foliated schists,0.82,417.15,108,19.14,48.0
1668662,2025-08-02 22:06:00,2025-08-02 22:29:00,101285.8,60673.51,621.42,18.58,К-р Восточный,605-E230725_P_B_9.B,8188,2025-08-03,PV №52,quartz-mica foliated schists,0.82,194.32,103,9.94,48.0
1666776,2025-08-01 00:15:00,2025-08-01 00:40:00,101213.56,60795.38,620.05,17.6,К-р Восточный,605-E230725_P_B_9.B,5010,2025-08-01,PV №52,mica-quartz_carbonate_massive_rocks,0.82,416.76,110,15.16,42.0
1611380,2025-06-07 16:36:00,2025-06-07 16:54:00,101858.28,60134.2,638.8,12.04,К-р Восточный,630-E040625_P_B_4.A,6076,2025-06-07,PV №52,carbonized_quartz-mica_hornfels_shists,0.82,405.32,107,17.72,42.0
1611964,2025-06-08 05:02:00,2025-06-08 05:18:00,101832.06,60120.37,639.6,11.74,К-р Восточный,630-E040625_P_B_4.A,5948,2025-06-08,PV №52,carbonized_quartz-mica_hornfels_shists,0.82,405.62,110,14.83,42.0
1672878,2025-08-06 19:58:00,2025-08-06 20:16:00,101194.63,60840.0,620.48,17.5,К-р Восточный,605-E230725_P_B_9.B,4989,2025-08-07,PV №52,quartz-mica foliated schists,0.82,215.8,87,11.46,54.0
1666130,2025-07-31 08:37:00,2025-07-31 09:09:00,101248.77,60693.63,621.33,17.5,К-р Восточный,605-E230725_P_B_9.B,5080,2025-07-31,PV №52,quartz-mica foliated schists,0.82,382.09,107,19.49,36.0
1581431,2025-05-09 03:36:00,2025-05-09 03:51:00,101294.64,60511.81,640.22,12.73,К-р Восточный,630-E030525_P_B_1.B,5915,2025-05-09,PV №52,quartz-mica foliated schists,0.82,421.02,110,15.54,48.0
1667393,2025-08-01 14:23:00,2025-08-01 14:48:00,101229.77,60787.38,620.08,17.89,К-р Восточный,605-E230725_P_B_9.B,5012,2025-08-01,PV №52,mica-quartz_carbonate_massive_rocks,0.82,418.08,110,15.86,42.0
1610963,2025-06-07 04:45:00,2025-06-07 05:02:00,101700.34,60103.09,639.16,11.55,К-р Восточный,630-E040625_P_B_4.A,5763,2025-06-07,PV №52,carbonized_quartz-mica_hornfels_shists,0.82,403.83,108,17.37,48.0
1580410,2025-05-08 05:27:00,2025-05-08 05:42:00,101312.51,60566.84,639.78,12.6,К-р Восточный,630-E030525_P_B_1.B,5981,2025-05-08,PV №52,quartz-mica foliated schists,0.82,345.83,106,19.47,42.0
1668415,2025-08-02 16:21:00,2025-08-02 16:41:00,101259.86,60714.64,620.63,18.02,К-р Восточный,605-E230725_P_B_9.B,5030,2025-08-02,PV №52,mica-quartz_carbonate_massive_rocks,0.82,425.69,109,17.02,60.0
1611012,2025-06-07 05:28:00,2025-06-07 05:47:00,101713.88,60104.39,639.57,11.72,К-р Восточный,630-E040625_P_B_4.A,5761,2025-06-07,PV №52,carbonized_quartz-mica_hornfels_shists,0.82,402.6,109,15.71,48.0
1579466,2025-05-07 07:35:00,2025-05-07 07:47:00,101212.61,60673.23,640.14,12.61,К-р Восточный,630-E030525_P_B_1.B,6081,2025-05-07,PV №52,quartz-mica foliated schists,0.82,430.78,108,16.84,66.0
1610983,2025-06-07 05:04:00,2025-06-07 05:26:00,101707.3,60103.88,639.86,11.71,К-р Восточный,630-E040625_P_B_4.A,5762,2025-06-07,PV №52,carbonized_quartz-mica_hornfels_shists,0.83,402.05,108,17.96,48.0
1667856,2025-08-02 02:15:00,2025-08-02 02:39:00,101246.2,60781.78,620.31,17.63,К-р Восточный,605-E230725_P_B_9.B,5022,2025-08-02,PV №52,mica-quartz_carbonate_massive_rocks,0.83,419.61,111,14.62,42.0
1579659,2025-05-07 13:18:00,2025-05-07 13:32:00,101275.39,60593.92,640.17,11.78,К-р Восточный,630-E030525_P_B_1.B,6098,2025-05-07,PV №52,quartz-mica foliated schists,0.83,435.09,110,14.65,42.0
1581170,2025-05-08 23:24:00,2025-05-08 23:39:00,101352.76,60508.48,639.53,12.76,К-р Восточный,630-E030525_P_B_1.B,5995,2025-05-09,PV №52,mica-quartz_carbonate_massive_rocks,0.83,21.38,45,2.04,581.4
1612960,2025-06-09 04:18:00,2025-06-09 04:39:00,101710.97,60098.76,639.43,12.0,К-р Восточный,630-E040625_P_B_4.A,5888,2025-06-09,PV №52,carbonized_quartz-mica_hornfels_shists,0.83,410.24,110,16.24,48.0
1609070,2025-06-05 07:35:00,2025-06-05 07:48:00,101692.03,60138.05,639.35,12.56,К-р Восточный,630-E040625_P_B_4.A,6143,2025-06-05,PV №52,carbonized_quartz-mica_hornfels_shists,0.83,403.75,108,17.06,48.0
1609194,2025-06-05 10:39:00,2025-06-05 10:56:00,101748.66,60137.22,638.69,11.7,К-р Восточный,630-E040625_P_B_4.A,6040,2025-06-05,PV №52,fault_zone,0.83,387.74,109,14.81,48.0
1668181,2025-08-02 10:38:00,2025-08-02 11:01:00,101273.72,60726.52,621.53,18.5,К-р Восточный,605-E230725_P_B_9.B,8182,2025-08-02,PV №52,mica-quartz_carbonate_massive_rocks,0.83,428.4,110,16.64,48.0
1612450,2025-06-08 17:36:00,2025-06-08 17:52:00,101805.88,60106.45,638.5,12.04,К-р Восточный,630-E040625_P_B_4.A,5902,2025-06-08,PV №52,carbonized_quartz-mica_hornfels_shists,0.83,385.86,110,14.9,48.0
1579298,2025-05-07 02:39:00,2025-05-07 02:55:00,101264.46,60623.66,639.75,12.12,К-р Восточный,630-E030525_P_B_1.B,6117,2025-05-07,PV №52,quartz-mica foliated schists,0.83,418.12,109,15.61,48.0
1581505,2025-05-09 04:51:00,2025-05-09 05:09:00,101290.95,60503.34,640.45,12.66,К-р Восточный,630-E030525_P_B_1.B,5876,2025-05-09,PV №52,quartz-mica foliated schists,0.83,423.31,110,15.6,48.0
1667732,2025-08-01 20:29:00,2025-08-01 20:57:00,101239.68,60696.48,620.16,18.01,К-р Восточный,605-E230725_P_B_9.B,5057,2025-08-02,PV №52,mica-quartz_carbonate_massive_rocks,0.83,414.09,112,15.16,42.0
1666988,2025-08-01 04:07:00,2025-08-01 04:28:00,101225.49,60725.72,620.26,17.57,К-р Восточный,605-E230725_P_B_9.B,5089,2025-08-01,PV №52,mica-quartz_carbonate_massive_rocks,0.83,419.54,110,14.92,48.0
1581466,2025-05-09 04:12:00,2025-05-09 04:27:00,101312.18,60512.81,640.0,12.66,К-р Восточный,630-E030525_P_B_1.B,5962,2025-05-09,PV №52,quartz-mica foliated schists,0.83,424.18,109,16.62,72.0
1609350,2025-06-05 14:22:00,2025-06-05 14:38:00,101691.48,60127.21,639.29,12.58,К-р Восточный,630-E040625_P_B_4.A,5970,2025-06-05,PV №52,carbonized_quartz-mica_hornfels_shists,0.83,386.29,109,15.23,54.0
1581342,2025-05-09 02:20:00,2025-05-09 02:32:00,101334.35,60507.1,639.69,12.56,К-р Восточный,630-E030525_P_B_1.B,5993,2025-05-09,PV №52,mica-quartz_carbonate_massive_rocks,0.83,433.0,108,17.39,66.0
1666515,2025-07-31 19:24:00,2025-07-31 19:50:00,101214.84,60737.96,620.04,18.0,К-р Восточный,605-E230725_P_B_9.B,5065,2025-07-31,PV №52,mica-quartz_carbonate_massive_rocks,0.83,418.42,110,15.33,48.0
1580296,2025-05-08 03:16:00,2025-05-08 03:30:00,101293.08,60579.67,640.33,12.68,К-р Восточный,630-E030525_P_B_1.B,6092,2025-05-08,PV №52,quartz-mica foliated schists,0.83,419.87,109,16.39,48.0
1581439,2025-05-09 03:54:00,2025-05-09 04:09:00,101303.33,60512.2,640.01,12.62,К-р Восточный,630-E030525_P_B_1.B,5914,2025-05-09,PV №52,quartz-mica foliated schists,0.83,423.17,109,16.85,54.0
1666489,2025-07-31 18:11:00,2025-07-31 18:48:00,101213.25,60746.54,620.13,17.5,К-р Восточный,605-E230725_P_B_9.B,5066,2025-07-31,PV №52,mica-quartz_carbonate_massive_rocks,0.83,415.81,110,15.15,42.0
1613821,2025-06-10 02:41:00,2025-06-10 03:00:00,101810.36,60089.14,638.88,12.01,К-р Восточный,630-E040625_P_B_4.A,5667,2025-06-10,PV №52,carbonized_quartz-mica_hornfels_shists,0.83,120.83,74,9.34,66.0
1580806,2025-05-08 15:13:00,2025-05-08 15:26:00,101314.7,60536.29,639.78,12.51,К-р Восточный,630-E030525_P_B_1.B,5984,2025-05-08,PV №52,quartz-mica foliated schists,0.83,40.19,110,4.75,275.4
1667531,2025-08-01 17:28:00,2025-08-01 17:51:00,101238.75,60738.04,620.11,17.28,К-р Восточный,605-E230725_P_B_9.B,5075,2025-08-01,PV №52,mica-quartz_carbonate_massive_rocks,0.83,425.03,108,18.41,42.0
1666247,2025-07-31 11:24:00,2025-07-31 11:53:00,101199.12,60775.76,620.23,17.55,К-р Восточный,605-E230725_P_B_9.B,5008,2025-07-31,PV №52,mica-quartz_carbonate_massive_rocks,0.83,415.69,110,15.5,48.0
1672584,2025-08-06 17:18:00,2025-08-06 17:40:00,101239.12,60816.46,620.58,18.43,К-р Восточный,605-E230725_P_B_9.B,8156,2025-08-06,PV №52,mica-quartz_carbonate_massive_rocks,0.83,238.05,90,11.23,48.0
1580351,2025-05-08 04:21:00,2025-05-08 04:35:00,101258.95,60577.44,640.49,12.16,К-р Восточный,630-E030525_P_B_1.B,6088,2025-05-08,PV №52,quartz-mica foliated schists,0.83,421.44,109,16.78,54.0
1581431,2025-05-09 03:36:00,2025-05-09 03:51:00,101294.64,60511.81,640.22,12.73,К-р Восточный,630-E030525_P_B_1.B,5915,2025-05-09,PV №52,quartz-mica foliated schists,0.83,421.2,110,15.36,54.0
1612235,2025-06-08 11:42:00,2025-06-08 11:58:00,101808.9,60112.44,638.95,12.1,К-р Восточный,630-E040625_P_B_4.A,5747,2025-06-08,PV №52,carbonized_quartz-mica_hornfels_shists,0.83,362.46,110,13.85,48.0
1609052,2025-06-05 07:02:00,2025-06-05 07:18:00,101680.9,60136.33,639.55,12.73,К-р Восточный,630-E040625_P_B_4.A,6145,2025-06-05,PV №52,carbonized_quartz-mica_hornfels_shists,0.83,335.81,108,16.16,24.0
1614042,2025-06-10 08:19:00,2025-06-10 08:36:00,101845.0,60080.85,639.44,12.01,К-р Восточный,630-E040625_P_B_4.A,5618,2025-06-10,PV №52,carbonized_quartz-mica_hornfels_shists,0.83,406.05,109,15.56,36.0
1668294,2025-08-02 13:14:00,2025-08-02 13:34:00,101256.76,60732.05,620.28,17.51,К-р Восточный,605-E230725_P_B_9.B,5028,2025-08-02,PV №52,mica-quartz_carbonate_massive_rocks,0.83,425.19,108,16.02,42.0
1668215,2025-08-02 11:33:00,2025-08-02 11:55:00,101275.37,60717.43,621.91,19.01,К-р Восточный,605-E230725_P_B_9.B,8183,2025-08-02,PV №52,mica-quartz_carbonate_massive_rocks,0.84,185.62,94,8.99,42.0
1579349,2025-05-07 04:06:00,2025-05-07 04:21:00,101225.82,60666.37,639.8,12.62,К-р Восточный,630-E030525_P_B_1.B,6146,2025-05-07,PV №52,quartz-mica foliated schists,0.84,406.74,109,16.55,42.0
1666303,2025-07-31 13:02:00,2025-07-31 13:26:00,101204.62,60749.38,620.07,17.5,К-р Восточный,605-E230725_P_B_9.B,5097,2025-07-31,PV №52,mica-quartz_carbonate_massive_rocks,0.84,18.17,79,2.25,624.0
1612218,2025-06-08 11:22:00,2025-06-08 11:40:00,101815.49,60113.06,639.29,12.12,К-р Восточный,630-E040625_P_B_4.A,5746,2025-06-08,PV №52,carbonized_quartz-mica_hornfels_shists,0.84,392.45,109,14.98,48.0
1668081,2025-08-02 08:04:00,2025-08-02 08:28:00,101269.93,60744.45,621.04,18.5,К-р Восточный,605-E230725_P_B_9.B,8180,2025-08-02,PV №52,mica-quartz_carbonate_massive_rocks,0.84,432.67,109,17.93,48.0
1612002,2025-06-08 05:39:00,2025-06-08 05:54:00,101818.4,60119.4,639.31,11.53,К-р Восточный,630-E040625_P_B_4.A,5950,2025-06-08,PV №52,carbonized_quartz-mica_hornfels_shists,0.84,406.03,110,14.94,48.0
1579102,2025-05-06 22:22:00,2025-05-06 22:37:00,101273.93,60624.17,639.62,12.24,К-р Восточный,630-E030525_P_B_1.B,6116,2025-05-07,PV №52,quartz-mica foliated schists,0.84,418.94,109,15.19,48.0
1581301,2025-05-09 01:31:00,2025-05-09 01:47:00,101307.39,60519.9,639.81,12.59,К-р Восточный,630-E030525_P_B_1.B,5887,2025-05-09,PV №52,quartz-mica foliated schists,0.84,351.01,111,14.04,65.4
1668058,2025-08-02 07:08:00,2025-08-02 07:31:00,101268.27,60753.27,621.06,18.52,К-р Восточный,605-E230725_P_B_9.B,8179,2025-08-02,PV №52,mica-quartz_carbonate_massive_rocks,0.84,430.13,112,15.19,48.0
1668303,2025-08-02 13:38:00,2025-08-02 14:05:00,101244.14,60752.83,619.82,17.5,К-р Восточный,605-E230725_P_B_9.B,5043,2025-08-02,PV №52,mica-quartz_carbonate_massive_rocks,0.84,404.41,110,15.79,66.0
1613463,2025-06-09 18:06:00,2025-06-09 18:28:00,101772.91,60091.48,638.84,12.03,К-р Восточный,630-E040625_P_B_4.A,5877,2025-06-09,PV №52,carbonized_quartz-mica_hornfels_shists,0.84,405.1,109,16.34,42.0
1611442,2025-06-07 18:17:00,2025-06-07 18:36:00,101824.27,60131.53,638.88,12.04,К-р Восточный,630-E040625_P_B_4.A,6071,2025-06-07,PV №52,carbonized_quartz-mica_hornfels_shists,0.84,370.65,109,16.06,60.0
1611750,2025-06-08 01:03:00,2025-06-08 01:20:00,101807.71,60124.39,639.37,11.85,К-р Восточный,630-E040625_P_B_4.A,5781,2025-06-08,PV №52,carbonized_quartz-mica_hornfels_shists,0.84,406.94,110,14.54,60.0
1612410,2025-06-08 16:27:00,2025-06-08 16:45:00,101826.06,60108.2,639.34,12.11,К-р Восточный,630-E040625_P_B_4.A,5905,2025-06-08,PV №52,carbonized_quartz-mica_hornfels_shists,0.84,427.9,108,16.89,54.0
1579146,2025-05-06 20:10:00,2025-05-06 20:24:00,101282.63,60623.33,639.52,12.23,К-р Восточный,630-E030525_P_B_1.B,6038,2025-05-07,PV №52,quartz-mica foliated schists,0.84,420.6,110,15.34,42.0
1581439,2025-05-09 03:54:00,2025-05-09 04:09:00,101303.33,60512.2,640.01,12.62,К-р Восточный,630-E030525_P_B_1.B,5914,2025-05-09,PV №52,quartz-mica foliated schists,0.84,422.92,109,16.99,54.0
1667184,2025-08-01 09:04:00,2025-08-01 09:30:00,101224.46,60767.44,620.07,17.51,К-р Восточный,605-E230725_P_B_9.B,5049,2025-08-01,PV №52,mica-quartz_carbonate_massive_rocks,0.84,414.95,110,14.38,42.0
1668425,2025-08-02 16:43:00,2025-08-02 17:04:00,101261.97,60705.5,620.54,18.0,К-р Восточный,605-E230725_P_B_9.B,5031,2025-08-02,PV №52,mica-quartz_carbonate_massive_rocks,0.84,59.73,107,3.87,834.0
1613873,2025-06-10 03:50:00,2025-06-10 04:10:00,101848.12,60086.11,639.58,12.52,К-р Восточный,630-E040625_P_B_4.A,5824,2025-06-10,PV №52,carbonized_quartz-mica_hornfels_shists,0.84,391.59,109,16.02,48.0
1613493,2025-06-09 19:21:00,2025-06-09 19:38:00,101779.47,60092.29,638.9,12.01,К-р Восточный,630-E040625_P_B_4.A,5876,2025-06-09,PV №52,carbonized_quartz-mica_hornfels_shists,0.84,398.0,109,15.88,42.0
1609426,2025-06-05 15:51:00,2025-06-05 16:06:00,101725.44,60129.46,639.13,12.11,К-р Восточный,630-E040625_P_B_4.A,5975,2025-06-05,PV №52,fault_zone,0.84,391.67,110,14.6,54.0
1668235,2025-08-02 11:58:00,2025-08-02 12:18:00,101269.08,60711.68,621.04,18.5,К-р Восточный,605-E230725_P_B_9.B,8172,2025-08-02,PV №52,mica-quartz_carbonate_massive_rocks,0.84,425.28,110,15.86,54.0
1668070,2025-08-02 07:35:00,2025-08-02 08:01:00,101259.7,60756.55,620.57,18.0,К-р Восточный,605-E230725_P_B_9.B,8167,2025-08-02,PV №52,mica-quartz_carbonate_massive_rocks,0.84,430.23,111,16.04,54.0
1579171,2025-05-07 00:32:00,2025-05-07 00:46:00,101224.45,60681.83,640.11,12.24,К-р Восточный,630-E030525_P_B_1.B,6156,2025-05-07,PV №52,quartz-mica foliated schists,0.84,418.23,109,15.13,60.0
1580296,2025-05-08 03:16:00,2025-05-08 03:30:00,101293.08,60579.67,640.33,12.68,К-р Восточный,630-E030525_P_B_1.B,6092,2025-05-08,PV №52,quartz-mica foliated schists,0.84,35.82,37,2.65,906.0
1609350,2025-06-05 14:22:00,2025-06-05 14:38:00,101691.48,60127.21,639.29,12.58,К-р Восточный,630-E040625_P_B_4.A,5970,2025-06-05,PV №52,carbonized_quartz-mica_hornfels_shists,0.84,390.41,109,14.88,48.0
1581519,2025-05-09 05:12:00,2025-05-09 05:27:00,101299.73,60504.23,640.33,12.71,К-р Восточный,630-E030525_P_B_1.B,5875,2025-05-09,PV №52,quartz-mica foliated schists,0.84,422.42,110,15.19,53.4
1667441,2025-08-01 15:19:00,2025-08-01 15:42:00,101232.06,60772.74,620.09,17.01,К-р Восточный,605-E230725_P_B_9.B,5071,2025-08-01,PV №52,mica-quartz_carbonate_massive_rocks,0.84,418.75,111,14.64,48.0
1667112,2025-08-01 07:09:00,2025-08-01 07:32:00,101220.75,60800.39,620.05,17.51,К-р Восточный,605-E230725_P_B_9.B,5016,2025-08-01,PV №52,mica-quartz_carbonate_massive_rocks,0.84,419.7,110,15.59,48.0
1581147,2025-05-08 20:58:00,2025-05-08 21:10:00,101284.77,60526.44,640.06,12.14,К-р Восточный,630-E030525_P_B_1.B,5924,2025-05-09,PV №52,quartz-mica foliated schists,0.84,433.21,109,16.34,60.0
1667747,2025-08-01 23:15:00,2025-08-01 23:41:00,101245.82,60788.55,620.64,18.01,К-р Восточный,605-E230725_P_B_9.B,8159,2025-08-02,PV №52,mica-quartz_carbonate_massive_rocks,0.84,419.44,111,14.71,48.0
1667306,2025-08-01 12:18:00,2025-08-01 12:39:00,101228.78,60805.49,620.28,17.56,К-р Восточный,605-E230725_P_B_9.B,5003,2025-08-01,PV №52,mica-quartz_carbonate_massive_rocks,0.84,413.52,110,14.98,48.0
1609708,2025-06-05 22:55:00,2025-06-05 23:09:00,101749.46,60125.21,639.3,11.47,К-р Восточный,630-E040625_P_B_4.A,6060,2025-06-06,PV №52,carbonized_quartz-mica_hornfels_shists,0.84,398.91,109,14.92,60.0
1666937,2025-08-01 03:11:00,2025-08-01 03:39:00,101221.55,60743.61,620.17,17.55,К-р Восточный,605-E230725_P_B_9.B,5091,2025-08-01,PV №52,mica-quartz_carbonate_massive_rocks,0.84,422.36,109,16.43,36.0
1667306,2025-08-01 12:18:00,2025-08-01 12:39:00,101228.78,60805.49,620.28,17.56,К-р Восточный,605-E230725_P_B_9.B,5003,2025-08-01,PV №52,mica-quartz_carbonate_massive_rocks,0.84,413.77,110,15.07,48.0
1580434,2025-05-08 06:13:00,2025-05-08 06:35:00,101290.01,60572.32,640.42,12.63,К-р Восточный,630-E030525_P_B_1.B,6015,2025-05-08,PV №52,quartz-mica foliated schists,0.84,313.1,95,13.35,48.0
1667747,2025-08-01 23:15:00,2025-08-01 23:41:00,101245.82,60788.55,620.64,18.01,К-р Восточный,605-E230725_P_B_9.B,8159,2025-08-02,PV №52,mica-quartz_carbonate_massive_rocks,0.84,419.45,111,14.64,48.0
1668070,2025-08-02 07:35:00,2025-08-02 08:01:00,101259.7,60756.55,620.57,18.0,К-р Восточный,605-E230725_P_B_9.B,8167,2025-08-02,PV №52,mica-quartz_carbonate_massive_rocks,0.84,429.85,111,15.49,60.0
1579539,2025-05-07 09:40:00,2025-05-07 09:53:00,101251.97,60615.19,639.93,12.05,К-р Восточный,630-E030525_P_B_1.B,6042,2025-05-07,PV №52,quartz-mica foliated schists,0.85,433.69,109,15.4,60.0
1666290,2025-07-31 12:27:00,2025-07-31 13:00:00,101202.47,60758.41,620.12,17.5,К-р Восточный,605-E230725_P_B_9.B,5096,2025-07-31,PV №52,mica-quartz_carbonate_massive_rocks,0.85,397.31,109,15.97,60.0
1667508,2025-08-01 17:01:00,2025-08-01 17:26:00,101237.05,60746.9,620.01,17.5,К-р Восточный,605-E230725_P_B_9.B,5074,2025-08-01,PV №52,mica-quartz_carbonate_massive_rocks,0.85,422.15,110,15.62,72.0
1579126,2025-05-06 22:55:00,2025-05-06 23:07:00,101282.91,60609.81,639.82,12.15,К-р Восточный,630-E030525_P_B_1.B,6113,2025-05-07,PV №52,quartz-mica foliated schists,0.85,366.08,109,14.78,60.0
1666130,2025-07-31 08:37:00,2025-07-31 09:09:00,101248.77,60693.63,621.33,17.5,К-р Восточный,605-E230725_P_B_9.B,5080,2025-07-31,PV №52,quartz-mica foliated schists,0.85,415.28,107,19.99,42.0
1614744,2025-06-11 00:36:00,2025-06-11 00:53:00,101739.89,60077.67,639.43,12.01,К-р Восточный,630-E040625_P_B_4.A,5808,2025-06-11,PV №52,carbonized_quartz-mica_hornfels_shists,0.85,277.32,110,14.4,48.0
1666318,2025-07-31 13:28:00,2025-07-31 13:52:00,101206.38,60740.55,620.25,17.61,К-р Восточный,605-E230725_P_B_9.B,5098,2025-07-31,PV №52,mica-quartz_carbonate_massive_rocks,0.85,414.32,110,14.89,42.0
1668215,2025-08-02 11:33:00,2025-08-02 11:55:00,101275.37,60717.43,621.91,19.01,К-р Восточный,605-E230725_P_B_9.B,8183,2025-08-02,PV №52,mica-quartz_carbonate_massive_rocks,0.85,426.94,109,16.61,60.0
1580227,2025-05-08 01:57:00,2025-05-08 02:11:00,101250.03,60576.84,640.58,12.07,К-р Восточный,630-E030525_P_B_1.B,6087,2025-05-08,PV №52,quartz-mica foliated schists,0.85,417.23,110,15.26,60.0
1666383,2025-07-31 15:15:00,2025-07-31 15:40:00,101205.22,60799.5,619.87,17.5,К-р Восточный,605-E230725_P_B_9.B,5015,2025-07-31,PV №52,mica-quartz_carbonate_massive_rocks,0.85,413.72,110,15.3,54.0
1614196,2025-06-10 11:34:00,2025-06-10 11:52:00,101783.18,60086.68,638.92,12.03,К-р Восточный,630-E040625_P_B_4.A,5671,2025-06-10,PV №52,carbonized_quartz-mica_hornfels_shists,0.85,144.67,99,10.22,168.0
1579345,2025-05-07 03:50:00,2025-05-07 04:04:00,101220.63,60673.86,640.07,12.66,К-р Восточный,630-E030525_P_B_1.B,6080,2025-05-07,PV №52,quartz-mica foliated schists,0.85,395.61,107,18.24,60.0
1608787,2025-06-05 01:29:00,2025-06-05 01:47:00,101724.34,60139.69,639.34,12.1,К-р Восточный,630-E040625_P_B_4.A,6138,2025-06-05,PV №52,carbonized_quartz-mica_hornfels_shists,0.85,377.17,110,14.53,54.0
1667921,2025-08-02 03:18:00,2025-08-02 03:46:00,101265.69,60762.86,621.03,18.04,К-р Восточный,605-E230725_P_B_9.B,8178,2025-08-02,PV №52,mica-quartz_carbonate_massive_rocks,0.85,421.97,110,16.05,48.0
1581600,2025-05-09 07:35:00,2025-05-09 07:49:00,101287.08,60495.93,640.61,12.57,К-р Восточный,630-E030525_P_B_1.B,5911,2025-05-09,PV №52,quartz-mica foliated schists,0.85,450.9,109,17.62,66.6
1611796,2025-06-08 02:01:00,2025-06-08 02:18:00,101787.7,60122.18,639.08,11.32,К-р Восточный,630-E040625_P_B_4.A,5778,2025-06-08,PV №52,carbonized_quartz-mica_hornfels_shists,0.85,358.34,110,14.41,48.0
1611441,2025-06-07 18:00:00,2025-06-07 18:16:00,101830.98,60132.01,638.79,11.49,К-р Восточный,630-E040625_P_B_4.A,6072,2025-06-07,PV №52,carbonized_quartz-mica_hornfels_shists,0.85,368.11,110,14.7,42.0
1666091,2025-07-31 07:53:00,2025-07-31 08:14:00,101246.98,60702.49,620.63,18.01,К-р Восточный,605-E230725_P_B_9.B,5079,2025-07-31,PV №52,mica-quartz_carbonate_massive_rocks,0.85,422.85,110,15.46,48.0
1579298,2025-05-07 02:39:00,2025-05-07 02:55:00,101264.46,60623.66,639.75,12.12,К-р Восточный,630-E030525_P_B_1.B,6117,2025-05-07,PV №52,quartz-mica foliated schists,0.85,417.15,110,14.5,47.4
1609858,2025-06-06 02:10:00,2025-06-06 02:26:00,101706.2,60115.6,639.62,12.31,К-р Восточный,630-E040625_P_B_4.A,5766,2025-06-06,PV №52,carbonized_quartz-mica_hornfels_shists,0.85,405.74,108,17.02,60.0
1611274,2025-06-07 12:13:00,2025-06-07 12:29:00,101854.07,60139.77,639.27,12.03,К-р Восточный,630-E040625_P_B_4.A,5994,2025-06-07,PV №52,carbonized_quartz-mica_hornfels_shists,0.85,399.02,109,14.94,48.0
1668386,2025-08-02 15:37:00,2025-08-02 15:56:00,101250.96,60718.03,620.42,18.19,К-р Восточный,605-E230725_P_B_9.B,5039,2025-08-02,PV №52,mica-quartz_carbonate_massive_rocks,0.85,423.33,111,15.13,48.0
1666663,2025-07-31 21:53:00,2025-07-31 22:15:00,101216.96,60728.6,620.29,17.52,К-р Восточный,605-E230725_P_B_9.B,5064,2025-08-01,PV №52,mica-quartz_carbonate_massive_rocks,0.85,408.12,110,15.38,48.0
1581634,2025-05-09 08:16:00,2025-05-09 08:33:00,101357.94,60501.33,639.68,12.54,К-р Восточный,630-E030525_P_B_1.B,5967,2025-05-09,PV №52,carbonaceous quartz-mica calcium metasomatites,0.85,440.09,109,17.44,54.0
1666680,2025-07-31 19:53:00,2025-07-31 20:15:00,101210.3,60722.46,620.43,18.05,К-р Восточный,605-E230725_P_B_9.B,5100,2025-08-01,PV №52,mica-quartz_carbonate_massive_rocks,0.85,422.47,106,19.31,60.0
1613988,2025-06-10 06:27:00,2025-06-10 06:47:00,101800.66,60082.28,638.89,12.02,К-р Восточный,630-E040625_P_B_4.A,5817,2025-06-10,PV №52,carbonized_quartz-mica_hornfels_shists,0.85,313.38,108,17.08,66.0
1612396,2025-06-08 16:08:00,2025-06-08 16:25:00,101832.83,60108.58,639.13,12.06,К-р Восточный,630-E040625_P_B_4.A,5906,2025-06-08,PV №52,carbonized_quartz-mica_hornfels_shists,0.85,392.8,107,18.41,54.0
1580010,2025-05-07 21:55:00,2025-05-07 22:10:00,101239.31,60606.61,640.25,12.11,К-р Восточный,630-E030525_P_B_1.B,6108,2025-05-08,PV №52,quartz-mica foliated schists,0.85,420.67,108,16.92,60.0
1668081,2025-08-02 08:04:00,2025-08-02 08:28:00,101269.93,60744.45,621.04,18.5,К-р Восточный,605-E230725_P_B_9.B,8180,2025-08-02,PV №52,mica-quartz_carbonate_massive_rocks,0.85,404.4,109,18.15,54.0
1579506,2025-05-07 08:52:00,2025-05-07 09:07:00,101236.73,60636.92,639.94,12.05,К-р Восточный,630-E030525_P_B_1.B,6127,2025-05-07,PV №52,quartz-mica foliated schists,0.85,343.13,109,15.04,42.0
1666830,2025-08-01 01:12:00,2025-08-01 01:40:00,101214.89,60778.02,620.29,17.57,К-р Восточный,605-E230725_P_B_9.B,5070,2025-08-01,PV №52,mica-quartz_carbonate_massive_rocks,0.85,342.44,106,15.8,24.0
1611665,2025-06-07 20:17:00,2025-06-07 20:50:00,101797.12,60129.31,639.9,12.01,К-р Восточный,630-E040625_P_B_4.A,6067,2025-06-08,PV №52,carbonized_quartz-mica_hornfels_shists,0.85,403.07,109,15.36,48.0
1611263,2025-06-07 11:55:00,2025-06-07 12:10:00,101861.19,60140.43,638.84,11.61,К-р Восточный,630-E040625_P_B_4.A,5995,2025-06-07,PV №52,carbonized_quartz-mica_hornfels_shists,0.85,372.76,110,13.81,60.0
1613897,2025-06-10 04:12:00,2025-06-10 04:30:00,101841.26,60085.48,639.45,12.02,К-р Восточный,630-E040625_P_B_4.A,5823,2025-06-10,PV №52,carbonized_quartz-mica_hornfels_shists,0.85,337.16,111,13.75,42.0
1672858,2025-08-06 21:20:00,2025-08-06 21:38:00,101203.53,60826.86,619.95,17.11,К-р Восточный,605-E230725_P_B_9.B,4973,2025-08-07,PV №52,mica-quartz_carbonate_massive_rocks,0.86,157.61,73,8.72,54.0
1609350,2025-06-05 14:22:00,2025-06-05 14:38:00,101691.48,60127.21,639.29,12.58,К-р Восточный,630-E040625_P_B_4.A,5970,2025-06-05,PV №52,carbonized_quartz-mica_hornfels_shists,0.86,395.45,109,15.67,48.0
1668294,2025-08-02 13:14:00,2025-08-02 13:34:00,101256.76,60732.05,620.28,17.51,К-р Восточный,605-E230725_P_B_9.B,5028,2025-08-02,PV №52,mica-quartz_carbonate_massive_rocks,0.86,426.92,108,17.03,48.0
1666172,2025-07-31 09:42:00,2025-07-31 10:00:00,101196.48,60812.38,620.0,17.71,К-р Восточный,605-E230725_P_B_9.B,4992,2025-07-31,PV №52,mica-quartz_carbonate_massive_rocks,0.86,418.32,108,17.44,48.6
1611979,2025-06-08 05:20:00,2025-06-08 05:37:00,101825.16,60119.91,639.32,11.73,К-р Восточный,630-E040625_P_B_4.A,5949,2025-06-08,PV №52,carbonized_quartz-mica_hornfels_shists,0.86,410.26,108,17.63,48.0
1668685,2025-08-02 22:58:00,2025-08-02 23:19:00,101279.42,60699.63,621.29,18.9,К-р Восточный,605-E230725_P_B_9.B,8185,2025-08-03,PV №52,quartz-mica foliated schists,0.86,339.06,109,18.74,54.0
1610826,2025-06-07 02:19:00,2025-06-07 02:35:00,101716.88,60110.85,639.53,11.58,К-р Восточный,630-E040625_P_B_4.A,5965,2025-06-07,PV №52,carbonized_quartz-mica_hornfels_shists,0.86,318.29,109,13.8,36.0
1580010,2025-05-07 21:55:00,2025-05-07 22:10:00,101239.31,60606.61,640.25,12.11,К-р Восточный,630-E030525_P_B_1.B,6108,2025-05-08,PV №52,quartz-mica foliated schists,0.86,420.18,109,16.2,48.0
1579669,2025-05-07 13:35:00,2025-05-07 13:49:00,101261.6,60600.3,640.04,11.52,К-р Восточный,630-E030525_P_B_1.B,6032,2025-05-07,PV №52,quartz-mica foliated schists,0.86,430.26,109,15.75,48.0
1581505,2025-05-09 04:51:00,2025-05-09 05:09:00,101290.95,60503.34,640.45,12.66,К-р Восточный,630-E030525_P_B_1.B,5876,2025-05-09,PV №52,quartz-mica foliated schists,0.86,424.26,98,15.19,72.0
1611251,2025-06-07 11:36:00,2025-06-07 11:53:00,101867.85,60140.76,638.84,11.63,К-р Восточный,630-E040625_P_B_4.A,5996,2025-06-07,PV №52,carbonized_quartz-mica_hornfels_shists,0.86,391.88,109,15.36,42.0
1613728,2025-06-10 00:47:00,2025-06-10 01:04:00,101844.14,60091.58,639.45,12.17,К-р Восточный,630-E040625_P_B_4.A,5662,2025-06-10,PV №52,carbonized_quartz-mica_hornfels_shists,0.86,407.1,110,15.35,54.0
1614433,2025-06-10 17:41:00,2025-06-10 18:01:00,101742.79,60083.26,639.24,12.28,К-р Восточный,630-E040625_P_B_4.A,5677,2025-06-10,PV №52,carbonized_quartz-mica_hornfels_shists,0.86,208.69,112,11.6,78.0
1609191,2025-06-05 10:22:00,2025-06-05 10:37:00,101741.86,60136.53,638.72,11.6,К-р Восточный,630-E040625_P_B_4.A,6041,2025-06-05,PV №52,carbonized_quartz-mica_hornfels_shists,0.86,387.15,109,16.31,66.0
1609173,2025-06-05 10:04:00,2025-06-05 10:20:00,101735.1,60136.16,639.0,11.59,К-р Восточный,630-E040625_P_B_4.A,6042,2025-06-05,PV №52,carbonized_quartz-mica_hornfels_shists,0.86,386.67,108,16.52,54.0
1609858,2025-06-06 02:10:00,2025-06-06 02:26:00,101706.2,60115.6,639.62,12.31,К-р Восточный,630-E040625_P_B_4.A,5766,2025-06-06,PV №52,carbonized_quartz-mica_hornfels_shists,0.86,403.99,109,15.29,48.0
1613045,2025-06-09 06:11:00,2025-06-09 06:32:00,101744.75,60101.1,638.89,12.02,К-р Восточный,630-E040625_P_B_4.A,5893,2025-06-09,PV №52,carbonized_quartz-mica_hornfels_shists,0.86,411.61,111,15.74,42.0
1670069,2025-08-04 09:37:00,2025-08-04 09:56:00,101236.86,60672.1,620.06,17.52,К-р Восточный,605-E230725_P_B_9.B,5083,2025-08-04,PV №52,quartz-mica foliated schists,0.86,363.93,109,17.95,60.0
1668350,2025-08-02 14:48:00,2025-08-02 15:12:00,101247.74,60735.06,620.07,17.21,К-р Восточный,605-E230725_P_B_9.B,5041,2025-08-02,PV №52,mica-quartz_carbonate_massive_rocks,0.86,404.83,107,20.1,48.0
1612728,2025-06-09 00:16:00,2025-06-09 00:32:00,101775.82,60097.89,639.28,11.36,К-р Восточный,630-E040625_P_B_4.A,5692,2025-06-09,PV №52,carbonized_quartz-mica_hornfels_shists,0.86,410.82,110,15.62,42.0
1580938,2025-05-08 17:40:00,2025-05-08 17:53:00,101288.77,60533.99,640.19,12.37,К-р Восточный,630-E030525_P_B_1.B,5890,2025-05-08,PV №52,quartz-mica foliated schists,0.86,293.12,112,13.29,66.0
1668685,2025-08-02 22:58:00,2025-08-02 23:19:00,101279.42,60699.63,621.29,18.9,К-р Восточный,605-E230725_P_B_9.B,8185,2025-08-03,PV №52,quartz-mica foliated schists,0.86,377.78,105,19.54,60.0
1578391,2025-05-06 09:01:00,2025-05-06 09:14:00,101261.0,60688.11,641.71,13.02,К-р Восточный,630-E030525_P_B_1.B,6151,2025-05-06,PV №52,quartz-mica foliated schists,0.86,408.8,110,14.98,42.0
1611625,2025-06-07 19:54:00,2025-06-07 20:13:00,101803.89,60129.68,639.17,11.71,К-р Восточный,630-E040625_P_B_4.A,6068,2025-06-08,PV №52,carbonized_quartz-mica_hornfels_shists,0.86,341.69,110,14.83,48.0
1612669,2025-06-08 20:49:00,2025-06-08 21:04:00,101843.48,60103.07,639.47,12.16,К-р Восточный,630-E040625_P_B_4.A,5702,2025-06-09,PV №52,carbonized_quartz-mica_hornfels_shists,0.86,408.25,111,14.18,48.0
1666873,2025-08-01 02:12:00,2025-08-01 02:40:00,101217.69,60761.67,620.17,17.56,К-р Восточный,605-E230725_P_B_9.B,5093,2025-08-01,PV №52,mica-quartz_carbonate_massive_rocks,0.86,417.99,110,15.95,48.0
1666663,2025-07-31 21:53:00,2025-07-31 22:15:00,101216.96,60728.6,620.29,17.52,К-р Восточный,605-E230725_P_B_9.B,5064,2025-08-01,PV №52,mica-quartz_carbonate_massive_rocks,0.86,416.48,110,14.73,48.0
1672613,2025-08-06 18:12:00,2025-08-06 18:39:00,101226.61,60830.51,620.41,18.02,К-р Восточный,605-E230725_P_B_9.B,5000,2025-08-06,PV №52,mica-quartz_carbonate_massive_rocks,0.86,318.94,111,13.53,54.0
1672889,2025-08-06 20:40:00,2025-08-06 20:59:00,101201.63,60844.76,620.55,18.11,К-р Восточный,605-E230725_P_B_9.B,4971,2025-08-07,PV №52,quartz-mica foliated schists,0.86,425.93,111,16.22,48.0
1612062,2025-06-08 08:03:00,2025-06-08 08:21:00,101784.28,60116.32,638.66,11.57,К-р Восточный,630-E040625_P_B_4.A,5955,2025-06-08,PV №52,carbonized_quartz-mica_hornfels_shists,0.86,382.25,110,14.47,54.0
1579837,2025-05-07 17:55:00,2025-05-07 18:09:00,101247.81,60607.09,640.1,12.01,К-р Восточный,630-E030525_P_B_1.B,6109,2025-05-07,PV №52,quartz-mica foliated schists,0.86,395.31,110,14.5,60.0
1614019,2025-06-10 08:00:00,2025-06-10 08:17:00,101850.12,60081.15,639.32,12.0,К-р Восточный,630-E040625_P_B_4.A,5619,2025-06-10,PV №52,carbonized_quartz-mica_hornfels_shists,0.86,374.68,110,15.26,90.0
1666674,2025-07-31 21:11:00,2025-07-31 21:31:00,101215.84,60696.05,621.43,18.51,К-р Восточный,605-E230725_P_B_9.B,5103,2025-08-01,PV №52,mica-quartz_carbonate_massive_rocks,0.86,422.91,106,19.36,42.0
1579446,2025-05-07 06:10:00,2025-05-07 06:24:00,101265.6,60608.65,640.1,12.18,К-р Восточный,630-E030525_P_B_1.B,6111,2025-05-07,PV №52,quartz-mica foliated schists,0.86,423.28,109,16.76,72.0
1611622,2025-06-07 21:13:00,2025-06-07 21:29:00,101783.81,60127.88,638.82,11.23,К-р Восточный,630-E040625_P_B_4.A,6065,2025-06-08,PV №52,carbonized_quartz-mica_hornfels_shists,0.86,403.16,110,14.38,42.0
1611076,2025-06-07 07:58:00,2025-06-07 08:12:00,101756.67,60126.1,638.73,11.56,К-р Восточный,630-E040625_P_B_4.A,6061,2025-06-07,PV №52,carbonized_quartz-mica_hornfels_shists,0.86,290.86,111,12.76,48.0
1668235,2025-08-02 11:58:00,2025-08-02 12:18:00,101269.08,60711.68,621.04,18.5,К-р Восточный,605-E230725_P_B_9.B,8172,2025-08-02,PV №52,mica-quartz_carbonate_massive_rocks,0.86,426.17,109,16.43,48.0
1579349,2025-05-07 04:06:00,2025-05-07 04:21:00,101225.82,60666.37,639.8,12.62,К-р Восточный,630-E030525_P_B_1.B,6146,2025-05-07,PV №52,quartz-mica foliated schists,0.86,412.6,108,16.83,42.0
1667732,2025-08-01 20:29:00,2025-08-01 20:57:00,101239.68,60696.48,620.16,18.01,К-р Восточный,605-E230725_P_B_9.B,5057,2025-08-02,PV №52,mica-quartz_carbonate_massive_rocks,0.86,420.42,110,15.82,66.0
1609860,2025-06-06 02:28:00,2025-06-06 02:44:00,101712.98,60116.29,639.53,12.31,К-р Восточный,630-E040625_P_B_4.A,5767,2025-06-06,PV №52,carbonized_quartz-mica_hornfels_shists,0.86,171.21,98,15.37,312.0
1668294,2025-08-02 13:14:00,2025-08-02 13:34:00,101256.76,60732.05,620.28,17.51,К-р Восточный,605-E230725_P_B_9.B,5028,2025-08-02,PV №52,mica-quartz_carbonate_massive_rocks,0.86,427.56,107,17.88,66.0
1670084,2025-08-04 09:58:00,2025-08-04 10:16:00,101243.44,60678.25,619.97,17.51,К-р Восточный,605-E230725_P_B_9.B,5059,2025-08-04,PV №52,quartz-mica foliated schists,0.87,420.57,107,18.26,60.0
1612353,2025-06-08 14:42:00,2025-06-08 15:01:00,101859.9,60110.53,638.86,12.05,К-р Восточный,630-E040625_P_B_4.A,5910,2025-06-08,PV №52,carbonized_quartz-mica_hornfels_shists,0.87,310.75,111,13.24,66.0
1579102,2025-05-06 22:22:00,2025-05-06 22:37:00,101273.93,60624.17,639.62,12.24,К-р Восточный,630-E030525_P_B_1.B,6116,2025-05-07,PV №52,quartz-mica foliated schists,0.87,420.8,109,16.18,42.0
1670069,2025-08-04 09:37:00,2025-08-04 09:56:00,101236.86,60672.1,620.06,17.52,К-р Восточный,605-E230725_P_B_9.B,5083,2025-08-04,PV №52,quartz-mica foliated schists,0.87,408.8,107,20.48,48.0
1667732,2025-08-01 20:29:00,2025-08-01 20:57:00,101239.68,60696.48,620.16,18.01,К-р Восточный,605-E230725_P_B_9.B,5057,2025-08-02,PV №52,mica-quartz_carbonate_massive_rocks,0.87,420.7,108,19.04,36.0
1668181,2025-08-02 10:38:00,2025-08-02 11:01:00,101273.72,60726.52,621.53,18.5,К-р Восточный,605-E230725_P_B_9.B,8182,2025-08-02,PV №52,mica-quartz_carbonate_massive_rocks,0.87,424.41,108,18.66,66.0
1668288,2025-08-02 12:51:00,2025-08-02 13:12:00,101254.69,60741.1,619.97,17.57,К-р Восточный,605-E230725_P_B_9.B,5027,2025-08-02,PV №52,mica-quartz_carbonate_massive_rocks,0.87,420.86,106,17.4,54.0
1609338,2025-06-05 14:05:00,2025-06-05 14:20:00,101684.99,60126.61,639.28,12.62,К-р Восточный,630-E040625_P_B_4.A,5969,2025-06-05,PV №52,carbonized_quartz-mica_hornfels_shists,0.87,364.34,110,14.19,36.0
1579116,2025-05-06 23:44:00,2025-05-06 23:57:00,101256.92,60645.92,639.86,12.17,К-р Восточный,630-E030525_P_B_1.B,6058,2025-05-07,PV №52,quartz-mica foliated schists,0.87,418.62,109,15.85,54.0
1579319,2025-05-07 03:33:00,2025-05-07 03:47:00,101215.47,60681.16,640.27,12.64,К-р Восточный,630-E030525_P_B_1.B,6157,2025-05-07,PV №52,quartz-mica foliated schists,0.87,419.45,109,15.53,54.0
1609426,2025-06-05 15:51:00,2025-06-05 16:06:00,101725.44,60129.46,639.13,12.11,К-р Восточный,630-E040625_P_B_4.A,5975,2025-06-05,PV №52,fault_zone,0.87,398.71,110,14.11,54.0
1670702,2025-08-04 23:49:00,2025-08-05 00:12:00,101304.52,60635.36,621.11,19.01,К-р Восточный,605-E230725_P_B_9.B,8195,2025-08-05,PV №52,quartz-mica foliated schists,0.87,396.91,107,20.2,54.0
1612701,2025-06-08 20:33:00,2025-06-08 20:48:00,101850.31,60103.51,639.38,11.66,К-р Восточный,630-E040625_P_B_4.A,5703,2025-06-09,PV №52,carbonized_quartz-mica_hornfels_shists,0.87,406.87,109,15.6,48.0
1579171,2025-05-07 00:32:00,2025-05-07 00:46:00,101224.45,60681.83,640.11,12.24,К-р Восточный,630-E030525_P_B_1.B,6156,2025-05-07,PV №52,quartz-mica foliated schists,0.87,418.79,109,15.57,54.0
1580938,2025-05-08 17:40:00,2025-05-08 17:53:00,101288.77,60533.99,640.19,12.37,К-р Восточный,630-E030525_P_B_1.B,5890,2025-05-08,PV №52,quartz-mica foliated schists,0.87,399.33,103,15.71,54.0
1613232,2025-06-09 11:28:00,2025-06-09 11:47:00,101741.84,60094.9,638.81,12.03,К-р Восточный,630-E040625_P_B_4.A,5687,2025-06-09,PV №52,carbonized_quartz-mica_hornfels_shists,0.87,173.7,108,9.38,180.6
1609409,2025-06-05 15:33:00,2025-06-05 15:49:00,101718.68,60128.94,639.32,12.57,К-р Восточный,630-E040625_P_B_4.A,5974,2025-06-05,PV №52,carbonized_quartz-mica_hornfels_shists,0.87,397.95,110,14.53,54.0
1668235,2025-08-02 11:58:00,2025-08-02 12:18:00,101269.08,60711.68,621.04,18.5,К-р Восточный,605-E230725_P_B_9.B,8172,2025-08-02,PV №52,mica-quartz_carbonate_massive_rocks,0.87,428.68,108,18.36,54.0
1612678,2025-06-08 20:13:00,2025-06-08 20:31:00,101857.07,60103.89,639.47,11.62,К-р Восточный,630-E040625_P_B_4.A,5704,2025-06-09,PV №52,carbonized_quartz-mica_hornfels_shists,0.87,409.24,110,15.97,42.0
1579675,2025-05-07 13:52:00,2025-05-07 14:06:00,101266.39,60593.1,640.24,12.12,К-р Восточный,630-E030525_P_B_1.B,6099,2025-05-07,PV №52,quartz-mica foliated schists,0.87,433.68,109,16.86,54.0
1579446,2025-05-07 06:10:00,2025-05-07 06:24:00,101265.6,60608.65,640.1,12.18,К-р Восточный,630-E030525_P_B_1.B,6111,2025-05-07,PV №52,quartz-mica foliated schists,0.87,420.92,110,15.09,54.0
1667393,2025-08-01 14:23:00,2025-08-01 14:48:00,101229.77,60787.38,620.08,17.89,К-р Восточный,605-E230725_P_B_9.B,5012,2025-08-01,PV №52,mica-quartz_carbonate_massive_rocks,0.87,411.63,110,16.37,54.6
1612002,2025-06-08 05:39:00,2025-06-08 05:54:00,101818.4,60119.4,639.31,11.53,К-р Восточный,630-E040625_P_B_4.A,5950,2025-06-08,PV №52,carbonized_quartz-mica_hornfels_shists,0.87,388.79,110,15.03,42.0
1666725,2025-07-31 20:18:00,2025-07-31 20:45:00,101212.3,60713.71,620.49,18.01,К-р Восточный,605-E230725_P_B_9.B,5101,2025-08-01,PV №52,mica-quartz_carbonate_massive_rocks,0.87,422.28,94,18.21,42.0
1581634,2025-05-09 08:16:00,2025-05-09 08:33:00,101357.94,60501.33,639.68,12.54,К-р Восточный,630-E030525_P_B_1.B,5967,2025-05-09,PV №52,carbonaceous quartz-mica calcium metasomatites,0.87,432.32,109,17.45,48.0
1670069,2025-08-04 09:37:00,2025-08-04 09:56:00,101236.86,60672.1,620.06,17.52,К-р Восточный,605-E230725_P_B_9.B,5083,2025-08-04,PV №52,quartz-mica foliated schists,0.87,348.73,109,18.15,60.0
1580733,2025-05-08 13:09:00,2025-05-08 13:22:00,101343.16,60523.21,639.5,12.18,К-р Восточный,630-E030525_P_B_1.B,5987,2025-05-08,PV №52,mica-quartz_carbonate_massive_rocks,0.87,425.95,109,15.75,60.0
1580718,2025-05-08 12:34:00,2025-05-08 12:47:00,101313.53,60550.6,639.96,12.6,К-р Восточный,630-E030525_P_B_1.B,5983,2025-05-08,PV №52,quartz-mica foliated schists,0.87,426.43,109,16.24,48.0
1579653,2025-05-07 13:03:00,2025-05-07 13:15:00,101270.5,60601.34,639.91,11.52,К-р Восточный,630-E030525_P_B_1.B,6033,2025-05-07,PV №52,quartz-mica foliated schists,0.87,383.05,110,14.48,42.0
1579229,2025-05-07 01:39:00,2025-05-07 01:51:00,101244.24,60652.57,640.17,12.31,К-р Восточный,630-E030525_P_B_1.B,6137,2025-05-07,PV №52,quartz-mica foliated schists,0.88,354.8,108,16.96,54.0
1613650,2025-06-09 20:50:00,2025-06-09 21:06:00,101847.38,60097.46,639.05,12.01,К-р Восточный,630-E040625_P_B_4.A,5866,2025-06-10,PV №52,carbonized_quartz-mica_hornfels_shists,0.88,387.93,110,14.95,54.0
1579273,2025-05-07 02:24:00,2025-05-07 02:37:00,101258.09,60630.98,639.66,12.16,К-р Восточный,630-E030525_P_B_1.B,6053,2025-05-07,PV №52,quartz-mica foliated schists,0.88,413.79,109,15.44,60.0
1580758,2025-05-08 13:43:00,2025-05-08 13:58:00,101332.78,60537.58,639.31,12.51,К-р Восточный,630-E030525_P_B_1.B,5986,2025-05-08,PV №52,quartz-mica foliated schists,0.88,426.69,110,14.64,60.0
1666155,2025-07-31 09:18:00,2025-07-31 09:39:00,101195.77,60821.6,620.14,17.08,К-р Восточный,605-E230725_P_B_9.B,4991,2025-07-31,PV №52,mica-quartz_carbonate_massive_rocks,0.88,386.97,108,18.42,48.0
1581377,2025-05-09 02:50:00,2025-05-09 03:00:00,101325.77,60506.14,639.77,12.54,К-р Восточный,630-E030525_P_B_1.B,5992,2025-05-09,PV №52,mica-quartz_carbonate_massive_rocks,0.88,-12.49,59,1.48,474.0
1667306,2025-08-01 12:18:00,2025-08-01 12:39:00,101228.78,60805.49,620.28,17.56,К-р Восточный,605-E230725_P_B_9.B,5003,2025-08-01,PV №52,mica-quartz_carbonate_massive_rocks,0.88,412.61,110,14.9,48.0
1608650,2025-06-04 22:50:00,2025-06-04 23:08:00,101705.36,60138.67,639.5,12.67,К-р Восточный,630-E040625_P_B_4.A,6141,2025-06-05,PV №52,carbonized_quartz-mica_hornfels_shists,0.88,350.73,111,14.71,48.0
1668181,2025-08-02 10:38:00,2025-08-02 11:01:00,101273.72,60726.52,621.53,18.5,К-р Восточный,605-E230725_P_B_9.B,8182,2025-08-02,PV №52,mica-quartz_carbonate_massive_rocks,0.88,428.11,110,16.19,60.0
1667508,2025-08-01 17:01:00,2025-08-01 17:26:00,101237.05,60746.9,620.01,17.5,К-р Восточный,605-E230725_P_B_9.B,5074,2025-08-01,PV №52,mica-quartz_carbonate_massive_rocks,0.88,423.02,109,16.45,36.0
1609191,2025-06-05 10:22:00,2025-06-05 10:37:00,101741.86,60136.53,638.72,11.6,К-р Восточный,630-E040625_P_B_4.A,6041,2025-06-05,PV №52,carbonized_quartz-mica_hornfels_shists,0.88,383.99,110,14.81,42.0
1666474,2025-07-31 17:42:00,2025-07-31 18:10:00,101211.23,60755.47,620.13,17.52,К-р Восточный,605-E230725_P_B_9.B,5067,2025-07-31,PV №52,mica-quartz_carbonate_massive_rocks,0.88,416.09,110,14.97,54.0
1608650,2025-06-04 22:50:00,2025-06-04 23:08:00,101705.36,60138.67,639.5,12.67,К-р Восточный,630-E040625_P_B_4.A,6141,2025-06-05,PV №52,carbonized_quartz-mica_hornfels_shists,0.88,406.18,107,18.2,48.0
1579105,2025-05-06 21:53:00,2025-05-06 22:05:00,101268.33,60639.28,639.76,12.21,К-р Восточный,630-E030525_P_B_1.B,6131,2025-05-07,PV №52,quartz-mica foliated schists,0.88,417.7,110,14.83,72.0
1670707,2025-08-04 19:35:00,2025-08-04 19:57:00,101297.07,60661.65,621.65,19.51,К-р Восточный,605-E230725_P_B_9.B,8192,2025-08-05,PV №52,quartz-mica foliated schists,0.88,406.36,109,18.83,60.0
1610883,2025-06-07 03:16:00,2025-06-07 03:34:00,101737.02,60112.17,639.31,11.73,К-р Восточный,630-E040625_P_B_4.A,5962,2025-06-07,PV №52,carbonized_quartz-mica_hornfels_shists,0.88,4.44,5,0.68,611.4
1672856,2025-08-06 22:40:00,2025-08-06 22:58:00,101218.09,60836.77,620.69,17.52,К-р Восточный,605-E230725_P_B_9.B,4979,2025-08-07,PV №52,mica-quartz_carbonate_massive_rocks,0.88,377.15,109,18.19,60.0
1612410,2025-06-08 16:27:00,2025-06-08 16:45:00,101826.06,60108.2,639.34,12.11,К-р Восточный,630-E040625_P_B_4.A,5905,2025-06-08,PV №52,carbonized_quartz-mica_hornfels_shists,0.88,404.8,110,14.97,60.0
1668195,2025-08-02 11:05:00,2025-08-02 11:28:00,101267.32,60720.46,621.47,18.01,К-р Восточный,605-E230725_P_B_9.B,8171,2025-08-02,PV №52,mica-quartz_carbonate_massive_rocks,0.88,427.1,109,16.93,54.0
1580144,2025-05-08 00:49:00,2025-05-08 01:02:00,101271.4,60585.82,640.29,12.05,К-р Восточный,630-E030525_P_B_1.B,6020,2025-05-08,PV №52,quartz-mica foliated schists,0.88,420.99,109,16.79,54.0
1581147,2025-05-08 20:58:00,2025-05-08 21:10:00,101284.77,60526.44,640.06,12.14,К-р Восточный,630-E030525_P_B_1.B,5924,2025-05-09,PV №52,quartz-mica foliated schists,0.88,424.16,109,16.27,54.0
1609194,2025-06-05 10:39:00,2025-06-05 10:56:00,101748.66,60137.22,638.69,11.7,К-р Восточный,630-E040625_P_B_4.A,6040,2025-06-05,PV №52,fault_zone,0.88,399.45,108,17.62,48.0
1672827,2025-08-06 20:19:00,2025-08-06 20:37:00,101195.52,60830.61,620.21,17.61,К-р Восточный,605-E230725_P_B_9.B,4990,2025-08-07,PV №52,mica-quartz_carbonate_massive_rocks,0.89,416.3,110,17.4,66.0
1579568,2025-05-07 11:23:00,2025-05-07 11:40:00,101294.81,60602.21,641.62,12.19,К-р Восточный,630-E030525_P_B_1.B,6036,2025-05-07,PV №52,quartz-mica foliated schists,0.89,381.21,109,16.34,42.0
1579223,2025-05-07 01:53:00,2025-05-07 02:07:00,101249.29,60645.46,640.08,12.17,К-р Восточный,630-E030525_P_B_1.B,6059,2025-05-07,PV №52,quartz-mica foliated schists,0.89,420.68,108,17.44,66.0
1580127,2025-05-08 00:22:00,2025-05-08 00:34:00,101288.45,60586.84,640.43,12.11,К-р Восточный,630-E030525_P_B_1.B,6018,2025-05-08,PV №52,quartz-mica foliated schists,0.89,254.55,110,13.54,42.0
1612696,2025-06-08 22:06:00,2025-06-08 22:24:00,101816.36,60101.07,639.46,12.17,К-р Восточный,630-E040625_P_B_4.A,5698,2025-06-09,PV №52,carbonized_quartz-mica_hornfels_shists,0.89,33.84,0,1.55,956.4
1580051,2025-05-07 22:14:00,2025-05-07 22:28:00,101244.26,60599.2,640.51,12.12,К-р Восточный,630-E030525_P_B_1.B,6030,2025-05-08,PV №52,quartz-mica foliated schists,0.89,416.19,109,15.28,48.0
1666725,2025-07-31 20:18:00,2025-07-31 20:45:00,101212.3,60713.71,620.49,18.01,К-р Восточный,605-E230725_P_B_9.B,5101,2025-08-01,PV №52,mica-quartz_carbonate_massive_rocks,0.89,392.41,106,20.79,48.0
1579444,2025-05-07 05:54:00,2025-05-07 06:08:00,101260.52,60615.82,639.9,12.13,К-р Восточный,630-E030525_P_B_1.B,6041,2025-05-07,PV №52,quartz-mica foliated schists,0.89,38.87,46,3.29,348.0
1668415,2025-08-02 16:21:00,2025-08-02 16:41:00,101259.86,60714.64,620.63,18.02,К-р Восточный,605-E230725_P_B_9.B,5030,2025-08-02,PV №52,mica-quartz_carbonate_massive_rocks,0.89,427.28,108,18.04,42.0
1668101,2025-08-02 08:47:00,2025-08-02 09:11:00,101261.44,60747.14,621.67,18.45,К-р Восточный,605-E230725_P_B_9.B,8168,2025-08-02,PV №52,mica-quartz_carbonate_massive_rocks,0.89,430.8,110,16.71,54.0
1609166,2025-06-05 09:48:00,2025-06-05 10:03:00,101728.27,60135.44,639.05,12.09,К-р Восточный,630-E040625_P_B_4.A,6043,2025-06-05,PV №52,carbonized_quartz-mica_hornfels_shists,0.89,394.89,109,15.35,48.0
1580733,2025-05-08 13:09:00,2025-05-08 13:22:00,101343.16,60523.21,639.5,12.18,К-р Восточный,630-E030525_P_B_1.B,5987,2025-05-08,PV №52,mica-quartz_carbonate_massive_rocks,0.89,424.86,110,15.12,48.0
1580540,2025-05-08 08:56:00,2025-05-08 09:07:00,101236.61,60583.44,640.62,12.19,К-р Восточный,630-E030525_P_B_1.B,6024,2025-05-08,PV №52,quartz-mica foliated schists,0.89,416.03,109,16.04,54.0
1580434,2025-05-08 06:13:00,2025-05-08 06:35:00,101290.01,60572.32,640.42,12.63,К-р Восточный,630-E030525_P_B_1.B,6015,2025-05-08,PV №52,quartz-mica foliated schists,0.89,313.23,95,13.42,42.0
1613753,2025-06-10 01:30:00,2025-06-10 01:52:00,101831.03,60090.53,639.59,12.52,К-р Восточный,630-E040625_P_B_4.A,5664,2025-06-10,PV №52,carbonized_quartz-mica_hornfels_shists,0.89,377.04,108,14.98,48.0
1579710,2025-05-07 14:51:00,2025-05-07 15:06:00,101203.29,60657.39,640.39,12.54,К-р Восточный,630-E030525_P_B_1.B,6065,2025-05-07,PV №52,quartz-mica foliated schists,0.89,416.45,109,15.19,48.0
1579472,2025-05-07 07:50:00,2025-05-07 08:04:00,101217.44,60666.0,640.0,12.51,К-р Восточный,630-E030525_P_B_1.B,6145,2025-05-07,PV №52,quartz-mica foliated schists,0.89,426.06,108,17.1,54.0
1580090,2025-05-07 23:23:00,2025-05-07 23:42:00,101240.47,60591.39,640.39,12.05,К-р Восточный,630-E030525_P_B_1.B,6102,2025-05-08,PV №52,quartz-mica foliated schists,0.89,420.48,108,16.88,54.0
1578907,2025-05-06 17:24:00,2025-05-06 17:38:00,101252.09,60668.57,639.7,12.82,К-р Восточный,630-E030525_P_B_1.B,6149,2025-05-06,PV №52,quartz-mica foliated schists,0.89,393.6,110,14.71,54.0
1666668,2025-07-31 23:31:00,2025-07-31 23:48:00,101212.33,60813.31,620.05,18.01,К-р Восточный,605-E230725_P_B_9.B,4993,2025-08-01,PV №52,mica-quartz_carbonate_massive_rocks,0.89,379.4,100,18.41,42.0
1581118,2025-05-08 21:12:00,2025-05-08 21:25:00,101293.5,60527.12,640.05,12.29,К-р Восточный,630-E030525_P_B_1.B,5925,2025-05-09,PV №52,quartz-mica foliated schists,0.89,437.11,109,17.0,60.0
1614042,2025-06-10 08:19:00,2025-06-10 08:36:00,101845.0,60080.85,639.44,12.01,К-р Восточный,630-E040625_P_B_4.A,5618,2025-06-10,PV №52,carbonized_quartz-mica_hornfels_shists,0.89,376.11,110,14.79,54.0
1580938,2025-05-08 17:40:00,2025-05-08 17:53:00,101288.77,60533.99,640.19,12.37,К-р Восточный,630-E030525_P_B_1.B,5890,2025-05-08,PV №52,quartz-mica foliated schists,0.9,420.69,109,15.61,54.0
1667536,2025-08-01 17:53:00,2025-08-01 18:14:00,101240.7,60729.01,620.37,17.53,К-р Восточный,605-E230725_P_B_9.B,5076,2025-08-01,PV №52,mica-quartz_carbonate_massive_rocks,0.9,422.21,110,15.46,48.0
1667301,2025-08-01 11:52:00,2025-08-01 12:11:00,101235.95,60714.17,620.36,18.03,К-р Восточный,605-E230725_P_B_9.B,5055,2025-08-01,PV №52,mica-quartz_carbonate_massive_rocks,0.9,416.06,109,16.81,53.4
1580592,2025-05-08 09:59:00,2025-05-08 10:11:00,101256.56,60555.01,640.37,12.52,К-р Восточный,630-E030525_P_B_1.B,5946,2025-05-08,PV №52,quartz-mica foliated schists,0.9,417.75,109,16.05,48.0
1580316,2025-05-08 03:33:00,2025-05-08 03:46:00,101285.3,60579.36,640.33,12.59,К-р Восточный,630-E030525_P_B_1.B,6091,2025-05-08,PV №52,quartz-mica foliated schists,0.9,41.14,40,2.73,294.0
1578646,2025-05-06 15:01:00,2025-05-06 15:16:00,101240.53,60682.37,641.78,12.85,К-р Восточный,630-E030525_P_B_1.B,6154,2025-05-06,PV №52,quartz-mica foliated schists,0.9,418.36,111,15.63,54.0
1609826,2025-06-06 01:52:00,2025-06-06 02:08:00,101699.42,60114.81,639.51,12.46,К-р Восточный,630-E040625_P_B_4.A,5765,2025-06-06,PV №52,carbonized_quartz-mica_hornfels_shists,0.9,405.84,109,16.22,54.6
1668662,2025-08-02 22:06:00,2025-08-02 22:29:00,101285.8,60673.51,621.42,18.58,К-р Восточный,605-E230725_P_B_9.B,8188,2025-08-03,PV №52,quartz-mica foliated schists,0.9,424.36,111,15.67,66.0
1581191,2025-05-08 22:03:00,2025-05-08 22:17:00,101319.81,60528.56,639.68,12.12,К-р Восточный,630-E030525_P_B_1.B,5960,2025-05-09,PV №52,quartz-mica foliated schists,0.9,429.98,110,16.41,48.0
1667786,2025-08-02 00:16:00,2025-08-02 00:42:00,101255.85,60773.54,620.57,18.03,К-р Восточный,605-E230725_P_B_9.B,8165,2025-08-02,PV №52,mica-quartz_carbonate_massive_rocks,0.9,267.92,95,12.27,72.0
1665915,2025-07-31 07:28:00,2025-07-31 07:51:00,101253.32,60708.55,622.36,18.02,К-р Восточный,605-E230725_P_B_9.B,5038,2025-07-31,PV №52,mica-quartz_carbonate_massive_rocks,0.9,423.43,110,16.79,54.0
1578869,2025-05-06 16:36:00,2025-05-06 16:53:00,101264.63,60673.4,639.77,12.54,К-р Восточный,630-E030525_P_B_1.B,6074,2025-05-06,PV №52,quartz-mica foliated schists,0.9,400.91,109,15.18,48.0
1612084,2025-06-08 08:23:00,2025-06-08 08:42:00,101777.67,60115.7,638.66,11.62,К-р Восточный,630-E040625_P_B_4.A,5956,2025-06-08,PV №52,carbonized_quartz-mica_hornfels_shists,0.9,234.07,112,11.27,54.0
1612669,2025-06-08 20:49:00,2025-06-08 21:04:00,101843.48,60103.07,639.47,12.16,К-р Восточный,630-E040625_P_B_4.A,5702,2025-06-09,PV №52,carbonized_quartz-mica_hornfels_shists,0.9,408.62,111,14.26,48.0
1609860,2025-06-06 02:28:00,2025-06-06 02:44:00,101712.98,60116.29,639.53,12.31,К-р Восточный,630-E040625_P_B_4.A,5767,2025-06-06,PV №52,carbonized_quartz-mica_hornfels_shists,0.9,13.82,0,0.56,802.2
1609213,2025-06-05 11:46:00,2025-06-05 12:01:00,101745.64,60131.19,638.87,12.39,К-р Восточный,630-E040625_P_B_4.A,5978,2025-06-05,PV №52,carbonized_quartz-mica_hornfels_shists,0.9,383.89,110,14.69,54.0
1580952,2025-05-08 17:59:00,2025-05-08 18:12:00,101261.27,60547.81,640.38,12.5,К-р Восточный,630-E030525_P_B_1.B,5899,2025-05-08,PV №52,quartz-mica foliated schists,0.9,445.15,107,18.0,48.0
1609173,2025-06-05 10:04:00,2025-06-05 10:20:00,101735.1,60136.16,639.0,11.59,К-р Восточный,630-E040625_P_B_4.A,6042,2025-06-05,PV №52,carbonized_quartz-mica_hornfels_shists,0.9,404.42,108,17.27,48.0
1581147,2025-05-08 20:58:00,2025-05-08 21:10:00,101284.77,60526.44,640.06,12.14,К-р Восточный,630-E030525_P_B_1.B,5924,2025-05-09,PV №52,quartz-mica foliated schists,0.9,424.82,109,16.71,48.0
1666318,2025-07-31 13:28:00,2025-07-31 13:52:00,101206.38,60740.55,620.25,17.61,К-р Восточный,605-E230725_P_B_9.B,5098,2025-07-31,PV №52,mica-quartz_carbonate_massive_rocks,0.9,309.06,109,13.79,54.0
1666091,2025-07-31 07:53:00,2025-07-31 08:14:00,101246.98,60702.49,620.63,18.01,К-р Восточный,605-E230725_P_B_9.B,5079,2025-07-31,PV №52,mica-quartz_carbonate_massive_rocks,0.9,422.62,110,15.54,54.0
1609426,2025-06-05 15:51:00,2025-06-05 16:06:00,101725.44,60129.46,639.13,12.11,К-р Восточный,630-E040625_P_B_4.A,5975,2025-06-05,PV №52,fault_zone,0.9,391.35,110,14.44,54.0
1609858,2025-06-06 02:10:00,2025-06-06 02:26:00,101706.2,60115.6,639.62,12.31,К-р Восточный,630-E040625_P_B_4.A,5766,2025-06-06,PV №52,carbonized_quartz-mica_hornfels_shists,0.9,407.33,107,17.42,36.0
1580041,2025-05-07 22:30:00,2025-05-07 22:44:00,101249.02,60591.89,640.44,12.12,К-р Восточный,630-E030525_P_B_1.B,6101,2025-05-08,PV №52,quartz-mica foliated schists,0.9,416.22,109,15.83,54.0
1668425,2025-08-02 16:43:00,2025-08-02 17:04:00,101261.97,60705.5,620.54,18.0,К-р Восточный,605-E230725_P_B_9.B,5031,2025-08-02,PV №52,mica-quartz_carbonate_massive_rocks,0.9,425.06,110,15.41,54.0
1612016,2025-06-08 05:56:00,2025-06-08 06:11:00,101811.51,60118.84,639.27,11.58,К-р Восточный,630-E040625_P_B_4.A,5951,2025-06-08,PV №52,carbonized_quartz-mica_hornfels_shists,0.9,408.26,109,15.52,66.0
1609052,2025-06-05 07:02:00,2025-06-05 07:18:00,101680.9,60136.33,639.55,12.73,К-р Восточный,630-E040625_P_B_4.A,6145,2025-06-05,PV №52,carbonized_quartz-mica_hornfels_shists,0.9,403.51,109,15.3,60.0
1579146,2025-05-06 20:10:00,2025-05-06 20:24:00,101282.63,60623.33,639.52,12.23,К-р Восточный,630-E030525_P_B_1.B,6038,2025-05-07,PV №52,quartz-mica foliated schists,0.9,421.16,109,15.78,54.0
1579803,2025-05-07 17:05:00,2025-05-07 17:18:00,101233.03,60628.91,640.03,12.26,К-р Восточный,630-E030525_P_B_1.B,6050,2025-05-07,PV №52,quartz-mica foliated schists,0.9,432.31,109,15.74,54.0
1672825,2025-08-06 21:40:00,2025-08-06 21:58:00,101211.88,60822.4,620.17,17.04,К-р Восточный,605-E230725_P_B_9.B,4994,2025-08-07,PV №52,mica-quartz_carbonate_massive_rocks,0.9,360.89,87,14.67,60.0
1672613,2025-08-06 18:12:00,2025-08-06 18:39:00,101226.61,60830.51,620.41,18.02,К-р Восточный,605-E230725_P_B_9.B,5000,2025-08-06,PV №52,mica-quartz_carbonate_massive_rocks,0.9,239.16,92,10.99,137.4
1580069,2025-05-07 21:22:00,2025-05-07 21:35:00,101229.15,60621.08,640.21,12.4,К-р Восточный,630-E030525_P_B_1.B,6121,2025-05-08,PV №52,quartz-mica foliated schists,0.9,418.58,110,14.86,54.0
1666155,2025-07-31 09:18:00,2025-07-31 09:39:00,101195.77,60821.6,620.14,17.08,К-р Восточный,605-E230725_P_B_9.B,4991,2025-07-31,PV №52,mica-quartz_carbonate_massive_rocks,0.9,358.2,108,17.99,48.0
1668784,2025-08-03 01:32:00,2025-08-03 01:51:00,101259.22,60681.48,620.47,17.63,К-р Восточный,605-E230725_P_B_9.B,5035,2025-08-03,PV №52,quartz-mica foliated schists,0.9,427.15,110,17.2,48.0
1666383,2025-07-31 15:15:00,2025-07-31 15:40:00,101205.22,60799.5,619.87,17.5,К-р Восточный,605-E230725_P_B_9.B,5015,2025-07-31,PV №52,mica-quartz_carbonate_massive_rocks,0.9,411.57,110,15.02,48.0
1613032,2025-06-09 05:50:00,2025-06-09 06:09:00,101738.24,60100.75,638.73,12.02,К-р Восточный,630-E040625_P_B_4.A,5892,2025-06-09,PV №52,carbonized_quartz-mica_hornfels_shists,0.9,412.47,110,16.51,42.0
1612410,2025-06-08 16:27:00,2025-06-08 16:45:00,101826.06,60108.2,639.34,12.11,К-р Восточный,630-E040625_P_B_4.A,5905,2025-06-08,PV №52,carbonized_quartz-mica_hornfels_shists,0.9,400.92,109,15.45,42.6
1666172,2025-07-31 09:42:00,2025-07-31 10:00:00,101196.48,60812.38,620.0,17.71,К-р Восточный,605-E230725_P_B_9.B,4992,2025-07-31,PV №52,mica-quartz_carbonate_massive_rocks,0.9,417.6,109,16.42,48.0
1582404,2025-05-10 01:17:00,2025-05-10 01:35:00,101263.9,60517.19,640.17,13.62,К-р Восточный,630-E030525_P_B_1.B,5882,2025-05-10,PV №52,quartz-mica foliated schists,0.9,252.76,111,13.34,54.0
1611113,2025-06-07 08:41:00,2025-06-07 08:54:00,101763.13,60126.69,638.66,11.64,К-р Восточный,630-E040625_P_B_4.A,6062,2025-06-07,PV №52,carbonized_quartz-mica_hornfels_shists,0.9,395.2,108,17.17,54.0
1609444,2025-06-05 16:07:00,2025-06-05 16:20:00,101732.41,60129.9,638.99,11.65,К-р Восточный,630-E040625_P_B_4.A,5976,2025-06-05,PV №52,fault_zone,0.91,382.51,110,14.43,48.0
1611113,2025-06-07 08:41:00,2025-06-07 08:54:00,101763.13,60126.69,638.66,11.64,К-р Восточный,630-E040625_P_B_4.A,6062,2025-06-07,PV №52,carbonized_quartz-mica_hornfels_shists,0.91,395.35,108,17.24,48.0
1672827,2025-08-06 20:19:00,2025-08-06 20:37:00,101195.52,60830.61,620.21,17.61,К-р Восточный,605-E230725_P_B_9.B,4990,2025-08-07,PV №52,mica-quartz_carbonate_massive_rocks,0.91,410.72,109,17.57,54.0
1668058,2025-08-02 07:08:00,2025-08-02 07:31:00,101268.27,60753.27,621.06,18.52,К-р Восточный,605-E230725_P_B_9.B,8179,2025-08-02,PV №52,mica-quartz_carbonate_massive_rocks,0.91,429.89,112,14.87,54.0
1668726,2025-08-03 00:03:00,2025-08-03 00:31:00,101233.09,60690.36,621.35,17.92,К-р Восточный,605-E230725_P_B_9.B,5085,2025-08-03,PV №52,quartz-mica foliated schists,0.91,424.46,110,16.78,54.0
1579472,2025-05-07 07:50:00,2025-05-07 08:04:00,101217.44,60666.0,640.0,12.51,К-р Восточный,630-E030525_P_B_1.B,6145,2025-05-07,PV №52,quartz-mica foliated schists,0.91,414.12,108,16.68,48.0
1666920,2025-08-01 02:42:00,2025-08-01 03:09:00,101219.66,60752.39,620.19,17.57,К-р Восточный,605-E230725_P_B_9.B,5092,2025-08-01,PV №52,mica-quartz_carbonate_massive_rocks,0.91,419.4,110,15.44,54.0
1579171,2025-05-07 00:32:00,2025-05-07 00:46:00,101224.45,60681.83,640.11,12.24,К-р Восточный,630-E030525_P_B_1.B,6156,2025-05-07,PV №52,quartz-mica foliated schists,0.91,419.14,109,15.91,36.0
1615028,2025-06-11 05:48:00,2025-06-11 06:07:00,101777.39,60075.52,639.37,12.01,К-р Восточный,630-E040625_P_B_4.A,5608,2025-06-11,PV №52,carbonized_quartz-mica_hornfels_shists,0.91,354.04,110,14.54,72.0
1668415,2025-08-02 16:21:00,2025-08-02 16:41:00,101259.86,60714.64,620.63,18.02,К-р Восточный,605-E230725_P_B_9.B,5030,2025-08-02,PV №52,mica-quartz_carbonate_massive_rocks,0.91,422.94,111,14.82,60.0
1580070,2025-05-07 23:08:00,2025-05-07 23:21:00,101234.85,60598.81,640.27,12.11,К-р Восточный,630-E030525_P_B_1.B,6029,2025-05-08,PV №52,quartz-mica foliated schists,0.91,417.9,109,15.54,54.0
1667764,2025-08-01 20:06:00,2025-08-01 20:25:00,101238.13,60705.36,620.44,18.04,К-р Восточный,605-E230725_P_B_9.B,5056,2025-08-02,PV №52,mica-quartz_carbonate_massive_rocks,0.91,422.35,109,17.42,48.0
1672605,2025-08-06 17:46:00,2025-08-06 18:06:00,101235.51,60819.4,620.31,18.14,К-р Восточный,605-E230725_P_B_9.B,4986,2025-08-06,PV №52,mica-quartz_carbonate_massive_rocks,0.91,426.91,111,15.71,66.0
1667764,2025-08-01 20:06:00,2025-08-01 20:25:00,101238.13,60705.36,620.44,18.04,К-р Восточный,605-E230725_P_B_9.B,5056,2025-08-02,PV №52,mica-quartz_carbonate_massive_rocks,0.91,402.89,111,14.96,54.0
1611113,2025-06-07 08:41:00,2025-06-07 08:54:00,101763.13,60126.69,638.66,11.64,К-р Восточный,630-E040625_P_B_4.A,6062,2025-06-07,PV №52,carbonized_quartz-mica_hornfels_shists,0.91,395.24,108,17.35,60.0
1578886,2025-05-06 16:54:00,2025-05-06 17:07:00,101258.94,60669.23,639.76,12.32,К-р Восточный,630-E030525_P_B_1.B,6150,2025-05-06,PV №52,quartz-mica foliated schists,0.91,417.29,110,14.53,114.0
1672878,2025-08-06 19:58:00,2025-08-06 20:16:00,101194.63,60840.0,620.48,17.5,К-р Восточный,605-E230725_P_B_9.B,4989,2025-08-07,PV №52,quartz-mica foliated schists,0.91,225.53,77,10.04,48.0
1581600,2025-05-09 07:35:00,2025-05-09 07:49:00,101287.08,60495.93,640.61,12.57,К-р Восточный,630-E030525_P_B_1.B,5911,2025-05-09,PV №52,quartz-mica foliated schists,0.91,445.3,109,18.01,60.0
1670097,2025-08-04 10:18:00,2025-08-04 10:37:00,101252.15,60675.62,620.03,17.52,К-р Восточный,605-E230725_P_B_9.B,5082,2025-08-04,PV №52,quartz-mica foliated schists,0.91,302.59,111,15.45,59.4
1581283,2025-05-09 01:14:00,2025-05-09 01:29:00,101298.2,60519.28,640.0,12.44,К-р Восточный,630-E030525_P_B_1.B,5886,2025-05-09,PV №52,quartz-mica foliated schists,0.91,423.83,110,15.95,54.0
1611458,2025-06-07 19:17:00,2025-06-07 19:31:00,101817.44,60130.9,639.15,11.46,К-р Восточный,630-E040625_P_B_4.A,6070,2025-06-07,PV №52,carbonized_quartz-mica_hornfels_shists,0.91,401.91,110,15.88,48.0
1609062,2025-06-05 07:21:00,2025-06-05 07:33:00,101686.34,60136.88,639.47,12.59,К-р Восточный,630-E040625_P_B_4.A,6144,2025-06-05,PV №52,carbonized_quartz-mica_hornfels_shists,0.91,401.42,108,15.96,54.0
1609052,2025-06-05 07:02:00,2025-06-05 07:18:00,101680.9,60136.33,639.55,12.73,К-р Восточный,630-E040625_P_B_4.A,6145,2025-06-05,PV №52,carbonized_quartz-mica_hornfels_shists,0.91,296.81,111,13.56,66.0
1614888,2025-06-11 03:03:00,2025-06-11 03:23:00,101729.98,60070.5,639.26,12.53,К-р Восточный,630-E040625_P_B_4.A,5601,2025-06-11,PV №52,carbonized_quartz-mica_hornfels_shists,0.91,365.98,104,16.85,102.0
1612728,2025-06-09 00:16:00,2025-06-09 00:32:00,101775.82,60097.89,639.28,11.36,К-р Восточный,630-E040625_P_B_4.A,5692,2025-06-09,PV №52,carbonized_quartz-mica_hornfels_shists,0.91,2.75,0,0.65,622.8
1579602,2025-05-07 11:42:00,2025-05-07 11:59:00,101287.36,60602.61,639.91,12.48,К-р Восточный,630-E030525_P_B_1.B,6035,2025-05-07,PV №52,quartz-mica foliated schists,0.91,437.48,110,14.66,54.0
1667921,2025-08-02 03:18:00,2025-08-02 03:46:00,101265.69,60762.86,621.03,18.04,К-р Восточный,605-E230725_P_B_9.B,8178,2025-08-02,PV №52,mica-quartz_carbonate_massive_rocks,0.91,421.62,110,15.93,48.0
1580475,2025-05-08 07:35:00,2025-05-08 07:47:00,101281.46,60571.68,640.3,12.62,К-р Восточный,630-E030525_P_B_1.B,6014,2025-05-08,PV №52,quartz-mica foliated schists,0.91,425.01,108,17.06,60.0
1668662,2025-08-02 22:06:00,2025-08-02 22:29:00,101285.8,60673.51,621.42,18.58,К-р Восточный,605-E230725_P_B_9.B,8188,2025-08-03,PV №52,quartz-mica foliated schists,0.91,425.25,111,16.16,60.0
1611657,2025-06-07 22:38:00,2025-06-07 22:57:00,101855.24,60127.65,639.24,11.81,К-р Восточный,630-E040625_P_B_4.A,5788,2025-06-08,PV №52,carbonized_quartz-mica_hornfels_shists,0.92,390.18,110,14.24,42.0
1580051,2025-05-07 22:14:00,2025-05-07 22:28:00,101244.26,60599.2,640.51,12.12,К-р Восточный,630-E030525_P_B_1.B,6030,2025-05-08,PV №52,quartz-mica foliated schists,0.92,415.92,109,15.33,66.0
1666680,2025-07-31 19:53:00,2025-07-31 20:15:00,101210.3,60722.46,620.43,18.05,К-р Восточный,605-E230725_P_B_9.B,5100,2025-08-01,PV №52,mica-quartz_carbonate_massive_rocks,0.92,404.96,101,20.69,6.0
1579446,2025-05-07 06:10:00,2025-05-07 06:24:00,101265.6,60608.65,640.1,12.18,К-р Восточный,630-E030525_P_B_1.B,6111,2025-05-07,PV №52,quartz-mica foliated schists,0.92,422.09,109,16.01,54.0
1578805,2025-05-06 15:19:00,2025-05-06 15:33:00,101233.45,60682.43,639.93,12.62,К-р Восточный,630-E030525_P_B_1.B,6155,2025-05-06,PV №52,quartz-mica foliated schists,0.92,438.79,109,16.29,66.0
1613343,2025-06-09 14:43:00,2025-06-09 15:01:00,101711.8,60086.6,639.45,12.01,К-р Восточный,630-E040625_P_B_4.A,5886,2025-06-09,PV №52,carbonized_quartz-mica_hornfels_shists,0.92,299.02,112,12.47,48.0
1609453,2025-06-05 16:22:00,2025-06-05 16:36:00,101738.74,60130.64,639.05,11.72,К-р Восточный,630-E040625_P_B_4.A,5977,2025-06-05,PV №52,carbonized_quartz-mica_hornfels_shists,0.92,401.16,108,16.04,60.0
1580772,2025-05-08 14:17:00,2025-05-08 14:29:00,101318.89,60544.02,639.66,12.51,К-р Восточный,630-E030525_P_B_1.B,5956,2025-05-08,PV №52,quartz-mica foliated schists,0.92,425.19,109,15.25,54.0
1612658,2025-06-08 22:49:00,2025-06-08 23:07:00,101802.79,60100.15,639.32,11.52,К-р Восточный,630-E040625_P_B_4.A,5696,2025-06-09,PV №52,carbonized_quartz-mica_hornfels_shists,0.92,402.56,110,15.62,48.0
1609070,2025-06-05 07:35:00,2025-06-05 07:48:00,101692.03,60138.05,639.35,12.56,К-р Восточный,630-E040625_P_B_4.A,6143,2025-06-05,PV №52,carbonized_quartz-mica_hornfels_shists,0.92,376.42,108,15.86,60.0
1668017,2025-08-02 05:37:00,2025-08-02 06:05:00,101249.02,60768.12,620.23,17.51,К-р Восточный,605-E230725_P_B_9.B,5024,2025-08-02,PV №52,mica-quartz_carbonate_massive_rocks,0.92,15.89,83,2.62,654.0
1609819,2025-06-06 01:32:00,2025-06-06 01:49:00,101692.63,60115.3,639.36,12.25,К-р Восточный,630-E040625_P_B_4.A,5764,2025-06-06,PV №52,carbonized_quartz-mica_hornfels_shists,0.92,404.49,109,15.93,48.0
1581192,2025-05-08 21:48:00,2025-05-08 22:00:00,101310.92,60527.91,639.69,12.03,К-р Восточный,630-E030525_P_B_1.B,5961,2025-05-09,PV №52,quartz-mica foliated schists,0.92,439.17,109,16.63,66.0
1580245,2025-05-08 02:13:00,2025-05-08 02:26:00,101254.86,60569.48,640.52,12.62,К-р Восточный,630-E030525_P_B_1.B,6011,2025-05-08,PV №52,quartz-mica foliated schists,0.92,54.18,57,3.72,268.2
1668235,2025-08-02 11:58:00,2025-08-02 12:18:00,101269.08,60711.68,621.04,18.5,К-р Восточный,605-E230725_P_B_9.B,8172,2025-08-02,PV №52,mica-quartz_carbonate_massive_rocks,0.92,426.46,109,16.88,54.0
1580351,2025-05-08 04:21:00,2025-05-08 04:35:00,101258.95,60577.44,640.49,12.16,К-р Восточный,630-E030525_P_B_1.B,6088,2025-05-08,PV №52,quartz-mica foliated schists,0.92,412.95,109,16.52,48.0
1613060,2025-06-09 07:17:00,2025-06-09 07:41:00,101751.44,60101.84,639.03,12.01,К-р Восточный,630-E040625_P_B_4.A,5894,2025-06-09,PV №52,carbonized_quartz-mica_hornfels_shists,0.92,411.19,111,15.66,60.0
1579223,2025-05-07 01:53:00,2025-05-07 02:07:00,101249.29,60645.46,640.08,12.17,К-р Восточный,630-E030525_P_B_1.B,6059,2025-05-07,PV №52,quartz-mica foliated schists,0.92,419.95,108,17.14,48.6
1579744,2025-05-07 15:44:00,2025-05-07 15:58:00,101208.41,60665.18,640.2,12.68,К-р Восточный,630-E030525_P_B_1.B,6144,2025-05-07,PV №52,quartz-mica foliated schists,0.92,356.42,111,13.51,48.0
1667536,2025-08-01 17:53:00,2025-08-01 18:14:00,101240.7,60729.01,620.37,17.53,К-р Восточный,605-E230725_P_B_9.B,5076,2025-08-01,PV №52,mica-quartz_carbonate_massive_rocks,0.92,421.9,110,15.42,54.0
1580938,2025-05-08 17:40:00,2025-05-08 17:53:00,101288.77,60533.99,640.19,12.37,К-р Восточный,630-E030525_P_B_1.B,5890,2025-05-08,PV №52,quartz-mica foliated schists,0.92,419.82,109,15.07,54.6
1579389,2025-05-07 04:38:00,2025-05-07 04:51:00,101235.72,60651.78,640.25,12.15,К-р Восточный,630-E030525_P_B_1.B,6138,2025-05-07,PV №52,quartz-mica foliated schists,0.92,422.14,108,17.31,54.0
1665915,2025-07-31 07:28:00,2025-07-31 07:51:00,101253.32,60708.55,622.36,18.02,К-р Восточный,605-E230725_P_B_9.B,5038,2025-07-31,PV №52,mica-quartz_carbonate_massive_rocks,0.92,425.75,108,18.32,60.0
1668005,2025-08-02 05:11:00,2025-08-02 05:34:00,101242.51,60761.79,619.85,17.54,К-р Восточный,605-E230725_P_B_9.B,5044,2025-08-02,PV №52,mica-quartz_carbonate_massive_rocks,0.92,430.28,111,15.31,48.0
1611812,2025-06-08 02:21:00,2025-06-08 02:36:00,101780.6,60121.94,639.1,11.27,К-р Восточный,630-E040625_P_B_4.A,5777,2025-06-08,PV №52,carbonized_quartz-mica_hornfels_shists,0.92,407.31,109,14.83,54.0
1611032,2025-06-07 06:08:00,2025-06-07 06:24:00,101727.36,60105.68,639.26,11.67,К-р Восточный,630-E040625_P_B_4.A,5759,2025-06-07,PV №52,carbonized_quartz-mica_hornfels_shists,0.92,395.88,109,15.22,54.0
1579349,2025-05-07 04:06:00,2025-05-07 04:21:00,101225.82,60666.37,639.8,12.62,К-р Восточный,630-E030525_P_B_1.B,6146,2025-05-07,PV №52,quartz-mica foliated schists,0.93,105.94,73,6.92,137.4
1580964,2025-05-08 18:15:00,2025-05-08 18:26:00,101266.79,60540.21,640.28,12.0,К-р Восточный,630-E030525_P_B_1.B,5931,2025-05-08,PV №52,quartz-mica foliated schists,0.93,444.33,109,15.4,66.0
1578840,2025-05-06 16:03:00,2025-05-06 16:16:00,101243.35,60667.88,639.85,12.79,К-р Восточный,630-E030525_P_B_1.B,6148,2025-05-06,PV №52,quartz-mica foliated schists,0.93,399.96,109,15.41,36.0
1666155,2025-07-31 09:18:00,2025-07-31 09:39:00,101195.77,60821.6,620.14,17.08,К-р Восточный,605-E230725_P_B_9.B,4991,2025-07-31,PV №52,mica-quartz_carbonate_massive_rocks,0.93,426.12,107,19.39,60.0
1667764,2025-08-01 20:06:00,2025-08-01 20:25:00,101238.13,60705.36,620.44,18.04,К-р Восточный,605-E230725_P_B_9.B,5056,2025-08-02,PV №52,mica-quartz_carbonate_massive_rocks,0.93,420.33,110,15.69,66.0
1580023,2025-05-07 21:06:00,2025-05-07 21:20:00,101224.33,60628.38,640.14,12.61,К-р Восточный,630-E030525_P_B_1.B,6049,2025-05-08,PV №52,quartz-mica foliated schists,0.93,374.14,110,16.04,120.0
1580203,2025-05-08 01:41:00,2025-05-08 01:55:00,101245.12,60584.1,640.59,12.07,К-р Восточный,630-E030525_P_B_1.B,6023,2025-05-08,PV №52,quartz-mica foliated schists,0.93,419.36,109,15.78,54.0
1579300,2025-05-07 02:56:00,2025-05-07 03:11:00,101269.03,60616.29,639.66,12.12,К-р Восточный,630-E030525_P_B_1.B,6040,2025-05-07,PV №52,quartz-mica foliated schists,0.93,417.05,110,15.28,54.0
1609364,2025-06-05 14:39:00,2025-06-05 14:55:00,101698.35,60127.68,639.36,12.56,К-р Восточный,630-E040625_P_B_4.A,5971,2025-06-05,PV №52,carbonized_quartz-mica_hornfels_shists,0.93,370.69,109,15.36,66.0
1612353,2025-06-08 14:42:00,2025-06-08 15:01:00,101859.9,60110.53,638.86,12.05,К-р Восточный,630-E040625_P_B_4.A,5910,2025-06-08,PV №52,carbonized_quartz-mica_hornfels_shists,0.93,173.0,113,10.32,144.6
1666659,2025-07-31 22:17:00,2025-07-31 22:41:00,101219.07,60719.69,620.39,18.04,К-р Восточный,605-E230725_P_B_9.B,5063,2025-08-01,PV №52,mica-quartz_carbonate_massive_rocks,0.93,419.14,103,16.73,54.0
1611651,2025-06-07 23:38:00,2025-06-07 23:56:00,101834.76,60126.28,639.4,11.68,К-р Восточный,630-E040625_P_B_4.A,5785,2025-06-08,PV №52,carbonized_quartz-mica_hornfels_shists,0.93,403.41,111,14.03,54.0
1579852,2025-05-07 18:10:00,2025-05-07 18:23:00,101253.17,60599.96,640.17,12.02,К-р Восточный,630-E030525_P_B_1.B,6031,2025-05-07,PV №52,quartz-mica foliated schists,0.93,434.46,108,16.57,54.0
1609213,2025-06-05 11:46:00,2025-06-05 12:01:00,101745.64,60131.19,638.87,12.39,К-р Восточный,630-E040625_P_B_4.A,5978,2025-06-05,PV №52,carbonized_quartz-mica_hornfels_shists,0.93,384.12,110,14.62,48.0
1581579,2025-05-09 06:27:00,2025-05-09 06:40:00,101313.64,60497.84,640.26,13.02,К-р Восточный,630-E030525_P_B_1.B,5972,2025-05-09,PV №52,mica-quartz_carbonate_massive_rocks,0.93,441.12,109,16.75,60.0
1613668,2025-06-09 20:31:00,2025-06-09 20:47:00,101853.97,60098.24,638.99,12.01,К-р Восточный,630-E040625_P_B_4.A,5865,2025-06-10,PV №52,carbonized_quartz-mica_hornfels_shists,0.93,396.09,109,16.43,48.0
1612410,2025-06-08 16:27:00,2025-06-08 16:45:00,101826.06,60108.2,639.34,12.11,К-р Восточный,630-E040625_P_B_4.A,5905,2025-06-08,PV №52,carbonized_quartz-mica_hornfels_shists,0.93,333.73,111,13.76,54.0
1580964,2025-05-08 18:15:00,2025-05-08 18:26:00,101266.79,60540.21,640.28,12.0,К-р Восточный,630-E030525_P_B_1.B,5931,2025-05-08,PV №52,quartz-mica foliated schists,0.93,444.14,109,15.66,66.0
1582357,2025-05-10 00:17:00,2025-05-10 00:32:00,101288.53,60480.75,640.72,13.77,К-р Восточный,630-E030525_P_B_1.B,5907,2025-05-10,PV №52,mica-quartz_carbonate_massive_rocks,0.93,429.48,108,17.66,54.0
1613698,2025-06-10 00:30:00,2025-06-10 00:45:00,101850.93,60091.95,639.16,12.0,К-р Восточный,630-E040625_P_B_4.A,5661,2025-06-10,PV №52,carbonized_quartz-mica_hornfels_shists,0.93,394.24,110,15.07,48.0
1668070,2025-08-02 07:35:00,2025-08-02 08:01:00,101259.7,60756.55,620.57,18.0,К-р Восточный,605-E230725_P_B_9.B,8167,2025-08-02,PV №52,mica-quartz_carbonate_massive_rocks,0.93,315.01,110,17.22,66.0
1580662,2025-05-08 11:18:00,2025-05-08 11:31:00,101291.22,60557.3,640.1,12.03,К-р Восточный,630-E030525_P_B_1.B,5950,2025-05-08,PV №52,quartz-mica foliated schists,0.93,434.14,110,14.76,60.0
1666659,2025-07-31 22:17:00,2025-07-31 22:41:00,101219.07,60719.69,620.39,18.04,К-р Восточный,605-E230725_P_B_9.B,5063,2025-08-01,PV №52,mica-quartz_carbonate_massive_rocks,0.93,419.28,104,16.88,72.6
1580873,2025-05-08 16:31:00,2025-05-08 16:42:00,101292.66,60541.99,640.02,12.01,К-р Восточный,630-E030525_P_B_1.B,5928,2025-05-08,PV №52,quartz-mica foliated schists,0.93,426.79,110,14.98,54.0
1579130,2025-05-06 23:28:00,2025-05-06 23:42:00,101253.25,60653.44,639.85,12.14,К-р Восточный,630-E030525_P_B_1.B,6136,2025-05-07,PV №52,quartz-mica foliated schists,0.93,404.12,108,16.75,54.0
1613664,2025-06-09 23:16:00,2025-06-09 23:36:00,101813.4,60095.31,638.96,12.01,К-р Восточный,630-E040625_P_B_4.A,5871,2025-06-10,PV №52,carbonized_quartz-mica_hornfels_shists,0.93,337.54,110,14.65,54.0
1667732,2025-08-01 20:29:00,2025-08-01 20:57:00,101239.68,60696.48,620.16,18.01,К-р Восточный,605-E230725_P_B_9.B,5057,2025-08-02,PV №52,mica-quartz_carbonate_massive_rocks,0.93,423.31,109,17.99,48.0
1672889,2025-08-06 20:40:00,2025-08-06 20:59:00,101201.63,60844.76,620.55,18.11,К-р Восточный,605-E230725_P_B_9.B,4971,2025-08-07,PV №52,quartz-mica foliated schists,0.93,426.06,111,16.17,66.0
1613363,2025-06-09 15:29:00,2025-06-09 15:48:00,101725.24,60087.98,639.23,12.53,К-р Восточный,630-E040625_P_B_4.A,5884,2025-06-09,PV №52,carbonized_quartz-mica_hornfels_shists,0.93,338.8,110,13.94,35.4
1580837,2025-05-08 15:43:00,2025-05-08 15:56:00,101301.37,60542.85,640.09,12.51,К-р Восточный,630-E030525_P_B_1.B,5927,2025-05-08,PV №52,quartz-mica foliated schists,0.93,442.73,109,15.51,48.0
1672866,2025-08-06 22:20:00,2025-08-06 22:37:00,101211.12,60831.98,620.24,17.51,К-р Восточный,605-E230725_P_B_9.B,4995,2025-08-07,PV №52,mica-quartz_carbonate_massive_rocks,0.93,270.11,113,12.9,138.0
1668425,2025-08-02 16:43:00,2025-08-02 17:04:00,101261.97,60705.5,620.54,18.0,К-р Восточный,605-E230725_P_B_9.B,5031,2025-08-02,PV №52,mica-quartz_carbonate_massive_rocks,0.93,425.56,111,15.42,48.0
1581858,2025-05-09 13:23:00,2025-05-09 13:35:00,101305.97,60481.71,640.56,13.02,К-р Восточный,630-E030525_P_B_1.B,5905,2025-05-09,PV №52,mica-quartz_carbonate_massive_rocks,0.93,452.47,109,16.95,78.0
1579472,2025-05-07 07:50:00,2025-05-07 08:04:00,101217.44,60666.0,640.0,12.51,К-р Восточный,630-E030525_P_B_1.B,6145,2025-05-07,PV №52,quartz-mica foliated schists,0.94,428.5,109,15.74,53.4
1613956,2025-06-10 05:41:00,2025-06-10 06:02:00,101814.56,60083.28,638.84,12.0,К-р Восточный,630-E040625_P_B_4.A,5819,2025-06-10,PV №52,carbonized_quartz-mica_hornfels_shists,0.94,352.43,108,15.19,48.0
1578805,2025-05-06 15:19:00,2025-05-06 15:33:00,101233.45,60682.43,639.93,12.62,К-р Восточный,630-E030525_P_B_1.B,6155,2025-05-06,PV №52,quartz-mica foliated schists,0.94,439.0,110,16.32,60.0
1667536,2025-08-01 17:53:00,2025-08-01 18:14:00,101240.7,60729.01,620.37,17.53,К-р Восточный,605-E230725_P_B_9.B,5076,2025-08-01,PV №52,mica-quartz_carbonate_massive_rocks,0.94,410.14,111,14.81,54.0
1609062,2025-06-05 07:21:00,2025-06-05 07:33:00,101686.34,60136.88,639.47,12.59,К-р Восточный,630-E040625_P_B_4.A,6144,2025-06-05,PV №52,carbonized_quartz-mica_hornfels_shists,0.94,397.36,109,15.11,60.0
1609444,2025-06-05 16:07:00,2025-06-05 16:20:00,101732.41,60129.9,638.99,11.65,К-р Восточный,630-E040625_P_B_4.A,5976,2025-06-05,PV №52,fault_zone,0.94,359.53,109,14.76,60.0
1667127,2025-08-01 07:34:00,2025-08-01 08:00:00,101221.47,60791.35,620.09,17.52,К-р Восточный,605-E230725_P_B_9.B,5017,2025-08-01,PV №52,mica-quartz_carbonate_massive_rocks,0.94,419.12,111,15.44,60.0
1668969,2025-08-04 08:56:00,2025-08-04 09:15:00,101235.18,60681.44,621.74,17.52,К-р Восточный,605-E230725_P_B_9.B,5084,2025-08-03,PV №52,quartz-mica foliated schists,0.94,414.37,111,17.53,66.0
1609338,2025-06-05 14:05:00,2025-06-05 14:20:00,101684.99,60126.61,639.28,12.62,К-р Восточный,630-E040625_P_B_4.A,5969,2025-06-05,PV №52,carbonized_quartz-mica_hornfels_shists,0.94,387.0,109,15.99,54.0
1670702,2025-08-04 23:49:00,2025-08-05 00:12:00,101304.52,60635.36,621.11,19.01,К-р Восточный,605-E230725_P_B_9.B,8195,2025-08-05,PV №52,quartz-mica foliated schists,0.94,417.16,108,18.89,60.0
1613249,2025-06-09 12:11:00,2025-06-09 12:30:00,101755.43,60095.85,639.0,12.05,К-р Восточный,630-E040625_P_B_4.A,5689,2025-06-09,PV №52,carbonized_quartz-mica_hornfels_shists,0.94,406.5,110,15.99,54.0
1612235,2025-06-08 11:42:00,2025-06-08 11:58:00,101808.9,60112.44,638.95,12.1,К-р Восточный,630-E040625_P_B_4.A,5747,2025-06-08,PV №52,carbonized_quartz-mica_hornfels_shists,0.94,363.77,110,14.49,48.0
1579107,2025-05-06 23:13:00,2025-05-06 23:26:00,101248.17,60660.87,640.01,12.18,К-р Восточный,630-E030525_P_B_1.B,6070,2025-05-07,PV №52,quartz-mica foliated schists,0.94,419.05,109,15.76,60.0
1580640,2025-05-08 10:49:00,2025-05-08 11:16:00,101282.36,60556.82,640.35,12.01,К-р Восточный,630-E030525_P_B_1.B,5949,2025-05-08,PV №52,quartz-mica foliated schists,0.94,408.22,110,14.25,54.0
1666191,2025-07-31 10:02:00,2025-07-31 10:26:00,101197.04,60803.22,619.86,17.6,К-р Восточный,605-E230725_P_B_9.B,5005,2025-07-31,PV №52,mica-quartz_carbonate_massive_rocks,0.94,416.59,109,16.57,48.0
1579107,2025-05-06 23:13:00,2025-05-06 23:26:00,101248.17,60660.87,640.01,12.18,К-р Восточный,630-E030525_P_B_1.B,6070,2025-05-07,PV №52,quartz-mica foliated schists,0.94,419.58,109,16.34,54.0
1608787,2025-06-05 01:29:00,2025-06-05 01:47:00,101724.34,60139.69,639.34,12.1,К-р Восточный,630-E040625_P_B_4.A,6138,2025-06-05,PV №52,carbonized_quartz-mica_hornfels_shists,0.94,289.16,111,12.2,60.0
1580227,2025-05-08 01:57:00,2025-05-08 02:11:00,101250.03,60576.84,640.58,12.07,К-р Восточный,630-E030525_P_B_1.B,6087,2025-05-08,PV №52,quartz-mica foliated schists,0.94,417.89,110,15.66,54.0
1609737,2025-06-05 19:49:00,2025-06-05 20:05:00,101688.8,60120.05,639.36,12.81,К-р Восточный,630-E040625_P_B_4.A,6051,2025-06-06,PV №52,carbonized_quartz-mica_hornfels_shists,0.94,402.38,109,15.0,66.0
1580787,2025-05-08 14:36:00,2025-05-08 14:50:00,101323.25,60536.47,639.51,12.04,К-р Восточный,630-E030525_P_B_1.B,5985,2025-05-08,PV №52,quartz-mica foliated schists,0.94,426.22,110,15.19,54.0
1581301,2025-05-09 01:31:00,2025-05-09 01:47:00,101307.39,60519.9,639.81,12.59,К-р Восточный,630-E030525_P_B_1.B,5887,2025-05-09,PV №52,quartz-mica foliated schists,0.94,435.6,109,17.62,120.0
1580566,2025-05-08 09:29:00,2025-05-08 09:43:00,101246.43,60569.17,640.37,12.56,К-р Восточный,630-E030525_P_B_1.B,6010,2025-05-08,PV №52,quartz-mica foliated schists,0.94,419.57,109,15.79,42.0
1581505,2025-05-09 04:51:00,2025-05-09 05:09:00,101290.95,60503.34,640.45,12.66,К-р Восточный,630-E030525_P_B_1.B,5876,2025-05-09,PV №52,quartz-mica foliated schists,0.94,421.97,110,15.63,54.0
1578869,2025-05-06 16:36:00,2025-05-06 16:53:00,101264.63,60673.4,639.77,12.54,К-р Восточный,630-E030525_P_B_1.B,6074,2025-05-06,PV №52,quartz-mica foliated schists,0.94,434.26,109,16.62,54.0
1578926,2025-05-06 17:57:00,2025-05-06 18:12:00,101261.56,60661.55,639.63,12.76,К-р Восточный,630-E030525_P_B_1.B,6072,2025-05-06,PV №52,quartz-mica foliated schists,0.94,423.19,102,16.43,90.0
1668081,2025-08-02 08:04:00,2025-08-02 08:28:00,101269.93,60744.45,621.04,18.5,К-р Восточный,605-E230725_P_B_9.B,8180,2025-08-02,PV №52,mica-quartz_carbonate_massive_rocks,0.94,430.96,110,16.82,48.0
1578646,2025-05-06 15:01:00,2025-05-06 15:16:00,101240.53,60682.37,641.78,12.85,К-р Восточный,630-E030525_P_B_1.B,6154,2025-05-06,PV №52,quartz-mica foliated schists,0.94,439.35,110,16.04,60.0
1672523,2025-08-06 16:18:00,2025-08-06 16:44:00,101244.07,60807.19,620.97,18.43,К-р Восточный,605-E230725_P_B_9.B,8157,2025-08-06,PV №52,mica-quartz_carbonate_massive_rocks,0.95,406.15,111,15.83,60.0
1667112,2025-08-01 07:09:00,2025-08-01 07:32:00,101220.75,60800.39,620.05,17.51,К-р Восточный,605-E230725_P_B_9.B,5016,2025-08-01,PV №52,mica-quartz_carbonate_massive_rocks,0.95,411.09,110,16.04,54.0
1580640,2025-05-08 10:49:00,2025-05-08 11:16:00,101282.36,60556.82,640.35,12.01,К-р Восточный,630-E030525_P_B_1.B,5949,2025-05-08,PV №52,quartz-mica foliated schists,0.95,414.49,110,14.76,54.0
1578907,2025-05-06 17:24:00,2025-05-06 17:38:00,101252.09,60668.57,639.7,12.82,К-р Восточный,630-E030525_P_B_1.B,6149,2025-05-06,PV №52,quartz-mica foliated schists,0.95,372.32,109,14.38,36.0
1579300,2025-05-07 02:56:00,2025-05-07 03:11:00,101269.03,60616.29,639.66,12.12,К-р Восточный,630-E030525_P_B_1.B,6040,2025-05-07,PV №52,quartz-mica foliated schists,0.95,416.88,109,16.05,54.0
1667536,2025-08-01 17:53:00,2025-08-01 18:14:00,101240.7,60729.01,620.37,17.53,К-р Восточный,605-E230725_P_B_9.B,5076,2025-08-01,PV №52,mica-quartz_carbonate_massive_rocks,0.95,428.26,107,19.42,66.0
1668058,2025-08-02 07:08:00,2025-08-02 07:31:00,101268.27,60753.27,621.06,18.52,К-р Восточный,605-E230725_P_B_9.B,8179,2025-08-02,PV №52,mica-quartz_carbonate_massive_rocks,0.95,429.87,112,14.82,48.0
1579196,2025-05-07 00:47:00,2025-05-07 01:06:00,101229.61,60674.53,639.85,12.71,К-р Восточный,630-E030525_P_B_1.B,6079,2025-05-07,PV №52,quartz-mica foliated schists,0.95,419.38,109,15.76,54.0
1668242,2025-08-02 12:22:00,2025-08-02 12:49:00,101252.75,60750.34,619.83,17.56,К-р Восточный,605-E230725_P_B_9.B,5026,2025-08-02,PV №52,mica-quartz_carbonate_massive_rocks,0.95,423.33,110,16.17,60.0
1581431,2025-05-09 03:36:00,2025-05-09 03:51:00,101294.64,60511.81,640.22,12.73,К-р Восточный,630-E030525_P_B_1.B,5915,2025-05-09,PV №52,quartz-mica foliated schists,0.95,421.62,110,15.97,60.0
1668235,2025-08-02 11:58:00,2025-08-02 12:18:00,101269.08,60711.68,621.04,18.5,К-р Восточный,605-E230725_P_B_9.B,8172,2025-08-02,PV №52,mica-quartz_carbonate_massive_rocks,0.95,424.94,110,15.66,54.0
1668386,2025-08-02 15:37:00,2025-08-02 15:56:00,101250.96,60718.03,620.42,18.19,К-р Восточный,605-E230725_P_B_9.B,5039,2025-08-02,PV №52,mica-quartz_carbonate_massive_rocks,0.95,424.83,110,16.05,66.0
1579852,2025-05-07 18:10:00,2025-05-07 18:23:00,101253.17,60599.96,640.17,12.02,К-р Восточный,630-E030525_P_B_1.B,6031,2025-05-07,PV №52,quartz-mica foliated schists,0.95,433.48,109,15.86,54.0
1668235,2025-08-02 11:58:00,2025-08-02 12:18:00,101269.08,60711.68,621.04,18.5,К-р Восточный,605-E230725_P_B_9.B,8172,2025-08-02,PV №52,mica-quartz_carbonate_massive_rocks,0.95,423.83,111,15.57,54.0
1579140,2025-05-06 22:06:00,2025-05-06 22:20:00,101271.5,60631.84,639.63,12.18,К-р Восточный,630-E030525_P_B_1.B,6055,2025-05-07,PV №52,quartz-mica foliated schists,0.95,417.8,110,14.38,54.0
1580003,2025-05-07 22:52:00,2025-05-07 23:06:00,101230.41,60606.07,640.25,12.11,К-р Восточный,630-E030525_P_B_1.B,6107,2025-05-08,PV №52,quartz-mica foliated schists,0.95,417.55,109,16.3,60.0
1612655,2025-06-08 23:55:00,2025-06-09 00:14:00,101782.36,60098.76,639.22,11.3,К-р Восточный,630-E040625_P_B_4.A,5693,2025-06-09,PV №52,carbonized_quartz-mica_hornfels_shists,0.95,410.78,110,16.27,48.0
1670069,2025-08-04 09:37:00,2025-08-04 09:56:00,101236.86,60672.1,620.06,17.52,К-р Восточный,605-E230725_P_B_9.B,5083,2025-08-04,PV №52,quartz-mica foliated schists,0.95,429.87,110,16.98,60.0
1668425,2025-08-02 16:43:00,2025-08-02 17:04:00,101261.97,60705.5,620.54,18.0,К-р Восточный,605-E230725_P_B_9.B,5031,2025-08-02,PV №52,mica-quartz_carbonate_massive_rocks,0.95,370.91,112,13.79,54.0
1668710,2025-08-02 21:43:00,2025-08-02 22:02:00,101293.33,60670.63,621.72,19.17,К-р Восточный,605-E230725_P_B_9.B,8191,2025-08-03,PV №52,quartz-mica foliated schists,0.95,417.03,110,16.54,60.0
1582404,2025-05-10 01:17:00,2025-05-10 01:35:00,101263.9,60517.19,640.17,13.62,К-р Восточный,630-E030525_P_B_1.B,5882,2025-05-10,PV №52,quartz-mica foliated schists,0.95,428.95,108,18.51,54.0
1668005,2025-08-02 05:11:00,2025-08-02 05:34:00,101242.51,60761.79,619.85,17.54,К-р Восточный,605-E230725_P_B_9.B,5044,2025-08-02,PV №52,mica-quartz_carbonate_massive_rocks,0.95,430.47,111,15.17,66.0
1611170,2025-06-07 09:55:00,2025-06-07 10:09:00,101769.84,60126.97,638.51,11.62,К-р Восточный,630-E040625_P_B_4.A,6063,2025-06-07,PV №52,carbonized_quartz-mica_hornfels_shists,0.95,384.25,109,14.49,42.0
1580368,2025-05-08 04:37:00,2025-05-08 04:51:00,101264.01,60570.39,640.46,12.57,К-р Восточный,630-E030525_P_B_1.B,6012,2025-05-08,PV №52,quartz-mica foliated schists,0.95,419.08,109,15.62,54.0
1668484,2025-08-02 18:19:00,2025-08-02 18:41:00,101257.28,60690.66,620.42,17.51,К-р Восточный,605-E230725_P_B_9.B,5036,2025-08-02,PV №52,quartz-mica foliated schists,0.95,361.27,111,14.43,126.0
1667301,2025-08-01 11:52:00,2025-08-01 12:11:00,101235.95,60714.17,620.36,18.03,К-р Восточный,605-E230725_P_B_9.B,5055,2025-08-01,PV №52,mica-quartz_carbonate_massive_rocks,0.95,387.13,110,15.47,78.0
1611186,2025-06-07 10:11:00,2025-06-07 10:30:00,101766.89,60121.16,638.69,11.61,К-р Восточный,630-E040625_P_B_4.A,5775,2025-06-07,PV №52,carbonized_quartz-mica_hornfels_shists,0.95,397.97,108,16.38,54.0
1579085,2025-05-06 21:37:00,2025-05-06 21:50:00,101264.51,60647.02,639.81,12.07,К-р Восточный,630-E030525_P_B_1.B,6057,2025-05-07,PV №52,quartz-mica foliated schists,0.95,339.8,110,14.57,60.0
1611925,2025-06-08 04:25:00,2025-06-08 04:41:00,101845.42,60121.21,639.19,11.66,К-р Восточный,630-E040625_P_B_4.A,5946,2025-06-08,PV №52,carbonized_quartz-mica_hornfels_shists,0.95,384.77,110,16.09,42.0
1580540,2025-05-08 08:56:00,2025-05-08 09:07:00,101236.61,60583.44,640.62,12.19,К-р Восточный,630-E030525_P_B_1.B,6024,2025-05-08,PV №52,quartz-mica foliated schists,0.95,415.93,109,16.09,48.0
1580041,2025-05-07 22:30:00,2025-05-07 22:44:00,101249.02,60591.89,640.44,12.12,К-р Восточный,630-E030525_P_B_1.B,6101,2025-05-08,PV №52,quartz-mica foliated schists,0.95,416.22,109,16.05,60.0
1580744,2025-05-08 13:25:00,2025-05-08 13:41:00,101338.17,60530.32,639.29,12.01,К-р Восточный,630-E030525_P_B_1.B,5958,2025-05-08,PV №52,mica-quartz_carbonate_massive_rocks,0.95,430.01,108,17.61,54.0
1668101,2025-08-02 08:47:00,2025-08-02 09:11:00,101261.44,60747.14,621.67,18.45,К-р Восточный,605-E230725_P_B_9.B,8168,2025-08-02,PV №52,mica-quartz_carbonate_massive_rocks,0.95,430.21,111,16.12,54.0
1578805,2025-05-06 15:19:00,2025-05-06 15:33:00,101233.45,60682.43,639.93,12.62,К-р Восточный,630-E030525_P_B_1.B,6155,2025-05-06,PV №52,quartz-mica foliated schists,0.95,439.35,109,16.57,54.0
1609708,2025-06-05 22:55:00,2025-06-05 23:09:00,101749.46,60125.21,639.3,11.47,К-р Восточный,630-E040625_P_B_4.A,6060,2025-06-06,PV №52,carbonized_quartz-mica_hornfels_shists,0.95,367.59,110,13.53,72.0
1672857,2025-08-06 23:47:00,2025-08-07 00:05:00,101227.85,60814.82,619.99,18.36,К-р Восточный,605-E230725_P_B_9.B,5002,2025-08-07,PV №52,mica-quartz_carbonate_massive_rocks,0.96,282.44,108,14.38,90.0
1612410,2025-06-08 16:27:00,2025-06-08 16:45:00,101826.06,60108.2,639.34,12.11,К-р Восточный,630-E040625_P_B_4.A,5905,2025-06-08,PV №52,carbonized_quartz-mica_hornfels_shists,0.96,424.57,109,16.29,66.0
1609108,2025-06-05 08:39:00,2025-06-05 08:54:00,101701.41,60133.2,639.42,12.58,К-р Восточный,630-E040625_P_B_4.A,6047,2025-06-05,PV №52,carbonized_quartz-mica_hornfels_shists,0.96,356.31,108,16.62,42.0
1613383,2025-06-09 15:51:00,2025-06-09 16:09:00,101732.09,60088.49,638.99,12.03,К-р Восточный,630-E040625_P_B_4.A,5883,2025-06-09,PV №52,carbonized_quartz-mica_hornfels_shists,0.96,230.25,107,11.16,54.0
1668784,2025-08-03 01:32:00,2025-08-03 01:51:00,101259.22,60681.48,620.47,17.63,К-р Восточный,605-E230725_P_B_9.B,5035,2025-08-03,PV №52,quartz-mica foliated schists,0.96,392.79,111,16.41,48.0
1612060,2025-06-08 07:46:00,2025-06-08 08:01:00,101791.4,60116.93,638.91,11.59,К-р Восточный,630-E040625_P_B_4.A,5954,2025-06-08,PV №52,carbonized_quartz-mica_hornfels_shists,0.96,397.74,110,14.68,60.0
1579372,2025-05-07 04:23:00,2025-05-07 04:36:00,101230.79,60659.17,640.16,12.63,К-р Восточный,630-E030525_P_B_1.B,6068,2025-05-07,PV №52,quartz-mica foliated schists,0.96,420.89,109,16.58,54.0
1609364,2025-06-05 14:39:00,2025-06-05 14:55:00,101698.35,60127.68,639.36,12.56,К-р Восточный,630-E040625_P_B_4.A,5971,2025-06-05,PV №52,carbonized_quartz-mica_hornfels_shists,0.96,377.05,110,14.41,48.0
1578893,2025-05-06 17:10:00,2025-05-06 17:22:00,101255.6,60676.73,639.78,12.53,К-р Восточный,630-E030525_P_B_1.B,6076,2025-05-06,PV №52,quartz-mica foliated schists,0.96,427.6,108,16.69,54.0
1579229,2025-05-07 01:39:00,2025-05-07 01:51:00,101244.24,60652.57,640.17,12.31,К-р Восточный,630-E030525_P_B_1.B,6137,2025-05-07,PV №52,quartz-mica foliated schists,0.96,364.29,108,18.15,54.0
1668070,2025-08-02 07:35:00,2025-08-02 08:01:00,101259.7,60756.55,620.57,18.0,К-р Восточный,605-E230725_P_B_9.B,8167,2025-08-02,PV №52,mica-quartz_carbonate_massive_rocks,0.96,430.9,110,16.63,54.0
1668437,2025-08-02 17:07:00,2025-08-02 17:27:00,101277.84,60709.12,621.34,19.0,К-р Восточный,605-E230725_P_B_9.B,8184,2025-08-02,PV №52,mica-quartz_carbonate_massive_rocks,0.96,428.82,109,17.74,54.0
1668969,2025-08-04 08:56:00,2025-08-04 09:15:00,101235.18,60681.44,621.74,17.52,К-р Восточный,605-E230725_P_B_9.B,5084,2025-08-03,PV №52,quartz-mica foliated schists,0.96,418.9,110,18.82,60.0
1611651,2025-06-07 23:38:00,2025-06-07 23:56:00,101834.76,60126.28,639.4,11.68,К-р Восточный,630-E040625_P_B_4.A,5785,2025-06-08,PV №52,carbonized_quartz-mica_hornfels_shists,0.96,400.99,111,14.26,54.0
1609150,2025-06-05 09:31:00,2025-06-05 09:46:00,101721.53,60135.0,639.25,12.58,К-р Восточный,630-E040625_P_B_4.A,6044,2025-06-05,PV №52,carbonized_quartz-mica_hornfels_shists,0.96,399.16,109,15.17,48.0
1579138,2025-05-06 21:17:00,2025-05-06 21:32:00,101291.05,60610.15,639.83,12.56,К-р Восточный,630-E030525_P_B_1.B,6114,2025-05-07,PV №52,quartz-mica foliated schists,0.96,410.03,108,17.61,54.0
1609140,2025-06-05 09:11:00,2025-06-05 09:29:00,101714.77,60134.56,639.32,12.63,К-р Восточный,630-E040625_P_B_4.A,6045,2025-06-05,PV №52,carbonized_quartz-mica_hornfels_shists,0.96,399.21,109,16.51,60.0
1670707,2025-08-04 19:35:00,2025-08-04 19:57:00,101297.07,60661.65,621.65,19.51,К-р Восточный,605-E230725_P_B_9.B,8192,2025-08-05,PV №52,quartz-mica foliated schists,0.96,406.69,109,19.12,54.0
1581770,2025-05-09 11:14:00,2025-05-09 11:27:00,101291.51,60488.7,640.58,13.0,К-р Восточный,630-E030525_P_B_1.B,5871,2025-05-09,PV №52,quartz-mica foliated schists,0.96,428.24,110,15.37,54.0
1609364,2025-06-05 14:39:00,2025-06-05 14:55:00,101698.35,60127.68,639.36,12.56,К-р Восточный,630-E040625_P_B_4.A,5971,2025-06-05,PV №52,carbonized_quartz-mica_hornfels_shists,0.96,401.23,109,15.4,48.0
1579669,2025-05-07 13:35:00,2025-05-07 13:49:00,101261.6,60600.3,640.04,11.52,К-р Восточный,630-E030525_P_B_1.B,6032,2025-05-07,PV №52,quartz-mica foliated schists,0.96,359.44,111,14.07,48.0
1581154,2025-05-08 23:41:00,2025-05-08 23:52:00,101343.77,60507.68,639.54,12.72,К-р Восточный,630-E030525_P_B_1.B,5994,2025-05-09,PV №52,mica-quartz_carbonate_massive_rocks,0.96,400.99,110,15.56,48.0
1668437,2025-08-02 17:07:00,2025-08-02 17:27:00,101277.84,60709.12,621.34,19.0,К-р Восточный,605-E230725_P_B_9.B,8184,2025-08-02,PV №52,mica-quartz_carbonate_massive_rocks,0.96,427.49,110,15.96,60.0
1609166,2025-06-05 09:48:00,2025-06-05 10:03:00,101728.27,60135.44,639.05,12.09,К-р Восточный,630-E040625_P_B_4.A,6043,2025-06-05,PV №52,carbonized_quartz-mica_hornfels_shists,0.96,395.06,109,15.33,42.0
1581579,2025-05-09 06:27:00,2025-05-09 06:40:00,101313.64,60497.84,640.26,13.02,К-р Восточный,630-E030525_P_B_1.B,5972,2025-05-09,PV №52,mica-quartz_carbonate_massive_rocks,0.96,420.51,110,16.27,54.0
1666091,2025-07-31 07:53:00,2025-07-31 08:14:00,101246.98,60702.49,620.63,18.01,К-р Восточный,605-E230725_P_B_9.B,5079,2025-07-31,PV №52,mica-quartz_carbonate_massive_rocks,0.96,423.38,110,15.9,48.0
1612019,2025-06-08 06:12:00,2025-06-08 06:29:00,101804.75,60118.4,639.29,11.69,К-р Восточный,630-E040625_P_B_4.A,5952,2025-06-08,PV №52,carbonized_quartz-mica_hornfels_shists,0.96,346.61,110,14.42,30.0
1580069,2025-05-07 21:22:00,2025-05-07 21:35:00,101229.15,60621.08,640.21,12.4,К-р Восточный,630-E030525_P_B_1.B,6121,2025-05-08,PV №52,quartz-mica foliated schists,0.96,190.5,88,9.49,89.4
1668144,2025-08-02 09:39:00,2025-08-02 10:05:00,101272.14,60735.25,621.25,18.56,К-р Восточный,605-E230725_P_B_9.B,8181,2025-08-02,PV №52,mica-quartz_carbonate_massive_rocks,0.96,429.72,110,16.18,66.0
1668005,2025-08-02 05:11:00,2025-08-02 05:34:00,101242.51,60761.79,619.85,17.54,К-р Восточный,605-E230725_P_B_9.B,5044,2025-08-02,PV №52,mica-quartz_carbonate_massive_rocks,0.96,409.21,111,15.55,71.4
1580893,2025-05-08 16:44:00,2025-05-08 16:54:00,101297.01,60534.63,640.1,12.0,К-р Восточный,630-E030525_P_B_1.B,5889,2025-05-08,PV №52,quartz-mica foliated schists,0.96,448.32,108,16.98,54.0
1611282,2025-06-07 14:31:00,2025-06-07 14:49:00,101847.75,60139.0,640.62,12.1,К-р Восточный,630-E040625_P_B_4.A,5993,2025-06-07,PV №52,carbonized_quartz-mica_hornfels_shists,0.97,328.0,109,17.25,114.0
1580867,2025-05-08 16:18:00,2025-05-08 16:30:00,101287.72,60549.18,640.12,12.22,К-р Восточный,630-E030525_P_B_1.B,5902,2025-05-08,PV №52,quartz-mica foliated schists,0.97,445.07,108,17.66,54.0
1580662,2025-05-08 11:18:00,2025-05-08 11:31:00,101291.22,60557.3,640.1,12.03,К-р Восточный,630-E030525_P_B_1.B,5950,2025-05-08,PV №52,quartz-mica foliated schists,0.97,434.66,110,15.02,54.0
1668767,2025-08-03 01:11:00,2025-08-03 01:29:00,101250.05,60684.6,620.57,17.63,К-р Восточный,605-E230725_P_B_9.B,5081,2025-08-03,PV №52,quartz-mica foliated schists,0.97,415.47,109,18.45,66.0
1666830,2025-08-01 01:12:00,2025-08-01 01:40:00,101214.89,60778.02,620.29,17.57,К-р Восточный,605-E230725_P_B_9.B,5070,2025-08-01,PV №52,mica-quartz_carbonate_massive_rocks,0.97,371.3,106,17.48,42.0
1579349,2025-05-07 04:06:00,2025-05-07 04:21:00,101225.82,60666.37,639.8,12.62,К-р Восточный,630-E030525_P_B_1.B,6146,2025-05-07,PV №52,quartz-mica foliated schists,0.97,420.61,108,16.87,54.0
1668391,2025-08-02 15:58:00,2025-08-02 16:19:00,101258.76,60723.29,620.66,18.02,К-р Восточный,605-E230725_P_B_9.B,5029,2025-08-02,PV №52,mica-quartz_carbonate_massive_rocks,0.97,427.03,109,17.91,42.6
1670430,2025-08-04 17:22:00,2025-08-04 17:48:00,101287.27,60666.88,621.34,18.51,К-р Восточный,605-E230725_P_B_9.B,8189,2025-08-04,PV №52,quartz-mica foliated schists,0.97,430.64,109,18.29,48.0
1672827,2025-08-06 20:19:00,2025-08-06 20:37:00,101195.52,60830.61,620.21,17.61,К-р Восточный,605-E230725_P_B_9.B,4990,2025-08-07,PV №52,mica-quartz_carbonate_massive_rocks,0.97,334.17,96,15.33,54.0
1579300,2025-05-07 02:56:00,2025-05-07 03:11:00,101269.03,60616.29,639.66,12.12,К-р Восточный,630-E030525_P_B_1.B,6040,2025-05-07,PV №52,quartz-mica foliated schists,0.97,418.08,109,15.62,60.0
1579519,2025-05-07 09:10:00,2025-05-07 09:23:00,101242.29,60629.88,640.22,12.57,К-р Восточный,630-E030525_P_B_1.B,6051,2025-05-07,PV №52,quartz-mica foliated schists,0.97,398.08,110,14.93,36.0
1610920,2025-06-07 04:00:00,2025-06-07 04:17:00,101750.6,60113.76,639.21,11.53,К-р Восточный,630-E040625_P_B_4.A,5960,2025-06-07,PV №52,carbonized_quartz-mica_hornfels_shists,0.97,383.87,109,15.93,36.0
1579675,2025-05-07 13:52:00,2025-05-07 14:06:00,101266.39,60593.1,640.24,12.12,К-р Восточный,630-E030525_P_B_1.B,6099,2025-05-07,PV №52,quartz-mica foliated schists,0.97,433.05,109,16.53,60.0
1581311,2025-05-09 01:49:00,2025-05-09 02:03:00,101315.89,60520.76,640.0,12.77,К-р Восточный,630-E030525_P_B_1.B,5990,2025-05-09,PV №52,quartz-mica foliated schists,0.97,424.53,109,16.77,66.0
1579117,2025-05-06 22:39:00,2025-05-06 22:51:00,101277.94,60617.0,639.78,12.21,К-р Восточный,630-E030525_P_B_1.B,6039,2025-05-07,PV №52,quartz-mica foliated schists,0.97,417.8,110,15.15,66.0
1580012,2025-05-07 20:17:00,2025-05-07 20:31:00,101220.4,60620.35,640.4,12.9,К-р Восточный,630-E030525_P_B_1.B,6122,2025-05-08,PV №52,quartz-mica foliated schists,0.97,168.42,90,9.22,84.0
1582379,2025-05-10 00:34:00,2025-05-10 00:50:00,101282.69,60488.3,640.56,13.54,К-р Восточный,630-E030525_P_B_1.B,5870,2025-05-10,PV №52,quartz-mica foliated schists,0.97,433.01,109,16.78,54.0
1666318,2025-07-31 13:28:00,2025-07-31 13:52:00,101206.38,60740.55,620.25,17.61,К-р Восточный,605-E230725_P_B_9.B,5098,2025-07-31,PV №52,mica-quartz_carbonate_massive_rocks,0.97,414.7,110,15.13,72.0
1672878,2025-08-06 19:58:00,2025-08-06 20:16:00,101194.63,60840.0,620.48,17.5,К-р Восточный,605-E230725_P_B_9.B,4989,2025-08-07,PV №52,quartz-mica foliated schists,0.97,426.98,111,15.5,66.0
1580386,2025-05-08 04:56:00,2025-05-08 05:08:00,101307.19,60573.95,640.04,12.71,К-р Восточный,630-E030525_P_B_1.B,5952,2025-05-08,PV №52,quartz-mica foliated schists,0.97,421.65,108,17.11,54.0
1580952,2025-05-08 17:59:00,2025-05-08 18:12:00,101261.27,60547.81,640.38,12.5,К-р Восточный,630-E030525_P_B_1.B,5899,2025-05-08,PV №52,quartz-mica foliated schists,0.97,396.93,109,16.29,60.0
1579229,2025-05-07 01:39:00,2025-05-07 01:51:00,101244.24,60652.57,640.17,12.31,К-р Восточный,630-E030525_P_B_1.B,6137,2025-05-07,PV №52,quartz-mica foliated schists,0.97,419.09,107,18.57,54.0
1611076,2025-06-07 07:58:00,2025-06-07 08:12:00,101756.67,60126.1,638.73,11.56,К-р Восточный,630-E040625_P_B_4.A,6061,2025-06-07,PV №52,carbonized_quartz-mica_hornfels_shists,0.97,367.97,110,14.36,48.0
1579433,2025-05-07 05:39:00,2025-05-07 05:52:00,101255.43,60623.0,639.89,12.17,К-р Восточный,630-E030525_P_B_1.B,6118,2025-05-07,PV №52,quartz-mica foliated schists,0.97,421.07,110,15.73,54.0
1672584,2025-08-06 17:18:00,2025-08-06 17:40:00,101239.12,60816.46,620.58,18.43,К-р Восточный,605-E230725_P_B_9.B,8156,2025-08-06,PV №52,mica-quartz_carbonate_massive_rocks,0.97,366.2,113,13.66,60.0
1579730,2025-05-07 15:29:00,2025-05-07 15:42:00,101204.95,60672.06,639.83,12.54,К-р Восточный,630-E030525_P_B_1.B,6082,2025-05-07,PV №52,quartz-mica foliated schists,0.97,434.69,109,15.69,54.0
1666489,2025-07-31 18:11:00,2025-07-31 18:48:00,101213.25,60746.54,620.13,17.5,К-р Восточный,605-E230725_P_B_9.B,5066,2025-07-31,PV №52,mica-quartz_carbonate_massive_rocks,0.97,103.82,91,8.69,167.4
1580766,2025-05-08 14:00:00,2025-05-08 14:14:00,101327.8,60544.84,639.62,12.55,К-р Восточный,630-E030525_P_B_1.B,5957,2025-05-08,PV №52,quartz-mica foliated schists,0.97,387.03,109,15.14,60.0
1670430,2025-08-04 17:22:00,2025-08-04 17:48:00,101287.27,60666.88,621.34,18.51,К-р Восточный,605-E230725_P_B_9.B,8189,2025-08-04,PV №52,quartz-mica foliated schists,0.97,343.26,112,14.79,66.0
1666172,2025-07-31 09:42:00,2025-07-31 10:00:00,101196.48,60812.38,620.0,17.71,К-р Восточный,605-E230725_P_B_9.B,4992,2025-07-31,PV №52,mica-quartz_carbonate_massive_rocks,0.97,390.43,110,16.07,60.0
1666674,2025-07-31 21:11:00,2025-07-31 21:31:00,101215.84,60696.05,621.43,18.51,К-р Восточный,605-E230725_P_B_9.B,5103,2025-08-01,PV №52,mica-quartz_carbonate_massive_rocks,0.97,421.4,107,18.73,66.0
1581473,2025-05-09 04:32:00,2025-05-09 04:47:00,101282.12,60502.77,640.16,12.64,К-р Восточный,630-E030525_P_B_1.B,5877,2025-05-09,PV №52,quartz-mica foliated schists,0.98,415.74,108,15.08,66.0
1579675,2025-05-07 13:52:00,2025-05-07 14:06:00,101266.39,60593.1,640.24,12.12,К-р Восточный,630-E030525_P_B_1.B,6099,2025-05-07,PV №52,quartz-mica foliated schists,0.98,436.47,108,18.21,54.0
1668645,2025-08-02 19:52:00,2025-08-02 20:27:00,101285.48,60696.18,621.3,20.93,К-р Восточный,605-E230725_P_B_9.B,8161,2025-08-03,PV №52,quartz-mica foliated schists,0.98,318.0,106,18.78,60.0
1581770,2025-05-09 11:14:00,2025-05-09 11:27:00,101291.51,60488.7,640.58,13.0,К-р Восточный,630-E030525_P_B_1.B,5871,2025-05-09,PV №52,quartz-mica foliated schists,0.98,447.16,110,15.47,60.0
1580867,2025-05-08 16:18:00,2025-05-08 16:30:00,101287.72,60549.18,640.12,12.22,К-р Восточный,630-E030525_P_B_1.B,5902,2025-05-08,PV №52,quartz-mica foliated schists,0.98,445.8,108,17.6,54.0
1666452,2025-07-31 17:09:00,2025-07-31 17:41:00,101209.34,60764.47,620.12,17.5,К-р Восточный,605-E230725_P_B_9.B,5068,2025-07-31,PV №52,mica-quartz_carbonate_massive_rocks,0.98,416.44,109,16.09,90.0
1609070,2025-06-05 07:35:00,2025-06-05 07:48:00,101692.03,60138.05,639.35,12.56,К-р Восточный,630-E040625_P_B_4.A,6143,2025-06-05,PV №52,carbonized_quartz-mica_hornfels_shists,0.98,400.96,108,15.97,54.0
1578927,2025-05-06 18:14:00,2025-05-06 18:26:00,101255.11,60661.09,639.85,12.17,К-р Восточный,630-E030525_P_B_1.B,6071,2025-05-06,PV №52,quartz-mica foliated schists,0.98,396.34,109,15.19,54.0
1580227,2025-05-08 01:57:00,2025-05-08 02:11:00,101250.03,60576.84,640.58,12.07,К-р Восточный,630-E030525_P_B_1.B,6087,2025-05-08,PV №52,quartz-mica foliated schists,0.98,418.45,109,16.02,60.0
1668131,2025-08-02 09:14:00,2025-08-02 09:35:00,101263.56,60738.03,620.44,18.26,К-р Восточный,605-E230725_P_B_9.B,8169,2025-08-02,PV №52,mica-quartz_carbonate_massive_rocks,0.98,407.36,108,19.55,54.0
1581106,2025-05-08 22:20:00,2025-05-08 22:32:00,101328.62,60529.07,639.53,12.21,К-р Восточный,630-E030525_P_B_1.B,5959,2025-05-09,PV №52,mica-quartz_carbonate_massive_rocks,0.98,438.78,109,16.41,54.0
1579372,2025-05-07 04:23:00,2025-05-07 04:36:00,101230.79,60659.17,640.16,12.63,К-р Восточный,630-E030525_P_B_1.B,6068,2025-05-07,PV №52,quartz-mica foliated schists,0.98,420.43,109,16.31,72.0
1579298,2025-05-07 02:39:00,2025-05-07 02:55:00,101264.46,60623.66,639.75,12.12,К-р Восточный,630-E030525_P_B_1.B,6117,2025-05-07,PV №52,quartz-mica foliated schists,0.98,418.25,109,15.34,60.6
1665915,2025-07-31 07:28:00,2025-07-31 07:51:00,101253.32,60708.55,622.36,18.02,К-р Восточный,605-E230725_P_B_9.B,5038,2025-07-31,PV №52,mica-quartz_carbonate_massive_rocks,0.98,422.71,110,16.15,60.0
1613859,2025-06-10 03:24:00,2025-06-10 03:43:00,101796.74,60088.05,639.05,12.51,К-р Восточный,630-E040625_P_B_4.A,5669,2025-06-10,PV №52,carbonized_quartz-mica_hornfels_shists,0.98,333.77,111,14.38,42.0
1666674,2025-07-31 21:11:00,2025-07-31 21:31:00,101215.84,60696.05,621.43,18.51,К-р Восточный,605-E230725_P_B_9.B,5103,2025-08-01,PV №52,mica-quartz_carbonate_massive_rocks,0.98,419.67,108,17.7,60.0
1580344,2025-05-08 04:04:00,2025-05-08 04:17:00,101267.74,60578.15,640.47,12.26,К-р Восточный,630-E030525_P_B_1.B,6089,2025-05-08,PV №52,quartz-mica foliated schists,0.98,419.76,109,16.34,60.0
1582419,2025-05-10 01:37:00,2025-05-10 01:52:00,101268.52,60510.08,640.42,13.26,К-р Восточный,630-E030525_P_B_1.B,5918,2025-05-10,PV №52,quartz-mica foliated schists,0.98,429.96,109,16.27,60.0
1580709,2025-05-08 12:21:00,2025-05-08 12:33:00,101323.04,60552.11,639.47,12.02,К-р Восточный,630-E030525_P_B_1.B,5982,2025-05-08,PV №52,quartz-mica foliated schists,0.98,442.28,109,15.27,60.0
1580873,2025-05-08 16:31:00,2025-05-08 16:42:00,101292.66,60541.99,640.02,12.01,К-р Восточный,630-E030525_P_B_1.B,5928,2025-05-08,PV №52,quartz-mica foliated schists,0.98,427.33,110,15.24,60.0
1667112,2025-08-01 07:09:00,2025-08-01 07:32:00,101220.75,60800.39,620.05,17.51,К-р Восточный,605-E230725_P_B_9.B,5016,2025-08-01,PV №52,mica-quartz_carbonate_massive_rocks,0.98,419.13,110,15.59,60.0
1580744,2025-05-08 13:25:00,2025-05-08 13:41:00,101338.17,60530.32,639.29,12.01,К-р Восточный,630-E030525_P_B_1.B,5958,2025-05-08,PV №52,mica-quartz_carbonate_massive_rocks,0.98,432.17,107,18.32,48.0
1579675,2025-05-07 13:52:00,2025-05-07 14:06:00,101266.39,60593.1,640.24,12.12,К-р Восточный,630-E030525_P_B_1.B,6099,2025-05-07,PV №52,quartz-mica foliated schists,0.98,434.47,108,17.15,54.0
1580662,2025-05-08 11:18:00,2025-05-08 11:31:00,101291.22,60557.3,640.1,12.03,К-р Восточный,630-E030525_P_B_1.B,5950,2025-05-08,PV №52,quartz-mica foliated schists,0.98,419.09,110,14.61,60.0
1579720,2025-05-07 15:11:00,2025-05-07 15:25:00,101209.36,60649.89,640.16,12.52,К-р Восточный,630-E030525_P_B_1.B,6141,2025-05-07,PV №52,quartz-mica foliated schists,0.98,433.29,109,15.22,60.0
1578927,2025-05-06 18:14:00,2025-05-06 18:26:00,101255.11,60661.09,639.85,12.17,К-р Восточный,630-E030525_P_B_1.B,6071,2025-05-06,PV №52,quartz-mica foliated schists,0.98,437.21,108,16.9,60.0
1580368,2025-05-08 04:37:00,2025-05-08 04:51:00,101264.01,60570.39,640.46,12.57,К-р Восточный,630-E030525_P_B_1.B,6012,2025-05-08,PV №52,quartz-mica foliated schists,0.98,418.99,109,15.78,66.0
1579389,2025-05-07 04:38:00,2025-05-07 04:51:00,101235.72,60651.78,640.25,12.15,К-р Восточный,630-E030525_P_B_1.B,6138,2025-05-07,PV №52,quartz-mica foliated schists,0.98,419.36,108,17.14,60.0
1615028,2025-06-11 05:48:00,2025-06-11 06:07:00,101777.39,60075.52,639.37,12.01,К-р Восточный,630-E040625_P_B_4.A,5608,2025-06-11,PV №52,carbonized_quartz-mica_hornfels_shists,0.98,387.65,109,16.6,42.0
1668685,2025-08-02 22:58:00,2025-08-02 23:19:00,101279.42,60699.63,621.29,18.9,К-р Восточный,605-E230725_P_B_9.B,8185,2025-08-03,PV №52,quartz-mica foliated schists,0.99,425.43,110,17.37,66.0
1580580,2025-05-08 09:45:00,2025-05-08 09:57:00,101251.46,60561.67,640.61,12.53,К-р Восточный,630-E030525_P_B_1.B,5937,2025-05-08,PV №52,quartz-mica foliated schists,0.99,418.62,108,16.64,60.0
1668662,2025-08-02 22:06:00,2025-08-02 22:29:00,101285.8,60673.51,621.42,18.58,К-р Восточный,605-E230725_P_B_9.B,8188,2025-08-03,PV №52,quartz-mica foliated schists,0.99,431.97,108,20.26,60.0
1608787,2025-06-05 01:29:00,2025-06-05 01:47:00,101724.34,60139.69,639.34,12.1,К-р Восточный,630-E040625_P_B_4.A,6138,2025-06-05,PV №52,carbonized_quartz-mica_hornfels_shists,0.99,10.92,0,1.46,239.4
1580967,2025-05-08 18:29:00,2025-05-08 18:41:00,101270.0,60547.91,640.36,12.5,К-р Восточный,630-E030525_P_B_1.B,5900,2025-05-08,PV №52,quartz-mica foliated schists,0.99,429.71,108,16.42,60.0
1581466,2025-05-09 04:12:00,2025-05-09 04:27:00,101312.18,60512.81,640.0,12.66,К-р Восточный,630-E030525_P_B_1.B,5962,2025-05-09,PV №52,quartz-mica foliated schists,0.99,422.46,106,15.64,60.0
1580938,2025-05-08 17:40:00,2025-05-08 17:53:00,101288.77,60533.99,640.19,12.37,К-р Восточный,630-E030525_P_B_1.B,5890,2025-05-08,PV №52,quartz-mica foliated schists,0.99,402.35,109,16.17,60.0
1580546,2025-05-08 09:15:00,2025-05-08 09:27:00,101241.09,60576.04,640.39,12.59,К-р Восточный,630-E030525_P_B_1.B,6086,2025-05-08,PV №52,quartz-mica foliated schists,0.99,417.81,109,16.32,66.0
1579803,2025-05-07 17:05:00,2025-05-07 17:18:00,101233.03,60628.91,640.03,12.26,К-р Восточный,630-E030525_P_B_1.B,6050,2025-05-07,PV №52,quartz-mica foliated schists,0.99,406.22,109,15.63,60.0
1579535,2025-05-07 09:26:00,2025-05-07 09:38:00,101246.86,60622.72,640.18,12.22,К-р Восточный,630-E030525_P_B_1.B,6119,2025-05-07,PV №52,quartz-mica foliated schists,0.99,413.32,108,18.08,54.0
1579126,2025-05-06 22:55:00,2025-05-06 23:07:00,101282.91,60609.81,639.82,12.15,К-р Восточный,630-E030525_P_B_1.B,6113,2025-05-07,PV №52,quartz-mica foliated schists,0.99,399.64,110,14.66,54.0
1579319,2025-05-07 03:33:00,2025-05-07 03:47:00,101215.47,60681.16,640.27,12.64,К-р Восточный,630-E030525_P_B_1.B,6157,2025-05-07,PV №52,quartz-mica foliated schists,0.99,422.08,109,15.99,66.0
1579121,2025-05-06 19:36:00,2025-05-06 19:49:00,101276.2,60636.97,639.76,12.21,К-р Восточный,630-E030525_P_B_1.B,6056,2025-05-07,PV №52,quartz-mica foliated schists,0.99,421.07,110,15.3,59.4
1580612,2025-05-08 10:16:00,2025-05-08 10:29:00,101265.01,60555.24,640.3,12.51,К-р Восточный,630-E030525_P_B_1.B,5947,2025-05-08,PV №52,quartz-mica foliated schists,0.99,404.5,107,18.59,54.0
1672833,2025-08-06 23:00:00,2025-08-06 23:17:00,101219.42,60827.91,620.19,17.57,К-р Восточный,605-E230725_P_B_9.B,4978,2025-08-07,PV №52,mica-quartz_carbonate_massive_rocks,0.99,425.63,110,17.08,54.0
1580546,2025-05-08 09:15:00,2025-05-08 09:27:00,101241.09,60576.04,640.39,12.59,К-р Восточный,630-E030525_P_B_1.B,6086,2025-05-08,PV №52,quartz-mica foliated schists,0.99,417.36,109,16.04,54.0
1666118,2025-07-31 08:16:00,2025-07-31 08:35:00,101255.01,60699.67,620.53,18.02,К-р Восточный,605-E230725_P_B_9.B,5037,2025-07-31,PV №52,quartz-mica foliated schists,0.99,419.2,111,14.89,60.0
1581505,2025-05-09 04:51:00,2025-05-09 05:09:00,101290.95,60503.34,640.45,12.66,К-р Восточный,630-E030525_P_B_1.B,5876,2025-05-09,PV №52,quartz-mica foliated schists,0.99,425.66,102,16.39,48.0
1668425,2025-08-02 16:43:00,2025-08-02 17:04:00,101261.97,60705.5,620.54,18.0,К-р Восточный,605-E230725_P_B_9.B,5031,2025-08-02,PV №52,mica-quartz_carbonate_massive_rocks,0.99,425.38,111,15.13,54.0
1611692,2025-06-07 22:18:00,2025-06-07 22:36:00,101861.93,60128.11,639.47,11.33,К-р Восточный,630-E040625_P_B_4.A,5789,2025-06-08,PV №52,carbonized_quartz-mica_hornfels_shists,0.99,390.95,110,15.47,54.0
1666353,2025-07-31 14:28:00,2025-07-31 14:50:00,101204.2,60817.85,619.72,17.53,К-р Восточный,605-E230725_P_B_9.B,4974,2025-07-31,PV №52,mica-quartz_carbonate_massive_rocks,0.99,418.84,108,18.54,60.0
1579492,2025-05-07 08:07:00,2025-05-07 08:21:00,101222.25,60658.69,640.07,12.74,К-р Восточный,630-E030525_P_B_1.B,6067,2025-05-07,PV №52,quartz-mica foliated schists,0.99,431.77,109,16.56,66.0
1609364,2025-06-05 14:39:00,2025-06-05 14:55:00,101698.35,60127.68,639.36,12.56,К-р Восточный,630-E040625_P_B_4.A,5971,2025-06-05,PV №52,carbonized_quartz-mica_hornfels_shists,0.99,277.62,111,12.54,36.0
1580967,2025-05-08 18:29:00,2025-05-08 18:41:00,101270.0,60547.91,640.36,12.5,К-р Восточный,630-E030525_P_B_1.B,5900,2025-05-08,PV №52,quartz-mica foliated schists,0.99,430.34,108,16.74,54.0
1579444,2025-05-07 05:54:00,2025-05-07 06:08:00,101260.52,60615.82,639.9,12.13,К-р Восточный,630-E030525_P_B_1.B,6041,2025-05-07,PV №52,quartz-mica foliated schists,0.99,423.36,110,15.61,66.0
1579107,2025-05-06 23:13:00,2025-05-06 23:26:00,101248.17,60660.87,640.01,12.18,К-р Восточный,630-E030525_P_B_1.B,6070,2025-05-07,PV №52,quartz-mica foliated schists,0.99,420.44,108,16.95,60.0
1580320,2025-05-08 03:49:00,2025-05-08 04:02:00,101276.38,60578.7,640.41,12.16,К-р Восточный,630-E030525_P_B_1.B,6090,2025-05-08,PV №52,quartz-mica foliated schists,0.99,413.19,110,15.44,60.0
1666659,2025-07-31 22:17:00,2025-07-31 22:41:00,101219.07,60719.69,620.39,18.04,К-р Восточный,605-E230725_P_B_9.B,5063,2025-08-01,PV №52,mica-quartz_carbonate_massive_rocks,0.99,421.48,103,17.75,60.0
1578945,2025-05-06 19:01:00,2025-05-06 19:15:00,101270.0,60650.86,639.91,12.21,К-р Восточный,630-E030525_P_B_1.B,6133,2025-05-06,PV №52,quartz-mica foliated schists,0.99,419.82,110,15.06,60.0
1580203,2025-05-08 01:41:00,2025-05-08 01:55:00,101245.12,60584.1,640.59,12.07,К-р Восточный,630-E030525_P_B_1.B,6023,2025-05-08,PV №52,quartz-mica foliated schists,0.99,419.86,109,16.21,48.0
1613760,2025-06-10 01:54:00,2025-06-10 02:15:00,101824.38,60090.07,639.24,12.52,К-р Восточный,630-E040625_P_B_4.A,5665,2025-06-10,PV №52,carbonized_quartz-mica_hornfels_shists,0.99,80.14,68,8.62,131.4
1580394,2025-05-08 05:11:00,2025-05-08 05:23:00,101298.76,60572.01,640.36,12.6,К-р Восточный,630-E030525_P_B_1.B,6016,2025-05-08,PV №52,quartz-mica foliated schists,0.99,354.04,109,16.16,66.0
1580003,2025-05-07 22:52:00,2025-05-07 23:06:00,101230.41,60606.07,640.25,12.11,К-р Восточный,630-E030525_P_B_1.B,6107,2025-05-08,PV №52,quartz-mica foliated schists,0.99,417.53,109,16.69,54.0
1579602,2025-05-07 11:42:00,2025-05-07 11:59:00,101287.36,60602.61,639.91,12.48,К-р Восточный,630-E030525_P_B_1.B,6035,2025-05-07,PV №52,quartz-mica foliated schists,0.99,437.32,111,15.07,60.0
1580723,2025-05-08 12:49:00,2025-05-08 13:00:00,101305.06,60550.68,639.96,12.01,К-р Восточный,630-E030525_P_B_1.B,5904,2025-05-08,PV №52,quartz-mica foliated schists,0.99,425.39,110,15.0,72.0
1579785,2025-05-07 16:34:00,2025-05-07 16:46:00,101222.86,60643.35,640.15,12.52,К-р Восточный,630-E030525_P_B_1.B,6062,2025-05-07,PV №52,quartz-mica foliated schists,1.0,390.52,110,14.57,60.0
1580514,2025-05-08 08:05:00,2025-05-08 08:17:00,101277.81,60563.75,640.38,12.58,К-р Восточный,630-E030525_P_B_1.B,5940,2025-05-08,PV №52,quartz-mica foliated schists,1.0,422.26,109,16.56,72.0
1666370,2025-07-31 14:52:00,2025-07-31 15:13:00,101204.88,60808.41,620.02,17.52,К-р Восточный,605-E230725_P_B_9.B,4975,2025-07-31,PV №52,mica-quartz_carbonate_massive_rocks,1.0,413.25,109,15.83,84.0
1579107,2025-05-06 23:13:00,2025-05-06 23:26:00,101248.17,60660.87,640.01,12.18,К-р Восточный,630-E030525_P_B_1.B,6070,2025-05-07,PV №52,quartz-mica foliated schists,1.0,414.08,109,15.82,60.0
1580069,2025-05-07 21:22:00,2025-05-07 21:35:00,101229.15,60621.08,640.21,12.4,К-р Восточный,630-E030525_P_B_1.B,6121,2025-05-08,PV №52,quartz-mica foliated schists,1.0,421.07,109,16.47,72.0
1579372,2025-05-07 04:23:00,2025-05-07 04:36:00,101230.79,60659.17,640.16,12.63,К-р Восточный,630-E030525_P_B_1.B,6068,2025-05-07,PV №52,quartz-mica foliated schists,1.0,421.56,108,17.01,72.0
1580805,2025-05-08 14:53:00,2025-05-08 15:06:00,101309.66,60543.38,639.89,12.51,К-р Восточный,630-E030525_P_B_1.B,5955,2025-05-08,PV №52,quartz-mica foliated schists,1.0,426.09,109,15.78,72.0
1580852,2025-05-08 15:58:00,2025-05-08 16:10:00,101306.16,60535.59,639.72,12.51,К-р Восточный,630-E030525_P_B_1.B,5888,2025-05-08,PV №52,quartz-mica foliated schists,1.0,440.59,109,16.77,60.0
1581267,2025-05-09 00:59:00,2025-05-09 01:11:00,101289.88,60518.65,640.26,12.73,К-р Восточный,630-E030525_P_B_1.B,5885,2025-05-09,PV №52,quartz-mica foliated schists,1.0,419.44,104,17.13,72.0
1667022,2025-08-01 04:49:00,2025-08-01 05:06:00,101229.16,60707.83,620.32,17.83,К-р Восточный,605-E230725_P_B_9.B,5087,2025-08-01,PV №52,mica-quartz_carbonate_massive_rocks,1.0,421.17,109,17.39,54.0
1668242,2025-08-02 12:22:00,2025-08-02 12:49:00,101252.75,60750.34,619.83,17.56,К-р Восточный,605-E230725_P_B_9.B,5026,2025-08-02,PV №52,mica-quartz_carbonate_massive_rocks,1.0,423.17,109,17.61,48.6
1580459,2025-05-08 07:13:00,2025-05-08 07:31:00,101286.34,60564.41,640.17,12.75,К-р Восточный,630-E030525_P_B_1.B,5941,2025-05-08,PV №52,quartz-mica foliated schists,1.0,207.41,113,11.97,78.0
1581561,2025-05-09 06:15:00,2025-05-09 06:26:00,101321.86,60498.56,640.11,12.56,К-р Восточный,630-E030525_P_B_1.B,5971,2025-05-09,PV №52,mica-quartz_carbonate_massive_rocks,1.0,430.95,110,16.03,72.0
1666419,2025-07-31 16:07:00,2025-07-31 16:35:00,101206.91,60781.22,620.18,17.52,К-р Восточный,605-E230725_P_B_9.B,5013,2025-07-31,PV №52,mica-quartz_carbonate_massive_rocks,1.0,215.29,111,11.83,48.0
1611829,2025-06-08 02:41:00,2025-06-08 02:56:00,101774.13,60121.17,639.06,11.33,К-р Восточный,630-E040625_P_B_4.A,5776,2025-06-08,PV №52,carbonized_quartz-mica_hornfels_shists,1.0,406.53,110,14.66,54.0
1580686,2025-05-08 11:51:00,2025-05-08 12:03:00,101308.57,60558.5,639.92,12.53,К-р Восточный,630-E030525_P_B_1.B,5954,2025-05-08,PV №52,quartz-mica foliated schists,1.0,434.55,110,14.96,54.0
1578940,2025-05-06 18:29:00,2025-05-06 18:40:00,101261.72,60654.3,639.78,12.02,К-р Восточный,630-E030525_P_B_1.B,6135,2025-05-06,PV №52,quartz-mica foliated schists,1.0,436.57,108,16.82,60.0
1579850,2025-05-07 18:25:00,2025-05-07 18:37:00,101257.69,60592.64,640.11,12.55,К-р Восточный,630-E030525_P_B_1.B,6100,2025-05-07,PV №52,quartz-mica foliated schists,1.0,294.43,111,12.29,60.0
1609062,2025-06-05 07:21:00,2025-06-05 07:33:00,101686.34,60136.88,639.47,12.59,К-р Восточный,630-E040625_P_B_4.A,6144,2025-06-05,PV №52,carbonized_quartz-mica_hornfels_shists,1.0,374.24,108,16.68,71.4
1579720,2025-05-07 15:11:00,2025-05-07 15:25:00,101209.36,60649.89,640.16,12.52,К-р Восточный,630-E030525_P_B_1.B,6141,2025-05-07,PV №52,quartz-mica foliated schists,1.0,433.97,109,15.72,78.0
1581311,2025-05-09 01:49:00,2025-05-09 02:03:00,101315.89,60520.76,640.0,12.77,К-р Восточный,630-E030525_P_B_1.B,5990,2025-05-09,PV №52,quartz-mica foliated schists,1.0,423.22,110,16.0,60.0
1579504,2025-05-07 08:38:00,2025-05-07 08:50:00,101231.91,60644.24,640.13,12.33,К-р Восточный,630-E030525_P_B_1.B,6061,2025-05-07,PV №52,quartz-mica foliated schists,1.0,435.17,109,16.22,66.0
1581765,2025-05-09 10:59:00,2025-05-09 11:11:00,101300.89,60489.33,640.48,13.01,К-р Восточный,630-E030525_P_B_1.B,5872,2025-05-09,PV №52,mica-quartz_carbonate_massive_rocks,1.0,430.29,109,16.29,66.0
1670702,2025-08-04 23:49:00,2025-08-05 00:12:00,101304.52,60635.36,621.11,19.01,К-р Восточный,605-E230725_P_B_9.B,8195,2025-08-05,PV №52,quartz-mica foliated schists,1.0,412.36,108,18.91,84.0
1579653,2025-05-07 13:03:00,2025-05-07 13:15:00,101270.5,60601.34,639.91,11.52,К-р Восточный,630-E030525_P_B_1.B,6033,2025-05-07,PV №52,quartz-mica foliated schists,1.0,323.28,111,12.67,54.0
1579506,2025-05-07 08:52:00,2025-05-07 09:07:00,101236.73,60636.92,639.94,12.05,К-р Восточный,630-E030525_P_B_1.B,6127,2025-05-07,PV №52,quartz-mica foliated schists,1.0,434.78,108,17.86,60.0
1581177,2025-05-08 22:53:00,2025-05-08 23:05:00,101347.8,60515.62,639.61,12.59,К-р Восточный,630-E030525_P_B_1.B,5966,2025-05-09,PV №52,mica-quartz_carbonate_massive_rocks,1.0,440.49,109,16.57,60.0
1666118,2025-07-31 08:16:00,2025-07-31 08:35:00,101255.01,60699.67,620.53,18.02,К-р Восточный,605-E230725_P_B_9.B,5037,2025-07-31,PV №52,quartz-mica foliated schists,1.0,419.51,111,15.0,72.0
1579196,2025-05-07 00:47:00,2025-05-07 01:06:00,101229.61,60674.53,639.85,12.71,К-р Восточный,630-E030525_P_B_1.B,6079,2025-05-07,PV №52,quartz-mica foliated schists,1.0,421.37,108,17.18,72.0
1611812,2025-06-08 02:21:00,2025-06-08 02:36:00,101780.6,60121.94,639.1,11.27,К-р Восточный,630-E040625_P_B_4.A,5777,2025-06-08,PV №52,carbonized_quartz-mica_hornfels_shists,1.0,347.85,110,14.89,60.0
1580908,2025-05-08 17:12:00,2025-05-08 17:25:00,101278.66,60548.45,640.33,12.01,К-р Восточный,630-E030525_P_B_1.B,5901,2025-05-08,PV №52,quartz-mica foliated schists,1.0,422.78,109,16.87,72.0
1580255,2025-05-08 02:46:00,2025-05-08 02:59:00,101305.87,60580.66,640.17,12.63,К-р Восточный,630-E030525_P_B_1.B,5980,2025-05-08,PV №52,quartz-mica foliated schists,1.0,258.77,111,13.66,72.0
1668665,2025-08-02 20:55:00,2025-08-02 21:15:00,101288.75,60687.28,621.52,19.53,К-р Восточный,605-E230725_P_B_9.B,8160,2025-08-03,PV №52,quartz-mica foliated schists,1.0,424.62,111,15.49,72.0
1667301,2025-08-01 11:52:00,2025-08-01 12:11:00,101235.95,60714.17,620.36,18.03,К-р Восточный,605-E230725_P_B_9.B,5055,2025-08-01,PV №52,mica-quartz_carbonate_massive_rocks,1.0,349.33,110,14.96,72.0
1666758,2025-07-31 21:34:00,2025-07-31 21:49:00,101214.26,60704.72,620.46,18.51,К-р Восточный,605-E230725_P_B_9.B,5102,2025-08-01,PV №52,mica-quartz_carbonate_massive_rocks,1.0,393.0,109,14.93,60.0
1665915,2025-07-31 07:28:00,2025-07-31 07:51:00,101253.32,60708.55,622.36,18.02,К-р Восточный,605-E230725_P_B_9.B,5038,2025-07-31,PV №52,mica-quartz_carbonate_massive_rocks,1.0,426.57,108,18.43,66.0
1581741,2025-05-09 10:28:00,2025-05-09 10:39:00,101318.29,60490.62,640.36,12.75,К-р Восточный,630-E030525_P_B_1.B,6001,2025-05-09,PV №52,mica-quartz_carbonate_massive_rocks,1.0,429.38,110,15.67,78.0
1579105,2025-05-06 21:53:00,2025-05-06 22:05:00,101268.33,60639.28,639.76,12.21,К-р Восточный,630-E030525_P_B_1.B,6131,2025-05-07,PV №52,quartz-mica foliated schists,1.0,418.58,109,15.81,66.0
1580041,2025-05-07 22:30:00,2025-05-07 22:44:00,101249.02,60591.89,640.44,12.12,К-р Восточный,630-E030525_P_B_1.B,6101,2025-05-08,PV №52,quartz-mica foliated schists,1.0,410.0,109,17.22,66.0
1580344,2025-05-08 04:04:00,2025-05-08 04:17:00,101267.74,60578.15,640.47,12.26,К-р Восточный,630-E030525_P_B_1.B,6089,2025-05-08,PV №52,quartz-mica foliated schists,1.0,419.85,109,16.17,54.0
1668645,2025-08-02 19:52:00,2025-08-02 20:27:00,101285.48,60696.18,621.3,20.93,К-р Восточный,605-E230725_P_B_9.B,8161,2025-08-03,PV №52,quartz-mica foliated schists,1.0,425.82,111,15.57,66.0
1668363,2025-08-02 15:14:00,2025-08-02 15:34:00,101249.31,60726.24,620.34,17.72,К-р Восточный,605-E230725_P_B_9.B,5040,2025-08-02,PV №52,mica-quartz_carbonate_massive_rocks,1.0,417.36,110,15.88,48.0
1578926,2025-05-06 17:57:00,2025-05-06 18:12:00,101261.56,60661.55,639.63,12.76,К-р Восточный,630-E030525_P_B_1.B,6072,2025-05-06,PV №52,quartz-mica foliated schists,1.0,435.91,109,15.61,66.0
1668459,2025-08-02 17:29:00,2025-08-02 17:56:00,101270.96,60702.89,620.75,18.59,К-р Восточный,605-E230725_P_B_9.B,8173,2025-08-02,PV №52,quartz-mica foliated schists,1.0,424.33,111,15.52,60.0
1666758,2025-07-31 21:34:00,2025-07-31 21:49:00,101214.26,60704.72,620.46,18.51,К-р Восточный,605-E230725_P_B_9.B,5102,2025-08-01,PV №52,mica-quartz_carbonate_massive_rocks,1.0,417.52,109,15.74,60.0
1609150,2025-06-05 09:31:00,2025-06-05 09:46:00,101721.53,60135.0,639.25,12.58,К-р Восточный,630-E040625_P_B_4.A,6044,2025-06-05,PV №52,carbonized_quartz-mica_hornfels_shists,1.0,354.28,109,14.27,54.0
1580758,2025-05-08 13:43:00,2025-05-08 13:58:00,101332.78,60537.58,639.31,12.51,К-р Восточный,630-E030525_P_B_1.B,5986,2025-05-08,PV №52,quartz-mica foliated schists,1.0,426.93,110,14.71,60.0
1581549,2025-05-09 05:46:00,2025-05-09 05:58:00,101317.22,60505.61,640.34,13.01,К-р Восточный,630-E030525_P_B_1.B,5991,2025-05-09,PV №52,mica-quartz_carbonate_massive_rocks,1.0,439.35,109,16.97,66.0
1578828,2025-05-06 15:35:00,2025-05-06 15:47:00,101238.52,60675.36,640.17,12.79,К-р Восточный,630-E030525_P_B_1.B,6078,2025-05-06,PV №52,quartz-mica foliated schists,1.0,387.17,110,15.95,78.0
1579345,2025-05-07 03:50:00,2025-05-07 04:04:00,101220.63,60673.86,640.07,12.66,К-р Восточный,630-E030525_P_B_1.B,6080,2025-05-07,PV №52,quartz-mica foliated schists,1.0,211.88,96,11.74,66.0
1579686,2025-05-07 14:15:00,2025-05-07 14:27:00,101198.11,60671.83,640.08,12.29,К-р Восточный,630-E030525_P_B_1.B,6083,2025-05-07,PV №52,quartz-mica foliated schists,1.0,436.81,109,17.16,72.0
1666155,2025-07-31 09:18:00,2025-07-31 09:39:00,101195.77,60821.6,620.14,17.08,К-р Восточный,605-E230725_P_B_9.B,4991,2025-07-31,PV №52,mica-quartz_carbonate_massive_rocks,1.0,366.2,108,19.06,60.0
1668477,2025-08-02 17:58:00,2025-08-02 18:17:00,101264.31,60696.83,620.48,18.03,К-р Восточный,605-E230725_P_B_9.B,5032,2025-08-02,PV №52,quartz-mica foliated schists,1.0,410.69,111,15.44,72.0
1668784,2025-08-03 01:32:00,2025-08-03 01:51:00,101259.22,60681.48,620.47,17.63,К-р Восточный,605-E230725_P_B_9.B,5035,2025-08-03,PV №52,quartz-mica foliated schists,1.0,425.32,111,15.71,66.0
1581951,2025-05-09 15:23:00,2025-05-09 15:35:00,101319.67,60475.39,640.53,13.06,К-р Восточный,630-E030525_P_B_1.B,6002,2025-05-09,PV №52,mica-quartz_carbonate_massive_rocks,1.0,347.09,111,15.06,96.0
1582404,2025-05-10 01:17:00,2025-05-10 01:35:00,101263.9,60517.19,640.17,13.62,К-р Восточный,630-E030525_P_B_1.B,5882,2025-05-10,PV №52,quartz-mica foliated schists,1.0,238.27,112,12.73,78.0
1581439,2025-05-09 03:54:00,2025-05-09 04:09:00,101303.33,60512.2,640.01,12.62,К-р Восточный,630-E030525_P_B_1.B,5914,2025-05-09,PV №52,quartz-mica foliated schists,1.0,424.47,108,17.83,66.0
1580489,2025-05-08 07:50:00,2025-05-08 08:02:00,101272.45,60570.71,640.42,12.61,К-р Восточный,630-E030525_P_B_1.B,6013,2025-05-08,PV №52,quartz-mica foliated schists,1.0,423.34,109,16.61,66.0
1672905,2025-08-07 00:10:00,2025-08-07 00:26:00,101219.76,60818.5,620.22,17.18,К-р Восточный,605-E230725_P_B_9.B,4977,2025-08-07,PV №52,mica-quartz_carbonate_massive_rocks,1.0,376.31,111,16.23,72.0
1580787,2025-05-08 14:36:00,2025-05-08 14:50:00,101323.25,60536.47,639.51,12.04,К-р Восточный,630-E030525_P_B_1.B,5985,2025-05-08,PV №52,quartz-mica foliated schists,1.0,426.83,109,15.43,42.0
1668235,2025-08-02 11:58:00,2025-08-02 12:18:00,101269.08,60711.68,621.04,18.5,К-р Восточный,605-E230725_P_B_9.B,8172,2025-08-02,PV №52,mica-quartz_carbonate_massive_rocks,1.0,374.0,112,13.9,72.0
1581549,2025-05-09 05:46:00,2025-05-09 05:58:00,101317.22,60505.61,640.34,13.01,К-р Восточный,630-E030525_P_B_1.B,5991,2025-05-09,PV №52,mica-quartz_carbonate_massive_rocks,1.0,440.08,109,16.75,72.0
1580394,2025-05-08 05:11:00,2025-05-08 05:23:00,101298.76,60572.01,640.36,12.6,К-р Восточный,630-E030525_P_B_1.B,6016,2025-05-08,PV №52,quartz-mica foliated schists,1.0,386.81,110,15.4,54.0
1579618,2025-05-07 12:17:00,2025-05-07 12:29:00,101291.22,60595.11,640.08,12.28,К-р Восточный,630-E030525_P_B_1.B,6096,2025-05-07,PV №52,quartz-mica foliated schists,1.0,437.19,110,14.53,65.4
1578627,2025-05-06 09:46:00,2025-05-06 09:58:00,101248.66,60683.42,639.9,13.01,К-р Восточный,630-E030525_P_B_1.B,6153,2025-05-06,PV №52,quartz-mica foliated schists,1.0,435.1,110,14.96,66.0
1667061,2025-08-01 05:28:00,2025-08-01 05:48:00,101224.28,60693.01,620.08,18.02,К-р Восточный,605-E230725_P_B_9.B,5060,2025-08-01,PV №52,mica-quartz_carbonate_massive_rocks,1.0,406.99,107,18.41,66.0
1580069,2025-05-07 21:22:00,2025-05-07 21:35:00,101229.15,60621.08,640.21,12.4,К-р Восточный,630-E030525_P_B_1.B,6121,2025-05-08,PV №52,quartz-mica foliated schists,1.0,419.31,109,15.37,60.0
1614888,2025-06-11 03:03:00,2025-06-11 03:23:00,101729.98,60070.5,639.26,12.53,К-р Восточный,630-E040625_P_B_4.A,5601,2025-06-11,PV №52,carbonized_quartz-mica_hornfels_shists,1.0,347.32,110,15.42,66.0
1581587,2025-05-09 07:10:00,2025-05-09 07:30:00,101304.47,60497.02,640.33,12.51,К-р Восточный,630-E030525_P_B_1.B,5913,2025-05-09,PV №52,quartz-mica foliated schists,1.0,432.43,110,16.95,66.0
1578893,2025-05-06 17:10:00,2025-05-06 17:22:00,101255.6,60676.73,639.78,12.53,К-р Восточный,630-E030525_P_B_1.B,6076,2025-05-06,PV №52,quartz-mica foliated schists,1.0,434.24,108,16.34,60.0
1609723,2025-06-05 20:07:00,2025-06-05 20:25:00,101695.76,60120.83,639.42,12.01,К-р Восточный,630-E040625_P_B_4.A,6052,2025-06-06,PV №52,carbonized_quartz-mica_hornfels_shists,1.0,232.9,112,10.79,84.0
1668704,2025-08-02 21:19:00,2025-08-02 21:38:00,101283.1,60682.49,621.57,19.16,К-р Восточный,605-E230725_P_B_9.B,8187,2025-08-03,PV №52,quartz-mica foliated schists,1.0,415.09,109,17.57,60.0
1581614,2025-05-09 07:52:00,2025-05-09 08:05:00,101295.55,60496.18,640.47,13.02,К-р Восточный,630-E030525_P_B_1.B,5912,2025-05-09,PV №52,quartz-mica foliated schists,1.0,436.98,109,17.6,54.0
1665915,2025-07-31 07:28:00,2025-07-31 07:51:00,101253.32,60708.55,622.36,18.02,К-р Восточный,605-E230725_P_B_9.B,5038,2025-07-31,PV №52,mica-quartz_carbonate_massive_rocks,1.0,426.47,109,18.06,42.0
1580394,2025-05-08 05:11:00,2025-05-08 05:23:00,101298.76,60572.01,640.36,12.6,К-р Восточный,630-E030525_P_B_1.B,6016,2025-05-08,PV №52,quartz-mica foliated schists,1.0,143.45,92,9.28,78.0
1668737,2025-08-03 00:45:00,2025-08-03 01:09:00,101241.94,60687.12,620.9,17.72,К-р Восточный,605-E230725_P_B_9.B,5058,2025-08-03,PV №52,quartz-mica foliated schists,1.0,378.45,110,17.36,60.0
1580612,2025-05-08 10:16:00,2025-05-08 10:29:00,101265.01,60555.24,640.3,12.51,К-р Восточный,630-E030525_P_B_1.B,5947,2025-05-08,PV №52,quartz-mica foliated schists,1.0,281.31,110,14.79,96.0
1580686,2025-05-08 11:51:00,2025-05-08 12:03:00,101308.57,60558.5,639.92,12.53,К-р Восточный,630-E030525_P_B_1.B,5954,2025-05-08,PV №52,quartz-mica foliated schists,1.0,434.64,110,15.1,66.0
1581855,2025-05-09 13:09:00,2025-05-09 13:21:00,101314.29,60482.79,640.25,13.01,К-р Восточный,630-E030525_P_B_1.B,5973,2025-05-09,PV №52,mica-quartz_carbonate_massive_rocks,1.0,450.7,109,17.09,72.0
1668215,2025-08-02 11:33:00,2025-08-02 11:55:00,101275.37,60717.43,621.91,19.01,К-р Восточный,605-E230725_P_B_9.B,8183,2025-08-02,PV №52,mica-quartz_carbonate_massive_rocks,1.0,425.38,111,15.51,60.0
1668158,2025-08-02 10:08:00,2025-08-02 10:33:00,101265.31,60729.51,621.07,18.04,К-р Восточный,605-E230725_P_B_9.B,8170,2025-08-02,PV №52,mica-quartz_carbonate_massive_rocks,1.0,428.74,110,15.84,72.0
1580281,2025-05-08 03:01:00,2025-05-08 03:14:00,101299.7,60579.55,640.23,12.58,К-р Восточный,630-E030525_P_B_1.B,6093,2025-05-08,PV №52,quartz-mica foliated schists,1.0,371.81,109,16.61,66.0
1672630,2025-08-06 19:10:00,2025-08-06 19:25:00,101227.38,60824.16,620.05,18.07,К-р Восточный,605-E230725_P_B_9.B,5001,2025-08-06,PV №52,mica-quartz_carbonate_massive_rocks,1.0,411.18,109,19.35,60.0
1578927,2025-05-06 18:14:00,2025-05-06 18:26:00,101255.11,60661.09,639.85,12.17,К-р Восточный,630-E030525_P_B_1.B,6071,2025-05-06,PV №52,quartz-mica foliated schists,1.0,437.74,108,17.31,54.0
1580934,2025-05-08 17:26:00,2025-05-08 17:38:00,101283.64,60541.44,640.19,12.03,К-р Восточный,630-E030525_P_B_1.B,5929,2025-05-08,PV №52,quartz-mica foliated schists,1.0,445.75,109,16.56,66.0
1581855,2025-05-09 13:09:00,2025-05-09 13:21:00,101314.29,60482.79,640.25,13.01,К-р Восточный,630-E030525_P_B_1.B,5973,2025-05-09,PV №52,mica-quartz_carbonate_massive_rocks,1.0,429.44,110,16.33,78.0
1579117,2025-05-06 22:39:00,2025-05-06 22:51:00,101277.94,60617.0,639.78,12.21,К-р Восточный,630-E030525_P_B_1.B,6039,2025-05-07,PV №52,quartz-mica foliated schists,1.0,417.7,110,14.61,66.0
1667940,2025-08-02 03:49:00,2025-08-02 04:14:00,101257.63,60765.24,620.6,18.28,К-р Восточный,605-E230725_P_B_9.B,8166,2025-08-02,PV №52,mica-quartz_carbonate_massive_rocks,1.0,405.05,111,15.47,90.0
1578853,2025-05-06 16:20:00,2025-05-06 16:33:00,101266.45,60666.52,639.51,12.37,К-р Восточный,630-E030525_P_B_1.B,6073,2025-05-06,PV №52,quartz-mica foliated schists,1.0,425.06,109,15.42,60.0
1580566,2025-05-08 09:29:00,2025-05-08 09:43:00,101246.43,60569.17,640.37,12.56,К-р Восточный,630-E030525_P_B_1.B,6010,2025-05-08,PV №52,quartz-mica foliated schists,1.0,419.01,109,15.48,60.0
1581579,2025-05-09 06:27:00,2025-05-09 06:40:00,101313.64,60497.84,640.26,13.02,К-р Восточный,630-E030525_P_B_1.B,5972,2025-05-09,PV №52,mica-quartz_carbonate_massive_rocks,1.0,441.87,109,16.81,66.0
1581770,2025-05-09 11:14:00,2025-05-09 11:27:00,101291.51,60488.7,640.58,13.0,К-р Восточный,630-E030525_P_B_1.B,5871,2025-05-09,PV №52,quartz-mica foliated schists,1.0,449.26,109,16.75,54.0
1672905,2025-08-07 00:10:00,2025-08-07 00:26:00,101219.76,60818.5,620.22,17.18,К-р Восточный,605-E230725_P_B_9.B,4977,2025-08-07,PV №52,mica-quartz_carbonate_massive_rocks,1.0,425.17,111,15.64,72.0
1582274,2025-05-09 23:48:00,2025-05-10 00:00:00,101298.32,60466.69,640.4,13.73,К-р Восточный,630-E030525_P_B_1.B,6774,2025-05-10,PV №52,mica-quartz_carbonate_massive_rocks,1.0,422.69,109,16.72,72.0
1672856,2025-08-06 22:40:00,2025-08-06 22:58:00,101218.09,60836.77,620.69,17.52,К-р Восточный,605-E230725_P_B_9.B,4979,2025-08-07,PV №52,mica-quartz_carbonate_massive_rocks,1.0,385.44,110,17.55,60.0
1580368,2025-05-08 04:37:00,2025-05-08 04:51:00,101264.01,60570.39,640.46,12.57,К-р Восточный,630-E030525_P_B_1.B,6012,2025-05-08,PV №52,quartz-mica foliated schists,1.0,419.66,109,16.01,66.0
1667008,2025-08-01 04:30:00,2025-08-01 04:47:00,101227.11,60716.92,620.26,18.01,К-р Восточный,605-E230725_P_B_9.B,5088,2025-08-01,PV №52,mica-quartz_carbonate_massive_rocks,1.0,421.16,110,16.06,84.0
1579402,2025-05-07 05:07:00,2025-05-07 05:21:00,101245.59,60637.39,640.35,12.41,К-р Восточный,630-E030525_P_B_1.B,6128,2025-05-07,PV №52,quartz-mica foliated schists,1.0,226.49,113,10.74,120.0
1670655,2025-08-04 22:03:00,2025-08-04 22:21:00,101299.83,60652.65,623.51,19.53,К-р Восточный,605-E230725_P_B_9.B,8193,2025-08-05,PV №52,quartz-mica foliated schists,1.0,409.31,110,16.84,83.4
1578839,2025-05-06 15:49:00,2025-05-06 16:00:00,101247.31,60675.89,640.01,12.63,К-р Восточный,630-E030525_P_B_1.B,6077,2025-05-06,PV №52,quartz-mica foliated schists,1.0,436.71,109,15.89,60.0
1579802,2025-05-07 16:51:00,2025-05-07 17:03:00,101228.11,60636.19,640.2,12.54,К-р Восточный,630-E030525_P_B_1.B,6126,2025-05-07,PV №52,quartz-mica foliated schists,1.0,436.56,109,15.61,66.0
1672643,2025-08-06 19:30:00,2025-08-06 19:56:00,101194.04,60848.72,620.62,18.16,К-р Восточный,605-E230725_P_B_9.B,4988,2025-08-06,PV №52,quartz-mica foliated schists,1.0,427.84,111,16.6,72.0
1579433,2025-05-07 05:39:00,2025-05-07 05:52:00,101255.43,60623.0,639.89,12.17,К-р Восточный,630-E030525_P_B_1.B,6118,2025-05-07,PV №52,quartz-mica foliated schists,1.0,421.19,110,15.8,60.0
1668737,2025-08-03 00:45:00,2025-08-03 01:09:00,101241.94,60687.12,620.9,17.72,К-р Восточный,605-E230725_P_B_9.B,5058,2025-08-03,PV №52,quartz-mica foliated schists,1.0,378.41,110,17.2,54.0
1667550,2025-08-01 18:16:00,2025-08-01 18:45:00,101242.77,60720.4,620.5,18.01,К-р Восточный,605-E230725_P_B_9.B,5077,2025-08-01,PV №52,mica-quartz_carbonate_massive_rocks,1.0,421.62,110,16.87,72.0
1579349,2025-05-07 04:06:00,2025-05-07 04:21:00,101225.82,60666.37,639.8,12.62,К-р Восточный,630-E030525_P_B_1.B,6146,2025-05-07,PV №52,quartz-mica foliated schists,1.0,420.74,108,16.92,48.0
1579618,2025-05-07 12:17:00,2025-05-07 12:29:00,101291.22,60595.11,640.08,12.28,К-р Восточный,630-E030525_P_B_1.B,6096,2025-05-07,PV №52,quartz-mica foliated schists,1.0,365.51,110,15.33,78.0
1578840,2025-05-06 16:03:00,2025-05-06 16:16:00,101243.35,60667.88,639.85,12.79,К-р Восточный,630-E030525_P_B_1.B,6148,2025-05-06,PV №52,quartz-mica foliated schists,1.0,434.41,109,15.91,66.0
1580127,2025-05-08 00:22:00,2025-05-08 00:34:00,101288.45,60586.84,640.43,12.11,К-р Восточный,630-E030525_P_B_1.B,6018,2025-05-08,PV №52,quartz-mica foliated schists,1.0,418.22,110,15.02,66.0
1672643,2025-08-06 19:30:00,2025-08-06 19:56:00,101194.04,60848.72,620.62,18.16,К-р Восточный,605-E230725_P_B_9.B,4988,2025-08-06,PV №52,quartz-mica foliated schists,1.0,427.69,111,16.21,60.0
1668386,2025-08-02 15:37:00,2025-08-02 15:56:00,101250.96,60718.03,620.42,18.19,К-р Восточный,605-E230725_P_B_9.B,5039,2025-08-02,PV №52,mica-quartz_carbonate_massive_rocks,1.0,424.51,110,16.23,65.4
1609453,2025-06-05 16:22:00,2025-06-05 16:36:00,101738.74,60130.64,639.05,11.72,К-р Восточный,630-E040625_P_B_4.A,5977,2025-06-05,PV №52,carbonized_quartz-mica_hornfels_shists,1.0,395.18,109,15.45,60.0
1580489,2025-05-08 07:50:00,2025-05-08 08:02:00,101272.45,60570.71,640.42,12.61,К-р Восточный,630-E030525_P_B_1.B,6013,2025-05-08,PV №52,quartz-mica foliated schists,1.0,385.42,109,17.14,60.0
1611829,2025-06-08 02:41:00,2025-06-08 02:56:00,101774.13,60121.17,639.06,11.33,К-р Восточный,630-E040625_P_B_4.A,5776,2025-06-08,PV №52,carbonized_quartz-mica_hornfels_shists,1.0,367.63,111,14.25,60.0
1668675,2025-08-02 20:31:00,2025-08-02 20:52:00,101290.81,60679.37,621.63,19.08,К-р Восточный,605-E230725_P_B_9.B,8190,2025-08-03,PV №52,quartz-mica foliated schists,1.0,429.45,109,18.94,54.0
1579472,2025-05-07 07:50:00,2025-05-07 08:04:00,101217.44,60666.0,640.0,12.51,К-р Восточный,630-E030525_P_B_1.B,6145,2025-05-07,PV №52,quartz-mica foliated schists,1.0,427.59,110,15.3,65.4
1609099,2025-06-05 08:08:00,2025-06-05 08:22:00,101687.87,60132.26,639.4,12.59,К-р Восточный,630-E040625_P_B_4.A,6049,2025-06-05,PV №52,carbonized_quartz-mica_hornfels_shists,1.0,401.33,108,16.36,66.0
1579785,2025-05-07 16:34:00,2025-05-07 16:46:00,101222.86,60643.35,640.15,12.52,К-р Восточный,630-E030525_P_B_1.B,6062,2025-05-07,PV №52,quartz-mica foliated schists,1.0,436.59,109,16.15,60.0
1579466,2025-05-07 07:35:00,2025-05-07 07:47:00,101212.61,60673.23,640.14,12.61,К-р Восточный,630-E030525_P_B_1.B,6081,2025-05-07,PV №52,quartz-mica foliated schists,1.0,431.85,108,17.44,66.0
1578805,2025-05-06 15:19:00,2025-05-06 15:33:00,101233.45,60682.43,639.93,12.62,К-р Восточный,630-E030525_P_B_1.B,6155,2025-05-06,PV №52,quartz-mica foliated schists,1.0,440.3,109,16.6,48.0
1580938,2025-05-08 17:40:00,2025-05-08 17:53:00,101288.77,60533.99,640.19,12.37,К-р Восточный,630-E030525_P_B_1.B,5890,2025-05-08,PV №52,quartz-mica foliated schists,1.0,423.57,109,16.65,48.0
1667536,2025-08-01 17:53:00,2025-08-01 18:14:00,101240.7,60729.01,620.37,17.53,К-р Восточный,605-E230725_P_B_9.B,5076,2025-08-01,PV №52,mica-quartz_carbonate_massive_rocks,1.0,422.32,110,16.07,78.0
1667732,2025-08-01 20:29:00,2025-08-01 20:57:00,101239.68,60696.48,620.16,18.01,К-р Восточный,605-E230725_P_B_9.B,5057,2025-08-02,PV №52,mica-quartz_carbonate_massive_rocks,1.0,411.91,111,14.45,72.0
1581171,2025-05-08 20:40:00,2025-05-08 20:56:00,101276.29,60525.78,640.39,12.72,К-р Восточный,630-E030525_P_B_1.B,5923,2025-05-09,PV №52,quartz-mica foliated schists,1.0,438.66,109,16.77,66.0
1672836,2025-08-06 23:24:00,2025-08-06 23:43:00,101223.74,60837.03,620.3,18.02,К-р Восточный,605-E230725_P_B_9.B,4985,2025-08-07,PV №52,mica-quartz_carbonate_massive_rocks,1.0,331.01,110,17.32,78.0
1579506,2025-05-07 08:52:00,2025-05-07 09:07:00,101236.73,60636.92,639.94,12.05,К-р Восточный,630-E030525_P_B_1.B,6127,2025-05-07,PV №52,quartz-mica foliated schists,1.0,244.18,112,11.75,42.0
1580421,2025-05-08 05:44:00,2025-05-08 05:57:00,101303.76,60565.85,640.25,12.54,К-р Восточный,630-E030525_P_B_1.B,5943,2025-05-08,PV №52,quartz-mica foliated schists,1.0,386.61,110,15.24,54.0
1668391,2025-08-02 15:58:00,2025-08-02 16:19:00,101258.76,60723.29,620.66,18.02,К-р Восточный,605-E230725_P_B_9.B,5029,2025-08-02,PV №52,mica-quartz_carbonate_massive_rocks,1.0,424.81,111,16.91,90.0
1580255,2025-05-08 02:46:00,2025-05-08 02:59:00,101305.87,60580.66,640.17,12.63,К-р Восточный,630-E030525_P_B_1.B,5980,2025-05-08,PV №52,quartz-mica foliated schists,1.0,421.13,109,16.55,66.0
1578907,2025-05-06 17:24:00,2025-05-06 17:38:00,101252.09,60668.57,639.7,12.82,К-р Восточный,630-E030525_P_B_1.B,6149,2025-05-06,PV №52,quartz-mica foliated schists,1.0,392.99,110,14.81,60.0
1581549,2025-05-09 05:46:00,2025-05-09 05:58:00,101317.22,60505.61,640.34,13.01,К-р Восточный,630-E030525_P_B_1.B,5991,2025-05-09,PV №52,mica-quartz_carbonate_massive_rocks,1.0,439.67,109,16.77,66.0
1581377,2025-05-09 02:50:00,2025-05-09 03:00:00,101325.77,60506.14,639.77,12.54,К-р Восточный,630-E030525_P_B_1.B,5992,2025-05-09,PV №52,mica-quartz_carbonate_massive_rocks,1.0,440.32,108,17.25,78.0
1578927,2025-05-06 18:14:00,2025-05-06 18:26:00,101255.11,60661.09,639.85,12.17,К-р Восточный,630-E030525_P_B_1.B,6071,2025-05-06,PV №52,quartz-mica foliated schists,1.0,417.76,109,16.04,66.0
1672905,2025-08-07 00:10:00,2025-08-07 00:26:00,101219.76,60818.5,620.22,17.18,К-р Восточный,605-E230725_P_B_9.B,4977,2025-08-07,PV №52,mica-quartz_carbonate_massive_rocks,1.0,224.79,86,11.33,48.0
1668668,2025-08-02 22:33:00,2025-08-02 22:53:00,101281.37,60690.95,621.4,19.05,К-р Восточный,605-E230725_P_B_9.B,8186,2025-08-03,PV №52,quartz-mica foliated schists,1.0,381.55,107,20.35,72.0
1578840,2025-05-06 16:03:00,2025-05-06 16:16:00,101243.35,60667.88,639.85,12.79,К-р Восточный,630-E030525_P_B_1.B,6148,2025-05-06,PV №52,quartz-mica foliated schists,1.0,408.19,110,14.73,72.0
1667061,2025-08-01 05:28:00,2025-08-01 05:48:00,101224.28,60693.01,620.08,18.02,К-р Восточный,605-E230725_P_B_9.B,5060,2025-08-01,PV №52,mica-quartz_carbonate_massive_rocks,1.0,416.07,108,18.17,72.0
1580394,2025-05-08 05:11:00,2025-05-08 05:23:00,101298.76,60572.01,640.36,12.6,К-р Восточный,630-E030525_P_B_1.B,6016,2025-05-08,PV №52,quartz-mica foliated schists,1.0,386.26,110,15.17,66.0
1667184,2025-08-01 09:04:00,2025-08-01 09:30:00,101224.46,60767.44,620.07,17.51,К-р Восточный,605-E230725_P_B_9.B,5049,2025-08-01,PV №52,mica-quartz_carbonate_massive_rocks,1.0,122.81,114,9.2,174.6
1670084,2025-08-04 09:58:00,2025-08-04 10:16:00,101243.44,60678.25,619.97,17.51,К-р Восточный,605-E230725_P_B_9.B,5059,2025-08-04,PV №52,quartz-mica foliated schists,1.0,383.48,111,15.84,72.0
1578627,2025-05-06 09:46:00,2025-05-06 09:58:00,101248.66,60683.42,639.9,13.01,К-р Восточный,630-E030525_P_B_1.B,6153,2025-05-06,PV №52,quartz-mica foliated schists,1.0,435.8,110,15.48,72.0
1581533,2025-05-09 05:31:00,2025-05-09 05:44:00,101308.55,60504.91,640.23,12.55,К-р Восточный,630-E030525_P_B_1.B,5874,2025-05-09,PV №52,mica-quartz_carbonate_massive_rocks,1.0,356.7,111,15.19,66.0
1579852,2025-05-07 18:10:00,2025-05-07 18:23:00,101253.17,60599.96,640.17,12.02,К-р Восточный,630-E030525_P_B_1.B,6031,2025-05-07,PV №52,quartz-mica foliated schists,1.0,365.63,110,14.62,72.0
1667172,2025-08-01 08:31:00,2025-08-01 09:03:00,101223.06,60775.03,620.17,17.83,К-р Восточный,605-E230725_P_B_9.B,5048,2025-08-01,PV №52,mica-quartz_carbonate_massive_rocks,1.0,256.12,102,12.14,42.0
1581849,2025-05-09 12:58:00,2025-05-09 13:08:00,101323.77,60483.28,640.39,12.51,К-р Восточный,630-E030525_P_B_1.B,5974,2025-05-09,PV №52,mica-quartz_carbonate_massive_rocks,1.0,335.53,110,15.84,90.0
1609695,2025-06-05 22:13:00,2025-06-05 22:30:00,101735.89,60124.22,639.25,11.62,К-р Восточный,630-E040625_P_B_4.A,6058,2025-06-06,PV №52,carbonized_quartz-mica_hornfels_shists,1.0,248.66,111,11.84,60.0
1580873,2025-05-08 16:31:00,2025-05-08 16:42:00,101292.66,60541.99,640.02,12.01,К-р Восточный,630-E030525_P_B_1.B,5928,2025-05-08,PV №52,quartz-mica foliated schists,1.0,428.11,109,15.95,60.0
1579812,2025-05-07 17:19:00,2025-05-07 17:33:00,101237.85,60621.34,640.57,12.15,К-р Восточный,630-E030525_P_B_1.B,6120,2025-05-07,PV №52,quartz-mica foliated schists,1.0,434.14,109,15.87,66.0
1668477,2025-08-02 17:58:00,2025-08-02 18:17:00,101264.31,60696.83,620.48,18.03,К-р Восточный,605-E230725_P_B_9.B,5032,2025-08-02,PV №52,quartz-mica foliated schists,1.0,333.1,110,16.57,48.0
1668795,2025-08-03 01:55:00,2025-08-03 02:14:00,101274.54,60685.55,620.98,18.62,К-р Восточный,605-E230725_P_B_9.B,8175,2025-08-03,PV №52,quartz-mica foliated schists,1.0,426.03,111,15.31,60.0
1579702,2025-05-07 14:31:00,2025-05-07 14:47:00,101199.88,60664.84,640.38,12.56,К-р Восточный,630-E030525_P_B_1.B,6143,2025-05-07,PV №52,quartz-mica foliated schists,1.0,434.55,108,17.35,66.0
1582274,2025-05-09 23:48:00,2025-05-10 00:00:00,101298.32,60466.69,640.4,13.73,К-р Восточный,630-E030525_P_B_1.B,6774,2025-05-10,PV №52,mica-quartz_carbonate_massive_rocks,1.0,418.39,107,19.47,60.0
1667940,2025-08-02 03:49:00,2025-08-02 04:14:00,101257.63,60765.24,620.6,18.28,К-р Восточный,605-E230725_P_B_9.B,8166,2025-08-02,PV №52,mica-quartz_carbonate_massive_rocks,1.0,429.42,110,15.88,54.0
1580296,2025-05-08 03:16:00,2025-05-08 03:30:00,101293.08,60579.67,640.33,12.68,К-р Восточный,630-E030525_P_B_1.B,6092,2025-05-08,PV №52,quartz-mica foliated schists,1.0,388.35,109,15.46,60.0
1578627,2025-05-06 09:46:00,2025-05-06 09:58:00,101248.66,60683.42,639.9,13.01,К-р Восточный,630-E030525_P_B_1.B,6153,2025-05-06,PV №52,quartz-mica foliated schists,1.0,395.33,111,15.03,72.0
1579163,2025-05-07 00:13:00,2025-05-07 00:26:00,101265.01,60631.63,639.74,12.16,К-р Восточный,630-E030525_P_B_1.B,6054,2025-05-07,PV №52,quartz-mica foliated schists,1.0,421.44,109,16.72,66.0
1582438,2025-05-10 01:54:00,2025-05-10 02:07:00,101273.34,60502.6,640.68,13.29,К-р Восточный,630-E030525_P_B_1.B,5878,2025-05-10,PV №52,quartz-mica foliated schists,1.0,409.69,109,16.79,66.0
1579446,2025-05-07 06:10:00,2025-05-07 06:24:00,101265.6,60608.65,640.1,12.18,К-р Восточный,630-E030525_P_B_1.B,6111,2025-05-07,PV №52,quartz-mica foliated schists,1.0,420.61,110,15.49,54.0
1580247,2025-05-08 02:28:00,2025-05-08 02:42:00,101259.94,60562.47,640.52,12.59,К-р Восточный,630-E030525_P_B_1.B,5938,2025-05-08,PV №52,quartz-mica foliated schists,1.0,418.26,109,15.94,60.0
1580521,2025-05-08 08:42:00,2025-05-08 08:54:00,101231.7,60591.11,640.32,12.51,К-р Восточный,630-E030525_P_B_1.B,6103,2025-05-08,PV №52,quartz-mica foliated schists,1.0,420.3,109,16.38,60.0
1667301,2025-08-01 11:52:00,2025-08-01 12:11:00,101235.95,60714.17,620.36,18.03,К-р Восточный,605-E230725_P_B_9.B,5055,2025-08-01,PV №52,mica-quartz_carbonate_massive_rocks,1.0,374.53,110,15.22,66.0
1672825,2025-08-06 21:40:00,2025-08-06 21:58:00,101211.88,60822.4,620.17,17.04,К-р Восточный,605-E230725_P_B_9.B,4994,2025-08-07,PV №52,mica-quartz_carbonate_massive_rocks,1.0,426.42,111,16.49,60.0
1579492,2025-05-07 08:07:00,2025-05-07 08:21:00,101222.25,60658.69,640.07,12.74,К-р Восточный,630-E030525_P_B_1.B,6067,2025-05-07,PV №52,quartz-mica foliated schists,1.0,408.68,109,15.65,48.0
1581170,2025-05-08 23:24:00,2025-05-08 23:39:00,101352.76,60508.48,639.53,12.76,К-р Восточный,630-E030525_P_B_1.B,5995,2025-05-09,PV №52,mica-quartz_carbonate_massive_rocks,1.0,423.98,109,16.36,66.0
1672825,2025-08-06 21:40:00,2025-08-06 21:58:00,101211.88,60822.4,620.17,17.04,К-р Восточный,605-E230725_P_B_9.B,4994,2025-08-07,PV №52,mica-quartz_carbonate_massive_rocks,1.0,426.6,111,16.86,60.0
1580144,2025-05-08 00:49:00,2025-05-08 01:02:00,101271.4,60585.82,640.29,12.05,К-р Восточный,630-E030525_P_B_1.B,6020,2025-05-08,PV №52,quartz-mica foliated schists,1.0,419.84,109,16.35,60.0
1580805,2025-05-08 14:53:00,2025-05-08 15:06:00,101309.66,60543.38,639.89,12.51,К-р Восточный,630-E030525_P_B_1.B,5955,2025-05-08,PV №52,quartz-mica foliated schists,1.0,416.82,108,17.31,60.0
1666155,2025-07-31 09:18:00,2025-07-31 09:39:00,101195.77,60821.6,620.14,17.08,К-р Восточный,605-E230725_P_B_9.B,4991,2025-07-31,PV №52,mica-quartz_carbonate_massive_rocks,1.0,420.5,106,20.08,60.0
1578893,2025-05-06 17:10:00,2025-05-06 17:22:00,101255.6,60676.73,639.78,12.53,К-р Восточный,630-E030525_P_B_1.B,6076,2025-05-06,PV №52,quartz-mica foliated schists,1.0,379.57,110,14.6,60.0
1613182,2025-06-09 10:08:00,2025-06-09 10:39:00,101728.23,60093.87,639.1,12.0,К-р Восточный,630-E040625_P_B_4.A,5685,2025-06-09,PV №52,carbonized_quartz-mica_hornfels_shists,1.0,401.88,109,16.94,66.0
1580964,2025-05-08 18:15:00,2025-05-08 18:26:00,101266.79,60540.21,640.28,12.0,К-р Восточный,630-E030525_P_B_1.B,5931,2025-05-08,PV №52,quartz-mica foliated schists,1.0,440.37,109,16.67,66.0
1672856,2025-08-06 22:40:00,2025-08-06 22:58:00,101218.09,60836.77,620.69,17.52,К-р Восточный,605-E230725_P_B_9.B,4979,2025-08-07,PV №52,mica-quartz_carbonate_massive_rocks,1.0,414.22,109,18.84,78.0
1581519,2025-05-09 05:12:00,2025-05-09 05:27:00,101299.73,60504.23,640.33,12.71,К-р Восточный,630-E030525_P_B_1.B,5875,2025-05-09,PV №52,quartz-mica foliated schists,1.0,422.74,110,15.53,54.0
1668235,2025-08-02 11:58:00,2025-08-02 12:18:00,101269.08,60711.68,621.04,18.5,К-р Восточный,605-E230725_P_B_9.B,8172,2025-08-02,PV №52,mica-quartz_carbonate_massive_rocks,1.0,426.04,110,16.43,60.0
1581207,2025-05-08 20:10:00,2025-05-08 20:22:00,101262.51,60531.9,640.22,12.52,К-р Восточный,630-E030525_P_B_1.B,5893,2025-05-09,PV №52,quartz-mica foliated schists,1.0,433.83,109,17.17,66.0
1668795,2025-08-03 01:55:00,2025-08-03 02:14:00,101274.54,60685.55,620.98,18.62,К-р Восточный,605-E230725_P_B_9.B,8175,2025-08-03,PV №52,quartz-mica foliated schists,1.0,421.85,111,16.2,78.0
1672613,2025-08-06 18:12:00,2025-08-06 18:39:00,101226.61,60830.51,620.41,18.02,К-р Восточный,605-E230725_P_B_9.B,5000,2025-08-06,PV №52,mica-quartz_carbonate_massive_rocks,1.0,134.71,85,7.21,126.0
1670069,2025-08-04 09:37:00,2025-08-04 09:56:00,101236.86,60672.1,620.06,17.52,К-р Восточный,605-E230725_P_B_9.B,5083,2025-08-04,PV №52,quartz-mica foliated schists,1.0,431.4,109,18.62,72.6
1581587,2025-05-09 07:10:00,2025-05-09 07:30:00,101304.47,60497.02,640.33,12.51,К-р Восточный,630-E030525_P_B_1.B,5913,2025-05-09,PV №52,quartz-mica foliated schists,1.0,432.04,109,17.0,72.0
1666668,2025-07-31 23:31:00,2025-07-31 23:48:00,101212.33,60813.31,620.05,18.01,К-р Восточный,605-E230725_P_B_9.B,4993,2025-08-01,PV №52,mica-quartz_carbonate_massive_rocks,1.0,324.62,110,15.85,89.4
1578839,2025-05-06 15:49:00,2025-05-06 16:00:00,101247.31,60675.89,640.01,12.63,К-р Восточный,630-E030525_P_B_1.B,6077,2025-05-06,PV №52,quartz-mica foliated schists,1.0,387.2,110,15.14,78.0
1611352,2025-06-07 15:59:00,2025-06-07 16:14:00,101871.33,60135.06,638.86,11.5,К-р Восточный,630-E040625_P_B_4.A,6078,2025-06-07,PV №52,carbonized_quartz-mica_hornfels_shists,1.0,315.78,110,14.94,54.0
1580672,2025-05-08 11:37:00,2025-05-08 11:49:00,101317.87,60559.19,639.52,12.5,К-р Восточный,630-E030525_P_B_1.B,5953,2025-05-08,PV №52,quartz-mica foliated schists,1.0,433.72,110,15.11,59.4
1670430,2025-08-04 17:22:00,2025-08-04 17:48:00,101287.27,60666.88,621.34,18.51,К-р Восточный,605-E230725_P_B_9.B,8189,2025-08-04,PV №52,quartz-mica foliated schists,1.0,427.51,111,16.18,66.0
1668710,2025-08-02 21:43:00,2025-08-02 22:02:00,101293.33,60670.63,621.72,19.17,К-р Восточный,605-E230725_P_B_9.B,8191,2025-08-03,PV №52,quartz-mica foliated schists,1.0,422.96,110,16.44,65.4
1614370,2025-06-10 16:45:00,2025-06-10 17:07:00,101729.17,60082.11,639.17,12.01,К-р Восточный,630-E040625_P_B_4.A,5679,2025-06-10,PV №52,carbonized_quartz-mica_hornfels_shists,1.0,373.61,109,15.69,36.0
1672836,2025-08-06 23:24:00,2025-08-06 23:43:00,101223.74,60837.03,620.3,18.02,К-р Восточный,605-E230725_P_B_9.B,4985,2025-08-07,PV №52,mica-quartz_carbonate_massive_rocks,1.0,387.66,111,16.74,60.0
1581748,2025-05-09 10:46:00,2025-05-09 10:57:00,101309.54,60490.02,640.34,13.01,К-р Восточный,630-E030525_P_B_1.B,5873,2025-05-09,PV №52,mica-quartz_carbonate_massive_rocks,1.0,451.16,110,16.02,59.4
1579402,2025-05-07 05:07:00,2025-05-07 05:21:00,101245.59,60637.39,640.35,12.41,К-р Восточный,630-E030525_P_B_1.B,6128,2025-05-07,PV №52,quartz-mica foliated schists,1.0,420.32,110,15.15,60.0
1613629,2025-06-09 19:41:00,2025-06-09 20:02:00,101786.6,60092.87,638.87,12.01,К-р Восточный,630-E040625_P_B_4.A,5875,2025-06-10,PV №52,carbonized_quartz-mica_hornfels_shists,1.0,392.53,109,16.45,54.0
1611898,2025-06-08 04:06:00,2025-06-08 04:23:00,101852.19,60121.79,639.55,12.04,К-р Восточный,630-E040625_P_B_4.A,5945,2025-06-08,PV №52,carbonized_quartz-mica_hornfels_shists,1.0,405.88,110,14.85,66.0
1667301,2025-08-01 11:52:00,2025-08-01 12:11:00,101235.95,60714.17,620.36,18.03,К-р Восточный,605-E230725_P_B_9.B,5055,2025-08-01,PV №52,mica-quartz_carbonate_massive_rocks,1.0,417.17,108,17.55,60.0
1580227,2025-05-08 01:57:00,2025-05-08 02:11:00,101250.03,60576.84,640.58,12.07,К-р Восточный,630-E030525_P_B_1.B,6087,2025-05-08,PV №52,quartz-mica foliated schists,1.0,418.74,110,15.64,72.0
1580203,2025-05-08 01:41:00,2025-05-08 01:55:00,101245.12,60584.1,640.59,12.07,К-р Восточный,630-E030525_P_B_1.B,6023,2025-05-08,PV №52,quartz-mica foliated schists,1.0,420.05,109,16.28,54.0
1581311,2025-05-09 01:49:00,2025-05-09 02:03:00,101315.89,60520.76,640.0,12.77,К-р Восточный,630-E030525_P_B_1.B,5990,2025-05-09,PV №52,quartz-mica foliated schists,1.0,422.91,109,16.94,72.0
1579219,2025-05-07 01:24:00,2025-05-07 01:36:00,101239.38,60659.68,640.19,12.19,К-р Восточный,630-E030525_P_B_1.B,6069,2025-05-07,PV №52,quartz-mica foliated schists,1.0,270.76,111,13.15,78.0
1581431,2025-05-09 03:36:00,2025-05-09 03:51:00,101294.64,60511.81,640.22,12.73,К-р Восточный,630-E030525_P_B_1.B,5915,2025-05-09,PV №52,quartz-mica foliated schists,1.0,421.92,110,15.64,72.0
1580622,2025-05-08 10:33:00,2025-05-08 10:46:00,101273.79,60555.95,640.45,12.51,К-р Восточный,630-E030525_P_B_1.B,5948,2025-05-08,PV №52,quartz-mica foliated schists,1.0,416.51,108,16.01,78.6
1580718,2025-05-08 12:34:00,2025-05-08 12:47:00,101313.53,60550.6,639.96,12.6,К-р Восточный,630-E030525_P_B_1.B,5983,2025-05-08,PV №52,quartz-mica foliated schists,1.0,428.08,108,17.03,54.0
1609150,2025-06-05 09:31:00,2025-06-05 09:46:00,101721.53,60135.0,639.25,12.58,К-р Восточный,630-E040625_P_B_4.A,6044,2025-06-05,PV №52,carbonized_quartz-mica_hornfels_shists,1.0,400.17,108,15.65,60.0
1581207,2025-05-08 20:10:00,2025-05-08 20:22:00,101262.51,60531.9,640.22,12.52,К-р Восточный,630-E030525_P_B_1.B,5893,2025-05-09,PV №52,quartz-mica foliated schists,1.0,437.42,109,16.94,72.0
1668437,2025-08-02 17:07:00,2025-08-02 17:27:00,101277.84,60709.12,621.34,19.0,К-р Восточный,605-E230725_P_B_9.B,8184,2025-08-02,PV №52,mica-quartz_carbonate_massive_rocks,1.0,423.8,111,15.53,72.0
1667022,2025-08-01 04:49:00,2025-08-01 05:06:00,101229.16,60707.83,620.32,17.83,К-р Восточный,605-E230725_P_B_9.B,5087,2025-08-01,PV №52,mica-quartz_carbonate_massive_rocks,1.0,418.62,110,15.54,65.4
1580592,2025-05-08 09:59:00,2025-05-08 10:11:00,101256.56,60555.01,640.37,12.52,К-р Восточный,630-E030525_P_B_1.B,5946,2025-05-08,PV №52,quartz-mica foliated schists,1.0,415.37,108,16.22,66.0
1580063,2025-05-07 23:50:00,2025-05-08 00:06:00,101303.11,60586.67,640.03,12.71,К-р Восточный,630-E030525_P_B_1.B,6094,2025-05-08,PV №52,quartz-mica foliated schists,1.0,394.32,107,19.1,96.0
1610883,2025-06-07 03:16:00,2025-06-07 03:34:00,101737.02,60112.17,639.31,11.73,К-р Восточный,630-E040625_P_B_4.A,5962,2025-06-07,PV №52,carbonized_quartz-mica_hornfels_shists,1.0,343.06,110,14.35,66.0
1667799,2025-08-02 00:49:00,2025-08-02 01:13:00,101236.91,60801.69,620.91,18.11,К-р Восточный,605-E230725_P_B_9.B,5021,2025-08-02,PV №52,mica-quartz_carbonate_massive_rocks,1.0,367.11,109,18.38,54.0
1579117,2025-05-06 22:39:00,2025-05-06 22:51:00,101277.94,60617.0,639.78,12.21,К-р Восточный,630-E030525_P_B_1.B,6039,2025-05-07,PV №52,quartz-mica foliated schists,1.0,417.32,110,14.43,60.0
1666489,2025-07-31 18:11:00,2025-07-31 18:48:00,101213.25,60746.54,620.13,17.5,К-р Восточный,605-E230725_P_B_9.B,5066,2025-07-31,PV №52,mica-quartz_carbonate_massive_rocks,1.0,357.82,110,14.59,102.0
1672857,2025-08-06 23:47:00,2025-08-07 00:05:00,101227.85,60814.82,619.99,18.36,К-р Восточный,605-E230725_P_B_9.B,5002,2025-08-07,PV №52,mica-quartz_carbonate_massive_rocks,1.0,385.15,111,16.18,78.0
1609213,2025-06-05 11:46:00,2025-06-05 12:01:00,101745.64,60131.19,638.87,12.39,К-р Восточный,630-E040625_P_B_4.A,5978,2025-06-05,PV №52,carbonized_quartz-mica_hornfels_shists,1.0,383.72,110,15.77,48.0
1666747,2025-07-31 22:44:00,2025-07-31 23:03:00,101221.02,60710.98,620.4,18.01,К-р Восточный,605-E230725_P_B_9.B,5062,2025-08-01,PV №52,mica-quartz_carbonate_massive_rocks,1.0,419.89,109,16.59,72.0
1672878,2025-08-06 19:58:00,2025-08-06 20:16:00,101194.63,60840.0,620.48,17.5,К-р Восточный,605-E230725_P_B_9.B,4989,2025-08-07,PV №52,quartz-mica foliated schists,1.0,427.78,110,16.46,60.0
1668726,2025-08-03 00:03:00,2025-08-03 00:31:00,101233.09,60690.36,621.35,17.92,К-р Восточный,605-E230725_P_B_9.B,5085,2025-08-03,PV №52,quartz-mica foliated schists,1.0,426.2,109,18.02,72.0
1579803,2025-05-07 17:05:00,2025-05-07 17:18:00,101233.03,60628.91,640.03,12.26,К-р Восточный,630-E030525_P_B_1.B,6050,2025-05-07,PV №52,quartz-mica foliated schists,1.0,413.62,109,15.88,54.0
1580514,2025-05-08 08:05:00,2025-05-08 08:17:00,101277.81,60563.75,640.38,12.58,К-р Восточный,630-E030525_P_B_1.B,5940,2025-05-08,PV №52,quartz-mica foliated schists,1.0,421.89,109,16.16,72.0
1609444,2025-06-05 16:07:00,2025-06-05 16:20:00,101732.41,60129.9,638.99,11.65,К-р Восточный,630-E040625_P_B_4.A,5976,2025-06-05,PV №52,fault_zone,1.0,403.64,108,17.36,60.0
1579812,2025-05-07 17:19:00,2025-05-07 17:33:00,101237.85,60621.34,640.57,12.15,К-р Восточный,630-E030525_P_B_1.B,6120,2025-05-07,PV №52,quartz-mica foliated schists,1.0,433.4,109,15.47,60.0
1581770,2025-05-09 11:14:00,2025-05-09 11:27:00,101291.51,60488.7,640.58,13.0,К-р Восточный,630-E030525_P_B_1.B,5871,2025-05-09,PV №52,quartz-mica foliated schists,1.0,429.7,110,15.58,60.0
1579803,2025-05-07 17:05:00,2025-05-07 17:18:00,101233.03,60628.91,640.03,12.26,К-р Восточный,630-E030525_P_B_1.B,6050,2025-05-07,PV №52,quartz-mica foliated schists,1.0,407.03,109,15.92,60.0
1666736,2025-07-31 23:50:00,2025-08-01 00:13:00,101213.05,60804.4,620.17,18.0,К-р Восточный,605-E230725_P_B_9.B,5004,2025-08-01,PV №52,mica-quartz_carbonate_massive_rocks,1.0,292.55,107,13.4,66.0
1672584,2025-08-06 17:18:00,2025-08-06 17:40:00,101239.12,60816.46,620.58,18.43,К-р Восточный,605-E230725_P_B_9.B,8156,2025-08-06,PV №52,mica-quartz_carbonate_massive_rocks,1.0,424.93,112,16.57,54.0
1609444,2025-06-05 16:07:00,2025-06-05 16:20:00,101732.41,60129.9,638.99,11.65,К-р Восточный,630-E040625_P_B_4.A,5976,2025-06-05,PV №52,fault_zone,1.0,314.86,110,14.2,66.0
1672825,2025-08-06 21:40:00,2025-08-06 21:58:00,101211.88,60822.4,620.17,17.04,К-р Восточный,605-E230725_P_B_9.B,4994,2025-08-07,PV №52,mica-quartz_carbonate_massive_rocks,1.0,426.07,111,16.29,72.0
1667008,2025-08-01 04:30:00,2025-08-01 04:47:00,101227.11,60716.92,620.26,18.01,К-р Восточный,605-E230725_P_B_9.B,5088,2025-08-01,PV №52,mica-quartz_carbonate_massive_rocks,1.0,421.16,109,16.24,72.0
1580723,2025-05-08 12:49:00,2025-05-08 13:00:00,101305.06,60550.68,639.96,12.01,К-р Восточный,630-E030525_P_B_1.B,5904,2025-05-08,PV №52,quartz-mica foliated schists,1.0,426.4,109,15.85,54.0
1580386,2025-05-08 04:56:00,2025-05-08 05:08:00,101307.19,60573.95,640.04,12.71,К-р Восточный,630-E030525_P_B_1.B,5952,2025-05-08,PV №52,quartz-mica foliated schists,1.0,420.5,109,16.13,54.0
1609338,2025-06-05 14:05:00,2025-06-05 14:20:00,101684.99,60126.61,639.28,12.62,К-р Восточный,630-E040625_P_B_4.A,5969,2025-06-05,PV №52,carbonized_quartz-mica_hornfels_shists,1.0,386.4,109,15.57,72.0
1581342,2025-05-09 02:20:00,2025-05-09 02:32:00,101334.35,60507.1,639.69,12.56,К-р Восточный,630-E030525_P_B_1.B,5993,2025-05-09,PV №52,mica-quartz_carbonate_massive_rocks,1.0,424.67,109,17.21,84.0
1578624,2025-05-06 09:32:00,2025-05-06 09:43:00,101255.62,60683.48,639.94,12.67,К-р Восточный,630-E030525_P_B_1.B,6152,2025-05-06,PV №52,quartz-mica foliated schists,1.0,429.01,110,15.8,71.4
1580344,2025-05-08 04:04:00,2025-05-08 04:17:00,101267.74,60578.15,640.47,12.26,К-р Восточный,630-E030525_P_B_1.B,6089,2025-05-08,PV №52,quartz-mica foliated schists,1.0,368.34,110,15.25,90.0
1668437,2025-08-02 17:07:00,2025-08-02 17:27:00,101277.84,60709.12,621.34,19.0,К-р Восточный,605-E230725_P_B_9.B,8184,2025-08-02,PV №52,mica-quartz_carbonate_massive_rocks,1.0,428.79,109,16.96,60.0
1579785,2025-05-07 16:34:00,2025-05-07 16:46:00,101222.86,60643.35,640.15,12.52,К-р Восточный,630-E030525_P_B_1.B,6062,2025-05-07,PV №52,quartz-mica foliated schists,1.0,391.99,109,15.04,60.0
1579320,2025-05-07 03:13:00,2025-05-07 03:25:00,101274.31,60609.08,639.88,11.62,К-р Восточный,630-E030525_P_B_1.B,6112,2025-05-07,PV №52,quartz-mica foliated schists,1.0,420.72,109,16.02,66.0
1581191,2025-05-08 22:03:00,2025-05-08 22:17:00,101319.81,60528.56,639.68,12.12,К-р Восточный,630-E030525_P_B_1.B,5960,2025-05-09,PV №52,quartz-mica foliated schists,1.0,407.99,110,15.52,72.0
1579776,2025-05-07 16:19:00,2025-05-07 16:32:00,101217.76,60650.7,640.16,12.51,К-р Восточный,630-E030525_P_B_1.B,6140,2025-05-07,PV №52,quartz-mica foliated schists,1.0,435.64,109,15.81,54.0
1670069,2025-08-04 09:37:00,2025-08-04 09:56:00,101236.86,60672.1,620.06,17.52,К-р Восточный,605-E230725_P_B_9.B,5083,2025-08-04,PV №52,quartz-mica foliated schists,1.0,407.39,109,18.11,60.0
1579753,2025-05-07 16:02:00,2025-05-07 16:16:00,101212.09,60657.96,640.31,12.55,К-р Восточный,630-E030525_P_B_1.B,6066,2025-05-07,PV №52,quartz-mica foliated schists,1.0,436.17,108,17.26,60.0
1668675,2025-08-02 20:31:00,2025-08-02 20:52:00,101290.81,60679.37,621.63,19.08,К-р Восточный,605-E230725_P_B_9.B,8190,2025-08-03,PV №52,quartz-mica foliated schists,1.0,428.48,111,16.43,71.4
1668484,2025-08-02 18:19:00,2025-08-02 18:41:00,101257.28,60690.66,620.42,17.51,К-р Восточный,605-E230725_P_B_9.B,5036,2025-08-02,PV №52,quartz-mica foliated schists,1.0,422.9,110,17.29,66.0
1668688,2025-08-02 23:22:00,2025-08-02 23:40:00,101272.9,60693.84,620.79,18.53,К-р Восточный,605-E230725_P_B_9.B,8174,2025-08-03,PV №52,quartz-mica foliated schists,1.0,423.81,111,15.69,66.0
1668503,2025-08-02 19:30:00,2025-08-02 19:49:00,101282.94,60703.71,621.02,19.56,К-р Восточный,605-E230725_P_B_9.B,8162,2025-08-02,PV №52,quartz-mica foliated schists,1.0,427.44,110,16.77,72.0
1666091,2025-07-31 07:53:00,2025-07-31 08:14:00,101246.98,60702.49,620.63,18.01,К-р Восточный,605-E230725_P_B_9.B,5079,2025-07-31,PV №52,mica-quartz_carbonate_massive_rocks,1.0,422.93,110,15.79,48.0
1579826,2025-05-07 17:36:00,2025-05-07 17:54:00,101242.94,60614.66,640.4,12.2,К-р Восточный,630-E030525_P_B_1.B,6043,2025-05-07,PV №52,quartz-mica foliated schists,1.0,434.17,110,15.26,60.0
1579466,2025-05-07 07:35:00,2025-05-07 07:47:00,101212.61,60673.23,640.14,12.61,К-р Восточный,630-E030525_P_B_1.B,6081,2025-05-07,PV №52,quartz-mica foliated schists,1.0,432.49,108,17.71,54.6
1670430,2025-08-04 17:22:00,2025-08-04 17:48:00,101287.27,60666.88,621.34,18.51,К-р Восточный,605-E230725_P_B_9.B,8189,2025-08-04,PV №52,quartz-mica foliated schists,1.0,427.44,111,15.68,66.0
1666370,2025-07-31 14:52:00,2025-07-31 15:13:00,101204.88,60808.41,620.02,17.52,К-р Восточный,605-E230725_P_B_9.B,4975,2025-07-31,PV №52,mica-quartz_carbonate_massive_rocks,1.0,342.99,112,13.1,84.0
1581951,2025-05-09 15:23:00,2025-05-09 15:35:00,101319.67,60475.39,640.53,13.06,К-р Восточный,630-E030525_P_B_1.B,6002,2025-05-09,PV №52,mica-quartz_carbonate_massive_rocks,1.0,321.8,111,13.99,66.0
1581960,2025-05-09 15:36:00,2025-05-09 15:47:00,101310.45,60474.97,640.46,13.02,К-р Восточный,630-E030525_P_B_1.B,5861,2025-05-09,PV №52,mica-quartz_carbonate_massive_rocks,1.0,429.43,109,16.52,66.0
1609401,2025-06-05 15:15:00,2025-06-05 15:31:00,101712.12,60128.66,639.44,12.63,К-р Восточный,630-E040625_P_B_4.A,5973,2025-06-05,PV №52,carbonized_quartz-mica_hornfels_shists,1.0,394.12,109,15.51,54.0
1580426,2025-05-08 05:59:00,2025-05-08 06:11:00,101295.19,60565.54,640.4,12.61,К-р Восточный,630-E030525_P_B_1.B,5942,2025-05-08,PV №52,quartz-mica foliated schists,1.0,304.31,110,15.57,96.0
1579134,2025-05-06 23:59:00,2025-05-07 00:11:00,101261.13,60638.85,639.89,12.17,К-р Восточный,630-E030525_P_B_1.B,6130,2025-05-07,PV №52,quartz-mica foliated schists,1.0,419.51,109,15.84,66.0
1581383,2025-05-09 03:06:00,2025-05-09 03:17:00,101277.47,60510.38,640.23,12.56,К-р Восточный,630-E030525_P_B_1.B,5917,2025-05-09,PV №52,quartz-mica foliated schists,1.0,429.41,108,17.79,72.0
1611352,2025-06-07 15:59:00,2025-06-07 16:14:00,101871.33,60135.06,638.86,11.5,К-р Восточный,630-E040625_P_B_4.A,6078,2025-06-07,PV №52,carbonized_quartz-mica_hornfels_shists,1.0,203.91,113,10.94,54.6
1666680,2025-07-31 19:53:00,2025-07-31 20:15:00,101210.3,60722.46,620.43,18.05,К-р Восточный,605-E230725_P_B_9.B,5100,2025-08-01,PV №52,mica-quartz_carbonate_massive_rocks,1.0,416.67,110,15.43,60.0
1578627,2025-05-06 09:46:00,2025-05-06 09:58:00,101248.66,60683.42,639.9,13.01,К-р Восточный,630-E030525_P_B_1.B,6153,2025-05-06,PV №52,quartz-mica foliated schists,1.0,435.35,110,15.04,60.0
1579802,2025-05-07 16:51:00,2025-05-07 17:03:00,101228.11,60636.19,640.2,12.54,К-р Восточный,630-E030525_P_B_1.B,6126,2025-05-07,PV №52,quartz-mica foliated schists,1.0,435.6,109,15.48,60.0
1578926,2025-05-06 17:57:00,2025-05-06 18:12:00,101261.56,60661.55,639.63,12.76,К-р Восточный,630-E030525_P_B_1.B,6072,2025-05-06,PV №52,quartz-mica foliated schists,1.0,436.77,109,16.25,66.0
1668704,2025-08-02 21:19:00,2025-08-02 21:38:00,101283.1,60682.49,621.57,19.16,К-р Восточный,605-E230725_P_B_9.B,8187,2025-08-03,PV №52,quartz-mica foliated schists,1.0,423.72,111,15.23,66.0
1670730,2025-08-04 23:27:00,2025-08-04 23:45:00,101302.12,60644.36,621.2,19.01,К-р Восточный,605-E230725_P_B_9.B,8194,2025-08-05,PV №52,quartz-mica foliated schists,1.0,409.6,110,17.09,72.0
1582396,2025-05-10 00:53:00,2025-05-10 01:08:00,101278.36,60495.0,640.26,13.57,К-р Восточный,630-E030525_P_B_1.B,5910,2025-05-10,PV №52,quartz-mica foliated schists,1.0,358.88,111,14.81,84.6
1672889,2025-08-06 20:40:00,2025-08-06 20:59:00,101201.63,60844.76,620.55,18.11,К-р Восточный,605-E230725_P_B_9.B,4971,2025-08-07,PV №52,quartz-mica foliated schists,1.0,424.74,110,17.38,66.0
1580386,2025-05-08 04:56:00,2025-05-08 05:08:00,101307.19,60573.95,640.04,12.71,К-р Восточный,630-E030525_P_B_1.B,5952,2025-05-08,PV №52,quartz-mica foliated schists,1.0,422.81,108,17.65,72.0
1668675,2025-08-02 20:31:00,2025-08-02 20:52:00,101290.81,60679.37,621.63,19.08,К-р Восточный,605-E230725_P_B_9.B,8190,2025-08-03,PV №52,quartz-mica foliated schists,1.0,429.25,110,17.26,60.0
1580245,2025-05-08 02:13:00,2025-05-08 02:26:00,101254.86,60569.48,640.52,12.62,К-р Восточный,630-E030525_P_B_1.B,6011,2025-05-08,PV №52,quartz-mica foliated schists,1.0,414.16,109,15.72,60.0
1670730,2025-08-04 23:27:00,2025-08-04 23:45:00,101302.12,60644.36,621.2,19.01,К-р Восточный,605-E230725_P_B_9.B,8194,2025-08-05,PV №52,quartz-mica foliated schists,1.0,419.29,110,16.33,84.0
1581799,2025-05-09 11:34:00,2025-05-09 11:48:00,101368.99,60488.16,639.68,12.05,К-р Восточный,630-E030525_P_B_1.B,5979,2025-05-09,PV №52,carbonaceous quartz-mica calcium metasomatites,1.0,374.99,109,17.25,89.4
1579702,2025-05-07 14:31:00,2025-05-07 14:47:00,101199.88,60664.84,640.38,12.56,К-р Восточный,630-E030525_P_B_1.B,6143,2025-05-07,PV №52,quartz-mica foliated schists,1.0,435.17,108,17.23,60.0
1611458,2025-06-07 19:17:00,2025-06-07 19:31:00,101817.44,60130.9,639.15,11.46,К-р Восточный,630-E040625_P_B_4.A,6070,2025-06-07,PV №52,carbonized_quartz-mica_hornfels_shists,1.0,402.03,110,16.09,60.0
1668969,2025-08-04 08:56:00,2025-08-04 09:15:00,101235.18,60681.44,621.74,17.52,К-р Восточный,605-E230725_P_B_9.B,5084,2025-08-03,PV №52,quartz-mica foliated schists,1.0,406.4,109,18.79,66.0
1579320,2025-05-07 03:13:00,2025-05-07 03:25:00,101274.31,60609.08,639.88,11.62,К-р Восточный,630-E030525_P_B_1.B,6112,2025-05-07,PV №52,quartz-mica foliated schists,1.0,420.67,109,15.8,54.0
1611366,2025-06-07 16:16:00,2025-06-07 16:34:00,101864.93,60134.61,638.86,11.53,К-р Восточный,630-E040625_P_B_4.A,6077,2025-06-07,PV №52,carbonized_quartz-mica_hornfels_shists,1.0,193.98,109,12.01,66.0
1668657,2025-08-02 23:42:00,2025-08-03 00:00:00,101265.74,60687.68,620.56,18.08,К-р Восточный,605-E230725_P_B_9.B,5033,2025-08-03,PV №52,quartz-mica foliated schists,1.0,424.75,110,17.43,78.0
1613698,2025-06-10 00:30:00,2025-06-10 00:45:00,101850.93,60091.95,639.16,12.0,К-р Восточный,630-E040625_P_B_4.A,5661,2025-06-10,PV №52,carbonized_quartz-mica_hornfels_shists,1.0,291.88,111,13.28,54.0
1666743,2025-07-31 23:06:00,2025-07-31 23:23:00,101222.44,60702.05,620.31,18.05,К-р Восточный,605-E230725_P_B_9.B,5061,2025-08-01,PV №52,mica-quartz_carbonate_massive_rocks,1.0,417.96,109,15.54,66.0
1582419,2025-05-10 01:37:00,2025-05-10 01:52:00,101268.52,60510.08,640.42,13.26,К-р Восточный,630-E030525_P_B_1.B,5918,2025-05-10,PV №52,quartz-mica foliated schists,1.0,431.07,109,16.82,54.0
1579249,2025-05-07 02:09:00,2025-05-07 02:22:00,101254.33,60638.11,640.04,12.15,К-р Восточный,630-E030525_P_B_1.B,6129,2025-05-07,PV №52,quartz-mica foliated schists,1.0,417.64,110,15.16,66.0
1668386,2025-08-02 15:37:00,2025-08-02 15:56:00,101250.96,60718.03,620.42,18.19,К-р Восточный,605-E230725_P_B_9.B,5039,2025-08-02,PV №52,mica-quartz_carbonate_massive_rocks,1.0,95.68,88,7.36,120.0
1580893,2025-05-08 16:44:00,2025-05-08 16:54:00,101297.01,60534.63,640.1,12.0,К-р Восточный,630-E030525_P_B_1.B,5889,2025-05-08,PV №52,quartz-mica foliated schists,1.0,409.06,109,17.62,72.0
1579372,2025-05-07 04:23:00,2025-05-07 04:36:00,101230.79,60659.17,640.16,12.63,К-р Восточный,630-E030525_P_B_1.B,6068,2025-05-07,PV №52,quartz-mica foliated schists,1.0,421.65,108,17.19,54.0
1670702,2025-08-04 23:49:00,2025-08-05 00:12:00,101304.52,60635.36,621.11,19.01,К-р Восточный,605-E230725_P_B_9.B,8195,2025-08-05,PV №52,quartz-mica foliated schists,1.0,403.48,110,18.06,72.0
1580580,2025-05-08 09:45:00,2025-05-08 09:57:00,101251.46,60561.67,640.61,12.53,К-р Восточный,630-E030525_P_B_1.B,5937,2025-05-08,PV №52,quartz-mica foliated schists,1.0,417.71,109,16.23,66.0
1579399,2025-05-07 04:53:00,2025-05-07 05:05:00,101240.5,60644.71,640.22,12.22,К-р Восточный,630-E030525_P_B_1.B,6060,2025-05-07,PV №52,quartz-mica foliated schists,1.0,420.69,109,15.76,72.0
1612235,2025-06-08 11:42:00,2025-06-08 11:58:00,101808.9,60112.44,638.95,12.1,К-р Восточный,630-E040625_P_B_4.A,5747,2025-06-08,PV №52,carbonized_quartz-mica_hornfels_shists,1.0,366.16,109,15.37,60.0
1581244,2025-05-09 00:29:00,2025-05-09 00:43:00,101272.14,60517.76,640.15,12.58,К-р Восточный,630-E030525_P_B_1.B,5883,2025-05-09,PV №52,quartz-mica foliated schists,1.0,424.44,106,19.44,60.0
1672584,2025-08-06 17:18:00,2025-08-06 17:40:00,101239.12,60816.46,620.58,18.43,К-р Восточный,605-E230725_P_B_9.B,8156,2025-08-06,PV №52,mica-quartz_carbonate_massive_rocks,1.0,244.95,88,11.29,60.6
1579389,2025-05-07 04:38:00,2025-05-07 04:51:00,101235.72,60651.78,640.25,12.15,К-р Восточный,630-E030525_P_B_1.B,6138,2025-05-07,PV №52,quartz-mica foliated schists,1.0,421.72,108,16.83,66.0
1668657,2025-08-02 23:42:00,2025-08-03 00:00:00,101265.74,60687.68,620.56,18.08,К-р Восточный,605-E230725_P_B_9.B,5033,2025-08-03,PV №52,quartz-mica foliated schists,1.0,425.88,110,15.9,65.4
1611170,2025-06-07 09:55:00,2025-06-07 10:09:00,101769.84,60126.97,638.51,11.62,К-р Восточный,630-E040625_P_B_4.A,6063,2025-06-07,PV №52,carbonized_quartz-mica_hornfels_shists,1.0,305.3,111,12.93,66.0
1580837,2025-05-08 15:43:00,2025-05-08 15:56:00,101301.37,60542.85,640.09,12.51,К-р Восточный,630-E030525_P_B_1.B,5927,2025-05-08,PV №52,quartz-mica foliated schists,1.0,417.87,110,15.55,66.0
1580952,2025-05-08 17:59:00,2025-05-08 18:12:00,101261.27,60547.81,640.38,12.5,К-р Восточный,630-E030525_P_B_1.B,5899,2025-05-08,PV №52,quartz-mica foliated schists,1.0,447.03,107,18.0,66.0
1579618,2025-05-07 12:17:00,2025-05-07 12:29:00,101291.22,60595.11,640.08,12.28,К-р Восточный,630-E030525_P_B_1.B,6096,2025-05-07,PV №52,quartz-mica foliated schists,1.0,438.2,110,15.1,66.0
1613664,2025-06-09 23:16:00,2025-06-09 23:36:00,101813.4,60095.31,638.96,12.01,К-р Восточный,630-E040625_P_B_4.A,5871,2025-06-10,PV №52,carbonized_quartz-mica_hornfels_shists,1.0,123.37,95,9.84,60.6
1672889,2025-08-06 20:40:00,2025-08-06 20:59:00,101201.63,60844.76,620.55,18.11,К-р Восточный,605-E230725_P_B_9.B,4971,2025-08-07,PV №52,quartz-mica foliated schists,1.0,427.0,110,17.57,72.0
1580540,2025-05-08 08:56:00,2025-05-08 09:07:00,101236.61,60583.44,640.62,12.19,К-р Восточный,630-E030525_P_B_1.B,6024,2025-05-08,PV №52,quartz-mica foliated schists,1.0,419.18,109,16.97,54.0
1580828,2025-05-08 15:30:00,2025-05-08 15:42:00,101296.28,60549.9,640.11,12.01,К-р Восточный,630-E030525_P_B_1.B,5903,2025-05-08,PV №52,quartz-mica foliated schists,1.0,430.91,109,15.72,72.0
1579710,2025-05-07 14:51:00,2025-05-07 15:06:00,101203.29,60657.39,640.39,12.54,К-р Восточный,630-E030525_P_B_1.B,6065,2025-05-07,PV №52,quartz-mica foliated schists,1.0,429.62,111,13.64,90.0
1580080,2025-05-07 21:37:00,2025-05-07 21:53:00,101234.12,60613.71,640.32,12.03,К-р Восточный,630-E030525_P_B_1.B,6044,2025-05-08,PV №52,quartz-mica foliated schists,1.0,380.97,109,15.1,54.0
1580426,2025-05-08 05:59:00,2025-05-08 06:11:00,101295.19,60565.54,640.4,12.61,К-р Восточный,630-E030525_P_B_1.B,5942,2025-05-08,PV №52,quartz-mica foliated schists,1.0,419.46,106,15.9,66.0
1672826,2025-08-06 21:00:00,2025-08-06 21:18:00,101202.65,60835.5,620.29,17.52,К-р Восточный,605-E230725_P_B_9.B,4972,2025-08-07,PV №52,quartz-mica foliated schists,1.0,395.34,97,15.71,66.0
1612666,2025-06-08 21:46:00,2025-06-08 22:04:00,101823.21,60101.57,639.42,11.58,К-р Восточный,630-E040625_P_B_4.A,5699,2025-06-09,PV №52,carbonized_quartz-mica_hornfels_shists,1.0,380.18,109,16.31,42.0
1668477,2025-08-02 17:58:00,2025-08-02 18:17:00,101264.31,60696.83,620.48,18.03,К-р Восточный,605-E230725_P_B_9.B,5032,2025-08-02,PV №52,quartz-mica foliated schists,1.0,424.96,111,15.33,72.0
1580144,2025-05-08 00:49:00,2025-05-08 01:02:00,101271.4,60585.82,640.29,12.05,К-р Восточный,630-E030525_P_B_1.B,6020,2025-05-08,PV №52,quartz-mica foliated schists,1.0,419.23,109,15.73,54.0
1668035,2025-08-02 06:07:00,2025-08-02 06:32:00,101250.84,60758.92,620.14,18.0,К-р Восточный,605-E230725_P_B_9.B,5025,2025-08-02,PV №52,mica-quartz_carbonate_massive_rocks,1.0,390.74,111,15.45,90.0
1581207,2025-05-08 20:10:00,2025-05-08 20:22:00,101262.51,60531.9,640.22,12.52,К-р Восточный,630-E030525_P_B_1.B,5893,2025-05-09,PV №52,quartz-mica foliated schists,1.0,435.88,110,15.79,60.0
1667739,2025-08-01 22:44:00,2025-08-01 23:10:00,101259.98,60777.82,620.71,18.55,К-р Восточный,605-E230725_P_B_9.B,8176,2025-08-02,PV №52,mica-quartz_carbonate_massive_rocks,1.0,332.67,111,14.64,66.0
1581741,2025-05-09 10:28:00,2025-05-09 10:39:00,101318.29,60490.62,640.36,12.75,К-р Восточный,630-E030525_P_B_1.B,6001,2025-05-09,PV №52,mica-quartz_carbonate_massive_rocks,1.0,424.0,110,15.7,72.0
1579744,2025-05-07 15:44:00,2025-05-07 15:58:00,101208.41,60665.18,640.2,12.68,К-р Восточный,630-E030525_P_B_1.B,6144,2025-05-07,PV №52,quartz-mica foliated schists,1.0,434.21,109,15.45,66.0
1666303,2025-07-31 13:02:00,2025-07-31 13:26:00,101204.62,60749.38,620.07,17.5,К-р Восточный,605-E230725_P_B_9.B,5097,2025-07-31,PV №52,mica-quartz_carbonate_massive_rocks,1.0,118.69,92,8.07,125.4
1672858,2025-08-06 21:20:00,2025-08-06 21:38:00,101203.53,60826.86,619.95,17.11,К-р Восточный,605-E230725_P_B_9.B,4973,2025-08-07,PV №52,mica-quartz_carbonate_massive_rocks,1.0,426.36,104,16.37,66.0
1580975,2025-05-08 19:20:00,2025-05-08 19:33:00,101275.04,60540.84,640.39,12.64,К-р Восточный,630-E030525_P_B_1.B,5930,2025-05-08,PV №52,quartz-mica foliated schists,1.0,319.1,112,13.86,60.0
1580072,2025-05-07 20:52:00,2025-05-07 21:04:00,101219.59,60635.45,640.23,12.75,К-р Восточный,630-E030525_P_B_1.B,6125,2025-05-08,PV №52,quartz-mica foliated schists,1.0,418.42,109,15.33,54.0
1665915,2025-07-31 07:28:00,2025-07-31 07:51:00,101253.32,60708.55,622.36,18.02,К-р Восточный,605-E230725_P_B_9.B,5038,2025-07-31,PV №52,mica-quartz_carbonate_massive_rocks,1.0,417.05,112,15.73,60.0
1668294,2025-08-02 13:14:00,2025-08-02 13:34:00,101256.76,60732.05,620.28,17.51,К-р Восточный,605-E230725_P_B_9.B,5028,2025-08-02,PV №52,mica-quartz_carbonate_massive_rocks,1.0,424.58,109,15.4,54.0
1672560,2025-08-06 16:47:00,2025-08-06 17:11:00,101236.62,60810.85,620.48,18.47,К-р Восточный,605-E230725_P_B_9.B,4987,2025-08-06,PV №52,mica-quartz_carbonate_massive_rocks,1.0,407.67,111,15.46,78.0
1581741,2025-05-09 10:28:00,2025-05-09 10:39:00,101318.29,60490.62,640.36,12.75,К-р Восточный,630-E030525_P_B_1.B,6001,2025-05-09,PV №52,mica-quartz_carbonate_massive_rocks,1.0,424.43,110,15.81,84.0
1578945,2025-05-06 19:01:00,2025-05-06 19:15:00,101270.0,60650.86,639.91,12.21,К-р Восточный,630-E030525_P_B_1.B,6133,2025-05-06,PV №52,quartz-mica foliated schists,1.0,378.27,111,14.32,66.0
1580566,2025-05-08 09:29:00,2025-05-08 09:43:00,101246.43,60569.17,640.37,12.56,К-р Восточный,630-E030525_P_B_1.B,6010,2025-05-08,PV №52,quartz-mica foliated schists,1.0,418.81,109,15.4,72.0
1580758,2025-05-08 13:43:00,2025-05-08 13:58:00,101332.78,60537.58,639.31,12.51,К-р Восточный,630-E030525_P_B_1.B,5986,2025-05-08,PV №52,quartz-mica foliated schists,1.0,428.32,110,15.19,60.0
1578627,2025-05-06 09:46:00,2025-05-06 09:58:00,101248.66,60683.42,639.9,13.01,К-р Восточный,630-E030525_P_B_1.B,6153,2025-05-06,PV №52,quartz-mica foliated schists,1.0,435.77,110,15.48,66.0
1581147,2025-05-08 20:58:00,2025-05-08 21:10:00,101284.77,60526.44,640.06,12.14,К-р Восточный,630-E030525_P_B_1.B,5924,2025-05-09,PV №52,quartz-mica foliated schists,1.0,420.77,109,16.91,66.0
1672857,2025-08-06 23:47:00,2025-08-07 00:05:00,101227.85,60814.82,619.99,18.36,К-р Восточный,605-E230725_P_B_9.B,5002,2025-08-07,PV №52,mica-quartz_carbonate_massive_rocks,1.0,425.94,111,16.54,66.0
1581127,2025-05-08 19:36:00,2025-05-08 19:50:00,101279.64,60533.24,640.29,12.73,К-р Восточный,630-E030525_P_B_1.B,5891,2025-05-09,PV №52,quartz-mica foliated schists,1.0,418.82,110,15.62,60.0
1580316,2025-05-08 03:33:00,2025-05-08 03:46:00,101285.3,60579.36,640.33,12.59,К-р Восточный,630-E030525_P_B_1.B,6091,2025-05-08,PV №52,quartz-mica foliated schists,1.0,420.73,110,16.3,54.0
1580203,2025-05-08 01:41:00,2025-05-08 01:55:00,101245.12,60584.1,640.59,12.07,К-р Восточный,630-E030525_P_B_1.B,6023,2025-05-08,PV №52,quartz-mica foliated schists,1.0,243.45,112,11.45,78.0
1668324,2025-08-02 14:21:00,2025-08-02 14:47:00,101245.92,60743.84,621.6,17.04,К-р Восточный,605-E230725_P_B_9.B,5042,2025-08-02,PV №52,mica-quartz_carbonate_massive_rocks,1.0,173.01,115,9.97,150.0
1579129,2025-05-06 21:00:00,2025-05-06 21:12:00,101286.28,60616.79,639.64,12.25,К-р Восточный,630-E030525_P_B_1.B,6037,2025-05-07,PV №52,quartz-mica foliated schists,1.0,421.86,110,16.22,60.0
1666674,2025-07-31 21:11:00,2025-07-31 21:31:00,101215.84,60696.05,621.43,18.51,К-р Восточный,605-E230725_P_B_9.B,5103,2025-08-01,PV №52,mica-quartz_carbonate_massive_rocks,1.0,103.02,74,7.44,78.0
1581600,2025-05-09 07:35:00,2025-05-09 07:49:00,101287.08,60495.93,640.61,12.57,К-р Восточный,630-E030525_P_B_1.B,5911,2025-05-09,PV №52,quartz-mica foliated schists,1.0,451.91,108,18.47,48.0
1579196,2025-05-07 00:47:00,2025-05-07 01:06:00,101229.61,60674.53,639.85,12.71,К-р Восточный,630-E030525_P_B_1.B,6079,2025-05-07,PV №52,quartz-mica foliated schists,1.0,423.8,107,18.4,66.0
1666743,2025-07-31 23:06:00,2025-07-31 23:23:00,101222.44,60702.05,620.31,18.05,К-р Восточный,605-E230725_P_B_9.B,5061,2025-08-01,PV №52,mica-quartz_carbonate_massive_rocks,1.0,418.93,108,16.41,72.0
1666674,2025-07-31 21:11:00,2025-07-31 21:31:00,101215.84,60696.05,621.43,18.51,К-р Восточный,605-E230725_P_B_9.B,5103,2025-08-01,PV №52,mica-quartz_carbonate_massive_rocks,1.0,419.76,108,17.8,60.0
1580144,2025-05-08 00:49:00,2025-05-08 01:02:00,101271.4,60585.82,640.29,12.05,К-р Восточный,630-E030525_P_B_1.B,6020,2025-05-08,PV №52,quartz-mica foliated schists,1.0,419.81,109,16.37,66.0
1581960,2025-05-09 15:36:00,2025-05-09 15:47:00,101310.45,60474.97,640.46,13.02,К-р Восточный,630-E030525_P_B_1.B,5861,2025-05-09,PV №52,mica-quartz_carbonate_massive_rocks,1.0,429.9,109,16.59,78.0
1579126,2025-05-06 22:55:00,2025-05-06 23:07:00,101282.91,60609.81,639.82,12.15,К-р Восточный,630-E030525_P_B_1.B,6113,2025-05-07,PV №52,quartz-mica foliated schists,1.0,399.98,110,14.95,60.0
1580027,2025-05-07 19:54:00,2025-05-07 20:08:00,101215.41,60627.57,640.26,12.66,К-р Восточный,630-E030525_P_B_1.B,6048,2025-05-08,PV №52,quartz-mica foliated schists,1.0,157.23,104,8.89,84.0
1581473,2025-05-09 04:32:00,2025-05-09 04:47:00,101282.12,60502.77,640.16,12.64,К-р Восточный,630-E030525_P_B_1.B,5877,2025-05-09,PV №52,quartz-mica foliated schists,1.0,425.89,108,18.67,72.0
1668662,2025-08-02 22:06:00,2025-08-02 22:29:00,101285.8,60673.51,621.42,18.58,К-р Восточный,605-E230725_P_B_9.B,8188,2025-08-03,PV №52,quartz-mica foliated schists,1.0,424.64,111,15.77,54.0
1668767,2025-08-03 01:11:00,2025-08-03 01:29:00,101250.05,60684.6,620.57,17.63,К-р Восточный,605-E230725_P_B_9.B,5081,2025-08-03,PV №52,quartz-mica foliated schists,1.0,394.35,110,16.02,72.0
1609737,2025-06-05 19:49:00,2025-06-05 20:05:00,101688.8,60120.05,639.36,12.81,К-р Восточный,630-E040625_P_B_4.A,6051,2025-06-06,PV №52,carbonized_quartz-mica_hornfels_shists,1.0,403.7,109,15.6,60.0
1581197,2025-05-08 23:56:00,2025-05-09 00:08:00,101324.55,60521.18,639.64,12.07,К-р Восточный,630-E030525_P_B_1.B,5989,2025-05-09,PV №52,quartz-mica foliated schists,1.0,396.23,110,14.98,72.0
1666680,2025-07-31 19:53:00,2025-07-31 20:15:00,101210.3,60722.46,620.43,18.05,К-р Восточный,605-E230725_P_B_9.B,5100,2025-08-01,PV №52,mica-quartz_carbonate_massive_rocks,1.0,417.77,110,15.66,60.0
1580344,2025-05-08 04:04:00,2025-05-08 04:17:00,101267.74,60578.15,640.47,12.26,К-р Восточный,630-E030525_P_B_1.B,6089,2025-05-08,PV №52,quartz-mica foliated schists,1.0,419.82,109,16.43,59.4
1611036,2025-06-07 06:26:00,2025-06-07 06:41:00,101734.07,60106.33,639.29,11.35,К-р Восточный,630-E040625_P_B_4.A,5758,2025-06-07,PV №52,carbonized_quartz-mica_hornfels_shists,1.0,403.21,109,15.8,60.0
1578940,2025-05-06 18:29:00,2025-05-06 18:40:00,101261.72,60654.3,639.78,12.02,К-р Восточный,630-E030525_P_B_1.B,6135,2025-05-06,PV №52,quartz-mica foliated schists,1.0,428.67,109,16.31,60.0
1581197,2025-05-08 23:56:00,2025-05-09 00:08:00,101324.55,60521.18,639.64,12.07,К-р Восточный,630-E030525_P_B_1.B,5989,2025-05-09,PV №52,quartz-mica foliated schists,1.0,438.52,109,16.08,66.0
1581519,2025-05-09 05:12:00,2025-05-09 05:27:00,101299.73,60504.23,640.33,12.71,К-р Восточный,630-E030525_P_B_1.B,5875,2025-05-09,PV №52,quartz-mica foliated schists,1.0,403.73,109,18.37,48.0
1668503,2025-08-02 19:30:00,2025-08-02 19:49:00,101282.94,60703.71,621.02,19.56,К-р Восточный,605-E230725_P_B_9.B,8162,2025-08-02,PV №52,quartz-mica foliated schists,1.0,312.26,113,14.53,66.0
1672833,2025-08-06 23:00:00,2025-08-06 23:17:00,101219.42,60827.91,620.19,17.57,К-р Восточный,605-E230725_P_B_9.B,4978,2025-08-07,PV №52,mica-quartz_carbonate_massive_rocks,1.0,426.33,110,17.65,90.0
1579433,2025-05-07 05:39:00,2025-05-07 05:52:00,101255.43,60623.0,639.89,12.17,К-р Восточный,630-E030525_P_B_1.B,6118,2025-05-07,PV №52,quartz-mica foliated schists,1.0,419.9,110,15.17,72.0
1614665,2025-06-11 00:10:00,2025-06-11 00:33:00,101733.31,60077.05,639.23,12.01,К-р Восточный,630-E040625_P_B_4.A,5807,2025-06-11,PV №52,carbonized_quartz-mica_hornfels_shists,1.0,250.87,111,13.69,36.0
1579273,2025-05-07 02:24:00,2025-05-07 02:37:00,101258.09,60630.98,639.66,12.16,К-р Восточный,630-E030525_P_B_1.B,6053,2025-05-07,PV №52,quartz-mica foliated schists,1.0,415.66,109,16.25,66.0
1580766,2025-05-08 14:00:00,2025-05-08 14:14:00,101327.8,60544.84,639.62,12.55,К-р Восточный,630-E030525_P_B_1.B,5957,2025-05-08,PV №52,quartz-mica foliated schists,1.0,420.63,110,14.78,66.0
1672826,2025-08-06 21:00:00,2025-08-06 21:18:00,101202.65,60835.5,620.29,17.52,К-р Восточный,605-E230725_P_B_9.B,4972,2025-08-07,PV №52,quartz-mica foliated schists,1.0,425.94,111,16.18,66.0
1580344,2025-05-08 04:04:00,2025-05-08 04:17:00,101267.74,60578.15,640.47,12.26,К-р Восточный,630-E030525_P_B_1.B,6089,2025-05-08,PV №52,quartz-mica foliated schists,1.0,406.36,109,16.44,72.0
1582355,2025-05-10 00:02:00,2025-05-10 00:14:00,101293.29,60473.79,640.49,13.81,К-р Восточный,630-E030525_P_B_1.B,5863,2025-05-10,PV №52,mica-quartz_carbonate_massive_rocks,1.0,393.56,109,15.86,65.4
1612218,2025-06-08 11:22:00,2025-06-08 11:40:00,101815.49,60113.06,639.29,12.12,К-р Восточный,630-E040625_P_B_4.A,5746,2025-06-08,PV №52,carbonized_quartz-mica_hornfels_shists,1.0,371.4,110,14.4,42.0
1579803,2025-05-07 17:05:00,2025-05-07 17:18:00,101233.03,60628.91,640.03,12.26,К-р Восточный,630-E030525_P_B_1.B,6050,2025-05-07,PV №52,quartz-mica foliated schists,1.0,406.01,109,15.52,60.0
1668386,2025-08-02 15:37:00,2025-08-02 15:56:00,101250.96,60718.03,620.42,18.19,К-р Восточный,605-E230725_P_B_9.B,5039,2025-08-02,PV №52,mica-quartz_carbonate_massive_rocks,1.0,406.44,111,15.6,54.0
1582355,2025-05-10 00:02:00,2025-05-10 00:14:00,101293.29,60473.79,640.49,13.81,К-р Восточный,630-E030525_P_B_1.B,5863,2025-05-10,PV №52,mica-quartz_carbonate_massive_rocks,1.0,393.35,110,15.68,66.0
1580148,2025-05-08 00:35:00,2025-05-08 00:47:00,101280.16,60586.63,640.22,12.1,К-р Восточный,630-E030525_P_B_1.B,6019,2025-05-08,PV №52,quartz-mica foliated schists,1.0,420.9,110,15.92,60.0
1668288,2025-08-02 12:51:00,2025-08-02 13:12:00,101254.69,60741.1,619.97,17.57,К-р Восточный,605-E230725_P_B_9.B,5027,2025-08-02,PV №52,mica-quartz_carbonate_massive_rocks,1.0,426.56,109,16.83,54.0
1580805,2025-05-08 14:53:00,2025-05-08 15:06:00,101309.66,60543.38,639.89,12.51,К-р Восточный,630-E030525_P_B_1.B,5955,2025-05-08,PV №52,quartz-mica foliated schists,1.0,316.93,112,12.51,60.0
1579425,2025-05-07 05:23:00,2025-05-07 05:36:00,101250.22,60630.33,640.1,12.21,К-р Восточный,630-E030525_P_B_1.B,6052,2025-05-07,PV №52,quartz-mica foliated schists,1.0,422.15,109,16.61,60.0
1580247,2025-05-08 02:28:00,2025-05-08 02:42:00,101259.94,60562.47,640.52,12.59,К-р Восточный,630-E030525_P_B_1.B,5938,2025-05-08,PV №52,quartz-mica foliated schists,1.0,417.84,109,15.65,54.0
1582260,2025-05-09 23:31:00,2025-05-09 23:46:00,101303.54,60459.19,640.43,13.77,К-р Восточный,630-E030525_P_B_1.B,6764,2025-05-10,PV №52,mica-quartz_carbonate_massive_rocks,1.0,357.58,109,16.87,90.0
1580908,2025-05-08 17:12:00,2025-05-08 17:25:00,101278.66,60548.45,640.33,12.01,К-р Восточный,630-E030525_P_B_1.B,5901,2025-05-08,PV №52,quartz-mica foliated schists,1.0,426.13,108,17.08,72.0
1581342,2025-05-09 02:20:00,2025-05-09 02:32:00,101334.35,60507.1,639.69,12.56,К-р Восточный,630-E030525_P_B_1.B,5993,2025-05-09,PV №52,mica-quartz_carbonate_massive_rocks,1.0,432.71,108,16.91,77.4
1668704,2025-08-02 21:19:00,2025-08-02 21:38:00,101283.1,60682.49,621.57,19.16,К-р Восточный,605-E230725_P_B_9.B,8187,2025-08-03,PV №52,quartz-mica foliated schists,1.0,362.46,104,19.76,54.0
1609350,2025-06-05 14:22:00,2025-06-05 14:38:00,101691.48,60127.21,639.29,12.58,К-р Восточный,630-E040625_P_B_4.A,5970,2025-06-05,PV №52,carbonized_quartz-mica_hornfels_shists,1.0,415.42,107,17.49,60.0
1579856,2025-05-07 19:10:00,2025-05-07 19:23:00,101214.56,60642.67,640.3,12.62,К-р Восточный,630-E030525_P_B_1.B,6063,2025-05-07,PV №52,quartz-mica foliated schists,1.0,417.42,109,16.33,60.0
1581122,2025-05-08 19:53:00,2025-05-08 20:06:00,101271.25,60532.66,640.36,12.14,К-р Восточный,630-E030525_P_B_1.B,5892,2025-05-09,PV №52,quartz-mica foliated schists,1.0,413.7,104,17.21,66.0
1580148,2025-05-08 00:35:00,2025-05-08 00:47:00,101280.16,60586.63,640.22,12.1,К-р Восточный,630-E030525_P_B_1.B,6019,2025-05-08,PV №52,quartz-mica foliated schists,1.0,419.41,109,15.44,66.0
1611170,2025-06-07 09:55:00,2025-06-07 10:09:00,101769.84,60126.97,638.51,11.62,К-р Восточный,630-E040625_P_B_4.A,6063,2025-06-07,PV №52,carbonized_quartz-mica_hornfels_shists,1.0,397.54,108,16.83,66.0
1580733,2025-05-08 13:09:00,2025-05-08 13:22:00,101343.16,60523.21,639.5,12.18,К-р Восточный,630-E030525_P_B_1.B,5987,2025-05-08,PV №52,mica-quartz_carbonate_massive_rocks,1.0,424.17,109,15.37,54.0
1581579,2025-05-09 06:27:00,2025-05-09 06:40:00,101313.64,60497.84,640.26,13.02,К-р Восточный,630-E030525_P_B_1.B,5972,2025-05-09,PV №52,mica-quartz_carbonate_massive_rocks,1.0,441.65,109,16.63,72.0
1670655,2025-08-04 22:03:00,2025-08-04 22:21:00,101299.83,60652.65,623.51,19.53,К-р Восточный,605-E230725_P_B_9.B,8193,2025-08-05,PV №52,quartz-mica foliated schists,1.0,424.64,111,16.05,78.0
1580828,2025-05-08 15:30:00,2025-05-08 15:42:00,101296.28,60549.9,640.11,12.01,К-р Восточный,630-E030525_P_B_1.B,5903,2025-05-08,PV №52,quartz-mica foliated schists,1.0,429.1,110,15.82,66.0
1666303,2025-07-31 13:02:00,2025-07-31 13:26:00,101204.62,60749.38,620.07,17.5,К-р Восточный,605-E230725_P_B_9.B,5097,2025-07-31,PV №52,mica-quartz_carbonate_massive_rocks,1.01,412.43,110,15.02,66.0
1582274,2025-05-09 23:48:00,2025-05-10 00:00:00,101298.32,60466.69,640.4,13.73,К-р Восточный,630-E030525_P_B_1.B,6774,2025-05-10,PV №52,mica-quartz_carbonate_massive_rocks,1.01,413.59,109,16.61,78.0
1579466,2025-05-07 07:35:00,2025-05-07 07:47:00,101212.61,60673.23,640.14,12.61,К-р Восточный,630-E030525_P_B_1.B,6081,2025-05-07,PV №52,quartz-mica foliated schists,1.01,432.4,108,17.49,66.0
1581311,2025-05-09 01:49:00,2025-05-09 02:03:00,101315.89,60520.76,640.0,12.77,К-р Восточный,630-E030525_P_B_1.B,5990,2025-05-09,PV №52,quartz-mica foliated schists,1.01,421.29,110,16.06,60.0
1580320,2025-05-08 03:49:00,2025-05-08 04:02:00,101276.38,60578.7,640.41,12.16,К-р Восточный,630-E030525_P_B_1.B,6090,2025-05-08,PV №52,quartz-mica foliated schists,1.01,413.37,109,15.34,66.0
1581579,2025-05-09 06:27:00,2025-05-09 06:40:00,101313.64,60497.84,640.26,13.02,К-р Восточный,630-E030525_P_B_1.B,5972,2025-05-09,PV №52,mica-quartz_carbonate_massive_rocks,1.01,441.6,110,16.41,60.0
1581741,2025-05-09 10:28:00,2025-05-09 10:39:00,101318.29,60490.62,640.36,12.75,К-р Восточный,630-E030525_P_B_1.B,6001,2025-05-09,PV №52,mica-quartz_carbonate_massive_rocks,1.01,316.1,111,14.0,90.0
1666353,2025-07-31 14:28:00,2025-07-31 14:50:00,101204.2,60817.85,619.72,17.53,К-р Восточный,605-E230725_P_B_9.B,4974,2025-07-31,PV №52,mica-quartz_carbonate_massive_rocks,1.01,412.31,107,18.62,60.0
1667842,2025-08-02 01:44:00,2025-08-02 02:12:00,101238.33,60784.5,620.16,17.51,К-р Восточный,605-E230725_P_B_9.B,5019,2025-08-02,PV №52,mica-quartz_carbonate_massive_rocks,1.01,397.53,109,17.04,54.0
1581748,2025-05-09 10:46:00,2025-05-09 10:57:00,101309.54,60490.02,640.34,13.01,К-р Восточный,630-E030525_P_B_1.B,5873,2025-05-09,PV №52,mica-quartz_carbonate_massive_rocks,1.01,451.2,110,16.16,66.0
1580115,2025-05-08 00:09:00,2025-05-08 00:20:00,101296.22,60587.66,640.27,12.11,К-р Восточный,630-E030525_P_B_1.B,6017,2025-05-08,PV №52,quartz-mica foliated schists,1.01,418.62,110,15.44,60.0
1580010,2025-05-07 21:55:00,2025-05-07 22:10:00,101239.31,60606.61,640.25,12.11,К-р Восточный,630-E030525_P_B_1.B,6108,2025-05-08,PV №52,quartz-mica foliated schists,1.01,408.46,110,15.0,60.0
1668195,2025-08-02 11:05:00,2025-08-02 11:28:00,101267.32,60720.46,621.47,18.01,К-р Восточный,605-E230725_P_B_9.B,8171,2025-08-02,PV №52,mica-quartz_carbonate_massive_rocks,1.01,425.97,111,15.76,78.0
1579455,2025-05-07 07:19:00,2025-05-07 07:32:00,101208.01,60679.61,640.08,12.28,К-р Восточный,630-E030525_P_B_1.B,6158,2025-05-07,PV №52,quartz-mica foliated schists,1.01,239.36,112,12.62,60.6
1668503,2025-08-02 19:30:00,2025-08-02 19:49:00,101282.94,60703.71,621.02,19.56,К-р Восточный,605-E230725_P_B_9.B,8162,2025-08-02,PV №52,quartz-mica foliated schists,1.01,425.91,111,15.83,72.0
1670097,2025-08-04 10:18:00,2025-08-04 10:37:00,101252.15,60675.62,620.03,17.52,К-р Восточный,605-E230725_P_B_9.B,5082,2025-08-04,PV №52,quartz-mica foliated schists,1.01,369.79,108,18.6,66.0
1672826,2025-08-06 21:00:00,2025-08-06 21:18:00,101202.65,60835.5,620.29,17.52,К-р Восточный,605-E230725_P_B_9.B,4972,2025-08-07,PV №52,quartz-mica foliated schists,1.01,426.34,111,16.46,66.0
1581360,2025-05-09 02:35:00,2025-05-09 02:46:00,101339.91,60499.85,639.99,12.54,К-р Восточный,630-E030525_P_B_1.B,5969,2025-05-09,PV №52,mica-quartz_carbonate_massive_rocks,1.01,429.33,109,17.18,84.0
1668415,2025-08-02 16:21:00,2025-08-02 16:41:00,101259.86,60714.64,620.63,18.02,К-р Восточный,605-E230725_P_B_9.B,5030,2025-08-02,PV №52,mica-quartz_carbonate_massive_rocks,1.01,335.93,112,14.11,72.0
1581226,2025-05-09 00:11:00,2025-05-09 00:25:00,101329.44,60514.19,639.77,12.12,К-р Восточный,630-E030525_P_B_1.B,5964,2025-05-09,PV №52,mica-quartz_carbonate_massive_rocks,1.01,414.93,110,16.71,60.0
1670097,2025-08-04 10:18:00,2025-08-04 10:37:00,101252.15,60675.62,620.03,17.52,К-р Восточный,605-E230725_P_B_9.B,5082,2025-08-04,PV №52,quartz-mica foliated schists,1.01,428.56,109,16.91,66.0
1580718,2025-05-08 12:34:00,2025-05-08 12:47:00,101313.53,60550.6,639.96,12.6,К-р Восточный,630-E030525_P_B_1.B,5983,2025-05-08,PV №52,quartz-mica foliated schists,1.01,429.04,108,17.46,72.0
1579466,2025-05-07 07:35:00,2025-05-07 07:47:00,101212.61,60673.23,640.14,12.61,К-р Восточный,630-E030525_P_B_1.B,6081,2025-05-07,PV №52,quartz-mica foliated schists,1.01,363.45,110,15.03,54.0
1612031,2025-06-08 07:26:00,2025-06-08 07:44:00,101797.92,60117.95,639.02,12.12,К-р Восточный,630-E040625_P_B_4.A,5953,2025-06-08,PV №52,carbonized_quartz-mica_hornfels_shists,1.01,285.28,113,12.05,54.0
1580489,2025-05-08 07:50:00,2025-05-08 08:02:00,101272.45,60570.71,640.42,12.61,К-р Восточный,630-E030525_P_B_1.B,6013,2025-05-08,PV №52,quartz-mica foliated schists,1.01,425.15,108,17.41,66.0
1579519,2025-05-07 09:10:00,2025-05-07 09:23:00,101242.29,60629.88,640.22,12.57,К-р Восточный,630-E030525_P_B_1.B,6051,2025-05-07,PV №52,quartz-mica foliated schists,1.01,435.27,109,15.67,60.0
1668657,2025-08-02 23:42:00,2025-08-03 00:00:00,101265.74,60687.68,620.56,18.08,К-р Восточный,605-E230725_P_B_9.B,5033,2025-08-03,PV №52,quartz-mica foliated schists,1.01,422.71,111,15.26,66.0
1609453,2025-06-05 16:22:00,2025-06-05 16:36:00,101738.74,60130.64,639.05,11.72,К-р Восточный,630-E040625_P_B_4.A,5977,2025-06-05,PV №52,carbonized_quartz-mica_hornfels_shists,1.01,398.67,109,15.27,54.0
1672560,2025-08-06 16:47:00,2025-08-06 17:11:00,101236.62,60810.85,620.48,18.47,К-р Восточный,605-E230725_P_B_9.B,4987,2025-08-06,PV №52,mica-quartz_carbonate_massive_rocks,1.01,374.37,112,14.87,54.0
1668288,2025-08-02 12:51:00,2025-08-02 13:12:00,101254.69,60741.1,619.97,17.57,К-р Восточный,605-E230725_P_B_9.B,5027,2025-08-02,PV №52,mica-quartz_carbonate_massive_rocks,1.01,399.49,110,16.81,84.0
1580622,2025-05-08 10:33:00,2025-05-08 10:46:00,101273.79,60555.95,640.45,12.51,К-р Восточный,630-E030525_P_B_1.B,5948,2025-05-08,PV №52,quartz-mica foliated schists,1.01,415.92,109,15.64,66.0
1672630,2025-08-06 19:10:00,2025-08-06 19:25:00,101227.38,60824.16,620.05,18.07,К-р Восточный,605-E230725_P_B_9.B,5001,2025-08-06,PV №52,mica-quartz_carbonate_massive_rocks,1.01,428.04,111,16.49,72.0
1579686,2025-05-07 14:15:00,2025-05-07 14:27:00,101198.11,60671.83,640.08,12.29,К-р Восточный,630-E030525_P_B_1.B,6083,2025-05-07,PV №52,quartz-mica foliated schists,1.01,431.71,108,18.05,66.0
1667550,2025-08-01 18:16:00,2025-08-01 18:45:00,101242.77,60720.4,620.5,18.01,К-р Восточный,605-E230725_P_B_9.B,5077,2025-08-01,PV №52,mica-quartz_carbonate_massive_rocks,1.01,425.62,110,16.01,60.0
1579163,2025-05-07 00:13:00,2025-05-07 00:26:00,101265.01,60631.63,639.74,12.16,К-р Восточный,630-E030525_P_B_1.B,6054,2025-05-07,PV №52,quartz-mica foliated schists,1.01,418.68,109,15.3,54.0
1580127,2025-05-08 00:22:00,2025-05-08 00:34:00,101288.45,60586.84,640.43,12.11,К-р Восточный,630-E030525_P_B_1.B,6018,2025-05-08,PV №52,quartz-mica foliated schists,1.01,418.07,110,14.83,60.0
1578391,2025-05-06 09:01:00,2025-05-06 09:14:00,101261.0,60688.11,641.71,13.02,К-р Восточный,630-E030525_P_B_1.B,6151,2025-05-06,PV №52,quartz-mica foliated schists,1.01,424.91,111,14.88,59.4
1612309,2025-06-08 13:54:00,2025-06-08 14:12:00,101774.56,60109.56,638.7,11.54,К-р Восточный,630-E040625_P_B_4.A,5752,2025-06-08,PV №52,carbonized_quartz-mica_hornfels_shists,1.01,363.85,110,14.82,66.0
1580351,2025-05-08 04:21:00,2025-05-08 04:35:00,101258.95,60577.44,640.49,12.16,К-р Восточный,630-E030525_P_B_1.B,6088,2025-05-08,PV №52,quartz-mica foliated schists,1.01,409.25,110,15.22,66.0
1581560,2025-05-09 06:02:00,2025-05-09 06:13:00,101330.7,60499.17,640.03,12.58,К-р Восточный,630-E030525_P_B_1.B,5970,2025-05-09,PV №52,mica-quartz_carbonate_massive_rocks,1.01,438.22,110,16.13,72.0
1609890,2025-06-06 03:06:00,2025-06-06 03:23:00,101726.39,60117.55,639.35,11.65,К-р Восточный,630-E040625_P_B_4.A,5769,2025-06-06,PV №52,carbonized_quartz-mica_hornfels_shists,1.01,404.61,109,15.74,84.0
1668459,2025-08-02 17:29:00,2025-08-02 17:56:00,101270.96,60702.89,620.75,18.59,К-р Восточный,605-E230725_P_B_9.B,8173,2025-08-02,PV №52,quartz-mica foliated schists,1.01,339.52,112,13.91,66.0
1667022,2025-08-01 04:49:00,2025-08-01 05:06:00,101229.16,60707.83,620.32,17.83,К-р Восточный,605-E230725_P_B_9.B,5087,2025-08-01,PV №52,mica-quartz_carbonate_massive_rocks,1.01,419.45,109,16.22,78.0
1580964,2025-05-08 18:15:00,2025-05-08 18:26:00,101266.79,60540.21,640.28,12.0,К-р Восточный,630-E030525_P_B_1.B,5931,2025-05-08,PV №52,quartz-mica foliated schists,1.01,442.68,109,15.94,54.0
1581137,2025-05-08 20:25:00,2025-05-08 20:38:00,101267.47,60524.73,640.21,12.67,К-р Восточный,630-E030525_P_B_1.B,5922,2025-05-09,PV №52,quartz-mica foliated schists,1.01,437.46,108,17.59,66.0
1578828,2025-05-06 15:35:00,2025-05-06 15:47:00,101238.52,60675.36,640.17,12.79,К-р Восточный,630-E030525_P_B_1.B,6078,2025-05-06,PV №52,quartz-mica foliated schists,1.01,437.8,109,17.02,60.0
1668969,2025-08-04 08:56:00,2025-08-04 09:15:00,101235.18,60681.44,621.74,17.52,К-р Восточный,605-E230725_P_B_9.B,5084,2025-08-03,PV №52,quartz-mica foliated schists,1.01,426.42,111,17.08,60.0
1582357,2025-05-10 00:17:00,2025-05-10 00:32:00,101288.53,60480.75,640.72,13.77,К-р Восточный,630-E030525_P_B_1.B,5907,2025-05-10,PV №52,mica-quartz_carbonate_massive_rocks,1.01,430.78,107,18.54,72.0
1580975,2025-05-08 19:20:00,2025-05-08 19:33:00,101275.04,60540.84,640.39,12.64,К-р Восточный,630-E030525_P_B_1.B,5930,2025-05-08,PV №52,quartz-mica foliated schists,1.01,378.06,111,15.45,60.0
1581377,2025-05-09 02:50:00,2025-05-09 03:00:00,101325.77,60506.14,639.77,12.54,К-р Восточный,630-E030525_P_B_1.B,5992,2025-05-09,PV №52,mica-quartz_carbonate_massive_rocks,1.01,429.99,108,17.63,72.0
1578646,2025-05-06 15:01:00,2025-05-06 15:16:00,101240.53,60682.37,641.78,12.85,К-р Восточный,630-E030525_P_B_1.B,6154,2025-05-06,PV №52,quartz-mica foliated schists,1.01,439.29,110,15.92,60.0
1668503,2025-08-02 19:30:00,2025-08-02 19:49:00,101282.94,60703.71,621.02,19.56,К-р Восточный,605-E230725_P_B_9.B,8162,2025-08-02,PV №52,quartz-mica foliated schists,1.01,430.16,110,17.86,66.0
1579802,2025-05-07 16:51:00,2025-05-07 17:03:00,101228.11,60636.19,640.2,12.54,К-р Восточный,630-E030525_P_B_1.B,6126,2025-05-07,PV №52,quartz-mica foliated schists,1.01,435.4,109,15.4,60.0
1667536,2025-08-01 17:53:00,2025-08-01 18:14:00,101240.7,60729.01,620.37,17.53,К-р Восточный,605-E230725_P_B_9.B,5076,2025-08-01,PV №52,mica-quartz_carbonate_massive_rocks,1.01,421.68,110,15.27,66.0
1609453,2025-06-05 16:22:00,2025-06-05 16:36:00,101738.74,60130.64,639.05,11.72,К-р Восточный,630-E040625_P_B_4.A,5977,2025-06-05,PV №52,carbonized_quartz-mica_hornfels_shists,1.01,115.77,113,8.44,101.4
1581244,2025-05-09 00:29:00,2025-05-09 00:43:00,101272.14,60517.76,640.15,12.58,К-р Восточный,630-E030525_P_B_1.B,5883,2025-05-09,PV №52,quartz-mica foliated schists,1.01,433.81,109,17.47,60.0
1672889,2025-08-06 20:40:00,2025-08-06 20:59:00,101201.63,60844.76,620.55,18.11,К-р Восточный,605-E230725_P_B_9.B,4971,2025-08-07,PV №52,quartz-mica foliated schists,1.01,426.92,110,17.17,60.0
1668459,2025-08-02 17:29:00,2025-08-02 17:56:00,101270.96,60702.89,620.75,18.59,К-р Восточный,605-E230725_P_B_9.B,8173,2025-08-02,PV №52,quartz-mica foliated schists,1.01,424.79,111,15.71,72.0
1580709,2025-05-08 12:21:00,2025-05-08 12:33:00,101323.04,60552.11,639.47,12.02,К-р Восточный,630-E030525_P_B_1.B,5982,2025-05-08,PV №52,quartz-mica foliated schists,1.01,440.14,109,16.5,78.0
1668665,2025-08-02 20:55:00,2025-08-02 21:15:00,101288.75,60687.28,621.52,19.53,К-р Восточный,605-E230725_P_B_9.B,8160,2025-08-03,PV №52,quartz-mica foliated schists,1.01,425.07,111,16.05,54.0
1580193,2025-05-08 01:24:00,2025-05-08 01:37:00,101253.92,60584.74,640.51,12.09,К-р Восточный,630-E030525_P_B_1.B,6022,2025-05-08,PV №52,quartz-mica foliated schists,1.01,396.47,110,15.93,78.0
1581122,2025-05-08 19:53:00,2025-05-08 20:06:00,101271.25,60532.66,640.36,12.14,К-р Восточный,630-E030525_P_B_1.B,5892,2025-05-09,PV №52,quartz-mica foliated schists,1.01,317.32,73,14.23,84.0
1578391,2025-05-06 09:01:00,2025-05-06 09:14:00,101261.0,60688.11,641.71,13.02,К-р Восточный,630-E030525_P_B_1.B,6151,2025-05-06,PV №52,quartz-mica foliated schists,1.01,369.54,112,15.81,78.0
1581561,2025-05-09 06:15:00,2025-05-09 06:26:00,101321.86,60498.56,640.11,12.56,К-р Восточный,630-E030525_P_B_1.B,5971,2025-05-09,PV №52,mica-quartz_carbonate_massive_rocks,1.01,244.65,113,12.69,198.0
1579618,2025-05-07 12:17:00,2025-05-07 12:29:00,101291.22,60595.11,640.08,12.28,К-р Восточный,630-E030525_P_B_1.B,6096,2025-05-07,PV №52,quartz-mica foliated schists,1.01,437.62,110,14.66,72.0
1672825,2025-08-06 21:40:00,2025-08-06 21:58:00,101211.88,60822.4,620.17,17.04,К-р Восточный,605-E230725_P_B_9.B,4994,2025-08-07,PV №52,mica-quartz_carbonate_massive_rocks,1.01,425.74,111,15.76,60.0
1579130,2025-05-06 23:28:00,2025-05-06 23:42:00,101253.25,60653.44,639.85,12.14,К-р Восточный,630-E030525_P_B_1.B,6136,2025-05-07,PV №52,quartz-mica foliated schists,1.01,375.08,110,15.38,60.0
1615013,2025-06-11 05:17:00,2025-06-11 05:45:00,101770.95,60075.15,639.38,12.01,К-р Восточный,630-E040625_P_B_4.A,5607,2025-06-11,PV №52,carbonized_quartz-mica_hornfels_shists,1.01,312.34,111,14.15,60.0
1580975,2025-05-08 19:20:00,2025-05-08 19:33:00,101275.04,60540.84,640.39,12.64,К-р Восточный,630-E030525_P_B_1.B,5930,2025-05-08,PV №52,quartz-mica foliated schists,1.01,405.41,110,15.15,66.0
1668795,2025-08-03 01:55:00,2025-08-03 02:14:00,101274.54,60685.55,620.98,18.62,К-р Восточный,605-E230725_P_B_9.B,8175,2025-08-03,PV №52,quartz-mica foliated schists,1.01,192.84,82,9.55,138.0
1582324,2025-05-09 19:39:00,2025-05-09 19:50:00,101307.05,60467.31,640.23,13.08,К-р Восточный,630-E030525_P_B_1.B,6773,2025-05-10,PV №52,mica-quartz_carbonate_massive_rocks,1.01,406.38,109,15.88,77.4
1581614,2025-05-09 07:52:00,2025-05-09 08:05:00,101295.55,60496.18,640.47,13.02,К-р Восточный,630-E030525_P_B_1.B,5912,2025-05-09,PV №52,quartz-mica foliated schists,1.01,409.91,110,16.46,96.0
1668215,2025-08-02 11:33:00,2025-08-02 11:55:00,101275.37,60717.43,621.91,19.01,К-р Восточный,605-E230725_P_B_9.B,8183,2025-08-02,PV №52,mica-quartz_carbonate_massive_rocks,1.01,426.05,110,16.2,72.0
1580081,2025-05-07 20:33:00,2025-05-07 20:46:00,101225.37,60613.21,640.38,12.64,К-р Восточный,630-E030525_P_B_1.B,6045,2025-05-08,PV №52,quartz-mica foliated schists,1.01,420.8,109,16.54,72.0
1580718,2025-05-08 12:34:00,2025-05-08 12:47:00,101313.53,60550.6,639.96,12.6,К-р Восточный,630-E030525_P_B_1.B,5983,2025-05-08,PV №52,quartz-mica foliated schists,1.01,428.77,109,16.93,66.0
1579273,2025-05-07 02:24:00,2025-05-07 02:37:00,101258.09,60630.98,639.66,12.16,К-р Восточный,630-E030525_P_B_1.B,6053,2025-05-07,PV №52,quartz-mica foliated schists,1.01,355.5,109,15.55,108.0
1582355,2025-05-10 00:02:00,2025-05-10 00:14:00,101293.29,60473.79,640.49,13.81,К-р Восточный,630-E030525_P_B_1.B,5863,2025-05-10,PV №52,mica-quartz_carbonate_massive_rocks,1.01,393.6,110,15.92,72.0
1609383,2025-06-05 14:57:00,2025-06-05 15:14:00,101705.17,60128.03,639.34,12.57,К-р Восточный,630-E040625_P_B_4.A,5972,2025-06-05,PV №52,carbonized_quartz-mica_hornfels_shists,1.01,398.34,109,15.99,54.0
1582355,2025-05-10 00:02:00,2025-05-10 00:14:00,101293.29,60473.79,640.49,13.81,К-р Восточный,630-E030525_P_B_1.B,5863,2025-05-10,PV №52,mica-quartz_carbonate_massive_rocks,1.01,381.42,110,15.37,84.0
1581226,2025-05-09 00:11:00,2025-05-09 00:25:00,101329.44,60514.19,639.77,12.12,К-р Восточный,630-E030525_P_B_1.B,5964,2025-05-09,PV №52,mica-quartz_carbonate_massive_rocks,1.01,422.2,110,16.32,72.0
1611761,2025-06-08 01:22:00,2025-06-08 01:38:00,101800.95,60123.88,639.34,11.66,К-р Восточный,630-E040625_P_B_4.A,5780,2025-06-08,PV №52,carbonized_quartz-mica_hornfels_shists,1.01,247.11,111,13.63,90.0
1667441,2025-08-01 15:19:00,2025-08-01 15:42:00,101232.06,60772.74,620.09,17.01,К-р Восточный,605-E230725_P_B_9.B,5071,2025-08-01,PV №52,mica-quartz_carbonate_massive_rocks,1.01,410.99,109,17.68,84.0
1581849,2025-05-09 12:58:00,2025-05-09 13:08:00,101323.77,60483.28,640.39,12.51,К-р Восточный,630-E030525_P_B_1.B,5974,2025-05-09,PV №52,mica-quartz_carbonate_massive_rocks,1.01,445.82,110,14.88,72.0
1581560,2025-05-09 06:02:00,2025-05-09 06:13:00,101330.7,60499.17,640.03,12.58,К-р Восточный,630-E030525_P_B_1.B,5970,2025-05-09,PV №52,mica-quartz_carbonate_massive_rocks,1.01,438.38,110,16.72,72.0
1579628,2025-05-07 12:31:00,2025-05-07 12:44:00,101283.36,60594.29,639.96,12.09,К-р Восточный,630-E030525_P_B_1.B,6097,2025-05-07,PV №52,quartz-mica foliated schists,1.01,200.02,112,9.58,96.0
1580686,2025-05-08 11:51:00,2025-05-08 12:03:00,101308.57,60558.5,639.92,12.53,К-р Восточный,630-E030525_P_B_1.B,5954,2025-05-08,PV №52,quartz-mica foliated schists,1.01,434.46,110,15.07,60.0
1613635,2025-06-10 00:01:00,2025-06-10 00:20:00,101799.51,60094.08,638.98,12.52,К-р Восточный,630-E040625_P_B_4.A,5873,2025-06-10,PV №52,carbonized_quartz-mica_hornfels_shists,1.01,239.13,112,11.9,78.0
1578893,2025-05-06 17:10:00,2025-05-06 17:22:00,101255.6,60676.73,639.78,12.53,К-р Восточный,630-E030525_P_B_1.B,6076,2025-05-06,PV №52,quartz-mica foliated schists,1.01,434.31,108,16.6,60.0
1581156,2025-05-08 23:08:00,2025-05-08 23:20:00,101339.01,60514.98,639.53,12.5,К-р Восточный,630-E030525_P_B_1.B,5965,2025-05-09,PV №52,mica-quartz_carbonate_massive_rocks,1.01,424.68,109,17.75,72.0
1668688,2025-08-02 23:22:00,2025-08-02 23:40:00,101272.9,60693.84,620.79,18.53,К-р Восточный,605-E230725_P_B_9.B,8174,2025-08-03,PV №52,quartz-mica foliated schists,1.01,226.59,110,11.0,66.0
1667061,2025-08-01 05:28:00,2025-08-01 05:48:00,101224.28,60693.01,620.08,18.02,К-р Восточный,605-E230725_P_B_9.B,5060,2025-08-01,PV №52,mica-quartz_carbonate_massive_rocks,1.01,428.81,104,21.73,60.0
1582357,2025-05-10 00:17:00,2025-05-10 00:32:00,101288.53,60480.75,640.72,13.77,К-р Восточный,630-E030525_P_B_1.B,5907,2025-05-10,PV №52,mica-quartz_carbonate_massive_rocks,1.01,427.87,109,16.44,66.0
1667536,2025-08-01 17:53:00,2025-08-01 18:14:00,101240.7,60729.01,620.37,17.53,К-р Восточный,605-E230725_P_B_9.B,5076,2025-08-01,PV №52,mica-quartz_carbonate_massive_rocks,1.01,422.13,110,15.66,54.0
1579273,2025-05-07 02:24:00,2025-05-07 02:37:00,101258.09,60630.98,639.66,12.16,К-р Восточный,630-E030525_P_B_1.B,6053,2025-05-07,PV №52,quartz-mica foliated schists,1.01,414.42,109,15.78,60.0
1580255,2025-05-08 02:46:00,2025-05-08 02:59:00,101305.87,60580.66,640.17,12.63,К-р Восточный,630-E030525_P_B_1.B,5980,2025-05-08,PV №52,quartz-mica foliated schists,1.01,420.32,109,16.03,60.0
1580003,2025-05-07 22:52:00,2025-05-07 23:06:00,101230.41,60606.07,640.25,12.11,К-р Восточный,630-E030525_P_B_1.B,6107,2025-05-08,PV №52,quartz-mica foliated schists,1.01,354.98,110,14.64,84.0
1668665,2025-08-02 20:55:00,2025-08-02 21:15:00,101288.75,60687.28,621.52,19.53,К-р Восточный,605-E230725_P_B_9.B,8160,2025-08-03,PV №52,quartz-mica foliated schists,1.01,421.63,111,15.95,72.0
1582419,2025-05-10 01:37:00,2025-05-10 01:52:00,101268.52,60510.08,640.42,13.26,К-р Восточный,630-E030525_P_B_1.B,5918,2025-05-10,PV №52,quartz-mica foliated schists,1.01,430.19,109,16.31,66.0
1666743,2025-07-31 23:06:00,2025-07-31 23:23:00,101222.44,60702.05,620.31,18.05,К-р Восточный,605-E230725_P_B_9.B,5061,2025-08-01,PV №52,mica-quartz_carbonate_massive_rocks,1.01,415.46,103,18.26,72.0
1578839,2025-05-06 15:49:00,2025-05-06 16:00:00,101247.31,60675.89,640.01,12.63,К-р Восточный,630-E030525_P_B_1.B,6077,2025-05-06,PV №52,quartz-mica foliated schists,1.01,436.04,110,15.54,54.0
1580517,2025-05-08 08:20:00,2025-05-08 08:33:00,101268.94,60563.1,640.42,12.51,К-р Восточный,630-E030525_P_B_1.B,5939,2025-05-08,PV №52,quartz-mica foliated schists,1.01,421.99,109,15.8,77.4
1668181,2025-08-02 10:38:00,2025-08-02 11:01:00,101273.72,60726.52,621.53,18.5,К-р Восточный,605-E230725_P_B_9.B,8182,2025-08-02,PV №52,mica-quartz_carbonate_massive_rocks,1.01,427.37,111,15.61,60.0
1672613,2025-08-06 18:12:00,2025-08-06 18:39:00,101226.61,60830.51,620.41,18.02,К-р Восточный,605-E230725_P_B_9.B,5000,2025-08-06,PV №52,mica-quartz_carbonate_massive_rocks,1.01,351.63,112,14.72,60.0
1667022,2025-08-01 04:49:00,2025-08-01 05:06:00,101229.16,60707.83,620.32,17.83,К-р Восточный,605-E230725_P_B_9.B,5087,2025-08-01,PV №52,mica-quartz_carbonate_massive_rocks,1.01,311.36,111,13.97,60.0
1579116,2025-05-06 23:44:00,2025-05-06 23:57:00,101256.92,60645.92,639.86,12.17,К-р Восточный,630-E030525_P_B_1.B,6058,2025-05-07,PV №52,quartz-mica foliated schists,1.01,406.44,110,15.26,66.0
1579753,2025-05-07 16:02:00,2025-05-07 16:16:00,101212.09,60657.96,640.31,12.55,К-р Восточный,630-E030525_P_B_1.B,6066,2025-05-07,PV №52,quartz-mica foliated schists,1.01,434.46,109,16.4,78.0
1580041,2025-05-07 22:30:00,2025-05-07 22:44:00,101249.02,60591.89,640.44,12.12,К-р Восточный,630-E030525_P_B_1.B,6101,2025-05-08,PV №52,quartz-mica foliated schists,1.01,110.26,61,8.42,48.0
1668131,2025-08-02 09:14:00,2025-08-02 09:35:00,101263.56,60738.03,620.44,18.26,К-р Восточный,605-E230725_P_B_9.B,8169,2025-08-02,PV №52,mica-quartz_carbonate_massive_rocks,1.01,429.94,112,15.51,54.0
1667856,2025-08-02 02:15:00,2025-08-02 02:39:00,101246.2,60781.78,620.31,17.63,К-р Восточный,605-E230725_P_B_9.B,5022,2025-08-02,PV №52,mica-quartz_carbonate_massive_rocks,1.01,327.44,110,14.29,102.6
1579744,2025-05-07 15:44:00,2025-05-07 15:58:00,101208.41,60665.18,640.2,12.68,К-р Восточный,630-E030525_P_B_1.B,6144,2025-05-07,PV №52,quartz-mica foliated schists,1.01,434.87,109,15.8,66.0
1579492,2025-05-07 08:07:00,2025-05-07 08:21:00,101222.25,60658.69,640.07,12.74,К-р Восточный,630-E030525_P_B_1.B,6067,2025-05-07,PV №52,quartz-mica foliated schists,1.01,432.15,109,16.29,60.0
1579730,2025-05-07 15:29:00,2025-05-07 15:42:00,101204.95,60672.06,639.83,12.54,К-р Восточный,630-E030525_P_B_1.B,6082,2025-05-07,PV №52,quartz-mica foliated schists,1.01,434.3,110,15.25,66.0
1581858,2025-05-09 13:23:00,2025-05-09 13:35:00,101305.97,60481.71,640.56,13.02,К-р Восточный,630-E030525_P_B_1.B,5905,2025-05-09,PV №52,mica-quartz_carbonate_massive_rocks,1.01,452.61,109,17.16,72.0
1672866,2025-08-06 22:20:00,2025-08-06 22:37:00,101211.12,60831.98,620.24,17.51,К-р Восточный,605-E230725_P_B_9.B,4995,2025-08-07,PV №52,mica-quartz_carbonate_massive_rocks,1.01,427.23,110,17.34,66.0
1579776,2025-05-07 16:19:00,2025-05-07 16:32:00,101217.76,60650.7,640.16,12.51,К-р Восточный,630-E030525_P_B_1.B,6140,2025-05-07,PV №52,quartz-mica foliated schists,1.01,376.21,110,14.13,60.0
1579105,2025-05-06 21:53:00,2025-05-06 22:05:00,101268.33,60639.28,639.76,12.21,К-р Восточный,630-E030525_P_B_1.B,6131,2025-05-07,PV №52,quartz-mica foliated schists,1.01,418.52,109,15.67,54.0
1668784,2025-08-03 01:32:00,2025-08-03 01:51:00,101259.22,60681.48,620.47,17.63,К-р Восточный,605-E230725_P_B_9.B,5035,2025-08-03,PV №52,quartz-mica foliated schists,1.01,424.15,111,16.35,72.0
1667536,2025-08-01 17:53:00,2025-08-01 18:14:00,101240.7,60729.01,620.37,17.53,К-р Восточный,605-E230725_P_B_9.B,5076,2025-08-01,PV №52,mica-quartz_carbonate_massive_rocks,1.01,421.9,110,15.34,66.0
1581118,2025-05-08 21:12:00,2025-05-08 21:25:00,101293.5,60527.12,640.05,12.29,К-р Восточный,630-E030525_P_B_1.B,5925,2025-05-09,PV №52,quartz-mica foliated schists,1.01,428.05,108,18.12,72.0
1672833,2025-08-06 23:00:00,2025-08-06 23:17:00,101219.42,60827.91,620.19,17.57,К-р Восточный,605-E230725_P_B_9.B,4978,2025-08-07,PV №52,mica-quartz_carbonate_massive_rocks,1.01,415.62,110,16.92,60.0
1668710,2025-08-02 21:43:00,2025-08-02 22:02:00,101293.33,60670.63,621.72,19.17,К-р Восточный,605-E230725_P_B_9.B,8191,2025-08-03,PV №52,quartz-mica foliated schists,1.01,373.78,112,14.24,66.0
1672878,2025-08-06 19:58:00,2025-08-06 20:16:00,101194.63,60840.0,620.48,17.5,К-р Восточный,605-E230725_P_B_9.B,4989,2025-08-07,PV №52,quartz-mica foliated schists,1.01,427.95,111,16.74,78.0
1580255,2025-05-08 02:46:00,2025-05-08 02:59:00,101305.87,60580.66,640.17,12.63,К-р Восточный,630-E030525_P_B_1.B,5980,2025-05-08,PV №52,quartz-mica foliated schists,1.01,420.8,109,16.54,89.4
1666227,2025-07-31 10:56:00,2025-07-31 11:21:00,101198.21,60785.39,620.07,17.55,К-р Восточный,605-E230725_P_B_9.B,5007,2025-07-31,PV №52,mica-quartz_carbonate_massive_rocks,1.01,359.48,110,15.76,60.0
1668710,2025-08-02 21:43:00,2025-08-02 22:02:00,101293.33,60670.63,621.72,19.17,К-р Восточный,605-E230725_P_B_9.B,8191,2025-08-03,PV №52,quartz-mica foliated schists,1.01,416.95,110,16.72,72.0
1668503,2025-08-02 19:30:00,2025-08-02 19:49:00,101282.94,60703.71,621.02,19.56,К-р Восточный,605-E230725_P_B_9.B,8162,2025-08-02,PV №52,quartz-mica foliated schists,1.01,424.76,111,16.3,66.0
1581360,2025-05-09 02:35:00,2025-05-09 02:46:00,101339.91,60499.85,639.99,12.54,К-р Восточный,630-E030525_P_B_1.B,5969,2025-05-09,PV №52,mica-quartz_carbonate_massive_rocks,1.01,439.29,109,16.31,72.0
1612396,2025-06-08 16:08:00,2025-06-08 16:25:00,101832.83,60108.58,639.13,12.06,К-р Восточный,630-E040625_P_B_4.A,5906,2025-06-08,PV №52,carbonized_quartz-mica_hornfels_shists,1.01,395.2,110,14.9,60.0
1611274,2025-06-07 12:13:00,2025-06-07 12:29:00,101854.07,60139.77,639.27,12.03,К-р Восточный,630-E040625_P_B_4.A,5994,2025-06-07,PV №52,carbonized_quartz-mica_hornfels_shists,1.01,394.0,109,15.37,54.0
1668645,2025-08-02 19:52:00,2025-08-02 20:27:00,101285.48,60696.18,621.3,20.93,К-р Восточный,605-E230725_P_B_9.B,8161,2025-08-03,PV №52,quartz-mica foliated schists,1.01,427.25,110,16.93,72.0
1578624,2025-05-06 09:32:00,2025-05-06 09:43:00,101255.62,60683.48,639.94,12.67,К-р Восточный,630-E030525_P_B_1.B,6152,2025-05-06,PV №52,quartz-mica foliated schists,1.01,435.09,110,15.89,66.0
1582438,2025-05-10 01:54:00,2025-05-10 02:07:00,101273.34,60502.6,640.68,13.29,К-р Восточный,630-E030525_P_B_1.B,5878,2025-05-10,PV №52,quartz-mica foliated schists,1.01,410.1,108,17.12,72.0
1580003,2025-05-07 22:52:00,2025-05-07 23:06:00,101230.41,60606.07,640.25,12.11,К-р Восточный,630-E030525_P_B_1.B,6107,2025-05-08,PV №52,quartz-mica foliated schists,1.01,417.6,109,16.87,66.0
1667282,2025-08-01 11:29:00,2025-08-01 11:50:00,101234.02,60722.94,620.37,18.05,К-р Восточный,605-E230725_P_B_9.B,5054,2025-08-01,PV №52,mica-quartz_carbonate_massive_rocks,1.01,415.58,110,15.89,72.0
1670069,2025-08-04 09:37:00,2025-08-04 09:56:00,101236.86,60672.1,620.06,17.52,К-р Восточный,605-E230725_P_B_9.B,5083,2025-08-04,PV №52,quartz-mica foliated schists,1.01,430.58,110,17.82,72.0
1579466,2025-05-07 07:35:00,2025-05-07 07:47:00,101212.61,60673.23,640.14,12.61,К-р Восточный,630-E030525_P_B_1.B,6081,2025-05-07,PV №52,quartz-mica foliated schists,1.01,434.54,107,18.86,60.0
1581849,2025-05-09 12:58:00,2025-05-09 13:08:00,101323.77,60483.28,640.39,12.51,К-р Восточный,630-E030525_P_B_1.B,5974,2025-05-09,PV №52,mica-quartz_carbonate_massive_rocks,1.01,448.82,110,16.18,78.0
1580127,2025-05-08 00:22:00,2025-05-08 00:34:00,101288.45,60586.84,640.43,12.11,К-р Восточный,630-E030525_P_B_1.B,6018,2025-05-08,PV №52,quartz-mica foliated schists,1.01,418.82,109,15.36,66.0
1668459,2025-08-02 17:29:00,2025-08-02 17:56:00,101270.96,60702.89,620.75,18.59,К-р Восточный,605-E230725_P_B_9.B,8173,2025-08-02,PV №52,quartz-mica foliated schists,1.01,424.18,111,15.47,60.0
1580517,2025-05-08 08:20:00,2025-05-08 08:33:00,101268.94,60563.1,640.42,12.51,К-р Восточный,630-E030525_P_B_1.B,5939,2025-05-08,PV №52,quartz-mica foliated schists,1.01,421.47,109,15.91,66.0
1666747,2025-07-31 22:44:00,2025-07-31 23:03:00,101221.02,60710.98,620.4,18.01,К-р Восточный,605-E230725_P_B_9.B,5062,2025-08-01,PV №52,mica-quartz_carbonate_massive_rocks,1.01,418.81,109,15.93,72.0
1666155,2025-07-31 09:18:00,2025-07-31 09:39:00,101195.77,60821.6,620.14,17.08,К-р Восточный,605-E230725_P_B_9.B,4991,2025-07-31,PV №52,mica-quartz_carbonate_massive_rocks,1.01,415.67,108,19.49,66.0
1609665,2025-06-05 20:45:00,2025-06-05 21:01:00,101709.12,60121.98,639.66,12.68,К-р Восточный,630-E040625_P_B_4.A,6054,2025-06-06,PV №52,carbonized_quartz-mica_hornfels_shists,1.01,385.11,109,15.41,72.0
1580489,2025-05-08 07:50:00,2025-05-08 08:02:00,101272.45,60570.71,640.42,12.61,К-р Восточный,630-E030525_P_B_1.B,6013,2025-05-08,PV №52,quartz-mica foliated schists,1.01,424.67,109,17.39,84.0
1581741,2025-05-09 10:28:00,2025-05-09 10:39:00,101318.29,60490.62,640.36,12.75,К-р Восточный,630-E030525_P_B_1.B,6001,2025-05-09,PV №52,mica-quartz_carbonate_massive_rocks,1.01,448.34,110,15.84,66.0
1666130,2025-07-31 08:37:00,2025-07-31 09:09:00,101248.77,60693.63,621.33,17.5,К-р Восточный,605-E230725_P_B_9.B,5080,2025-07-31,PV №52,quartz-mica foliated schists,1.01,389.77,108,18.33,60.0
1579402,2025-05-07 05:07:00,2025-05-07 05:21:00,101245.59,60637.39,640.35,12.41,К-р Восточный,630-E030525_P_B_1.B,6128,2025-05-07,PV №52,quartz-mica foliated schists,1.01,419.92,110,15.17,66.0
1668726,2025-08-03 00:03:00,2025-08-03 00:31:00,101233.09,60690.36,621.35,17.92,К-р Восточный,605-E230725_P_B_9.B,5085,2025-08-03,PV №52,quartz-mica foliated schists,1.01,423.93,111,16.89,66.0
1670707,2025-08-04 19:35:00,2025-08-04 19:57:00,101297.07,60661.65,621.65,19.51,К-р Восточный,605-E230725_P_B_9.B,8192,2025-08-05,PV №52,quartz-mica foliated schists,1.01,411.45,110,17.84,66.0
1580434,2025-05-08 06:13:00,2025-05-08 06:35:00,101290.01,60572.32,640.42,12.63,К-р Восточный,630-E030525_P_B_1.B,6015,2025-05-08,PV №52,quartz-mica foliated schists,1.01,238.1,103,11.32,84.0
1668685,2025-08-02 22:58:00,2025-08-02 23:19:00,101279.42,60699.63,621.29,18.9,К-р Восточный,605-E230725_P_B_9.B,8185,2025-08-03,PV №52,quartz-mica foliated schists,1.01,425.59,110,17.5,72.0
1581332,2025-05-09 02:05:00,2025-05-09 02:18:00,101320.76,60513.34,639.75,12.53,К-р Восточный,630-E030525_P_B_1.B,5963,2025-05-09,PV №52,mica-quartz_carbonate_massive_rocks,1.01,249.22,104,12.2,96.0
1581748,2025-05-09 10:46:00,2025-05-09 10:57:00,101309.54,60490.02,640.34,13.01,К-р Восточный,630-E030525_P_B_1.B,5873,2025-05-09,PV №52,mica-quartz_carbonate_massive_rocks,1.01,430.33,111,15.84,78.0
1668767,2025-08-03 01:11:00,2025-08-03 01:29:00,101250.05,60684.6,620.57,17.63,К-р Восточный,605-E230725_P_B_9.B,5081,2025-08-03,PV №52,quartz-mica foliated schists,1.01,425.63,110,16.09,72.0
1672858,2025-08-06 21:20:00,2025-08-06 21:38:00,101203.53,60826.86,619.95,17.11,К-р Восточный,605-E230725_P_B_9.B,4973,2025-08-07,PV №52,mica-quartz_carbonate_massive_rocks,1.01,426.19,111,16.15,66.0
1581849,2025-05-09 12:58:00,2025-05-09 13:08:00,101323.77,60483.28,640.39,12.51,К-р Восточный,630-E030525_P_B_1.B,5974,2025-05-09,PV №52,mica-quartz_carbonate_massive_rocks,1.01,446.05,110,15.42,84.0
1611829,2025-06-08 02:41:00,2025-06-08 02:56:00,101774.13,60121.17,639.06,11.33,К-р Восточный,630-E040625_P_B_4.A,5776,2025-06-08,PV №52,carbonized_quartz-mica_hornfels_shists,1.01,407.84,110,15.32,54.0
1580852,2025-05-08 15:58:00,2025-05-08 16:10:00,101306.16,60535.59,639.72,12.51,К-р Восточный,630-E030525_P_B_1.B,5888,2025-05-08,PV №52,quartz-mica foliated schists,1.01,420.94,109,15.84,60.0
1670097,2025-08-04 10:18:00,2025-08-04 10:37:00,101252.15,60675.62,620.03,17.52,К-р Восточный,605-E230725_P_B_9.B,5082,2025-08-04,PV №52,quartz-mica foliated schists,1.01,328.42,112,13.77,90.0
1609062,2025-06-05 07:21:00,2025-06-05 07:33:00,101686.34,60136.88,639.47,12.59,К-р Восточный,630-E040625_P_B_4.A,6144,2025-06-05,PV №52,carbonized_quartz-mica_hornfels_shists,1.01,265.05,109,13.26,72.0
1672905,2025-08-07 00:10:00,2025-08-07 00:26:00,101219.76,60818.5,620.22,17.18,К-р Восточный,605-E230725_P_B_9.B,4977,2025-08-07,PV №52,mica-quartz_carbonate_massive_rocks,1.01,425.28,111,15.91,72.6
1666118,2025-07-31 08:16:00,2025-07-31 08:35:00,101255.01,60699.67,620.53,18.02,К-р Восточный,605-E230725_P_B_9.B,5037,2025-07-31,PV №52,quartz-mica foliated schists,1.01,420.2,110,15.86,66.0
1580023,2025-05-07 21:06:00,2025-05-07 21:20:00,101224.33,60628.38,640.14,12.61,К-р Восточный,630-E030525_P_B_1.B,6049,2025-05-08,PV №52,quartz-mica foliated schists,1.01,418.6,110,14.98,60.0
1668503,2025-08-02 19:30:00,2025-08-02 19:49:00,101282.94,60703.71,621.02,19.56,К-р Восточный,605-E230725_P_B_9.B,8162,2025-08-02,PV №52,quartz-mica foliated schists,1.01,431.82,109,18.56,60.0
1579126,2025-05-06 22:55:00,2025-05-06 23:07:00,101282.91,60609.81,639.82,12.15,К-р Восточный,630-E030525_P_B_1.B,6113,2025-05-07,PV №52,quartz-mica foliated schists,1.01,400.0,109,15.0,66.0
1580521,2025-05-08 08:42:00,2025-05-08 08:54:00,101231.7,60591.11,640.32,12.51,К-р Восточный,630-E030525_P_B_1.B,6103,2025-05-08,PV №52,quartz-mica foliated schists,1.01,420.11,108,17.46,66.0
1581197,2025-05-08 23:56:00,2025-05-09 00:08:00,101324.55,60521.18,639.64,12.07,К-р Восточный,630-E030525_P_B_1.B,5989,2025-05-09,PV №52,quartz-mica foliated schists,1.01,439.13,109,16.51,60.0
1668235,2025-08-02 11:58:00,2025-08-02 12:18:00,101269.08,60711.68,621.04,18.5,К-р Восточный,605-E230725_P_B_9.B,8172,2025-08-02,PV №52,mica-quartz_carbonate_massive_rocks,1.01,213.98,103,9.88,78.0
1668425,2025-08-02 16:43:00,2025-08-02 17:04:00,101261.97,60705.5,620.54,18.0,К-р Восточный,605-E230725_P_B_9.B,5031,2025-08-02,PV №52,mica-quartz_carbonate_massive_rocks,1.01,414.75,111,14.76,66.0
1580459,2025-05-08 07:13:00,2025-05-08 07:31:00,101286.34,60564.41,640.17,12.75,К-р Восточный,630-E030525_P_B_1.B,5941,2025-05-08,PV №52,quartz-mica foliated schists,1.01,420.21,110,15.8,66.0
1609105,2025-06-05 08:24:00,2025-06-05 08:38:00,101694.52,60132.92,639.42,12.58,К-р Восточный,630-E040625_P_B_4.A,6048,2025-06-05,PV №52,carbonized_quartz-mica_hornfels_shists,1.01,389.13,108,16.14,66.0
1580475,2025-05-08 07:35:00,2025-05-08 07:47:00,101281.46,60571.68,640.3,12.62,К-р Восточный,630-E030525_P_B_1.B,6014,2025-05-08,PV №52,quartz-mica foliated schists,1.01,425.28,109,17.15,60.0
1582282,2025-05-09 19:52:00,2025-05-09 20:03:00,101301.82,60473.68,640.4,13.07,К-р Восточный,630-E030525_P_B_1.B,5862,2025-05-10,PV №52,mica-quartz_carbonate_massive_rocks,1.01,372.45,108,15.26,78.0
1581191,2025-05-08 22:03:00,2025-05-08 22:17:00,101319.81,60528.56,639.68,12.12,К-р Восточный,630-E030525_P_B_1.B,5960,2025-05-09,PV №52,quartz-mica foliated schists,1.01,438.36,109,16.67,60.0
1668657,2025-08-02 23:42:00,2025-08-03 00:00:00,101265.74,60687.68,620.56,18.08,К-р Восточный,605-E230725_P_B_9.B,5033,2025-08-03,PV №52,quartz-mica foliated schists,1.01,422.87,111,15.54,72.0
1672560,2025-08-06 16:47:00,2025-08-06 17:11:00,101236.62,60810.85,620.48,18.47,К-р Восточный,605-E230725_P_B_9.B,4987,2025-08-06,PV №52,mica-quartz_carbonate_massive_rocks,1.01,426.81,111,16.09,66.0
1668657,2025-08-02 23:42:00,2025-08-03 00:00:00,101265.74,60687.68,620.56,18.08,К-р Восточный,605-E230725_P_B_9.B,5033,2025-08-03,PV №52,quartz-mica foliated schists,1.01,424.51,110,17.54,108.0
1581106,2025-05-08 22:20:00,2025-05-08 22:32:00,101328.62,60529.07,639.53,12.21,К-р Восточный,630-E030525_P_B_1.B,5959,2025-05-09,PV №52,mica-quartz_carbonate_massive_rocks,1.01,421.25,110,15.93,60.0
1579826,2025-05-07 17:36:00,2025-05-07 17:54:00,101242.94,60614.66,640.4,12.2,К-р Восточный,630-E030525_P_B_1.B,6043,2025-05-07,PV №52,quartz-mica foliated schists,1.01,350.78,112,13.45,66.0
1579402,2025-05-07 05:07:00,2025-05-07 05:21:00,101245.59,60637.39,640.35,12.41,К-р Восточный,630-E030525_P_B_1.B,6128,2025-05-07,PV №52,quartz-mica foliated schists,1.01,401.88,111,14.63,66.0
1668969,2025-08-04 08:56:00,2025-08-04 09:15:00,101235.18,60681.44,621.74,17.52,К-р Восточный,605-E230725_P_B_9.B,5084,2025-08-03,PV №52,quartz-mica foliated schists,1.01,426.02,109,19.47,66.0
1672878,2025-08-06 19:58:00,2025-08-06 20:16:00,101194.63,60840.0,620.48,17.5,К-р Восточный,605-E230725_P_B_9.B,4989,2025-08-07,PV №52,quartz-mica foliated schists,1.01,427.59,110,16.14,78.0
1579455,2025-05-07 07:19:00,2025-05-07 07:32:00,101208.01,60679.61,640.08,12.28,К-р Восточный,630-E030525_P_B_1.B,6158,2025-05-07,PV №52,quartz-mica foliated schists,1.01,372.93,110,15.81,66.0
1580227,2025-05-08 01:57:00,2025-05-08 02:11:00,101250.03,60576.84,640.58,12.07,К-р Восточный,630-E030525_P_B_1.B,6087,2025-05-08,PV №52,quartz-mica foliated schists,1.01,418.19,110,15.45,66.0
1672643,2025-08-06 19:30:00,2025-08-06 19:56:00,101194.04,60848.72,620.62,18.16,К-р Восточный,605-E230725_P_B_9.B,4988,2025-08-06,PV №52,quartz-mica foliated schists,1.01,425.75,110,16.87,84.0
1672905,2025-08-07 00:10:00,2025-08-07 00:26:00,101219.76,60818.5,620.22,17.18,К-р Восточный,605-E230725_P_B_9.B,4977,2025-08-07,PV №52,mica-quartz_carbonate_massive_rocks,1.01,383.71,111,16.86,66.0
1582274,2025-05-09 23:48:00,2025-05-10 00:00:00,101298.32,60466.69,640.4,13.73,К-р Восточный,630-E030525_P_B_1.B,6774,2025-05-10,PV №52,mica-quartz_carbonate_massive_rocks,1.01,410.79,109,16.19,78.0
1666383,2025-07-31 15:15:00,2025-07-31 15:40:00,101205.22,60799.5,619.87,17.5,К-р Восточный,605-E230725_P_B_9.B,5015,2025-07-31,PV №52,mica-quartz_carbonate_massive_rocks,1.01,367.28,109,16.92,90.0
1580394,2025-05-08 05:11:00,2025-05-08 05:23:00,101298.76,60572.01,640.36,12.6,К-р Восточный,630-E030525_P_B_1.B,6016,2025-05-08,PV №52,quartz-mica foliated schists,1.01,301.37,111,14.18,108.6
1580580,2025-05-08 09:45:00,2025-05-08 09:57:00,101251.46,60561.67,640.61,12.53,К-р Восточный,630-E030525_P_B_1.B,5937,2025-05-08,PV №52,quartz-mica foliated schists,1.01,419.67,108,17.25,60.0
1667061,2025-08-01 05:28:00,2025-08-01 05:48:00,101224.28,60693.01,620.08,18.02,К-р Восточный,605-E230725_P_B_9.B,5060,2025-08-01,PV №52,mica-quartz_carbonate_massive_rocks,1.01,344.4,110,14.93,84.0
1667732,2025-08-01 20:29:00,2025-08-01 20:57:00,101239.68,60696.48,620.16,18.01,К-р Восточный,605-E230725_P_B_9.B,5057,2025-08-02,PV №52,mica-quartz_carbonate_massive_rocks,1.01,299.76,82,11.74,84.0
1670097,2025-08-04 10:18:00,2025-08-04 10:37:00,101252.15,60675.62,620.03,17.52,К-р Восточный,605-E230725_P_B_9.B,5082,2025-08-04,PV №52,quartz-mica foliated schists,1.01,428.73,109,17.07,78.0
1666743,2025-07-31 23:06:00,2025-07-31 23:23:00,101222.44,60702.05,620.31,18.05,К-р Восточный,605-E230725_P_B_9.B,5061,2025-08-01,PV №52,mica-quartz_carbonate_massive_rocks,1.01,419.74,108,17.38,72.0
1672857,2025-08-06 23:47:00,2025-08-07 00:05:00,101227.85,60814.82,619.99,18.36,К-р Восточный,605-E230725_P_B_9.B,5002,2025-08-07,PV №52,mica-quartz_carbonate_massive_rocks,1.01,424.54,111,17.0,78.0
1579389,2025-05-07 04:38:00,2025-05-07 04:51:00,101235.72,60651.78,640.25,12.15,К-р Восточный,630-E030525_P_B_1.B,6138,2025-05-07,PV №52,quartz-mica foliated schists,1.01,367.18,109,16.06,60.0
1579553,2025-05-07 09:56:00,2025-05-07 10:19:00,101256.62,60607.81,639.84,12.04,К-р Восточный,630-E030525_P_B_1.B,6110,2025-05-07,PV №52,quartz-mica foliated schists,1.01,411.32,91,16.16,72.0
1672858,2025-08-06 21:20:00,2025-08-06 21:38:00,101203.53,60826.86,619.95,17.11,К-р Восточный,605-E230725_P_B_9.B,4973,2025-08-07,PV №52,mica-quartz_carbonate_massive_rocks,1.01,428.15,110,16.92,72.0
1579320,2025-05-07 03:13:00,2025-05-07 03:25:00,101274.31,60609.08,639.88,11.62,К-р Восточный,630-E030525_P_B_1.B,6112,2025-05-07,PV №52,quartz-mica foliated schists,1.01,420.31,109,15.48,72.0
1670655,2025-08-04 22:03:00,2025-08-04 22:21:00,101299.83,60652.65,623.51,19.53,К-р Восточный,605-E230725_P_B_9.B,8193,2025-08-05,PV №52,quartz-mica foliated schists,1.01,427.15,109,17.66,66.0
1580640,2025-05-08 10:49:00,2025-05-08 11:16:00,101282.36,60556.82,640.35,12.01,К-р Восточный,630-E030525_P_B_1.B,5949,2025-05-08,PV №52,quartz-mica foliated schists,1.01,413.97,110,14.04,72.0
1672605,2025-08-06 17:46:00,2025-08-06 18:06:00,101235.51,60819.4,620.31,18.14,К-р Восточный,605-E230725_P_B_9.B,4986,2025-08-06,PV №52,mica-quartz_carbonate_massive_rocks,1.01,178.12,91,10.33,72.0
1672827,2025-08-06 20:19:00,2025-08-06 20:37:00,101195.52,60830.61,620.21,17.61,К-р Восточный,605-E230725_P_B_9.B,4990,2025-08-07,PV №52,mica-quartz_carbonate_massive_rocks,1.01,427.82,110,17.8,66.0
1608650,2025-06-04 22:50:00,2025-06-04 23:08:00,101705.36,60138.67,639.5,12.67,К-р Восточный,630-E040625_P_B_4.A,6141,2025-06-05,PV №52,carbonized_quartz-mica_hornfels_shists,1.01,320.5,109,15.64,54.0
1672878,2025-08-06 19:58:00,2025-08-06 20:16:00,101194.63,60840.0,620.48,17.5,К-р Восточный,605-E230725_P_B_9.B,4989,2025-08-07,PV №52,quartz-mica foliated schists,1.01,427.98,110,16.67,66.0
1670702,2025-08-04 23:49:00,2025-08-05 00:12:00,101304.52,60635.36,621.11,19.01,К-р Восточный,605-E230725_P_B_9.B,8195,2025-08-05,PV №52,quartz-mica foliated schists,1.01,407.05,109,18.57,66.0
1581283,2025-05-09 01:14:00,2025-05-09 01:29:00,101298.2,60519.28,640.0,12.44,К-р Восточный,630-E030525_P_B_1.B,5886,2025-05-09,PV №52,quartz-mica foliated schists,1.01,423.55,110,15.77,54.0
1582263,2025-05-09 20:08:00,2025-05-09 20:19:00,101297.13,60481.34,640.74,13.02,К-р Восточный,630-E030525_P_B_1.B,5906,2025-05-10,PV №52,mica-quartz_carbonate_massive_rocks,1.01,258.34,112,13.11,84.0
1581727,2025-05-09 10:15:00,2025-05-09 10:26:00,101327.18,60491.38,640.1,12.51,К-р Восточный,630-E030525_P_B_1.B,6000,2025-05-09,PV №52,mica-quartz_carbonate_massive_rocks,1.01,428.48,111,14.68,66.0
1672836,2025-08-06 23:24:00,2025-08-06 23:43:00,101223.74,60837.03,620.3,18.02,К-р Восточный,605-E230725_P_B_9.B,4985,2025-08-07,PV №52,mica-quartz_carbonate_massive_rocks,1.01,327.26,111,16.15,78.0
1667764,2025-08-01 20:06:00,2025-08-01 20:25:00,101238.13,60705.36,620.44,18.04,К-р Восточный,605-E230725_P_B_9.B,5056,2025-08-02,PV №52,mica-quartz_carbonate_massive_rocks,1.01,421.23,110,16.7,54.0
1666303,2025-07-31 13:02:00,2025-07-31 13:26:00,101204.62,60749.38,620.07,17.5,К-р Восточный,605-E230725_P_B_9.B,5097,2025-07-31,PV №52,mica-quartz_carbonate_massive_rocks,1.01,413.5,110,15.6,60.0
1579744,2025-05-07 15:44:00,2025-05-07 15:58:00,101208.41,60665.18,640.2,12.68,К-р Восточный,630-E030525_P_B_1.B,6144,2025-05-07,PV №52,quartz-mica foliated schists,1.01,434.4,109,15.45,66.0
1580546,2025-05-08 09:15:00,2025-05-08 09:27:00,101241.09,60576.04,640.39,12.59,К-р Восточный,630-E030525_P_B_1.B,6086,2025-05-08,PV №52,quartz-mica foliated schists,1.01,405.47,109,16.18,90.0
1667022,2025-08-01 04:49:00,2025-08-01 05:06:00,101229.16,60707.83,620.32,17.83,К-р Восточный,605-E230725_P_B_9.B,5087,2025-08-01,PV №52,mica-quartz_carbonate_massive_rocks,1.01,420.15,108,16.83,66.0
1579602,2025-05-07 11:42:00,2025-05-07 11:59:00,101287.36,60602.61,639.91,12.48,К-р Восточный,630-E030525_P_B_1.B,6035,2025-05-07,PV №52,quartz-mica foliated schists,1.01,395.14,110,15.14,84.0
1580127,2025-05-08 00:22:00,2025-05-08 00:34:00,101288.45,60586.84,640.43,12.11,К-р Восточный,630-E030525_P_B_1.B,6018,2025-05-08,PV №52,quartz-mica foliated schists,1.01,417.94,110,14.7,60.0
1672630,2025-08-06 19:10:00,2025-08-06 19:25:00,101227.38,60824.16,620.05,18.07,К-р Восточный,605-E230725_P_B_9.B,5001,2025-08-06,PV №52,mica-quartz_carbonate_massive_rocks,1.01,406.11,111,17.75,78.0
1582324,2025-05-09 19:39:00,2025-05-09 19:50:00,101307.05,60467.31,640.23,13.08,К-р Восточный,630-E030525_P_B_1.B,6773,2025-05-10,PV №52,mica-quartz_carbonate_massive_rocks,1.01,441.94,109,16.23,78.0
1670069,2025-08-04 09:37:00,2025-08-04 09:56:00,101236.86,60672.1,620.06,17.52,К-р Восточный,605-E230725_P_B_9.B,5083,2025-08-04,PV №52,quartz-mica foliated schists,1.01,431.44,109,18.66,78.0
1579121,2025-05-06 19:36:00,2025-05-06 19:49:00,101276.2,60636.97,639.76,12.21,К-р Восточный,630-E030525_P_B_1.B,6056,2025-05-07,PV №52,quartz-mica foliated schists,1.01,402.72,109,16.55,66.0
1668657,2025-08-02 23:42:00,2025-08-03 00:00:00,101265.74,60687.68,620.56,18.08,К-р Восточный,605-E230725_P_B_9.B,5033,2025-08-03,PV №52,quartz-mica foliated schists,1.01,425.39,111,15.38,66.0
1611622,2025-06-07 21:13:00,2025-06-07 21:29:00,101783.81,60127.88,638.82,11.23,К-р Восточный,630-E040625_P_B_4.A,6065,2025-06-08,PV №52,carbonized_quartz-mica_hornfels_shists,1.01,79.92,74,6.46,72.0
1666976,2025-08-01 03:40:00,2025-08-01 04:05:00,101223.53,60734.61,620.12,17.52,К-р Восточный,605-E230725_P_B_9.B,5090,2025-08-01,PV №52,mica-quartz_carbonate_massive_rocks,1.01,59.16,73,6.64,90.0
1579399,2025-05-07 04:53:00,2025-05-07 05:05:00,101240.5,60644.71,640.22,12.22,К-р Восточный,630-E030525_P_B_1.B,6060,2025-05-07,PV №52,quartz-mica foliated schists,1.01,418.93,110,15.48,72.0
1580723,2025-05-08 12:49:00,2025-05-08 13:00:00,101305.06,60550.68,639.96,12.01,К-р Восточный,630-E030525_P_B_1.B,5904,2025-05-08,PV №52,quartz-mica foliated schists,1.01,408.39,109,15.42,60.0
1609723,2025-06-05 20:07:00,2025-06-05 20:25:00,101695.76,60120.83,639.42,12.01,К-р Восточный,630-E040625_P_B_4.A,6052,2025-06-06,PV №52,carbonized_quartz-mica_hornfels_shists,1.01,389.96,110,14.5,48.0
1579702,2025-05-07 14:31:00,2025-05-07 14:47:00,101199.88,60664.84,640.38,12.56,К-р Восточный,630-E030525_P_B_1.B,6143,2025-05-07,PV №52,quartz-mica foliated schists,1.01,433.18,108,16.47,72.0
1579196,2025-05-07 00:47:00,2025-05-07 01:06:00,101229.61,60674.53,639.85,12.71,К-р Восточный,630-E030525_P_B_1.B,6079,2025-05-07,PV №52,quartz-mica foliated schists,1.01,426.44,106,19.59,60.0
1672833,2025-08-06 23:00:00,2025-08-06 23:17:00,101219.42,60827.91,620.19,17.57,К-р Восточный,605-E230725_P_B_9.B,4978,2025-08-07,PV №52,mica-quartz_carbonate_massive_rocks,1.01,425.61,110,16.96,66.6
1579702,2025-05-07 14:31:00,2025-05-07 14:47:00,101199.88,60664.84,640.38,12.56,К-р Восточный,630-E030525_P_B_1.B,6143,2025-05-07,PV №52,quartz-mica foliated schists,1.01,434.16,108,17.27,60.0
1668665,2025-08-02 20:55:00,2025-08-02 21:15:00,101288.75,60687.28,621.52,19.53,К-р Восточный,605-E230725_P_B_9.B,8160,2025-08-03,PV №52,quartz-mica foliated schists,1.01,424.99,110,16.16,72.0
1666668,2025-07-31 23:31:00,2025-07-31 23:48:00,101212.33,60813.31,620.05,18.01,К-р Восточный,605-E230725_P_B_9.B,4993,2025-08-01,PV №52,mica-quartz_carbonate_massive_rocks,1.01,413.05,105,18.72,72.0
1580193,2025-05-08 01:24:00,2025-05-08 01:37:00,101253.92,60584.74,640.51,12.09,К-р Восточный,630-E030525_P_B_1.B,6022,2025-05-08,PV №52,quartz-mica foliated schists,1.01,418.69,109,16.17,60.0
1580012,2025-05-07 20:17:00,2025-05-07 20:31:00,101220.4,60620.35,640.4,12.9,К-р Восточный,630-E030525_P_B_1.B,6122,2025-05-08,PV №52,quartz-mica foliated schists,1.01,414.27,110,15.75,72.0
1579372,2025-05-07 04:23:00,2025-05-07 04:36:00,101230.79,60659.17,640.16,12.63,К-р Восточный,630-E030525_P_B_1.B,6068,2025-05-07,PV №52,quartz-mica foliated schists,1.01,421.47,109,16.5,60.0
1581412,2025-05-09 03:19:00,2025-05-09 03:34:00,101285.92,60511.18,640.25,12.54,К-р Восточный,630-E030525_P_B_1.B,5916,2025-05-09,PV №52,quartz-mica foliated schists,1.01,427.98,109,16.74,66.0
1579425,2025-05-07 05:23:00,2025-05-07 05:36:00,101250.22,60630.33,640.1,12.21,К-р Восточный,630-E030525_P_B_1.B,6052,2025-05-07,PV №52,quartz-mica foliated schists,1.01,421.39,109,16.53,72.0
1668795,2025-08-03 01:55:00,2025-08-03 02:14:00,101274.54,60685.55,620.98,18.62,К-р Восточный,605-E230725_P_B_9.B,8175,2025-08-03,PV №52,quartz-mica foliated schists,1.01,427.71,110,17.01,72.0
1672905,2025-08-07 00:10:00,2025-08-07 00:26:00,101219.76,60818.5,620.22,17.18,К-р Восточный,605-E230725_P_B_9.B,4977,2025-08-07,PV №52,mica-quartz_carbonate_massive_rocks,1.01,425.34,111,15.91,60.0
1580081,2025-05-07 20:33:00,2025-05-07 20:46:00,101225.37,60613.21,640.38,12.64,К-р Восточный,630-E030525_P_B_1.B,6045,2025-05-08,PV №52,quartz-mica foliated schists,1.01,419.69,109,15.7,60.0
1581177,2025-05-08 22:53:00,2025-05-08 23:05:00,101347.8,60515.62,639.61,12.59,К-р Восточный,630-E030525_P_B_1.B,5966,2025-05-09,PV №52,mica-quartz_carbonate_massive_rocks,1.01,440.71,109,16.79,72.0
1672825,2025-08-06 21:40:00,2025-08-06 21:58:00,101211.88,60822.4,620.17,17.04,К-р Восточный,605-E230725_P_B_9.B,4994,2025-08-07,PV №52,mica-quartz_carbonate_massive_rocks,1.01,333.02,88,14.06,48.0
1580386,2025-05-08 04:56:00,2025-05-08 05:08:00,101307.19,60573.95,640.04,12.71,К-р Восточный,630-E030525_P_B_1.B,5952,2025-05-08,PV №52,quartz-mica foliated schists,1.01,421.51,108,17.0,66.0
1668131,2025-08-02 09:14:00,2025-08-02 09:35:00,101263.56,60738.03,620.44,18.26,К-р Восточный,605-E230725_P_B_9.B,8169,2025-08-02,PV №52,mica-quartz_carbonate_massive_rocks,1.01,364.18,109,14.48,78.0
1580316,2025-05-08 03:33:00,2025-05-08 03:46:00,101285.3,60579.36,640.33,12.59,К-р Восточный,630-E030525_P_B_1.B,6091,2025-05-08,PV №52,quartz-mica foliated schists,1.01,419.2,109,15.95,60.0
1579455,2025-05-07 07:19:00,2025-05-07 07:32:00,101208.01,60679.61,640.08,12.28,К-р Восточный,630-E030525_P_B_1.B,6158,2025-05-07,PV №52,quartz-mica foliated schists,1.01,374.99,110,15.19,66.0
1580934,2025-05-08 17:26:00,2025-05-08 17:38:00,101283.64,60541.44,640.19,12.03,К-р Восточный,630-E030525_P_B_1.B,5929,2025-05-08,PV №52,quartz-mica foliated schists,1.01,424.33,109,16.36,78.0
1613060,2025-06-09 07:17:00,2025-06-09 07:41:00,101751.44,60101.84,639.03,12.01,К-р Восточный,630-E040625_P_B_4.A,5894,2025-06-09,PV №52,carbonized_quartz-mica_hornfels_shists,1.01,243.95,70,12.8,144.0
1672630,2025-08-06 19:10:00,2025-08-06 19:25:00,101227.38,60824.16,620.05,18.07,К-р Восточный,605-E230725_P_B_9.B,5001,2025-08-06,PV №52,mica-quartz_carbonate_massive_rocks,1.01,429.21,110,17.33,60.0
1672643,2025-08-06 19:30:00,2025-08-06 19:56:00,101194.04,60848.72,620.62,18.16,К-р Восточный,605-E230725_P_B_9.B,4988,2025-08-06,PV №52,quartz-mica foliated schists,1.01,430.35,111,16.32,66.0
1580514,2025-05-08 08:05:00,2025-05-08 08:17:00,101277.81,60563.75,640.38,12.58,К-р Восточный,630-E030525_P_B_1.B,5940,2025-05-08,PV №52,quartz-mica foliated schists,1.01,285.29,111,13.32,90.0
1581519,2025-05-09 05:12:00,2025-05-09 05:27:00,101299.73,60504.23,640.33,12.71,К-р Восточный,630-E030525_P_B_1.B,5875,2025-05-09,PV №52,quartz-mica foliated schists,1.01,18.53,38,1.8,456.0
1579345,2025-05-07 03:50:00,2025-05-07 04:04:00,101220.63,60673.86,640.07,12.66,К-р Восточный,630-E030525_P_B_1.B,6080,2025-05-07,PV №52,quartz-mica foliated schists,1.01,406.86,109,16.14,72.0
1581106,2025-05-08 22:20:00,2025-05-08 22:32:00,101328.62,60529.07,639.53,12.21,К-р Восточный,630-E030525_P_B_1.B,5959,2025-05-09,PV №52,mica-quartz_carbonate_massive_rocks,1.01,432.36,109,16.43,72.0
1579107,2025-05-06 23:13:00,2025-05-06 23:26:00,101248.17,60660.87,640.01,12.18,К-р Восточный,630-E030525_P_B_1.B,6070,2025-05-07,PV №52,quartz-mica foliated schists,1.01,403.76,110,15.39,78.0
1581207,2025-05-08 20:10:00,2025-05-08 20:22:00,101262.51,60531.9,640.22,12.52,К-р Восточный,630-E030525_P_B_1.B,5893,2025-05-09,PV №52,quartz-mica foliated schists,1.01,438.37,108,17.7,90.0
1672834,2025-08-06 22:00:00,2025-08-06 22:18:00,101210.6,60840.92,620.27,17.51,К-р Восточный,605-E230725_P_B_9.B,4996,2025-08-07,PV №52,mica-quartz_carbonate_massive_rocks,1.01,427.04,110,17.78,84.0
1668726,2025-08-03 00:03:00,2025-08-03 00:31:00,101233.09,60690.36,621.35,17.92,К-р Восточный,605-E230725_P_B_9.B,5085,2025-08-03,PV №52,quartz-mica foliated schists,1.01,422.75,111,15.8,60.0
1668688,2025-08-02 23:22:00,2025-08-02 23:40:00,101272.9,60693.84,620.79,18.53,К-р Восточный,605-E230725_P_B_9.B,8174,2025-08-03,PV №52,quartz-mica foliated schists,1.01,296.54,113,12.77,77.4
1581127,2025-05-08 19:36:00,2025-05-08 19:50:00,101279.64,60533.24,640.29,12.73,К-р Восточный,630-E030525_P_B_1.B,5891,2025-05-09,PV №52,quartz-mica foliated schists,1.01,387.17,110,15.37,72.0
1579196,2025-05-07 00:47:00,2025-05-07 01:06:00,101229.61,60674.53,639.85,12.71,К-р Восточный,630-E030525_P_B_1.B,6079,2025-05-07,PV №52,quartz-mica foliated schists,1.01,222.81,103,10.94,90.0
1580115,2025-05-08 00:09:00,2025-05-08 00:20:00,101296.22,60587.66,640.27,12.11,К-р Восточный,630-E030525_P_B_1.B,6017,2025-05-08,PV №52,quartz-mica foliated schists,1.01,417.57,110,15.7,89.4
1580662,2025-05-08 11:18:00,2025-05-08 11:31:00,101291.22,60557.3,640.1,12.03,К-р Восточный,630-E030525_P_B_1.B,5950,2025-05-08,PV №52,quartz-mica foliated schists,1.01,433.44,110,14.5,60.0
1580027,2025-05-07 19:54:00,2025-05-07 20:08:00,101215.41,60627.57,640.26,12.66,К-р Восточный,630-E030525_P_B_1.B,6048,2025-05-08,PV №52,quartz-mica foliated schists,1.02,270.92,113,11.27,78.0
1581311,2025-05-09 01:49:00,2025-05-09 02:03:00,101315.89,60520.76,640.0,12.77,К-р Восточный,630-E030525_P_B_1.B,5990,2025-05-09,PV №52,quartz-mica foliated schists,1.02,416.78,110,16.61,66.0
1579535,2025-05-07 09:26:00,2025-05-07 09:38:00,101246.86,60622.72,640.18,12.22,К-р Восточный,630-E030525_P_B_1.B,6119,2025-05-07,PV №52,quartz-mica foliated schists,1.02,431.27,108,17.43,60.0
1580410,2025-05-08 05:27:00,2025-05-08 05:42:00,101312.51,60566.84,639.78,12.6,К-р Восточный,630-E030525_P_B_1.B,5981,2025-05-08,PV №52,quartz-mica foliated schists,1.02,66.48,82,7.92,90.0
1667469,2025-08-01 15:44:00,2025-08-01 16:09:00,101233.31,60764.77,620.08,17.01,К-р Восточный,605-E230725_P_B_9.B,5072,2025-08-01,PV №52,mica-quartz_carbonate_massive_rocks,1.02,250.18,113,11.64,90.0
1672613,2025-08-06 18:12:00,2025-08-06 18:39:00,101226.61,60830.51,620.41,18.02,К-р Восточный,605-E230725_P_B_9.B,5000,2025-08-06,PV №52,mica-quartz_carbonate_massive_rocks,1.02,341.2,112,14.5,60.0
1580975,2025-05-08 19:20:00,2025-05-08 19:33:00,101275.04,60540.84,640.39,12.64,К-р Восточный,630-E030525_P_B_1.B,5930,2025-05-08,PV №52,quartz-mica foliated schists,1.02,377.31,110,15.1,72.0
1670702,2025-08-04 23:49:00,2025-08-05 00:12:00,101304.52,60635.36,621.11,19.01,К-р Восточный,605-E230725_P_B_9.B,8195,2025-08-05,PV №52,quartz-mica foliated schists,1.02,420.56,110,18.27,72.0
1581342,2025-05-09 02:20:00,2025-05-09 02:32:00,101334.35,60507.1,639.69,12.56,К-р Восточный,630-E030525_P_B_1.B,5993,2025-05-09,PV №52,mica-quartz_carbonate_massive_rocks,1.02,309.01,108,14.93,72.0
1666668,2025-07-31 23:31:00,2025-07-31 23:48:00,101212.33,60813.31,620.05,18.01,К-р Восточный,605-E230725_P_B_9.B,4993,2025-08-01,PV №52,mica-quartz_carbonate_massive_rocks,1.02,418.59,107,17.09,90.0
1581549,2025-05-09 05:46:00,2025-05-09 05:58:00,101317.22,60505.61,640.34,13.01,К-р Восточный,630-E030525_P_B_1.B,5991,2025-05-09,PV №52,mica-quartz_carbonate_massive_rocks,1.02,440.66,108,17.4,72.0
1672857,2025-08-06 23:47:00,2025-08-07 00:05:00,101227.85,60814.82,619.99,18.36,К-р Восточный,605-E230725_P_B_9.B,5002,2025-08-07,PV №52,mica-quartz_carbonate_massive_rocks,1.02,425.66,111,16.32,72.0
1668158,2025-08-02 10:08:00,2025-08-02 10:33:00,101265.31,60729.51,621.07,18.04,К-р Восточный,605-E230725_P_B_9.B,8170,2025-08-02,PV №52,mica-quartz_carbonate_massive_rocks,1.02,428.84,110,15.99,72.0
1672605,2025-08-06 17:46:00,2025-08-06 18:06:00,101235.51,60819.4,620.31,18.14,К-р Восточный,605-E230725_P_B_9.B,4986,2025-08-06,PV №52,mica-quartz_carbonate_massive_rocks,1.02,389.68,112,14.9,72.0
1667008,2025-08-01 04:30:00,2025-08-01 04:47:00,101227.11,60716.92,620.26,18.01,К-р Восточный,605-E230725_P_B_9.B,5088,2025-08-01,PV №52,mica-quartz_carbonate_massive_rocks,1.02,426.89,106,20.32,54.0
1581431,2025-05-09 03:36:00,2025-05-09 03:51:00,101294.64,60511.81,640.22,12.73,К-р Восточный,630-E030525_P_B_1.B,5915,2025-05-09,PV №52,quartz-mica foliated schists,1.02,268.2,109,13.64,60.0
1668710,2025-08-02 21:43:00,2025-08-02 22:02:00,101293.33,60670.63,621.72,19.17,К-р Восточный,605-E230725_P_B_9.B,8191,2025-08-03,PV №52,quartz-mica foliated schists,1.02,365.95,112,15.22,96.0
1580672,2025-05-08 11:37:00,2025-05-08 11:49:00,101317.87,60559.19,639.52,12.5,К-р Восточный,630-E030525_P_B_1.B,5953,2025-05-08,PV №52,quartz-mica foliated schists,1.02,433.97,110,15.41,66.0
1582419,2025-05-10 01:37:00,2025-05-10 01:52:00,101268.52,60510.08,640.42,13.26,К-р Восточный,630-E030525_P_B_1.B,5918,2025-05-10,PV №52,quartz-mica foliated schists,1.02,408.73,110,15.95,78.0
1581332,2025-05-09 02:05:00,2025-05-09 02:18:00,101320.76,60513.34,639.75,12.53,К-р Восточный,630-E030525_P_B_1.B,5963,2025-05-09,PV №52,mica-quartz_carbonate_massive_rocks,1.02,423.59,110,16.0,78.6
1579506,2025-05-07 08:52:00,2025-05-07 09:07:00,101236.73,60636.92,639.94,12.05,К-р Восточный,630-E030525_P_B_1.B,6127,2025-05-07,PV №52,quartz-mica foliated schists,1.02,434.08,108,17.4,72.0
1668415,2025-08-02 16:21:00,2025-08-02 16:41:00,101259.86,60714.64,620.63,18.02,К-р Восточный,605-E230725_P_B_9.B,5030,2025-08-02,PV №52,mica-quartz_carbonate_massive_rocks,1.02,423.72,111,15.32,66.0
1670655,2025-08-04 22:03:00,2025-08-04 22:21:00,101299.83,60652.65,623.51,19.53,К-р Восточный,605-E230725_P_B_9.B,8193,2025-08-05,PV №52,quartz-mica foliated schists,1.02,424.7,111,16.02,78.0
1580127,2025-05-08 00:22:00,2025-05-08 00:34:00,101288.45,60586.84,640.43,12.11,К-р Восточный,630-E030525_P_B_1.B,6018,2025-05-08,PV №52,quartz-mica foliated schists,1.02,418.76,109,15.33,60.0
1668710,2025-08-02 21:43:00,2025-08-02 22:02:00,101293.33,60670.63,621.72,19.17,К-р Восточный,605-E230725_P_B_9.B,8191,2025-08-03,PV №52,quartz-mica foliated schists,1.02,416.49,110,16.94,102.0
1580459,2025-05-08 07:13:00,2025-05-08 07:31:00,101286.34,60564.41,640.17,12.75,К-р Восточный,630-E030525_P_B_1.B,5941,2025-05-08,PV №52,quartz-mica foliated schists,1.02,275.45,112,13.7,66.0
1579171,2025-05-07 00:32:00,2025-05-07 00:46:00,101224.45,60681.83,640.11,12.24,К-р Восточный,630-E030525_P_B_1.B,6156,2025-05-07,PV №52,quartz-mica foliated schists,1.02,419.45,109,16.22,60.0
1609383,2025-06-05 14:57:00,2025-06-05 15:14:00,101705.17,60128.03,639.34,12.57,К-р Восточный,630-E040625_P_B_4.A,5972,2025-06-05,PV №52,carbonized_quartz-mica_hornfels_shists,1.02,84.33,92,7.43,138.0
1579812,2025-05-07 17:19:00,2025-05-07 17:33:00,101237.85,60621.34,640.57,12.15,К-р Восточный,630-E030525_P_B_1.B,6120,2025-05-07,PV №52,quartz-mica foliated schists,1.02,435.55,109,15.87,78.0
1579163,2025-05-07 00:13:00,2025-05-07 00:26:00,101265.01,60631.63,639.74,12.16,К-р Восточный,630-E030525_P_B_1.B,6054,2025-05-07,PV №52,quartz-mica foliated schists,1.02,238.08,107,11.77,102.0
1579492,2025-05-07 08:07:00,2025-05-07 08:21:00,101222.25,60658.69,640.07,12.74,К-р Восточный,630-E030525_P_B_1.B,6067,2025-05-07,PV №52,quartz-mica foliated schists,1.02,331.58,111,14.42,108.0
1670069,2025-08-04 09:37:00,2025-08-04 09:56:00,101236.86,60672.1,620.06,17.52,К-р Восточный,605-E230725_P_B_9.B,5083,2025-08-04,PV №52,quartz-mica foliated schists,1.02,363.52,111,15.87,60.0
1668685,2025-08-02 22:58:00,2025-08-02 23:19:00,101279.42,60699.63,621.29,18.9,К-р Восточный,605-E230725_P_B_9.B,8185,2025-08-03,PV №52,quartz-mica foliated schists,1.02,352.46,96,14.65,126.0
1667550,2025-08-01 18:16:00,2025-08-01 18:45:00,101242.77,60720.4,620.5,18.01,К-р Восточный,605-E230725_P_B_9.B,5077,2025-08-01,PV №52,mica-quartz_carbonate_massive_rocks,1.02,420.92,110,16.42,60.0
1668668,2025-08-02 22:33:00,2025-08-02 22:53:00,101281.37,60690.95,621.4,19.05,К-р Восточный,605-E230725_P_B_9.B,8186,2025-08-03,PV №52,quartz-mica foliated schists,1.02,424.57,111,15.85,84.0
1668688,2025-08-02 23:22:00,2025-08-02 23:40:00,101272.9,60693.84,620.79,18.53,К-р Восточный,605-E230725_P_B_9.B,8174,2025-08-03,PV №52,quartz-mica foliated schists,1.02,423.98,111,15.83,84.0
1579223,2025-05-07 01:53:00,2025-05-07 02:07:00,101249.29,60645.46,640.08,12.17,К-р Восточный,630-E030525_P_B_1.B,6059,2025-05-07,PV №52,quartz-mica foliated schists,1.02,419.4,109,16.61,78.0
1667959,2025-08-02 04:18:00,2025-08-02 04:43:00,101238.74,60776.94,619.83,17.44,К-р Восточный,605-E230725_P_B_9.B,5046,2025-08-02,PV №52,mica-quartz_carbonate_massive_rocks,1.02,389.91,110,16.19,114.0
1668688,2025-08-02 23:22:00,2025-08-02 23:40:00,101272.9,60693.84,620.79,18.53,К-р Восточный,605-E230725_P_B_9.B,8174,2025-08-03,PV №52,quartz-mica foliated schists,1.02,426.45,109,17.7,66.0
1580203,2025-05-08 01:41:00,2025-05-08 01:55:00,101245.12,60584.1,640.59,12.07,К-р Восточный,630-E030525_P_B_1.B,6023,2025-05-08,PV №52,quartz-mica foliated schists,1.02,407.09,109,16.21,72.0
1579273,2025-05-07 02:24:00,2025-05-07 02:37:00,101258.09,60630.98,639.66,12.16,К-р Восточный,630-E030525_P_B_1.B,6053,2025-05-07,PV №52,quartz-mica foliated schists,1.03,176.73,93,9.56,102.0
1668391,2025-08-02 15:58:00,2025-08-02 16:19:00,101258.76,60723.29,620.66,18.02,К-р Восточный,605-E230725_P_B_9.B,5029,2025-08-02,PV №52,mica-quartz_carbonate_massive_rocks,1.03,185.84,94,9.72,120.6
1668784,2025-08-03 01:32:00,2025-08-03 01:51:00,101259.22,60681.48,620.47,17.63,К-р Восточный,605-E230725_P_B_9.B,5035,2025-08-03,PV №52,quartz-mica foliated schists,1.03,152.45,82,9.01,108.0
1666747,2025-07-31 22:44:00,2025-07-31 23:03:00,101221.02,60710.98,620.4,18.01,К-р Восточный,605-E230725_P_B_9.B,5062,2025-08-01,PV №52,mica-quartz_carbonate_massive_rocks,1.03,329.54,110,14.99,90.0
1668821,2025-08-03 02:17:00,2025-08-03 02:39:00,101267.64,60678.66,620.43,18.02,К-р Восточный,605-E230725_P_B_9.B,5034,2025-08-03,PV №52,quartz-mica foliated schists,1.03,233.82,89,12.54,96.0
1579868,2025-05-07 19:30:00,2025-05-07 19:51:00,101212.09,60634.8,640.36,12.61,К-р Восточный,630-E030525_P_B_1.B,6124,2025-05-07,PV №52,quartz-mica foliated schists,1.04,149.38,102,8.5,138.0
1612677,2025-06-08 23:31:00,2025-06-08 23:53:00,101789.44,60099.15,639.1,11.87,К-р Восточный,630-E040625_P_B_4.A,5694,2025-06-09,PV №52,carbonized_quartz-mica_hornfels_shists,1.05,10.35,0,0.55,576.0
1581855,2025-05-09 13:09:00,2025-05-09 13:21:00,101314.29,60482.79,640.25,13.01,К-р Восточный,630-E030525_P_B_1.B,5973,2025-05-09,PV №52,mica-quartz_carbonate_massive_rocks,1.06,287.06,111,14.46,216.0
1581154,2025-05-08 23:41:00,2025-05-08 23:52:00,101343.77,60507.68,639.54,12.72,К-р Восточный,630-E030525_P_B_1.B,5994,2025-05-09,PV №52,mica-quartz_carbonate_massive_rocks,1.06,155.04,112,10.02,192.0
1579372,2025-05-07 04:23:00,2025-05-07 04:36:00,101230.79,60659.17,640.16,12.63,К-р Восточный,630-E030525_P_B_1.B,6068,2025-05-07,PV №52,quartz-mica foliated schists,1.07,21.4,38,1.81,864.0
1668391,2025-08-02 15:58:00,2025-08-02 16:19:00,101258.76,60723.29,620.66,18.02,К-р Восточный,605-E230725_P_B_9.B,5029,2025-08-02,PV №52,mica-quartz_carbonate_massive_rocks,1.1,19.25,39,1.59,882.0
1580063,2025-05-07 23:50:00,2025-05-08 00:06:00,101303.11,60586.67,640.03,12.71,К-р Восточный,630-E030525_P_B_1.B,6094,2025-05-08,PV №52,quartz-mica foliated schists,1.16,127.52,91,11.19,552.0
