time_s,acceleration_m_s2
0.0,0.0037253561475842447
0.001,0.03220777859107451
0.002,0.06348067513604799
0.003,0.08374463572077379
0.004,0.07465891990386501
0.005,0.07577909225786705
0.006,0.09493514591422858
0.007,0.10284106232002098
0.008,0.11428101568882465
0.009000000000000001,0.14269256893158075
0.01,0.14805755276743124
0.011,0.14791937235353045
0.012,0.14061178829185356
0.013000000000000001,0.10525673117594903
0.014,0.08904837001114767
0.015,0.08775715126460988
0.016,0.08275350982829162
0.017,0.09470189309941121
0.018000000000000002,0.08359064228936623
0.019,0.06785622366494937
0.02,0.06639332266118932
0.021,0.024259848320702042
0.022,-0.0012400049517446406
0.023,-0.030982816972700597
0.024,-0.03093032810382655
0.025,-0.023609384165924216
0.026000000000000002,-0.028817469594978162
0.027,-0.018414248124704106
0.028,-0.03527122854875651
0.029,-0.04835422716321766
0.03,-0.06485789545636593
0.031,-0.05165137634082924
0.032,-0.05762400136895778
0.033,-0.04581421588930721
0.034,-0.007072480671578603
0.035,-0.000901387107498039
0.036000000000000004,0.02281148368691535
0.037,0.011211306361745561
0.038,0.017744805317552664
0.039,0.03570777765957596
0.04,0.056434194187481516
0.041,0.07906941689504349
0.042,0.10852604377515201
0.043000000000000003,0.13514189578251248
0.044,0.14387476858471063
0.045,0.15483658407088788
0.046,0.15372369564325009
0.047,0.16118539638031937
0.048,0.15782886253569087
0.049,0.15225121110466389
0.05,0.1828629634957025
0.051000000000000004,0.18978870400214504
0.052000000000000005,0.18974580516991882
0.053,0.1881598380715648
0.054,0.16928684736195587
0.055,0.1429680607894985
0.056,0.10856858528690727
0.057,0.10046731406178665
0.058,0.10109826181157827
0.059000000000000004,0.10358764703035535
0.06,0.08464846467137609
0.061,0.06845950596966573
0.062,0.03371536106202574
0.063,0.00197275846356505
0.064,-0.008897903110992011
0.065,-0.019455232482402808
0.066,-0.03268867678755985
0.067,-0.01985259105081921
0.068,-0.02031247687468476
0.069,-0.030226546536133932
0.07,-0.033161084330204725
0.07100000000000001,-0.038633099874723714
0.07200000000000001,-0.060850869170329475
0.073,-0.048481609438223744
0.074,-0.0664116459372395
0.075,-0.017673576870185732
0.076,0.0015249403717316182
0.077,0.017390276930192673
0.078,0.029384989259487966
0.079,0.015246250345398435
0.08,0.0289520955122761
0.081,0.04004043524117745
0.082,0.06539669572107562
0.083,0.0756742196686681
0.084,0.10021384619136481
0.085,0.12243574866946268
0.08600000000000001,0.14079779471410137
0.08700000000000001,0.13218495006050598
0.088,0.11519807865855802
0.089,0.1139695341749937
0.09,0.10902313443080434
0.091,0.12143648702798696
0.092,0.11743447233778181
0.093,0.12360403559788491
0.094,0.11501931623999793
0.095,0.08614114628933865
0.096,0.07029986605887568
0.097,0.040846334809496926
0.098,0.016928329030733363
0.099,0.00316843159058698
0.1,-0.010615280565378278
0.101,-0.00806406554071771
0.10200000000000001,-0.019386709606432836
0.10300000000000001,-0.04474284783186118
0.10400000000000001,-0.06900682823664613
0.105,-0.09366138320383954
0.106,-0.10322561296003417
0.107,-0.1239906120546655
0.108,-0.1198301912374842
0.109,-0.11362073262306041
0.11,-0.12141901973680647
0.111,-0.10891622896606681
0.112,-0.11721022245623325
0.113,-0.10966465665453298
0.114,-0.13376458484990086
0.115,-0.12234165192624834
0.116,-0.10500391141538229
0.117,-0.08690138222597496
0.11800000000000001,-0.04447120174728395
0.11900000000000001,-0.030649669379586436
0.12,-0.023828203149296536
0.121,-0.03639890328433901
0.122,-0.017886714582163073
0.123,-0.03015416617076483
0.124,0.003225350801239096
0.125,0.03967770434034679
0.126,0.03848572950389907
0.127,0.05489683662653107
0.128,0.06008228893237341
0.129,0.045029966551645574
0.13,0.022833977486558257
0.131,0.02452773689971995
0.132,0.013800525783433774
0.133,0.029880809749073124
0.134,0.024500325772880683
0.135,0.040886755137059375
0.136,0.009227228164651538
0.137,-0.012694795819457195
0.138,-0.03461948338333681
0.139,-0.07710382304292457
0.14,-0.08382212217948855
0.14100000000000001,-0.0829872450207283
0.14200000000000002,-0.10640933028280482
0.14300000000000002,-0.0963647841818274
0.14400000000000002,-0.10712353879053665
0.145,-0.12361889306847479
0.146,-0.16368100938192753
0.147,-0.18575493540878552
0.148,-0.1827130300074934
0.149,-0.1818905335229549
0.15,-0.1697538485931886
0.151,-0.1539673309724662
0.152,-0.15147370702196852
0.153,-0.14280847589721143
0.154,-0.14658613085961042
0.155,-0.15764718152501922
0.156,-0.13360084281875526
0.157,-0.127169257600102
0.158,-0.11244413171421551
0.159,-0.06785147269608956
0.16,-0.05413416844052078
0.161,-0.025231590671380744
0.162,-0.01690850533043417
0.163,-0.030931574506765026
0.164,-0.013824496624044183
0.165,-0.005836626965410794
0.166,0.017945907424088872
0.167,0.049974761795230006
0.168,0.05301095587089832
0.169,0.05683028827540113
0.17,0.050388794536098624
0.171,0.03671197864415518
0.17200000000000001,0.026980321345987986
0.17300000000000001,0.020890704008980868
0.17400000000000002,0.01984388392133892
0.17500000000000002,0.028879134569609933
0.176,0.025982128142466168
0.177,0.031173760417124687
0.178,0.0007868111838022174
0.179,-0.0033900905893894523
0.18,-0.04735284536105686
0.181,-0.08030195768891168
0.182,-0.09264488255141537
0.183,-0.08176747592986316
0.184,-0.08397006302863176
0.185,-0.0775745393388723
0.186,-0.08854053895337992
0.187,-0.10957313867070502
0.188,-0.1340760903362162
0.189,-0.15142126882854123
0.19,-0.14347689208105874
0.191,-0.12098068047029083
0.192,-0.10540500365263449
0.193,-0.09630690070828002
0.194,-0.0725749314072249
0.195,-0.06655307368540925
0.196,-0.07627872236362608
0.197,-0.06590783356225187
0.198,-0.05457726114412268
0.199,-0.039973948082178856
0.2,0.002683405202612222
0.201,0.035589852919894686
0.202,0.06306667433222415
0.203,0.07480956792113012
0.20400000000000001,0.059049235254294265
0.20500000000000002,0.06200428623232873
0.20600000000000002,0.07717711564492132
0.20700000000000002,0.09009283997997877
0.20800000000000002,0.10998126231230483
0.209,0.15524399557758464
0.21,0.14320467498546594
0.211,0.147242411638017
0.212,0.13344443046998142
0.213,0.11240908626875346
0.214,0.08819344077973829
0.215,0.08710396441561445
0.216,0.07503874080617315
0.217,0.08225442573218113
0.218,0.0797647890407296
0.219,0.0734667353437461
0.22,0.0686075012879616
0.221,0.009240370225667099
0.222,0.0021002026087114456
0.223,-0.03236053612767248
0.224,-0.02913493867379558
0.225,-0.013948276555420936
0.226,-0.016479193812129405
0.227,-0.025395082742381916
0.228,-0.03173692188787241
0.229,-0.03643767461259113
0.23,-0.061198953716147246
0.231,-0.059552277979234194
0.232,-0.0533139363697431
0.233,-0.03963681566219929
0.234,0.005015013381277485
0.23500000000000001,0.014033871378563493
0.23600000000000002,0.0057568212015841145
0.23700000000000002,0.025542321933501557
0.23800000000000002,0.01940557494664068
0.23900000000000002,0.03564491418857962
0.24,0.03829832369399101
0.241,0.06860459199981515
0.242,0.1032439709662118
0.243,0.1324249506914969
0.244,0.1330842560460376
0.245,0.14359694373621398
0.246,0.13842034531205852
0.247,0.132306199956265
0.248,0.15181898111910497
0.249,0.15146157544501593
0.25,0.1538052973206369
0.251,0.18252802732870094
0.252,0.19409855457988978
0.253,0.1753130251512588
0.254,0.13502368771753556
0.255,0.11829246395654101
0.256,0.11156437781615265
0.257,0.08609049751065664
0.258,0.09208476985148199
0.259,0.09383630994502828
0.26,0.07470303040201727
0.261,0.06448032994011538
0.262,0.014405948469570697
0.263,0.00151927855499657
0.264,-0.017181558637375048
0.265,-0.03797612150775832
0.266,-0.017763070700319922
0.267,-0.035026363998853866
0.268,-0.022527017824926818
0.269,-0.020122052475952848
0.27,-0.020529669010981546
0.271,-0.05640172892479814
0.272,-0.04755977024111285
0.273,-0.05630883329813835
0.274,-0.05097759705252665
0.275,-0.018103598655225456
0.276,0.0035849103933994226
0.277,0.015162390496952064
0.278,0.027955919659515324
0.279,0.024632266939455326
0.28,0.02742037127301754
0.281,0.03690305815071582
0.28200000000000003,0.059432131180319786
0.28300000000000003,0.0622330570063712
0.28400000000000003,0.11307855110018657
0.28500000000000003,0.10135895218713316
0.28600000000000003,0.12177066272752296
0.28700000000000003,0.12248790433364443
0.28800000000000003,0.10923743881792967
0.289,0.09324836222608472
0.29,0.0946183992199291
0.291,0.09869237515615129
0.292,0.10707651781278214
0.293,0.12204414794554219
0.294,0.11128189306232561
0.295,0.08379743682755623
0.296,0.0681088523745459
0.297,0.03602596360110272
0.298,0.01947965406440504
0.299,0.007878240493060119
0.3,-0.006217462581916426
0.301,-0.00734054343448981
0.302,-0.007711865332214147
0.303,-0.02899626662836889
0.304,-0.06126365145916575
0.305,-0.08772907452325755
0.306,-0.09848963706362095
0.307,-0.11941983322738164
0.308,-0.10654473914789304
0.309,-0.1029026258887562
0.31,-0.09666566152772921
0.311,-0.08840860883956655
0.312,-0.09957367788633231
0.313,-0.11054424841337883
0.314,-0.11166080860717442
0.315,-0.11439826039853832
0.316,-0.09057815546345607
0.317,-0.07255432642057659
0.318,-0.04395650754969078
0.319,-0.031942329371386
0.32,-0.025082641615727805
0.321,-0.022538594184171645
0.322,-0.03330746022389435
0.323,-0.00397785457930861
0.324,-0.009912154602845663
0.325,0.011930410357153748
0.326,0.0515340825500784
0.327,0.061352733439342014
0.328,0.05983582027837884
0.329,0.0491126577524148
0.33,0.02997372040517133
0.331,0.01312937893204761
0.332,0.01865788891680621
0.333,0.018271311329384792
0.334,0.03663857886034827
0.335,0.027184745623797815
0.336,0.009195402553352347
0.337,-0.011010886595020362
0.338,-0.03444940784830166
0.339,-0.06736348120450225
0.34,-0.08536575239712264
0.341,-0.08304984645916735
0.342,-0.08306374260307131
0.343,-0.09064254499443182
0.34400000000000003,-0.10035627129609559
0.34500000000000003,-0.11430159166434287
0.34600000000000003,-0.15080958049811566
0.34700000000000003,-0.17113948589985972
0.34800000000000003,-0.17615545591931608
0.34900000000000003,-0.16950050109439
0.35000000000000003,-0.15296774210031827
0.35100000000000003,-0.12929845996560205
0.352,-0.12411229618159836
0.353,-0.1305276497543216
0.354,-0.13452956909420025
0.355,-0.1464349529765689
0.356,-0.1355570994384492
0.357,-0.1220549741761675
0.358,-0.09171206819267497
0.359,-0.0711374420112351
0.36,-0.036662959124532817
0.361,-0.014954208942337722
0.362,-0.02327707050303363
0.363,-0.02010646123036325
0.364,-0.015592696234356938
0.365,-0.01290169909733051
0.366,0.011423192736740653
0.367,0.03291462738374004
0.368,0.051971108305015404
0.369,0.05260920288691309
0.37,0.052932690846461516
0.371,0.0422511360083874
0.372,0.03435313460809039
0.373,0.021882572824769398
0.374,0.03092379030755148
0.375,0.014762317172664833
0.376,0.03126663743336442
0.377,0.021617655775750318
0.378,0.020397974333960678
0.379,-0.02735100861362208
0.38,-0.05450919760073959
0.381,-0.07320828899300931
0.382,-0.09409736574064581
0.383,-0.08167694710633693
0.384,-0.07923937034207283
0.385,-0.07209970033508525
0.386,-0.0790410325964126
0.387,-0.08387972348877033
0.388,-0.1091429384611435
0.389,-0.13278034252460777
0.39,-0.13534129471467846
0.391,-0.11250711378662202
0.392,-0.10625572120028029
0.393,-0.0633452451731375
0.394,-0.05612842718654814
0.395,-0.06523469737416338
0.396,-0.07610878724137402
0.397,-0.05199153344460468
0.398,-0.052537113602237895
0.399,-0.02043264983424807
0.4,-0.011958207440957599
0.401,0.025204942181835596
0.402,0.05165402084313338
0.403,0.062357934868645964
0.404,0.059642258164208956
0.405,0.06602081341690501
0.406,0.05646087515071067
0.40700000000000003,0.07535786241569932
0.40800000000000003,0.09644880108560287
0.40900000000000003,0.11910004874148834
0.41000000000000003,0.1328499366063057
0.41100000000000003,0.11881147433998346
0.41200000000000003,0.10346616760196906
0.41300000000000003,0.10617336605436185
0.41400000000000003,0.08271047233161913
0.41500000000000004,0.06624059924085966
0.41600000000000004,0.08385921061804602
0.417,0.07737487891914406
0.418,0.08591967640027581
0.419,0.06829575866409023
0.42,0.0629450243966067
0.421,0.03395933399017536
0.422,-0.006090524040869708
0.423,-0.01294939534394562
0.424,-0.019622266381895802
0.425,-0.0097461102119311
0.426,-0.02128127398193083
0.427,-0.008619660626286252
0.428,-0.014457838503171092
0.429,-0.050534117924994695
0.43,-0.06041177242751518
0.431,-0.07251785933310274
0.432,-0.05217722759142155
0.433,-0.02653468363900918
0.434,0.0021729418635251644
0.435,0.01076223028457819
0.436,0.032888903314287024
0.437,0.012196190045014961
0.438,0.008573957047243187
0.439,0.024329278975125115
0.44,0.04110241546000971
0.441,0.06169252650074017
0.442,0.07495952640956383
0.443,0.11488636097010894
0.444,0.12065118145212766
0.445,0.13834315442858855
0.446,0.13098196618724098
0.447,0.11563369688819139
0.448,0.11963712907443419
0.449,0.12505281449890368
0.45,0.14725540724093542
0.451,0.1673957530154325
0.452,0.1557326381251855
0.453,0.1568700154804556
0.454,0.12874696449023773
0.455,0.10325634648423986
0.456,0.0896777414497698
0.457,0.07332906114922627
0.458,0.07568417297654229
0.459,0.0715825346080207
0.46,0.09043004582849451
0.461,0.06073476123892999
0.462,0.030483883349620135
0.463,0.009230697770527782
0.464,-0.016397092743942982
0.465,-0.02936178075750367
0.466,-0.023461340469172795
0.467,-0.015833196764184432
0.468,-0.019768813364804603
0.46900000000000003,-0.021543525240446868
0.47000000000000003,-0.02930108219641723
0.47100000000000003,-0.05879318067936709
0.47200000000000003,-0.06375782891313819
0.47300000000000003,-0.04266772275903449
0.47400000000000003,-0.028431251692993226
0.47500000000000003,-0.021384547619910745
0.47600000000000003,0.007519928731363562
0.47700000000000004,0.022026610604943462
0.47800000000000004,0.049379952281683154
0.47900000000000004,0.03353839553675472
0.48,0.021962532201342654
0.481,0.01986177015550604
0.482,0.029357945008720666
0.483,0.06576361980143773
0.484,0.08308660900825711
0.485,0.09610398527578573
0.486,0.1080855252451153
0.487,0.09942817706337728
0.488,0.1088881610268868
0.489,0.09349060561193225
0.49,0.08515674936266265
0.491,0.10282887918388461
0.492,0.10194001628993565
0.493,0.09981181045308503
0.494,0.11156218391348903
0.495,0.08568586391799328
0.496,0.04750461407414633
0.497,0.027618198421298576
0.498,0.003642976524336028
0.499,-0.008818174614703083
0.5,0.006946331606486442
0.501,0.012783037582138626
0.502,-0.020639089233467373
0.503,-0.02469030107377101
0.504,-0.05993307870957705
0.505,-0.08494890945085017
0.506,-0.10410019569658427
0.507,-0.11212786338021395
0.508,-0.100227830265168
0.509,-0.09705323763961576
0.51,-0.08215093578832948
0.511,-0.08610669767766478
0.512,-0.09679097328132713
0.513,-0.11305263812615157
0.514,-0.11594212185480374
0.515,-0.09979903021055125
0.516,-0.08374644812605847
0.517,-0.07040265700426426
0.518,-0.039621415838617405
0.519,-0.02051448429930583
0.52,-0.03475579087946476
0.521,-0.02059600520382153
0.522,-0.031021319916813034
0.523,-0.015418844909811722
0.524,-0.009169081178788186
0.525,0.005498290619218155
0.526,0.027866997918536286
0.527,0.05240193681188409
0.528,0.05332063625351518
0.529,0.033631007465754585
0.53,0.030875194013622195
0.531,0.0036380330122038913
0.532,0.014265358029992244
0.533,0.011572034643554613
0.534,0.02256264859398908
0.535,0.027761337609123124
0.536,0.00919141327648115
0.537,-0.009965580606632309
0.538,-0.027126819571417538
0.539,-0.0631762079789711
0.54,-0.06720471767255266
0.541,-0.08619003832270208
0.542,-0.07237474351738701
0.543,-0.06615777455953024
0.544,-0.1042773052021486
0.545,-0.1098571242463279
0.546,-0.1225415444364443
0.547,-0.1482912873764583
0.548,-0.1536323857574166
0.549,-0.15775463779562693
0.55,-0.1398714193905725
0.551,-0.1268709798604277
0.552,-0.10746390704668446
0.553,-0.11364627692011847
0.554,-0.11882777797743904
0.555,-0.1299041596388933
0.556,-0.1280580870167839
0.557,-0.11333214407744947
0.558,-0.08268949807044335
0.559,-0.060994483158190775
0.56,-0.03271503716397799
0.561,-0.006645104651675879
0.562,-0.013089818549949568
0.5630000000000001,-0.024065017095778688
0.5640000000000001,-0.011505374962052386
0.5650000000000001,-0.013821810552021186
0.5660000000000001,-0.007387454731975696
0.5670000000000001,0.022609602995480843
0.5680000000000001,0.033938575135675775
0.5690000000000001,0.05208182532206095
0.5700000000000001,0.048985987483158994
0.5710000000000001,0.047185591814465036
0.5720000000000001,0.02222160856648134
0.5730000000000001,0.009747539690713028
0.5740000000000001,0.018286578619510146
0.5750000000000001,0.0019814180437312426
0.5760000000000001,0.025441385428486077
0.577,0.025997238494026242
0.578,-0.006026683062194452
0.579,-0.010446181006910263
0.58,-0.04220335372842221
0.581,-0.06715815166301427
0.582,-0.06759056954804019
0.583,-0.05377955981211646
0.584,-0.06426616460351157
0.585,-0.06258736686225387
0.586,-0.07556162898951774
0.587,-0.09430293337440576
0.588,-0.09967957255669287
0.589,-0.12437233445424585
0.59,-0.11763832667120244
0.591,-0.10963827721778069
0.592,-0.08311901124705078
0.593,-0.06563650694637586
0.594,-0.04914002338347872
0.595,-0.05854925724241638
0.596,-0.05950286955388854
0.597,-0.06503885121793948
0.598,-0.05199194214660439
0.599,-0.025361506691309363
0.6,0.005677414624838888
0.601,0.02126052738728297
0.602,0.05512444604074001
0.603,0.06773873382033872
0.604,0.06036011993325609
0.605,0.06846853326343298
0.606,0.05066012552368604
0.607,0.05821096201585146
0.608,0.07264040292876407
0.609,0.11641228509973311
0.61,0.12209621765448837
0.611,0.11644243306332853
0.612,0.10683138759195397
0.613,0.07825715941713977
0.614,0.08920538036100656
0.615,0.06417547146617476
0.616,0.06525596148989012
0.617,0.07514325424600843
0.618,0.07495483425539742
0.619,0.06488702857179335
0.62,0.03816034444556782
0.621,0.02211291251480292
0.622,0.008827309663237073
0.623,-0.010119296239159943
0.624,-0.011488628859874757
0.625,-0.02194068060899274
0.626,-0.018827022357690012
0.627,-0.011499035097041414
0.628,-0.01838034142602715
0.629,-0.02534488399600972
0.63,-0.06044509581909868
0.631,-0.04217598318594686
0.632,-0.048175665258140696
0.633,-0.032553945207843195
0.634,-0.014903141809053217
0.635,-0.0013660844758374884
0.636,0.02660276116831053
0.637,0.021651843323068576
0.638,0.008942328013219166
0.639,0.010955799882536553
0.64,0.03025614244269938
0.641,0.06764434509661783
0.642,0.08038281092186117
0.643,0.09489166818601757
0.644,0.11804866645825617
0.645,0.11970675327788081
0.646,0.0955643550114266
0.647,0.10913429163241475
0.648,0.10810789109968143
0.649,0.12425926833610534
0.65,0.1475347311358728
0.651,0.15473618023825686
0.652,0.1474849625928149
0.653,0.13168879494390104
0.654,0.13963228714319073
0.655,0.09813629850657714
0.656,0.08010504395700438
0.657,0.07158841662108527
0.658,0.07325140749222885
0.659,0.07273388671761799
0.66,0.06599894787927656
0.661,0.05233644769615552
0.662,0.03278647609841146
0.663,0.0021238335709421715
0.664,-0.02114287033426172
0.665,-0.02607994934126054
0.666,-0.02822583391774159
0.667,-0.007713861933332564
0.668,-0.0325627374322725
0.669,-0.005529882368423791
0.67,-0.014181795365484254
0.671,-0.053365754205176245
0.672,-0.051444595077213585
0.673,-0.052568646968662126
0.674,-0.04874807602510332
0.675,-0.02349313555847285
0.676,-0.004134817895883528
0.677,0.0328597949039617
0.678,0.03227074785757985
0.679,0.032524249576038035
0.68,0.025034442839924977
0.681,0.014118810309073776
0.682,0.031925092209896914
0.683,0.06132161238355552
0.684,0.07206362108786345
0.685,0.1037678828077727
0.686,0.102107325718162
0.687,0.09519550088882693
0.6880000000000001,0.09170823197437061
0.6890000000000001,0.08022060464792297
0.6900000000000001,0.07258977168569526
0.6910000000000001,0.09077817634451633
0.6920000000000001,0.08407944256477547
0.6930000000000001,0.10238486271718557
0.6940000000000001,0.0969270902670019
0.6950000000000001,0.07267168602624174
0.6960000000000001,0.05223045281933604
0.6970000000000001,0.015431838620262801
0.6980000000000001,0.014269199306203774
0.6990000000000001,-0.0012845787383055402
0.7000000000000001,-0.003920422653893275
0.7010000000000001,0.00777916814389503
0.7020000000000001,-0.012567029841443568
0.7030000000000001,-0.035258154633655385
0.704,-0.061250427246396955
0.705,-0.07013281094356293
0.706,-0.10164636083853716
0.707,-0.08404021470493105
0.708,-0.10710696253114381
0.709,-0.06853801904184716
0.71,-0.07277590566970897
0.711,-0.07657486686110934
0.712,-0.08934478534248781
0.713,-0.09384238827994947
0.714,-0.1029990119081537
0.715,-0.0889635294246463
0.716,-0.07923647560731334
0.717,-0.05546841151254677
0.718,-0.03764515959043765
0.719,-0.02221894924836652
0.72,-0.016692070837819224
0.721,-0.035388234549165835
0.722,-0.03515037149198667
0.723,-0.01414880581423275
0.724,-0.003138211521405656
0.725,0.01584362051354346
0.726,0.03770118207382012
0.727,0.05159527405971192
0.728,0.043902240041769416
0.729,0.030968795604082534
0.73,0.023953499364078118
0.731,0.005360034168873512
0.732,0.01481119294471481
0.733,0.00544640926653866
0.734,0.03347463720349128
0.735,0.03015241734995652
0.736,0.01779807779457307
0.737,0.001663287655606878
0.738,-0.01958392210999634
0.739,-0.04736358486944093
0.74,-0.08209724102449768
0.741,-0.08083518970552256
0.742,-0.07329559578565793
0.743,-0.06784226774534961
0.744,-0.07182875191666174
0.745,-0.0983192571690441
0.746,-0.1136341380205092
0.747,-0.13993343520060728
0.748,-0.14801691083813234
0.749,-0.15049630979747916
0.75,-0.13407276592216408
0.751,-0.12257590957330784
0.752,-0.11058181436583861
0.753,-0.0951891809529445
0.754,-0.1166928372081137
0.755,-0.0961228694791674
0.756,-0.11073237170241867
0.757,-0.09983240095448312
0.758,-0.08440841765489086
0.759,-0.046163949259824144
0.76,-0.03407546708144537
0.761,-0.01745980440516072
0.762,0.0021454133702729027
0.763,-0.02098352365723364
0.764,-0.011664832176726113
0.765,-0.016821100432938507
0.766,0.005967527451114655
0.767,0.041053495610393155
0.768,0.04030932725875514
0.769,0.06497395750597032
0.77,0.05062620490506408
0.771,0.02686147349591736
0.772,0.02116489946470224
0.773,0.015701478687054144
0.774,0.014278510863524564
0.775,0.005021560517041531
0.776,0.017270707572126048
0.777,0.018335072857611018
0.778,0.005489162740144743
0.779,-0.01232034995168901
0.78,-0.040270250973344905
0.781,-0.06983357073318268
0.782,-0.06420819638349406
0.783,-0.05996524335885785
0.784,-0.05426929906238287
0.785,-0.0483999306760492
0.786,-0.0572771075703295
0.787,-0.0754170561076526
0.788,-0.09705557543000871
0.789,-0.12090643746499415
0.79,-0.10551719156721562
0.791,-0.09532253901061245
0.792,-0.07594952232824433
0.793,-0.06962333796843971
0.794,-0.05774315334543743
0.795,-0.04049909469496617
0.796,-0.05254418014170691
0.797,-0.048562646319252174
0.798,-0.04571626412932133
0.799,-0.02658820161699925
0.8,0.00703712854482015
0.801,0.02292792332907119
0.802,0.04659767344422294
0.803,0.05009221798848667
0.804,0.048790228771551356
0.805,0.04577893360469079
0.806,0.05088679130094681
0.807,0.05592044951171487
0.808,0.08674350091823828
0.809,0.08938895864006229
0.81,0.10644507989482073
0.811,0.10416281429247998
0.812,0.10631805903763408
0.8130000000000001,0.07922141776220017
0.8140000000000001,0.07013552721796568
0.8150000000000001,0.04423963402632347
0.8160000000000001,0.059389630453796874
0.8170000000000001,0.07021272257188355
0.8180000000000001,0.0667817734901153
0.8190000000000001,0.06705351421159779
0.8200000000000001,0.03713232889837215
0.8210000000000001,0.027140639202127805
0.8220000000000001,0.010990589023097831
0.8230000000000001,-0.022907501097133614
0.8240000000000001,-0.025851287139105974
0.8250000000000001,-0.005483112168397962
0.8260000000000001,0.002829998223356613
0.8270000000000001,-0.011573086083791395
0.8280000000000001,-0.01869430610753196
0.8290000000000001,-0.032233333992662025
0.8300000000000001,-0.054409526569105394
0.8310000000000001,-0.057301794861551875
0.8320000000000001,-0.05165688288093689
0.833,-0.0327908941639032
0.834,-0.005959734217867067
0.835,0.013560947804205302
0.836,0.03183577440167417
0.837,0.012306820060032846
0.838,0.023527173995096032
0.839,0.015374955767675278
0.84,0.027474541313912106
0.841,0.05402493382632249
0.842,0.06654793912355185
0.843,0.10053732355402911
0.844,0.11160046333952732
0.845,0.11497801596261806
0.846,0.10670225799239491
0.847,0.1160655213180325
0.848,0.09270470569350672
0.849,0.102424441192556
0.85,0.11627385630083523
0.851,0.12950268636696013
0.852,0.13239375941749673
0.853,0.1370502491239313
0.854,0.1197732989148877
0.855,0.08299622159620357
0.856,0.06427530644326665
0.857,0.06686824583277891
0.858,0.06032136337910035
0.859,0.07245589963235892
0.86,0.06694337149072814
0.861,0.04142114715412169
0.862,0.04219562593112477
0.863,0.018378005975601904
0.864,-0.020611317421710115
0.865,-0.0290382409908539
0.866,-0.022582351770551207
0.867,-0.01420456404852181
0.868,-0.004927707633669509
0.869,0.004535157564189238
0.87,-0.021496903874595602
0.871,-0.04044249327928036
0.872,-0.056034795200425605
0.873,-0.05242684814320484
0.874,-0.036108631585074207
0.875,-0.0025198018191272768
0.876,0.0012161220638739368
0.877,0.021419278644349227
0.878,0.02419331288114039
0.879,0.029951518525202094
0.88,0.03558792141709596
0.881,0.014586234419933506
0.882,0.02716879540443399
0.883,0.05952294345328207
0.884,0.0795306477649324
0.885,0.10471486053189344
0.886,0.10012301952187819
0.887,0.08668603339831024
0.888,0.08188554353949802
0.889,0.07616487255871154
0.89,0.07247507577428226
0.891,0.0771596100664636
0.892,0.0918880044531447
0.893,0.09883842838164951
0.894,0.0959140387662035
0.895,0.07384075715703232
0.896,0.04355491157392194
0.897,0.022087584904502564
0.898,0.013789920032641213
0.899,-0.007337420054797571
0.9,0.0027650498165458517
0.901,-0.0017271642686573455
0.902,-0.004476162707469933
0.903,-0.011289814420433817
0.904,-0.04318617233426237
0.905,-0.06834177430517589
0.906,-0.09535253865176155
0.907,-0.08396132342398019
0.908,-0.07841801828249517
0.909,-0.056387084293075776
0.91,-0.06778062322124874
0.911,-0.0652657414704398
0.912,-0.07457351975148648
0.913,-0.07649048805735295
0.914,-0.09537879040672291
0.915,-0.08770228489115721
0.916,-0.06882898353000592
0.917,-0.04933699632973185
0.918,-0.033336458091694623
0.919,-0.01639287291891189
0.92,-0.008021498093379808
0.921,-0.028352321560003314
0.922,-0.023125414797324325
0.923,-0.024996769768370827
0.924,0.003660872291130306
0.925,0.004160561444642325
0.926,0.03109929394857296
0.927,0.04905513263668885
0.928,0.05659526100322962
0.929,0.03304893306460771
0.93,0.0150622619601691
0.931,0.023728609913362113
0.932,-0.0018358689496963483
0.933,-0.00048203906840068315
0.934,0.0275219721699995
0.935,0.02212054951034322
0.936,0.008429744572007689
0.937,0.0008494951260464651
0.9380000000000001,-0.027894770793094034
0.9390000000000001,-0.05569284707281962
0.9400000000000001,-0.07320434931214874
0.9410000000000001,-0.0588326044567587
0.9420000000000001,-0.056730575159620635
0.9430000000000001,-0.060700134039249856
0.9440000000000001,-0.05278700452074897
0.9450000000000001,-0.09094477411715762
0.9460000000000001,-0.11576785118847706
0.9470000000000001,-0.1281465587542882
0.9480000000000001,-0.13202269913346104
0.9490000000000001,-0.1261065149507655
0.9500000000000001,-0.1168580058799526
0.9510000000000001,-0.09779507759225303
0.9520000000000001,-0.10092306330786016
0.9530000000000001,-0.08098632651629958
0.9540000000000001,-0.09952275138396063
0.9550000000000001,-0.09757863697303412
0.9560000000000001,-0.10284168674435444
0.9570000000000001,-0.08976776108756204
0.9580000000000001,-0.0667509027432517
0.9590000000000001,-0.04224865535783179
0.96,-0.020295797246525193
0.961,-0.004935519632954405
0.962,-0.013257659401011965
0.963,-0.01371789340642162
0.964,-0.020749199225441786
0.965,-0.00145762928507093
0.966,-0.0003527568889681539
0.967,0.03910996158917129
0.968,0.04203394588126444
0.969,0.03762980995203211
0.97,0.0430849676339041
0.971,0.022775895598623024
0.972,0.019697442616500152
0.973,0.0008130821545985413
0.974,0.004050712847102364
0.975,0.0010281259802737725
0.976,0.018472307389855974
0.977,0.0019903919645037934
0.978,-0.004940864604250786
0.979,-0.009418318072724552
0.98,-0.03286916083097177
0.981,-0.05280461437832064
0.982,-0.06953739752801108
0.983,-0.059233556798602864
0.984,-0.052013908092046826
0.985,-0.05800618491009718
0.986,-0.044488099061116566
0.987,-0.06407544836641532
0.988,-0.08970121703122927
0.989,-0.09964939145910459
0.99,-0.09863864179122502
0.991,-0.10389073699172065
0.992,-0.07194549082184785
0.993,-0.057841340577893086
0.994,-0.050554422970553216
0.995,-0.04478163604281263
0.996,-0.0340313996484612
0.997,-0.04522631362690698
0.998,-0.04774130127487936
0.999,-0.021268427755938794
1.0,0.209903315487866
1.0010000000000001,0.6497137063081571
1.002,0.8771547947975719
1.0030000000000001,0.9015379557581624
1.004,1.0514210699139224
1.0050000000000001,0.9070611604692245
1.006,0.9876244014003865
1.0070000000000001,1.1400931531251879
1.008,1.5473035570826457
1.0090000000000001,1.6771233026256163
1.01,2.1854842008131756
1.0110000000000001,2.0087732182264704
1.012,2.052921004740029
1.0130000000000001,1.2895816986691835
1.014,1.3551295539311747
1.0150000000000001,0.9957067364316315
1.016,0.9224629666587557
1.0170000000000001,1.0867598008870305
1.018,1.1814521790097892
1.0190000000000001,1.16985328502204
1.02,0.8429830920613898
1.0210000000000001,0.2090469589204466
1.022,-0.14610823317557312
1.0230000000000001,-0.08195416334567973
1.024,-0.17428396799354173
1.025,-0.23103944934735
1.026,-0.13141680182663024
1.027,-0.08247510992448633
1.028,-0.1599187324475987
1.029,-0.6937212165386598
1.03,-0.863139686897656
1.031,-1.1999699714129979
1.032,-0.7707898915608469
1.033,-0.4015857630026616
1.034,-0.1572841827909111
1.035,0.48592013383462623
1.036,0.21625879079559843
1.037,0.152572080758935
1.038,0.31182268641216393
1.039,0.4299029465538091
1.04,0.720300509028253
1.041,0.7989147347899784
1.042,1.5279519562408581
1.043,1.7938589478530582
1.044,2.0085103754619786
1.045,2.1688130278776203
1.046,1.98479393915658
1.047,1.5013729813874481
1.048,1.9477025132195052
1.049,2.106575620402906
1.05,2.0949204429307455
1.051,2.5043978376079323
1.052,2.5945007551731836
1.053,2.387214550689874
1.054,1.8969334819548043
1.055,1.4563090574453594
1.056,1.2349221096076008
1.057,1.2898846356519797
1.058,1.2386449793629468
1.059,1.188056943717047
1.06,1.3358723010197755
1.061,0.562474253895979
1.062,0.7398950610062611
1.063,-0.18613418799635972
1.064,-0.37863511691658225
1.065,-0.677029189947938
1.066,-0.66000658344971
1.067,-0.11886036708914016
1.068,-0.2165726199746164
1.069,-0.10139825880838793
1.07,-0.34967181101745626
1.071,-0.556742930880467
1.072,-0.8446449690369165
1.073,-1.079988304444146
1.074,-0.5255699258680324
1.075,-0.3632311724751095
1.076,-0.11516901109770472
1.077,0.3310181848363041
1.078,0.6944928832971679
1.079,0.5130337635600668
1.08,0.2263843217388453
1.081,0.24623645124713703
1.082,0.4777116940672392
1.083,1.2374981633858912
1.084,1.4223242665728775
1.085,1.7450612419527993
1.086,1.92163186819571
1.087,1.6673315189815383
1.088,1.3488260919816415
1.089,1.1639623110577986
1.09,1.1532605755685184
1.091,1.3035666634266632
1.092,1.636709838409267
1.093,1.669882059381861
1.094,1.6954246558836223
1.095,1.2584976319577772
1.096,0.8179089433744307
1.097,0.05074094640159105
1.098,0.18525777509807045
1.099,0.004011613491265366
1.1,0.1497015164789394
1.101,-0.3862509045421766
1.102,0.2663407270119917
1.103,-0.3694364253477586
1.104,-0.6364680953348334
1.105,-1.4214264750444727
1.106,-1.4864783002554922
1.107,-1.8108643691614514
1.108,-1.6097516125943419
1.109,-1.0085892755256558
1.11,-1.1772358552920408
1.111,-1.1437848100686825
1.112,-1.2388631418157128
1.113,-1.5379903172437608
1.114,-1.7249913600648155
1.115,-1.6064543949823902
1.116,-0.9859135527228984
1.117,-0.9173432758763737
1.118,-0.4803847902825992
1.119,-0.12801172352386836
1.12,-0.10267940469845907
1.121,-0.20047667856024312
1.122,-0.37006228136286473
1.123,-0.5667765828017295
1.124,0.1230088705256826
1.125,0.11007630046676461
1.1260000000000001,0.710108734775075
1.127,0.7613896209006225
1.1280000000000001,0.831417348570913
1.129,0.6610873949204271
1.1300000000000001,0.3737622777887033
1.131,0.19998680343828817
1.1320000000000001,0.3732266356267555
1.133,0.3482747024803522
1.1340000000000001,0.4200514480241313
1.135,0.6492667080180897
1.1360000000000001,0.5040212608407953
1.137,-0.2508975123971671
1.1380000000000001,-0.46229731156684734
1.139,-0.8605658812688636
1.1400000000000001,-1.231827112430873
1.141,-0.9950755911023828
1.1420000000000001,-1.1279298456292164
1.143,-1.034038508106398
1.1440000000000001,-1.1944790524998672
1.145,-1.4758558593276723
1.1460000000000001,-2.0571809093768527
1.147,-2.4704636245851574
1.1480000000000001,-2.1818085347753344
1.149,-2.4682467738442346
1.1500000000000001,-2.2307168670041904
1.151,-2.114507053512262
1.1520000000000001,-1.7143676673169521
1.153,-1.830678864277809
1.154,-1.5388150812748895
1.155,-1.7884032014964697
1.156,-2.0482300818118317
1.157,-1.3807716931959857
1.158,-1.1475078686642062
1.159,-0.8557155413382704
1.16,-0.7932307356905575
1.161,0.10836675894792996
1.162,-0.46101667904692484
1.163,-0.6053017196349824
1.164,-0.24437031159656744
1.165,0.10792172166753067
1.166,0.2747229603513207
1.167,0.5573821462901443
1.168,0.8874807250933427
1.169,1.0405731591631313
1.17,0.8985241205639114
1.171,0.5420137047837764
1.172,0.22866335537197535
1.173,0.055913043281936484
1.174,-0.005288745432881742
1.175,0.2329635490574836
1.176,0.16779203668784476
1.177,0.38824110537079815
1.178,0.006603543531278705
1.179,-0.43441626119629073
1.18,-0.6968680826093296
1.181,-0.8419277603948906
1.182,-1.021549234491723
1.183,-1.3105005981011988
1.184,-1.0708999002602972
1.185,-0.7151858988344406
1.186,-1.122070427016657
1.187,-1.2983200989727033
1.188,-1.5248147126988703
1.189,-1.986672998151811
1.19,-1.8337172349767357
1.191,-1.8214106019869631
1.192,-1.3491698992862144
1.193,-0.8740707950824027
1.194,-0.9804834451043773
1.195,-0.6838042135710164
1.196,-0.8675662645938725
1.197,-0.851884125667885
1.198,-0.7908414972609311
1.199,-0.2840397774858566
1.2,0.018783675397133583
1.201,0.42403527619873593
1.202,0.8419236568426197
1.203,1.0143754828888667
1.204,0.8686981633177375
1.205,0.7510515221938551
1.206,0.6294493154995701
1.207,0.8138153552391217
1.208,1.037749790676818
1.209,1.8709435267835488
1.21,1.648326276854555
1.211,1.72130033653066
1.212,1.4821452712319456
1.213,1.3806281968240763
1.214,0.9118724527030895
1.215,1.0250504635946356
1.216,0.8037315536173381
1.217,1.1003321466083011
1.218,1.0193387860484338
1.219,1.3601200085059761
1.22,0.5360347795560555
1.221,0.3087215879908147
1.222,-0.06316173421172437
1.223,-0.34083620608299764
1.224,-0.4460209677034366
1.225,-0.28774654117625864
1.226,-0.09143985618333181
1.227,-0.07497827098472637
1.228,-0.054059076350812835
1.229,-0.1525365029440942
1.23,-0.8520663301096327
1.231,-1.10216937821727
1.232,-0.7970060156686437
1.233,-0.07372087843208197
1.234,-0.1789490510041153
1.235,0.5081179197232868
1.236,0.6481442350642088
1.237,0.2677805423760401
1.238,0.3230197625719853
1.239,0.4566914355328531
1.24,0.3301315765025399
1.241,0.7362952701823928
1.242,1.1583577375530087
1.243,1.5083031448755797
1.244,1.7808044529295612
1.245,1.6812709187940056
1.246,1.7077206074796152
1.247,1.4276296468514342
1.248,1.5590277361429616
1.249,1.4593530456708173
1.25,2.030099320352412
1.2510000000000001,2.3634388483010995
1.252,2.019478388427898
1.2530000000000001,2.210099041086545
1.254,1.980028060694323
1.2550000000000001,1.2050592028187428
1.256,1.334367136697088
1.2570000000000001,1.0386799998500749
1.258,0.9317736938687231
1.2590000000000001,1.1352728424830363
1.26,1.2239589977057725
1.2610000000000001,0.9414110242386118
1.262,0.6083938801146168
1.2630000000000001,-0.08441117164730078
1.264,-0.3024488505390984
1.2650000000000001,-0.7088926337010737
1.266,-0.45649909490641344
1.2670000000000001,-0.3912229921368239
1.268,-0.21067409938642234
1.2690000000000001,0.08402638233920298
1.27,-0.12395723133554468
1.2710000000000001,-0.4819085901566904
1.272,-0.967869597722646
1.2730000000000001,-0.8885301107707704
1.274,-0.45486691224089393
1.2750000000000001,-0.2403922044295917
1.276,0.4810155403100334
1.2770000000000001,0.4546114282685003
1.278,0.4828485845810382
1.2790000000000001,0.3072186231155123
1.28,0.24981910054743664
1.281,0.20994589882251796
1.282,0.549982461556631
1.283,0.9719057092896304
1.284,1.135573344030689
1.285,1.357146096869429
1.286,1.3579400304270564
1.287,1.566465513932982
1.288,1.0761093083130442
1.289,0.7224704954400865
1.29,1.075316239530422
1.291,1.5401798630449197
1.292,1.3907540906050462
1.293,1.6618343701907063
1.294,1.484310844917646
1.295,1.1572316721165559
1.296,0.8624924659290171
1.297,0.244248525670878
1.298,0.0453779587751893
1.299,-0.02120013979408185
1.3,-0.10021356804649675
1.301,0.21846542503755956
1.302,-0.03070492398320418
1.303,-0.39936617550732323
1.304,-0.641061649656034
1.305,-1.3021622546601392
1.306,-1.4613539236826414
1.307,-1.5290695871229163
1.308,-1.218484122275714
1.309,-1.0828496898350537
1.31,-1.006878612384076
1.311,-0.9073432879684392
1.312,-1.0165163968636144
1.313,-1.3892490427855329
1.314,-1.6141418048794003
1.315,-1.736092034947966
1.316,-1.3964015452051628
1.317,-0.8585434916107183
1.318,-0.5212518847907662
1.319,-0.24908540807534343
1.32,-0.21208479841127104
1.321,-0.26782611621813607
1.322,-0.4614426784761152
1.323,-0.32272029124457585
1.324,-0.126781612540889
1.325,-0.04113039861233875
1.326,0.4866145691103573
1.327,0.8076851573681443
1.328,0.6088781438022796
1.329,0.6483152550871454
1.33,0.5018162493814418
1.331,0.2691135713333891
1.332,0.054531673794594886
1.333,0.4677182934227466
1.334,0.4538546645729333
1.335,0.4422685918885182
1.336,0.2370475572764287
1.337,-0.09176141424376656
1.338,-0.5716255922219972
1.339,-0.8827191481806975
1.34,-1.0863321753826274
1.341,-1.1049813451196449
1.342,-0.925219628584646
1.343,-0.7419443635295683
1.344,-0.8774951456489726
1.345,-1.5378847112936844
1.346,-2.1004806384909167
1.347,-1.929097764216472
1.348,-2.433618902823856
1.349,-2.1781798082969046
1.35,-2.0593957101568687
1.351,-1.865254667762806
1.352,-1.3452912095896725
1.353,-1.3336866780382626
1.354,-1.6969467251209096
1.355,-2.1663025871418404
1.356,-1.8792430551792756
1.357,-1.528455892884221
1.358,-1.4028619033374161
1.359,-0.6843535450789494
1.36,-0.34460595864061977
1.361,-0.09154928961274747
1.362,-0.196594838661018
1.363,-0.4843499063511941
1.364,-0.2148609463763588
1.365,-0.2934667116439982
1.366,0.038264687349995066
1.367,0.2972795061265673
1.368,0.6879494029057692
1.369,0.7303895703067673
1.37,0.7064443533564875
1.371,0.7042548612474988
1.372,-0.04235438189196153
1.373,-0.22093642546699224
1.374,0.2921650921135178
1.375,0.21749038143175287
1.3760000000000001,0.3072985113655683
1.377,0.5586179087070272
1.3780000000000001,0.07863954789936002
1.379,0.035381518797409195
1.3800000000000001,-0.5756537446658888
1.381,-1.0613156117156468
1.3820000000000001,-0.7575181939174931
1.383,-1.0729564479983953
1.3840000000000001,-0.7050201403393334
1.385,-0.6937178234876512
1.3860000000000001,-0.6522391397457189
1.387,-0.8960407815451802
1.3880000000000001,-1.4635776165890149
1.389,-1.8136418736525681
1.3900000000000001,-1.640724299473034
1.391,-1.5870143134849681
1.3920000000000001,-0.827683940388094
1.393,-0.7816748905181816
1.3940000000000001,-0.6883754946687285
1.395,-0.6284392319614557
1.3960000000000001,-0.9891808236130178
1.397,-1.0208753879365506
1.3980000000000001,-0.6039016954434349
1.399,-0.5667500644304443
1.4000000000000001,-0.15703664740226672
1.401,0.5485195355497005
1.4020000000000001,0.9610506676475128
1.403,0.9812780434313355
1.4040000000000001,0.9335770066828611
1.405,0.538176859809663
1.4060000000000001,0.4141651489476573
1.407,1.019403895617407
1.408,1.0714959365275114
1.409,1.436150351552717
1.41,1.895722510926177
1.411,1.769418707515978
1.412,1.521002605646507
1.413,1.4385175720642125
1.414,0.7341585355109809
1.415,0.8611274792620242
1.416,0.8088703107311992
1.417,1.0075102754477994
1.418,1.2971235000252321
1.419,1.0531019568514326
1.42,0.7493303257385557
1.421,0.3933975257969951
1.422,-0.22724337726523625
1.423,-0.5284358589632574
1.424,-0.5612068669123844
1.425,-0.5376973317599494
1.426,0.24580383526913352
1.427,-0.17538254310639098
1.428,-0.18359619045740383
1.429,-0.4747965056090763
1.43,-0.6715786442613889
1.431,-0.7263969602583494
1.432,-0.6122470771854657
1.433,-0.5137660442445885
1.434,-0.05957086178586473
1.435,0.31588296387260534
1.436,0.3558967877334204
1.437,0.5725484674262838
1.438,0.2746883604773989
1.439,0.26800576645521335
1.44,0.4134029410601536
1.441,0.8515416895171117
1.442,1.1636940453680662
1.443,1.340112180217583
1.444,1.7968060850024405
1.445,1.612067410632253
1.446,1.4565201896788895
1.447,1.4549028030860849
1.448,1.526688435874858
1.449,1.508785560214257
1.45,1.8383258570246404
1.451,2.306786225886365
1.452,2.172003499486935
1.453,2.3685933317865455
1.454,1.7145746123640762
1.455,0.9680734473016517
1.456,1.0559848494451585
1.457,0.9079993050149234
1.458,1.1227883938453624
1.459,1.1541218118835392
1.46,1.0471382368502198
1.461,0.6923055781383513
1.462,0.4600337450325509
1.463,-0.09301014038291189
1.464,-0.41817442750841555
1.465,-0.3974705508705137
1.466,-0.16581353079210287
1.467,-0.16264266543268735
1.468,-0.23803864515394121
1.469,0.012341907913215669
1.47,-0.05841108802147296
1.471,-0.6149628184216973
1.472,-0.7769419953966911
1.473,-0.7968172515062145
1.474,-0.7200210860160445
1.475,-0.13950841142993436
1.476,0.12836352238880222
1.477,0.45888591294894837
1.478,0.3070392677472108
1.479,0.2590899958098535
1.48,0.29390388756737923
1.481,0.11734519776201327
1.482,0.6284414339933067
1.483,0.680155827893866
1.484,1.1862288319726475
1.485,1.5847696007189112
1.486,1.2996224617741456
1.487,1.098340528345193
1.488,0.880597956367481
1.489,1.100866076613968
1.49,0.8012655812070474
1.491,1.420640407061733
1.492,1.1840595675641972
1.493,1.4497073122621391
1.494,1.6006609419409885
1.495,1.383816375160213
1.496,0.9601279600207824
1.497,0.4123282184308223
1.498,0.1203871481269311
1.499,-2.357725547522116e-05
1.5,0.1167541614249155
1.5010000000000001,0.006409585981764984
1.502,-0.08877635633649206
1.5030000000000001,-0.22996404103934032
1.504,-0.6736315748516485
1.5050000000000001,-1.1466582873444162
1.506,-1.2590452952777718
1.5070000000000001,-1.2711652846832937
1.508,-1.2461192238889558
1.5090000000000001,-0.8042641444215851
1.51,-1.0427160142416845
1.5110000000000001,-0.9265966374409541
1.512,-1.20197951823064
1.5130000000000001,-1.6267468282140736
1.514,-1.508785393036145
1.5150000000000001,-1.4472953817014744
1.516,-0.9102736720960669
1.5170000000000001,-0.6313273248175743
1.518,-0.5104104459742914
1.5190000000000001,0.11549967849670612
1.52,0.005938012062741083
1.5210000000000001,-0.23168812323657623
1.522,-0.4712643385923657
1.5230000000000001,-0.5399459344150811
1.524,-0.20535590084097277
1.5250000000000001,0.39421737936988976
1.526,0.8765441960750409
1.5270000000000001,1.0198565735418863
1.528,0.671124486275278
1.5290000000000001,0.34202240567941494
1.53,0.24505889693690425
1.5310000000000001,-0.22456987125815803
1.532,0.09464775031373862
1.5330000000000001,0.1892725180357764
1.534,0.33891919525666775
1.5350000000000001,0.24292890811091694
1.536,0.40922623942482583
1.537,-0.10786873039831178
1.538,-0.6540428869385445
1.539,-1.2871287644972453
1.54,-1.0450772358964702
1.541,-0.7527421201464095
1.542,-0.637821769757343
1.543,-0.86936528570514
1.544,-0.9758102714081817
1.545,-1.0973067415204072
1.546,-1.7084895962537958
1.547,-1.8563918094034382
1.548,-1.9395868740590902
1.549,-1.782409496318458
1.55,-1.7196271011682245
1.551,-1.4476710730804336
1.552,-1.3844676530092705
1.553,-1.4045088507535826
1.554,-1.4864146860738068
1.555,-1.5757500758640295
1.556,-1.5266231739533185
1.557,-1.5887981351610034
1.558,-0.854198867032375
1.559,-0.6664459029677896
1.56,-0.2767375238752452
1.561,-0.23910139700936955
1.562,-0.5437398508575835
1.563,-0.1875934041959764
1.564,-0.2807353110187269
1.565,-0.3224242692539544
1.566,0.03003988444284396
1.567,0.48251525768614467
1.568,0.48040460824207876
1.569,0.7390070982434042
1.57,0.8042042614679664
1.571,0.21199924093000502
1.572,0.1625823716188991
1.573,-0.22238712623709533
1.574,0.10859360282971635
1.575,0.21985779717288537
1.576,0.15265303463403268
1.577,0.5770175086382076
1.578,0.0724944209997261
1.579,-0.3325888169697878
1.58,-0.6051736375773034
1.581,-0.7591911969990871
1.582,-1.162745428752235
1.583,-0.8888545242536663
1.584,-0.6559895080508629
1.585,-0.5281556745407074
1.586,-0.7059415085280544
1.587,-1.0637497938456766
1.588,-1.4667947806951047
1.589,-1.56031361708223
1.59,-1.7440415890434602
1.591,-1.8005471419237993
1.592,-0.9472372580223717
1.593,-0.5580904348181951
1.594,-0.8903334827763456
1.595,-0.7227867205157091
1.596,-0.6241059558646718
1.597,-0.5125586308582354
1.598,-0.7442306279956649
1.599,-0.558917035689757
1.6,-0.027434466165727745
1.601,0.6557722475449601
1.602,0.6497594751067847
1.603,0.6997675234476421
1.604,0.6419055111423551
1.605,0.42430568122718604
1.606,0.5487379989042086
1.607,0.9301877576637405
1.608,1.0523210377371992
1.609,1.3140119849358765
1.61,1.5274810055413488
1.611,1.3255052460151913
1.612,1.4608635630676248
1.613,0.9820900032166077
1.614,0.6901217613501816
1.615,1.096012832761781
1.616,0.7506329490346844
1.617,0.7718758758583258
1.618,0.9344192956961208
1.619,1.093617389173343
1.62,0.6443261785314247
1.621,-0.010118424375936685
1.622,-0.04753014958652865
1.623,-0.5024578249034266
1.624,-0.11105624602014258
1.625,-0.05763650260698802
1.6260000000000001,-0.0977084412304012
1.627,0.22118331830514845
1.6280000000000001,-0.09658698088316842
1.629,-0.25935612458227564
1.6300000000000001,-0.5990565911967354
1.631,-0.9323318776203261
1.6320000000000001,-0.7994442009585552
1.633,-0.2407084644155094
1.6340000000000001,-0.06309757818511691
1.635,0.2231241165011748
1.6360000000000001,0.2469563704906648
1.637,0.3774578468379836
1.6380000000000001,0.4772764954441132
1.639,-0.0518123005926758
1.6400000000000001,0.2515234044837445
1.641,0.8047314393047054
1.6420000000000001,1.025904833448303
1.643,1.488592095342351
1.6440000000000001,1.44960125370416
1.645,1.633684856516747
1.6460000000000001,1.3568183373676166
1.647,1.3553957676277375
1.6480000000000001,1.3534560814855003
1.649,1.7246957711607944
1.6500000000000001,1.7084144481023689
1.651,1.9311590817928193
1.6520000000000001,1.9997812310191148
1.653,1.7664315078999546
1.6540000000000001,1.53020051230131
1.655,1.048245406420628
1.6560000000000001,0.8411252015926837
1.657,0.935359051577242
1.6580000000000001,0.6804406950011239
1.659,1.1422444025693235
1.6600000000000001,1.2000511393919455
1.661,0.8093246124378823
1.6620000000000001,0.14035999404526817
1.663,-0.07390761674046518
1.6640000000000001,-0.13948105779412495
1.665,-0.47916359837873124
1.666,-0.544916403333469
1.667,-0.2669820541310775
1.668,0.10515806238658004
1.669,0.070224282169291
1.67,-0.22873182975365297
1.671,-0.5334726859197125
1.672,-0.7729099612232858
1.673,-0.8993350765418795
1.674,-0.32872217055777975
1.675,-0.2625687602626533
1.676,0.3411949658979814
1.677,0.6244631745736423
1.678,0.5773522844377039
1.679,0.23383638542907081
1.68,0.20607503103017558
1.681,0.11576119640390314
1.682,0.16654944841706967
1.683,0.7088588128751969
1.684,0.884330762178982
1.685,1.5217362773799494
1.686,1.3332052676986028
1.687,1.2769930842033461
1.688,1.0323491268049116
1.689,0.7514617998639809
1.69,0.851718437385715
1.691,0.8486619145207972
1.692,1.2881252362878313
1.693,1.116943500762151
1.694,1.2953818290213743
1.695,1.2930640643046947
1.696,0.43414035596043987
1.697,0.07809239610182743
1.698,0.009035539821777877
1.699,-0.07956245754728695
1.7,0.052594514891012585
1.701,0.18004502984619536
1.702,0.1639205161400372
1.703,-0.011837480694045444
1.704,-0.5201850305469512
1.705,-1.0345873824922234
1.706,-1.1702536483793384
1.707,-1.0270143787754327
1.708,-1.1688958305837929
1.709,-1.0561083937005453
1.71,-0.5862679136695582
1.711,-0.7957496633915334
1.712,-1.3021926538781567
1.713,-1.1055039954446553
1.714,-1.4687250919707968
1.715,-1.3428247509628275
1.716,-0.9976044926798173
1.717,-0.6188245482362014
1.718,-0.18427294308021575
1.719,-0.17507157788489247
1.72,-0.06101267633016154
1.721,-0.33234846595897083
1.722,-0.31418595397480287
1.723,-0.3040276044538477
1.724,-0.30166882369722864
1.725,0.37182887962866273
1.726,0.4830061473651237
1.727,0.8725453052229686
1.728,0.7580306434928763
1.729,0.7419337977582476
1.73,0.14672262513217016
1.731,-0.05296502187614876
1.732,0.006726378953240759
1.733,0.1363509518534087
1.734,0.5082491140085668
1.735,0.2300086230776024
1.736,0.17696443326950254
1.737,-0.17146028071843802
1.738,-0.3044813321321709
1.739,-0.5526529847294992
1.74,-0.9937598906845998
1.741,-0.9653103981440591
1.742,-0.7826262148960224
1.743,-0.5181734553997209
1.744,-0.9029262193274722
1.745,-0.9983794596074936
1.746,-1.2688900087429573
1.747,-1.6748591485533315
1.748,-1.8685401719940729
1.749,-1.6552174642372388
1.75,-1.9478743167604495
1.7510000000000001,-1.154524605436515
1.752,-1.1936748443015823
1.7530000000000001,-1.4038886421189036
1.754,-1.2327734367360696
1.7550000000000001,-1.2919838217392399
1.756,-1.563350677785563
1.7570000000000001,-1.2178002352918094
1.758,-0.7431318179452675
1.7590000000000001,-0.3506516357946578
1.76,0.03469429941981192
1.7610000000000001,0.030829267332448007
1.762,-0.13763694906020016
1.7630000000000001,-0.5440366795255049
1.764,-0.42538004801173634
1.7650000000000001,-0.41624717501421654
1.766,0.3253922935618075
1.7670000000000001,0.34965521032957714
1.768,0.6973856503242436
1.7690000000000001,0.8606008762810102
1.77,0.6487864790835692
1.7710000000000001,0.6115508886780325
1.772,-0.015459732962197104
1.7730000000000001,-0.025900098344291522
1.774,-0.10247483583548513
1.7750000000000001,0.005769646868474837
1.776,0.2916328774220201
1.7770000000000001,0.396456470733214
1.778,0.13023283473897396
1.7790000000000001,-0.2900591312910659
1.78,-0.8081278133230463
1.7810000000000001,-0.8927007428139926
1.782,-1.1720699590756274
1.7830000000000001,-0.7080983623023938
1.784,-0.6210613026295285
1.7850000000000001,-0.7543979275338057
1.786,-0.6746490201976675
1.7870000000000001,-1.0115163262316047
1.788,-1.1810221089904727
1.7890000000000001,-1.2568967804283073
1.79,-1.7500352319909367
1.7910000000000001,-1.2337844001780232
1.792,-0.9309015923449213
1.793,-0.4948278365900498
1.794,-0.41552630651140554
1.795,-0.6073794862793059
1.796,-0.7013784171142572
1.797,-0.8917705517715228
1.798,-0.5528188079222904
1.799,-0.42978096294988055
1.8,0.28517860286290236
1.801,0.4237195088633695
1.802,0.607329474899391
1.803,0.5439191168697279
1.804,0.3806406478592078
1.805,0.253324310174864
1.806,0.48254737155539557
1.807,0.6653275930265127
1.808,0.6616843244217274
1.809,1.3758117619227943
1.81,1.3854710721421297
1.811,1.4679929978985797
1.812,1.457829166324969
1.813,1.0197095082580092
1.814,0.5742218709203318
1.815,0.3884461093644161
1.816,0.29754207836311203
1.817,0.7020528662784751
1.818,0.9038350231991499
1.819,0.7229863045304527
1.82,0.5703222597193294
1.821,0.19281259965999378
1.822,-0.23082797731169674
1.823,-0.4994486828343624
1.824,-0.3555014425978991
1.825,-0.13245075223854802
1.826,-0.1651997689043734
1.827,0.27589798916620345
1.828,-0.08206385313458656
1.829,-0.3428200985873181
1.83,-0.5239813792724917
1.831,-0.7311448700470269
1.832,-0.5251897064404889
1.833,-0.3239918523980149
1.834,-0.08518309945734673
1.835,0.34710401072224617
1.836,0.2159733022525996
1.837,0.3143413698648316
1.838,0.1329230016786612
1.839,0.03235005057121071
1.84,0.16881796310279015
1.841,0.2358612913699788
1.842,0.8662441098187251
1.843,1.3316014941788785
1.844,1.517216723328841
1.845,1.2883097380210293
1.846,1.4381856336445558
1.847,0.93336816009125
1.848,1.17092766677041
1.849,1.2471210027723343
1.85,1.3702321541008986
1.851,1.9955200346227153
1.852,1.6420383526552829
1.853,1.813469774113715
1.854,1.4934999149345274
1.855,0.8656181081379616
1.856,0.9096960850387672
1.857,0.5978697889903455
1.858,0.7861394636616146
1.859,0.9362210050827944
1.86,0.9231406112134638
1.861,0.9043956282297406
1.862,0.5480290120973289
1.863,-0.2606698346432721
1.864,-0.1410342946925821
1.865,-0.7160371670860413
1.866,-0.22088588242961146
1.867,0.00540769217262696
1.868,-0.15044831286043886
1.869,-0.034895537158549664
1.87,-0.31801754807559834
1.871,-0.46992754785948776
1.872,-0.7217209933521578
1.873,-0.6095981814487132
1.874,-0.3461989713737764
1.875,0.015517675696673977
1.8760000000000001,0.08525849003511721
1.877,0.3651627323508945
1.8780000000000001,0.16372747504100582
1.879,0.15405614630461043
1.8800000000000001,0.25402156518564145
1.881,0.31297565269341127
1.8820000000000001,0.05606396068356809
1.883,0.49904208816434487
1.8840000000000001,0.9745785674545298
1.885,1.2939515827562633
1.8860000000000001,1.1823962229148797
1.887,1.2057904374521613
1.8880000000000001,0.8105701232444807
1.889,0.6784806788808803
1.8900000000000001,0.7367779758288477
1.891,0.8149830163639191
1.8920000000000001,0.9912950584931367
1.893,1.2090340896893477
1.8940000000000001,1.1790933561980663
1.895,0.8737228333282193
1.8960000000000001,0.4850067976480643
1.897,0.3731157371672129
1.8980000000000001,-0.015426766193531824
1.899,-0.16674429177903258
1.9000000000000001,0.10454316067655402
1.901,0.07250064153640325
1.9020000000000001,0.27613207214594804
1.903,-0.07654974575805532
1.9040000000000001,-0.5376302762067726
1.905,-0.8586050589417292
1.9060000000000001,-1.423196986546154
1.907,-1.3882981689610647
1.9080000000000001,-1.2282140284734364
1.909,-0.7835583715325181
1.9100000000000001,-0.3846571000388361
1.911,-0.33454797024405797
1.9120000000000001,-0.7736653949981116
1.913,-1.0542042091430857
1.9140000000000001,-1.560900605526787
1.915,-1.3203534627588798
1.9160000000000001,-1.084233639335553
1.917,-0.6694520432308145
1.9180000000000001,-0.2561100392184274
1.919,-0.1327274502850821
1.92,-0.39936905801510736
1.921,-0.15807847121293797
1.922,-0.574803778278307
1.923,-0.3607195719541938
1.924,0.13905684387916284
1.925,0.05114140655145599
1.926,0.156300181871659
1.927,0.6749267881807964
1.928,0.8305177516977347
1.929,0.7203637878969744
1.93,-0.04371632539896919
1.931,0.03660058962239783
1.932,-0.09321392141066648
1.933,0.1391660631528235
1.934,0.7662996827205713
1.935,0.2382516044982929
1.936,0.3756389534609393
1.937,0.0739511770109263
1.938,-0.2556319070120281
1.939,-0.7519799462649722
1.94,-0.8750091160002532
1.941,-0.9276207909545576
1.942,-0.6678219264385313
1.943,-0.6458988471478412
1.944,-0.5605092767586664
1.945,-0.9687913541901333
1.946,-1.2287042096530696
1.947,-1.6172055746898124
1.948,-1.5855385283168495
1.949,-1.667336657457237
1.95,-1.661566578414821
1.951,-0.9213165729858049
1.952,-1.0891767662350011
1.953,-1.090562541529679
1.954,-1.2694212000184413
1.955,-1.171684304020773
1.956,-1.7536648354096411
1.957,-0.7927177924526174
1.958,-0.7422987971756014
1.959,-0.4439264841117665
1.96,-0.16322459287515373
1.961,0.0044451488678807355
1.962,-0.04259630104842771
1.963,-0.1920672883404722
1.964,-0.30260440387859877
1.965,-0.2849507535790973
1.966,-0.048164140170831295
1.967,0.32702872353632756
1.968,0.617201711438756
1.969,0.91130949522638
1.97,0.6925358870828305
1.971,-0.12253682276472333
1.972,0.13957642589645897
1.973,-0.0586280851425511
1.974,-0.02081441220882426
1.975,0.12610368853242981
1.976,0.5415872905466652
1.977,0.5438743807708977
1.978,0.08950481106159346
1.979,-0.10264843697825585
1.98,-0.7084735597157052
1.981,-1.040803001564554
1.982,-0.9824506146664171
1.983,-0.6239803230743031
1.984,-0.41184196528601047
1.985,-0.371615592118494
1.986,-0.42527344663481614
1.987,-0.7217315156951608
1.988,-1.2221880641794598
1.989,-1.2888745853445012
1.99,-1.2451289971052901
1.991,-1.0371805460667833
1.992,-0.6327770770408845
1.993,-0.40047183799612407
1.994,-0.3148119657689885
1.995,-0.2646215872001869
1.996,-0.6000786476354754
1.997,-0.8604770759336008
1.998,-0.7087028356939044
1.999,-0.5295671381617321
2.0,-0.10127674124622597
2.001,0.39600999991672103
2.0020000000000002,0.5648103084372694
2.003,0.6807435651293765
2.004,0.3098787519633874
2.005,0.4538451274239756
2.0060000000000002,0.36316101428019765
2.007,0.378263621119504
2.008,0.9027452740584626
2.009,1.2823798288321737
2.0100000000000002,1.1142578427128687
2.011,1.2284049770532806
2.012,0.9989200669078316
2.013,0.6459491146213245
2.0140000000000002,0.646002876652869
2.015,0.4071622671865071
2.016,0.5032684741215546
2.017,0.4417382617787859
2.0180000000000002,0.9739316044449334
2.019,0.6396726444153538
2.02,0.5652278126527069
2.021,0.20086901298800808
2.0220000000000002,-0.0035738975720579214
2.023,-0.5980108380814055
2.024,-0.8235458975202763
2.025,-0.1522516304016248
2.0260000000000002,0.29465013578081256
2.027,0.2819750355109761
2.028,-9.498618539508646e-05
2.029,-0.38172944368005823
2.0300000000000002,-0.4715464702470041
2.031,-0.8766433650916611
2.032,-0.5652620563471323
2.033,-0.2657759192664835
2.0340000000000003,0.18341603766762982
2.035,0.7151584127085184
2.036,0.4439583319250178
2.037,0.20736163021978454
2.0380000000000003,0.10693504648106276
2.039,-0.2422853329509132
2.04,0.029789675210537284
2.041,0.389100901500757
2.0420000000000003,0.7891392370453443
2.043,1.2472740277228325
2.044,1.265165662335685
2.045,1.495721360143921
2.0460000000000003,1.1247954492889147
2.047,0.931383888019038
2.048,0.8407448665587659
2.049,1.0676818261659622
2.05,1.4513116617020452
2.051,1.460653812798878
2.052,1.5870572804477516
2.053,1.4999132522429033
2.054,1.018460133811629
2.055,0.7290012488845812
2.056,0.5253099233260894
2.057,0.6739316795313646
2.058,0.7020630934395133
2.059,0.8591719119867767
2.06,1.0173579951612413
2.061,0.7221200586267251
2.062,0.4607628141997888
2.063,-0.02803918284274013
2.064,-0.29928340471257586
2.065,-0.5458702739054679
2.066,-0.7241693209099189
2.067,-0.15870514843075578
2.068,0.257492414806492
2.069,0.20050633993737707
2.07,0.02950195409873474
2.071,-0.2153889459238112
2.072,-0.6272629914155142
2.073,-0.6657997120136436
2.074,-0.6098013331306026
2.075,-0.22279999515522156
2.076,0.2718686523358663
2.077,0.5773822566225174
2.078,0.3850450963644029
2.079,0.1860153981079452
2.08,0.07659826702517955
2.081,0.11670632882432826
2.082,-0.030456066228178813
2.083,0.1780709974466021
2.084,0.8211765341664201
2.085,0.9858858978542988
2.086,1.1379815209979443
2.087,1.0253339863768187
2.088,0.7157463786381983
2.089,0.7993041077389949
2.09,0.6053292342596902
2.091,0.7632886463072415
2.092,1.0589870639213228
2.093,0.9701705443272348
2.094,1.2721384693411715
2.095,0.8518065082453169
2.096,0.5697788316264565
2.097,-0.0694764832735521
2.098,-0.3611435860823147
2.099,-0.014146086565426472
2.1,0.056461428914541666
2.101,0.0016587229507014356
2.102,-0.001827971071404505
2.103,0.07870984218926297
2.104,-0.6455453120266489
2.105,-0.6136377606305925
2.106,-1.2470376650402202
2.107,-1.03963350689725
2.108,-1.0080469673724028
2.109,-0.619577888835157
2.11,-0.6286138998981484
2.111,-0.5955327655698313
2.112,-0.7664907256377433
2.113,-1.1862016294499547
2.114,-1.0912302288343365
2.115,-1.2342345166139899
2.116,-0.9267606910573039
2.117,-0.6611663551094804
2.118,-0.5611272024727016
2.119,-0.047285348494175344
2.12,0.2915439903343898
2.121,-0.1316260639595985
2.122,-0.40672393097882975
2.123,-0.4362880378611831
2.124,-0.17836972968625361
2.125,0.253126562539964
2.126,0.3337864630829579
2.1270000000000002,0.8546552849707221
2.128,0.7386919262192813
2.129,0.498512874274136
2.13,0.1707225009807685
2.1310000000000002,-0.06874552114134133
2.132,0.04760091809945753
2.133,0.21960829791728165
2.134,0.29970336813545084
2.1350000000000002,0.36973226689582167
2.136,0.3551739254460531
2.137,0.24980154566272997
2.138,-0.5785530634430903
2.1390000000000002,-0.9482894778132324
2.14,-0.8450392087863207
2.141,-0.7968940737461389
2.142,-0.6053300482585116
2.1430000000000002,-0.4691211134456631
2.144,-0.587622534150032
2.145,-0.5805794975294442
2.146,-1.407866137022417
2.1470000000000002,-1.6129405688838658
2.148,-1.6409665825427853
2.149,-1.774228781210671
2.15,-1.2891798552786207
2.1510000000000002,-0.7296389450750085
2.152,-0.8214739280802462
2.153,-0.8341142096993417
2.154,-1.252027208056958
2.1550000000000002,-1.3615585288300087
2.156,-1.3905861239936237
2.157,-1.222950197479939
2.158,-0.6322135039676062
2.1590000000000003,-0.3299889035733158
2.16,-0.2707578933764396
2.161,0.03668312343607168
2.162,-0.020526452503161846
2.1630000000000003,-0.10435226739026043
2.164,-0.14657871249418852
2.165,-0.4584586232337792
2.166,-0.15676343430841905
2.1670000000000003,0.13726919480928557
2.168,0.5819576400578842
2.169,0.7780498421987918
2.17,0.7165457765461019
2.1710000000000003,0.27204667951591827
2.172,-0.04003530227782513
2.173,-0.09470579583013505
2.174,-0.1676231448444016
2.1750000000000003,0.48026604928361266
2.176,0.12238571191208283
2.177,0.42921528777934
2.178,0.5187571418869561
2.179,-0.14233677742512593
2.18,-0.5600546010346512
2.181,-0.8455155897297223
2.182,-0.8630946206525365
2.183,-0.4851887443751008
2.184,-0.8154548185769879
2.185,-0.13967347321910073
2.186,-0.6623686988024228
2.187,-0.7490934716785888
2.188,-1.0972153460076295
2.189,-1.1710041849442432
2.19,-1.5111960303455318
2.191,-0.9898684897245271
2.192,-0.42081354017757816
2.193,-0.6308336080543921
2.194,-0.266707448030582
2.195,-0.46160957227112737
2.196,-0.4802617326994618
2.197,-0.6853563235352792
2.198,-0.753341436905944
2.199,-0.33094625939867467
2.2,0.2706522164680163
2.201,0.3753612902427309
2.202,0.7645667919248786
2.203,0.49309918528352875
2.204,0.39870725785301203
2.205,0.4301935109497482
2.206,0.5136646684869857
2.207,0.4743695655087635
2.208,0.6709360873649812
2.209,1.051324652091007
2.21,1.0750500743569578
2.211,1.3401476460066881
2.212,1.1546152033633188
2.213,0.6302216302461059
2.214,0.36699800022816226
2.215,0.3984025629800346
2.216,0.40743165580428437
2.217,0.6712232519365546
2.218,1.1421048953763626
2.219,0.7473357901948092
2.22,0.47192792373505676
2.221,0.04220455973077955
2.222,-0.10561083397740256
2.223,-0.42863567821657317
2.224,-0.4588132699048353
2.225,0.03547954058930436
2.226,0.2612327434979027
2.227,0.034911195498278966
2.228,-0.2791934805084739
2.229,-0.12277759456447815
2.23,-0.6612886383425625
2.231,-0.5798815210854478
2.232,-0.9037791525145187
2.233,-0.18466603158589506
2.234,-0.14127376533499375
2.235,0.4183621573357353
2.236,0.3850324447867426
2.237,0.1276297222892956
2.238,0.02516180044109803
2.239,0.0893855731441872
2.24,0.10092734866677526
2.241,0.4769471424235603
2.242,1.0911074050259961
2.243,0.9054048808819033
2.244,1.536365363168462
2.245,1.2392595349576336
2.246,0.8781404852471579
2.247,0.6151366285115338
2.248,0.7388831468305176
2.249,1.0572053249772417
2.25,1.1820817611692092
2.251,1.6920765520075989
2.2520000000000002,1.345665642257589
2.253,1.4259173054587428
2.254,0.921121790544156
2.255,0.8029926002545464
2.2560000000000002,0.6355977566466764
2.257,0.39586795432637073
2.258,0.1995181923121303
2.259,0.7993159765758707
2.2600000000000002,0.9067677145287074
2.261,0.7671326041703819
2.262,0.5632993560713626
2.263,-0.18603179126043903
2.2640000000000002,-0.2392291462422716
2.265,-0.27215444396153776
2.266,-0.6093716524696982
2.267,-0.0679630725776616
2.2680000000000002,-0.0036021952053940237
2.269,0.080876881400994
2.27,-0.02980915569647801
2.271,-0.44052167556596933
2.2720000000000002,-0.7102899551584445
2.273,-0.6620883451468699
2.274,-0.65708408069816
2.275,-0.321572359643691
2.2760000000000002,0.2903843133095057
2.277,0.22470993230565395
2.278,0.4966061290124625
2.279,0.3035754139172055
2.2800000000000002,-0.2120077535962566
2.281,-0.11502439537338285
2.282,0.3153873315389652
2.283,0.31613464992420137
2.2840000000000003,0.7664305361939545
2.285,1.1632595236984138
2.286,1.250606748708132
2.287,0.9240999714354916
2.2880000000000003,0.6055123208670345
2.289,0.7050164268586725
2.29,0.7280098601112005
2.291,0.778360799598265
2.2920000000000003,0.8960257848902673
2.293,0.9433149449834708
2.294,0.9228685393862663
2.295,0.8817807364875336
2.2960000000000003,0.48254473376675744
2.297,0.2635237350415326
2.298,-0.05631377571522583
2.299,-0.37532783669849507
2.3000000000000003,0.15779214265837127
2.301,0.00028058843232778297
2.302,0.09677576727446144
2.303,-0.014671072508232547
2.3040000000000003,-0.11855895832862645
2.305,-0.3340814814922186
2.306,-0.9525113775367959
2.307,-1.0869642963080992
2.308,-0.7968072126852821
2.309,-0.49099895758522216
2.31,-0.5068413181666386
2.311,-0.21304118822897666
2.312,-0.650579982240683
2.313,-0.8766483229834031
2.314,-1.0224884145397315
2.315,-1.0200893533874191
2.316,-0.700037781588547
2.317,-0.5464109688112281
2.318,-0.21156047620536858
2.319,-0.14449053106163554
2.32,0.024645454629727698
2.321,-0.11352142368363101
2.322,-0.326068586645194
2.323,-0.14590477796581003
2.324,-0.19134151358685123
2.325,0.2550915564939237
2.326,0.3245912008891561
2.327,0.6020070513712122
2.328,0.7049608033709551
2.329,0.48573303461417494
2.33,0.028494611632661933
2.331,-0.11299668691837758
2.332,-0.3080738438562696
2.333,0.055364700527664935
2.334,0.4711306581427487
2.335,0.5348827917076532
2.336,0.41709227919662467
2.337,0.03726680268838986
2.338,-0.36827109244488626
2.339,-0.792357479138662
2.34,-0.7183630963874141
2.341,-0.6831583683910447
2.342,-0.48798296562263205
2.343,-0.5043548905280226
2.344,-0.7870192353892833
2.345,-0.5405957098983716
2.346,-1.1332027190484677
2.347,-1.5057466899358796
2.348,-1.404761733396764
2.349,-1.4672249852295134
2.35,-0.9836397672387479
2.351,-0.76710047492843
2.352,-0.6056098608706245
2.353,-0.9616135144639204
2.354,-0.7752820199334846
2.355,-1.1315195591915337
2.356,-1.3001129666774967
2.357,-1.0740801229659593
2.358,-1.0219039975675388
2.359,-0.29464337728572176
2.36,-0.21234228970763638
2.361,-0.1687230208512194
2.362,-0.30053575912787567
2.363,-0.09627867993893569
2.364,-0.47598153731387155
2.365,-0.08319907676987592
2.366,-0.13049947747342727
2.367,0.04825452430234184
2.368,0.4230002413724714
2.369,0.8634743736113325
2.37,0.5133401863541773
2.371,0.16945260617960606
2.372,0.001859183552644944
2.373,-0.06901330396628874
2.374,0.10323110279115325
2.375,0.3682336532142931
2.376,0.3010319606612499
2.3770000000000002,0.2023787917398884
2.378,0.16204551655282168
2.379,-0.08590166561393656
2.38,-0.6479030985267119
2.3810000000000002,-0.897503077738659
2.382,-0.7370477244713413
2.383,-0.6421118725415108
2.384,-0.4143902007202547
2.3850000000000002,-0.4120803162585005
2.386,-0.4061863619431767
2.387,-0.7662385504897512
2.388,-0.8150249502638668
2.3890000000000002,-1.018605027572539
2.39,-1.4636104842146582
2.391,-1.1161633151453079
2.392,-0.870531500650133
2.3930000000000002,-0.4511484461197552
2.394,-0.24219976354454403
2.395,-0.5229063948883973
2.396,-0.6354123738147446
2.3970000000000002,-0.8026581077042455
2.398,-0.6014851376256375
2.399,-0.38132498112401797
2.4,-0.1082606330006994
2.4010000000000002,0.41813191364531693
2.402,0.5501069616741725
2.403,0.6102862035490965
2.404,0.7463667861948892
2.4050000000000002,0.5038326470615004
2.406,0.031022473128118178
2.407,0.47328198571552027
2.408,0.7618211644288915
2.4090000000000003,0.7974725342350888
2.41,1.3014765334021166
2.411,1.3956995819195723
2.412,0.7706147961728386
2.4130000000000003,0.4799702538049252
2.414,0.5140772300618753
2.415,0.3289253599512751
2.416,0.4923169331052878
2.4170000000000003,0.6768785750163852
2.418,0.8391769766183829
2.419,0.5481650785506709
2.42,0.655125701594212
2.4210000000000003,0.29674395839765055
2.422,-0.2603047690932887
2.423,-0.4077603010191416
2.424,-0.5827382944146807
2.4250000000000003,-0.07009337004769607
2.426,0.15556259783469611
2.427,0.14174307992648247
2.428,0.1986951863304264
2.4290000000000003,-0.2931799455228796
2.43,-0.4431200775321555
2.431,-0.822347089380363
2.432,-0.586051839881
2.433,-0.3238605832528616
2.434,0.08869142083673989
2.435,0.2601392845929905
2.436,0.36117592439035595
2.437,0.3828779094457656
2.438,-0.001514717243325553
2.439,-0.2877004183962324
2.44,0.3031858402026856
2.441,0.5411199534467104
2.442,0.5346481822971011
2.443,1.1671474068159828
2.444,1.1326082815779035
2.445,1.169061771526802
2.446,0.9559251906995938
2.447,0.6726654887299888
2.448,0.5386828297451859
2.449,0.7018689445673282
2.45,0.949474703874896
2.451,1.22723572643309
2.452,1.4424835115866217
2.453,1.2138297263389424
2.454,1.1105259537454089
2.455,0.8779364494487423
2.456,0.33034051600262937
2.457,0.41907559484047263
2.458,0.5994764251265774
2.459,0.7853869553564506
2.46,0.808796037707587
2.461,0.7851017656894502
2.462,0.42831705584262597
2.463,-0.2226211452822521
2.464,-0.2128550924481055
2.465,-0.31121770905180474
2.466,-0.44281326808153143
2.467,-0.08972340701264098
2.468,0.19980943455600964
2.469,0.09023886676876743
2.47,0.10915972883853939
2.471,0.01733896043199895
2.472,-0.6982135527714324
2.473,-0.848864277134953
2.474,-0.42747166048754826
2.475,-0.03536204693389301
2.476,0.16196958916182083
2.477,0.6152257488853581
2.478,0.18745087700679172
2.479,0.3206095141527354
2.48,-0.07084956070459697
2.481,0.20840039019216594
2.482,0.3900409611942945
2.483,0.29475487639263104
2.484,0.6924309795314538
2.485,1.1549874266058604
2.486,1.0016422985684403
2.487,0.877501492065679
2.488,0.6187832321888629
2.489,0.1224799775319923
2.49,0.38443968043773946
2.491,0.4496367320060784
2.492,0.7346757658675499
2.493,1.211933190198411
2.494,0.7966733245244988
2.495,0.8713045007043843
2.496,0.33322192290901814
2.497,-0.023080328910779775
2.498,-0.05867168449255186
2.499,-0.11065378961863342
2.5,0.08559194958287816
2.501,0.3070012841823318
2.5020000000000002,0.1279747341970831
2.503,-0.1097394099888872
2.504,-0.5361415398850486
2.505,-0.870570671000955
2.5060000000000002,-0.5392424270516059
2.507,-0.8040989271028328
2.508,-1.005654631272648
2.509,-0.7447825297001113
2.5100000000000002,-0.3066042729987708
2.511,-0.31989180888520174
2.512,-0.523550357648699
2.513,-0.9130367330307484
2.5140000000000002,-1.0688291645271772
2.515,-0.967255186568884
2.516,-0.7527401107250073
2.517,-0.7340646904710465
2.5180000000000002,-0.11798256183950519
2.519,-0.07174150045111435
2.52,0.011304333458432427
2.521,0.2345779706504044
2.5220000000000002,-0.3313779228079115
2.523,-0.4443109871246963
2.524,-0.060160520766580294
2.525,0.2124541974750644
2.5260000000000002,0.5309455160330528
2.527,0.7262753594194802
2.528,0.8812837714057993
2.529,0.15940206901089865
2.5300000000000002,0.11435258152674717
2.531,-0.26887374401128716
2.532,-0.021554870376319507
2.533,-0.04871530572241223
2.5340000000000003,0.2611817952187411
2.535,0.3978504212964165
2.536,0.49026231851503604
2.537,0.1787456730923822
2.5380000000000003,-0.5350543955917411
2.539,-0.6535343591154338
2.54,-0.8874897005415493
2.541,-0.8823977709748966
2.5420000000000003,-0.5314109751211614
2.543,-0.399095823696076
2.544,-0.018462396374260392
2.545,-0.5507449116762778
2.5460000000000003,-1.1717871540700846
2.547,-1.3594008904093497
2.548,-1.2499862558443748
2.549,-0.9871848036717068
2.5500000000000003,-1.2717920792549022
2.551,-1.0337760733979047
2.552,-0.32212163162096275
2.553,-0.5969369752911888
2.5540000000000003,-0.9914691172842599
2.555,-1.0014793267984692
2.556,-1.5590234511976697
2.557,-1.0229624169897413
2.5580000000000003,-0.6438695721274255
2.559,-0.16509051563656685
2.56,-0.16830556587952406
2.561,0.07822044641216486
2.562,-0.19011388775135854
2.563,-0.21384197342956726
2.564,-0.5140229653657449
2.565,-0.38086489430692816
2.566,-0.21306910700871465
2.567,0.382531529062018
2.568,0.6951944476092085
2.569,0.615770344355092
2.57,0.5137585486584346
2.571,0.005684162069947513
2.572,-0.09431742195154576
2.573,-0.17607120177713093
2.574,0.30880938120985785
2.575,-0.030201911338206877
2.576,0.5668986957563199
2.577,0.5506172742116451
2.578,0.27416773164933056
2.579,0.15551011372363216
2.58,-0.42199844005664267
2.581,-0.6612013902183925
2.582,-0.7536766489626896
2.583,-0.40033453495976795
2.584,-0.19659879710530184
2.585,-0.3275680410011062
2.586,-0.4997061486510621
2.587,-0.5843136242785979
2.588,-0.9923062542377624
2.589,-1.106152751015101
2.59,-0.9243408300467922
2.591,-0.9707211188288452
2.592,-0.5815292437768887
2.593,-0.27914831798016204
2.594,-0.043171310387179945
2.595,-0.591050621774582
2.596,-0.5456007616053187
2.597,-0.5876494182909836
2.598,-0.4303558208672278
2.599,-0.4542915891411187
2.6,-0.2814829059063211
2.601,0.47335630485632063
2.602,0.5146414140940001
2.603,0.4399599619603465
2.604,0.3593292906272126
2.605,0.2238988653796664
2.606,0.07635425804415734
2.607,-0.04734696957128476
2.608,0.7042905417463279
2.609,1.08700095283598
2.61,1.2004258649244899
2.611,0.9179338749859346
2.612,0.8334281271610747
2.613,0.5438328072765657
2.614,0.38241047442318044
2.615,0.32482418185038797
2.616,0.24215328804096858
2.617,0.588004104235176
2.618,0.8070227164074245
2.619,0.9318006614108003
2.62,0.5786844567641697
2.621,0.22334940825957375
2.622,-0.22115491353980063
2.623,-0.1894768906577272
2.624,-0.28406579844319524
2.625,-0.26238383234870877
2.626,0.29967881613756475
2.6270000000000002,0.27937076737154753
2.628,-0.00994370061168838
2.629,-0.2870904795261886
2.63,-0.45547084519130143
2.6310000000000002,-0.5736089270752331
2.632,-0.5296305338465322
2.633,-0.23214692316437485
2.634,0.32300283605115226
2.6350000000000002,0.48247149773689657
2.636,0.4076872995907919
2.637,0.38953576082069685
2.638,-0.11098173782869841
2.6390000000000002,-0.01702165631869581
2.64,0.27206450044252306
2.641,0.2510820265617468
2.642,0.5414841263122369
2.6430000000000002,0.896793668473266
2.644,0.9670387528600726
2.645,0.9267086498122502
2.646,0.7646761027718405
2.6470000000000002,0.4003033816203678
2.648,0.5581502859400047
2.649,0.838085659063339
2.65,0.8473075216068853
2.6510000000000002,1.4772982814779525
2.652,1.4289396041786069
2.653,1.379382218279459
2.654,0.8183691327001591
2.6550000000000002,0.6983370736026727
2.656,0.17645165969599289
2.657,0.4480997116372013
2.658,0.4909181451899801
2.6590000000000003,0.7479103598220046
2.66,0.5813826498309353
2.661,0.509770223360432
2.662,0.42570067023556507
2.6630000000000003,-0.18971832550532866
2.664,-0.27552731924498153
2.665,-0.6433021892841861
2.666,-0.18818837750316392
2.6670000000000003,-0.2617463404064032
2.668,0.20303416745223524
2.669,0.24129618607442554
2.67,-0.12900050362170268
2.6710000000000003,-0.22261593108302602
2.672,-0.515354584818167
2.673,-0.6994572344166649
2.674,-0.6053688292408466
2.6750000000000003,-0.4243252701085045
2.676,0.25639544002614856
2.677,0.16270408861501165
2.678,0.39492690166209055
2.6790000000000003,0.16130626155013647
2.68,0.09762084895103247
2.681,-0.12749277014026913
2.682,0.000931751003542966
2.6830000000000003,0.47107439335508783
2.684,0.7697231124371091
2.685,1.0120331393707576
2.686,1.0636993857607349
2.6870000000000003,0.5838365044670524
2.688,0.6559579920348495
2.689,0.42880132963476514
2.69,0.16102907764469868
2.691,0.44551182392679345
2.692,0.7352618158546974
2.693,0.912629512965105
2.694,0.9788697934646613
2.695,0.9150952246880164
2.696,0.4968682745054347
2.697,-0.20907581580215165
2.698,-0.1050414669574163
2.699,0.027005330298739916
2.7,0.05802127810329882
2.701,0.3360831648588787
2.702,0.5005938483603981
2.703,0.16668592528481505
2.704,-0.2956711035658513
2.705,-0.5413063620382115
2.706,-0.9038519946292238
2.707,-0.9250676094359092
2.708,-0.7887570678979023
2.709,-0.24156571149186165
2.71,-0.4293908876252617
2.711,-0.09943049821955965
2.712,-0.45923325695097406
2.713,-1.0154543681821364
2.714,-0.9293841427155907
2.715,-1.2709163085285087
2.716,-0.6172770660213536
2.717,-0.22074218517199318
2.718,-0.1322793641506069
2.719,0.10656621671429836
2.72,0.3019455866767973
2.721,-0.2735540012053091
2.722,-0.5378855681785253
2.723,-0.17521560740702444
2.724,0.08878320662240458
2.725,0.12727774903463876
2.726,0.601178551076009
2.727,0.8140072598835948
2.728,0.4362498738512072
2.729,0.2296984206790707
2.73,0.20144360286606589
2.731,0.09780796755905291
2.732,-0.0426081886877282
2.733,-0.06082868352672349
2.734,0.6093715638771983
2.735,0.3565975701854299
2.736,0.2953359725659624
2.737,0.10244132952037457
2.738,-0.09595009369986063
2.739,-0.5051441829082635
2.74,-0.6806979010417662
2.741,-0.5764598605570452
2.742,-0.4353921735033364
2.743,-0.20338752184607545
2.744,-0.6881162642878307
2.745,-0.5792153954126298
2.746,-0.8418714070199538
2.747,-1.3553642183884513
2.748,-1.249703632364692
2.749,-1.2334249150048546
2.75,-0.6721851497303561
2.751,-0.41823511725522744
2.7520000000000002,-0.5772865154564084
2.753,-0.5863075792820034
2.754,-0.7855901143007987
2.755,-1.06886181488409
2.7560000000000002,-1.0610613262239406
2.757,-1.071954495337064
2.758,-0.806149699686862
2.759,-0.16308255392070553
2.7600000000000002,0.11595391077996138
2.761,-0.027058248244811248
2.762,0.10189765284036131
2.763,-0.3369036683615578
2.7640000000000002,-0.3400532703182418
2.765,-0.20238146672650056
2.766,-0.08101510015440423
2.767,0.33543050122704016
2.7680000000000002,0.46719906880469975
2.769,0.5969368779897962
2.77,0.4511732336348179
2.771,0.08499663421630974
2.7720000000000002,-0.10051387220558591
2.773,-0.4227844241659786
2.774,-0.1760168349966693
2.775,0.08086326240089628
2.7760000000000002,0.30185514447332024
2.777,0.3646851481721921
2.778,0.23005265633645014
2.779,-0.02129143159566313
2.7800000000000002,-0.3235407259563094
2.781,-0.7859542094301012
2.782,-0.887364498377746
2.783,-0.6940803537621094
2.7840000000000003,-0.3814513753133487
2.785,-0.22806158744797447
2.786,-0.3541543260375382
2.787,-0.6815639862079395
2.7880000000000003,-0.8717209019329328
2.789,-0.9994947657706837
2.79,-0.9512777966581745
2.791,-0.9182286708318592
2.7920000000000003,-0.5728604743978453
2.793,-0.3673243906839804
2.794,-0.12154189750177949
2.795,-0.3347345172279227
2.7960000000000003,-0.33013685683236194
2.797,-0.8576133765841709
2.798,-0.6442178724525379
2.799,-0.3251874746266031
2.8000000000000003,0.027575177448406023
2.801,0.7742121386204666
2.802,0.6423616816802501
2.803,0.43828189456137745
2.8040000000000003,0.400325424695709
2.805,-0.06117412644056014
2.806,0.1016867710311056
2.807,0.09941271604704645
2.8080000000000003,0.643355728756711
2.809,0.7464328676763662
2.81,1.0164491288007458
2.811,0.924102597261351
2.8120000000000003,1.056304892544016
2.813,0.43076629459975063
2.814,0.5051888560035599
2.815,0.28912291853803496
2.816,0.3727275842923922
2.817,0.5856955791434115
2.818,0.7593686528143189
2.819,0.3937756374336437
2.82,0.40853732372036095
2.821,0.2170025815689553
2.822,-0.24815085075916657
2.823,-0.6116496093579504
2.824,-0.34656664577830465
2.825,0.13507280224299845
2.826,0.29377842254709974
2.827,0.1867510932823783
2.828,0.22318199224267438
2.829,-0.24489597085950135
2.83,-0.7303347640546095
2.831,-0.7579495552939468
2.832,-0.30371319328347146
2.833,-0.3028731339872853
2.834,0.043367668446397396
2.835,0.28234868144333497
2.836,0.6630793509532951
2.837,0.48261308720441154
2.838,0.3585238721832168
2.839,-0.1277097771976003
2.84,0.008746603068677437
2.841,0.010948473567084227
2.842,0.8360072856976152
2.843,0.756930068910788
2.844,1.092811090864249
2.845,0.8028116385306341
2.846,0.6490941515038092
2.847,0.39806194662748995
2.848,0.3737442464213071
2.849,0.5289434280947138
2.85,0.8076409946320652
2.851,1.2815664160691738
2.852,1.0958909539729929
2.853,1.170651289346646
2.854,1.0172406974037043
2.855,0.4165470350052648
2.856,0.1627848318164682
2.857,0.21790993464692895
2.858,0.5883704998260271
2.859,0.6491010321335274
2.86,0.6421349271881165
2.861,0.6897668445497979
2.862,0.15279958015631948
2.863,0.04524212752636601
2.864,-0.2853275612102758
2.865,-0.4789015436788254
2.866,-0.42952468946583133
2.867,-0.193088650397284
2.868,0.22111363502968726
2.869,0.35515754797017807
2.87,-0.0953767978050745
2.871,-0.2164399448352345
2.872,-0.8440444623034429
2.873,-0.6854430166702022
2.874,-0.4415898139276692
2.875,-0.25401931984619386
2.876,0.07012107285924918
2.8770000000000002,0.29742754902075585
2.878,0.4175625092227872
2.879,0.15838407264185028
2.88,-0.361954822297477
2.8810000000000002,-0.4298607377679555
2.882,-0.07761156101594507
2.883,0.3860987372252216
2.884,0.25721056036128054
2.8850000000000002,0.8340574628469852
2.886,0.8542884675684277
2.887,0.9589569224312161
2.888,0.41905378364908774
2.8890000000000002,0.32787386192035917
2.89,0.26868164893743596
2.891,0.09832079893494866
2.892,0.7953248799383994
2.8930000000000002,0.9084848365891096
2.894,0.9540357603467108
2.895,1.245048987758369
2.896,-0.014626199879621937
2.8970000000000002,0.21829701830421766
2.898,-0.2605833283770114
2.899,-0.13889282806789172
2.9,-0.006826836795262599
2.9010000000000002,0.11844849449910858
2.902,0.13235438696614818
2.903,0.09063597906384682
2.904,-0.5241770806903324
2.9050000000000002,-0.5414267142408176
2.906,-0.9373240521642752
2.907,-1.041929813448132
2.908,-0.7429693137265665
2.9090000000000003,-0.22386257878297253
2.91,-0.32154547552504353
2.911,-0.20973966945603
2.912,-0.5790065671500267
2.9130000000000003,-0.6292238163804564
2.914,-0.8224570842092629
2.915,-0.6238559191794146
2.916,-0.6881054066924579
2.9170000000000003,-0.2101197648752146
2.918,0.007556057799962003
2.919,0.3114280773330511
2.92,-0.07746834322443162
2.9210000000000003,-0.07189913154743248
2.922,-0.40151231392341646
2.923,-0.4072594576329888
2.924,-0.19833341684064001
2.9250000000000003,0.1525001319480011
2.926,0.41531035928686194
2.927,0.6246684843447735
2.928,0.7615566573418742
2.9290000000000003,0.4262964242358852
2.93,0.12321163601095586
2.931,-0.24592101187306037
2.932,-0.2804763274670007
2.9330000000000003,0.19820196827846848
2.934,0.4314320938935555
2.935,0.6518317739551046
2.936,0.256562997082028
2.9370000000000003,0.02580911062814517
2.938,-0.5576939079337623
2.939,-0.6662927081783867
2.94,-0.5589452263549483
2.9410000000000003,-0.6727948477208744
2.942,-0.29432682718068426
2.943,-0.2562225634446051
2.944,-0.1933079018294451
2.945,-0.6336181773294951
2.946,-0.7864997139218747
2.947,-1.5481621756162491
2.948,-1.2492369208942176
2.949,-1.3589253282731462
2.95,-0.6655821125852615
2.951,-0.44926543868651414
2.952,-0.3511381264089708
2.953,-0.2525599494690429
2.954,-0.8383614164871782
2.955,-0.6661139908931593
2.956,-0.8841199380131726
2.957,-0.9346489026584746
2.958,-0.4151043203774151
2.959,-0.3796871168812114
2.96,-0.0679989780488027
2.961,0.027836746741583998
2.962,-0.09465583837193318
2.963,-0.3916180907261826
2.964,-0.19303374151092254
2.965,-0.36949417508141824
2.966,-0.03420563225238922
2.967,0.16570376348468274
2.968,0.2518808040456576
2.969,0.6446957709852417
2.97,0.17171463978281742
2.971,0.16317201800524578
2.972,-0.3015327986768338
2.973,0.08773748045797752
2.974,0.018042625050004896
2.975,0.12769607513783285
2.976,0.5235132930948052
2.977,0.27380068019446313
2.978,0.3273947540895753
2.979,-0.04959539908752505
2.98,-0.3942171735109309
2.981,-0.469508765414423
2.982,-0.5618809830125493
2.983,-0.4527555981743283
2.984,-0.5089207085887366
2.985,-0.26639886827311066
2.986,-0.19990796671468405
2.987,-0.41276983980504117
2.988,-0.9104016432443716
2.989,-0.6016952724570952
2.99,-0.7502553733771344
2.991,-0.6832112956031223
2.992,-0.44201929219184277
2.993,-0.2062841328059285
2.994,-0.21110552865611298
2.995,-0.15373067740640106
2.996,-0.3426162373686993
2.997,-0.7492065476838816
2.998,-0.5219649362736909
2.999,-0.38445593837483516
3.0,-0.2861711336818192
3.001,0.2320220248549324
3.0020000000000002,0.5097051529632531
3.003,0.8453325436418253
3.004,0.46344014940843
3.005,-0.03696681695803261
3.0060000000000002,0.13846409271416255
3.007,-0.061215579444484136
3.008,0.6108276998465442
3.009,0.6976563508276342
3.0100000000000002,0.9577258998963044
3.011,1.1557358540893896
3.012,0.5407156643739058
3.013,0.20979393210703298
3.0140000000000002,0.08640668217366143
3.015,0.2706628185354907
3.016,0.025589182348598943
3.017,0.0645557922345294
3.0180000000000002,0.5981223329725942
3.019,0.7380893893785163
3.02,0.6099248040710247
3.021,0.00739745418478821
3.0220000000000002,-0.30894317781329306
3.023,-0.22762801034952135
3.024,-0.6129924057649927
3.025,-0.16734995595745572
3.0260000000000002,0.1512074587831768
3.027,0.28276763755371054
3.028,0.025665989395560973
3.029,-0.1619096826589788
3.0300000000000002,-0.8251983750271823
3.031,-0.6964754642034467
3.032,-0.451048160613027
3.033,-0.39367355948798755
3.0340000000000003,0.09945973150447314
3.035,0.3994082473991003
3.036,0.3245987938637158
3.037,0.2555843485317171
3.0380000000000003,-0.13516204979264257
3.039,-0.15940403979991574
3.04,0.02312086683595628
3.041,0.22096180257502512
3.0420000000000003,0.47747954221324596
3.043,0.9091680750973619
3.044,1.1039766346467776
3.045,0.5902289411763635
3.0460000000000003,0.8363392830684271
3.047,0.39405147780406136
3.048,0.4465155909888367
3.049,0.7053102954888744
3.0500000000000003,0.5994468558167274
3.051,0.9661456488595052
3.052,1.1362689365428755
3.053,0.9410825534438848
3.0540000000000003,1.020140493983184
3.055,0.29567135568305153
3.056,0.12401097490876568
3.057,0.2269801432008721
3.0580000000000003,0.18247189956267246
3.059,0.5199713874540451
3.06,0.7369470818223997
3.061,0.5429656064730135
3.0620000000000003,0.2878726993346807
3.063,-0.14495365720465314
3.064,-0.575246348768282
3.065,-0.3795135587074018
3.0660000000000003,-0.029930448350748762
3.067,-0.04214189110055897
3.068,0.19341246770504114
3.069,0.2958549166694601
3.0700000000000003,-0.167827020601815
3.071,-0.007451391965370202
3.072,-0.479440283530394
3.073,-0.3340782749979483
3.074,-0.5313637517306516
3.075,0.16633044202073433
3.076,0.332886704172367
3.077,0.48070429797895603
3.078,0.40260142563461954
3.079,0.13622870208162333
3.08,0.13398072253762464
3.081,-0.11745756842282953
3.082,-0.31505852208933244
3.083,0.11019243421419703
3.084,0.5961016240892885
3.085,0.9052144304702009
3.086,0.8703714820957803
3.087,0.8761254017470459
3.088,0.12475491214201356
3.089,0.2317870431064745
3.09,-0.08495788367107188
3.091,0.4737556536522584
3.092,0.6106718972433749
3.093,0.8878771171560101
3.094,0.7020705338827586
3.095,0.8079696977265725
3.096,0.42112105868986005
3.097,0.021639834491386747
3.098,-0.25418906250866047
3.099,-0.1037520347668633
3.1,-0.10603388519823204
3.101,0.31914702309871945
3.102,0.4825121793802398
3.103,0.22720924609477278
3.104,-0.373045263550695
3.105,-0.559937434873416
3.106,-1.022999662583373
3.107,-0.7356785522239889
3.108,-0.5530640414143816
3.109,-0.6353210670322107
3.11,-0.3563532742804212
3.111,-0.24646020102246752
3.112,-0.45581360776752056
3.113,-0.86764887432405
3.114,-0.8133263643973961
3.115,-0.8138727018211745
3.116,-0.6462733346522606
3.117,-0.38478014490777396
3.118,0.182972166068306
3.119,0.3916106491840836
3.12,-0.02269244709972243
3.121,-0.26276917832541324
3.122,-0.2925264176687782
3.123,-0.45148594354942384
3.124,-0.23887954710331494
3.125,0.21470031604657153
3.126,0.13121750617682
3.1270000000000002,0.7718166090276575
3.128,0.5151256097305769
3.129,0.19502503541372634
3.13,-0.042239229034812295
3.1310000000000002,-0.2037165452936949
3.132,-0.4249122853942176
3.133,0.2644561490516944
3.134,0.29601072846164733
3.1350000000000002,0.49257496660066413
3.136,0.4912981773686605
3.137,-0.08465301454983085
3.138,-0.22509421154125156
3.1390000000000002,-0.6242066274372827
3.14,-0.5502010797822949
3.141,-0.882876664161822
3.142,-0.3586451953217618
3.1430000000000002,-0.26426734016752707
3.144,-0.11666482248521097
3.145,-0.324669625511365
3.146,-0.8341341730589563
3.1470000000000002,-1.1310169948244073
3.148,-1.1595794398604422
3.149,-1.1688631474630133
3.15,-0.6396303906026135
3.1510000000000002,-0.541350040866202
3.152,-0.7791204333927366
3.153,-0.46185889133202057
3.154,-0.7807992627618312
3.1550000000000002,-1.1069522415118729
3.156,-1.1495118653012824
3.157,-0.8293267879462367
3.158,-0.3399049262140379
3.1590000000000003,-0.12808710521706734
3.16,-0.00439384072776372
3.161,0.21061684381407042
3.162,-0.06870319422555585
3.1630000000000003,-0.32915149718821984
3.164,-0.5482645225860834
3.165,-0.5981753017548121
3.166,-0.1556210141647052
3.1670000000000003,0.2605206663705661
3.168,0.49265949450979507
3.169,0.5216869136154967
3.17,0.2954279652827645
3.1710000000000003,0.24342566053283532
3.172,-0.3140221618283041
3.173,-0.11192183038977337
3.174,-0.2837594824688013
3.1750000000000003,-0.011674596798188622
3.176,0.10821658276505092
3.177,0.32539145321324364
3.178,0.39810143292593336
3.1790000000000003,0.010119860513124246
3.18,-0.26814748482595696
3.181,-0.5565894719364658
3.182,-0.8055187218098282
3.1830000000000003,-0.5079421748502337
3.184,-0.33457178867229453
3.185,0.1250434405960532
3.186,-0.30930548879664965
3.1870000000000003,-0.23809529222524753
3.188,-0.5504374718865976
3.189,-0.6317619323747106
3.19,-0.9823276335344648
3.1910000000000003,-0.6114076681052136
3.192,-0.058018678014708946
3.193,-0.21835829102250043
3.194,-0.25468170597618994
3.1950000000000003,-0.40924480025287574
3.196,-0.2428596223506525
3.197,-0.8211735462981599
3.198,-0.6114874823047162
3.1990000000000003,-0.2872578190725309
3.2,0.027776330524464845
3.201,0.4165925303058992
3.202,0.5886705575175576
3.203,0.7298404361268634
3.204,0.20572283090827148
3.205,0.02388675934536487
3.206,-0.0939697942306047
3.207,0.24700803670535115
3.208,0.5313442516853772
3.209,0.7812310204850398
3.21,1.0930211070435334
3.211,0.7235446251463923
3.212,0.9280571195416705
3.213,0.5939272416333896
3.214,0.23329440351129171
3.215,0.33503907894891133
3.216,-0.037463223859245304
3.217,0.3736077184642782
3.218,0.5242811309853523
3.219,0.73857823421003
3.22,0.2538294774806813
3.221,0.17840981175084042
3.222,-0.04745140924664337
3.223,-0.2962897104413382
3.224,-0.2843812823973503
3.225,-0.2468732829316374
3.226,0.0100024305709836
3.227,0.4203210088161217
3.228,0.238649335804381
3.229,-0.15225858088999167
3.23,-0.49400110913777456
3.231,-0.8821178690494633
3.232,-0.6624452339063759
3.233,0.054358366902644895
3.234,-0.0917411492134298
3.235,0.3653714540031164
3.236,0.5257607021021179
3.237,0.03390025522010853
3.238,0.02206168519392795
3.239,-0.009947238059233116
3.24,-0.09622843723724933
3.241,0.5905517445716546
3.242,0.27082517195026906
3.243,0.9831660344294396
3.244,0.9133990517808289
3.245,0.9504528553539489
3.246,0.6608602989669317
3.247,0.26288786076755993
3.248,0.3426336713044891
3.249,0.1709515486726924
3.25,0.8190603233411378
3.251,1.0412751270224248
3.2520000000000002,1.2010910447140026
3.253,1.145949495292567
3.254,0.7474997505254711
3.255,0.38365977151734154
3.2560000000000002,0.018060650473862128
3.257,0.038666815461402076
3.258,0.4968136877726272
3.259,0.7579818549704596
3.2600000000000002,0.624216188383715
3.261,0.5778159632789642
3.262,0.15147349554995707
3.263,0.10258528598994299
3.2640000000000002,-0.24958175818014783
3.265,-0.13206588622557358
3.266,-0.41535798698887283
3.267,-0.08786392869182977
3.2680000000000002,0.21128898610509236
3.269,0.30804460560195224
3.27,0.010448410638862413
3.271,-0.37353212059405355
3.2720000000000002,-0.3583951906239653
3.273,-0.45359091700415294
3.274,-0.5448048758180349
3.275,0.10706085948891747
3.2760000000000002,0.3975870059420926
3.277,0.41803192604484496
3.278,0.3737950132180513
3.279,0.24487600532903647
3.2800000000000002,-0.19334164930885592
3.281,-0.15821650680414
3.282,-0.3730919007613714
3.283,0.37333901279986226
3.2840000000000003,0.34871306904602184
3.285,1.0387120578454416
3.286,0.7801494492420982
3.287,0.6095681149554323
3.2880000000000003,0.26952464945721616
3.289,0.1125929264536547
3.29,0.34645097644711476
3.291,-0.06594984223332329
3.2920000000000003,0.7663904462833907
3.293,0.8292755100017731
3.294,0.6088482825147001
3.295,0.41850225929996443
3.2960000000000003,0.4863455135622734
3.297,-0.23077701993853864
3.298,-0.4234134640548173
3.299,-0.028040335258709637
3.3000000000000003,0.05078293144291108
3.301,0.058023823880342607
3.302,0.2832019359825825
3.303,-0.06425513732975571
3.3040000000000003,-0.06862554742760613
3.305,-0.4188743498303332
3.306,-0.7077258115827411
3.307,-0.7212477183687344
3.3080000000000003,-0.3068796335181221
3.309,-0.30278938708024355
3.31,-0.3058370739016546
3.311,-0.0827138533581522
3.3120000000000003,-0.04468310384137003
3.313,-0.7871507662373928
3.314,-0.87738419037418
3.315,-0.744288975537082
3.3160000000000003,-0.584828695254852
3.317,-0.38346235674138807
3.318,0.22364169363691205
3.319,0.515059728688815
3.3200000000000003,0.09689248718619153
3.321,-0.2950577120517036
3.322,-0.5930320004303653
3.323,-0.35922114146349443
3.3240000000000003,-0.05770308868605714
3.325,0.16515416439005523
3.326,0.4035757662326011
3.327,0.4690403293084183
3.3280000000000003,0.3217453849167897
3.329,0.36229962125924725
3.33,0.08858340362471548
3.331,-0.4484813184526557
3.332,0.056828298979530734
3.333,0.11303270663953563
3.334,0.49050980266291255
3.335,0.2204563605842464
3.336,0.14496394677036042
3.337,0.053667961811950854
3.338,-0.20653093791417848
3.339,-0.2934679100222798
3.34,-0.543061167119579
3.341,-0.5648807571744202
3.342,-0.4555549503516263
3.343,0.05933868118325106
3.344,-0.27154686803647443
3.345,-0.09092591287627413
3.346,-0.7061413643910053
3.347,-0.7174685642388392
3.348,-0.9703609680478423
3.349,-0.9825404281548009
3.35,-0.770949719857171
3.351,-0.4648017733065331
3.352,-0.20818714010053663
3.353,-0.3261311671587343
3.354,-0.64984029008185
3.355,-0.8274246750008274
3.356,-0.8977751014961454
3.357,-1.1167049257163029
3.358,-0.4286304577827098
3.359,-0.2870253744819019
3.36,-0.05845553053301422
3.361,-0.08996325572205627
3.362,-0.25492610874547206
3.363,-0.42088332880236146
3.364,-0.4802090896493648
3.365,-0.04669648426607015
3.366,-0.18510900345137216
3.367,0.2504058449926518
3.368,0.551102629939636
3.369,0.5855497804360974
3.37,0.40643378666439733
3.371,-0.04635881906637332
3.372,0.08293905512769362
3.373,0.02649165229250222
3.374,-0.3991857906514751
3.375,-0.062043167045609665
3.376,0.2810844887152129
3.3770000000000002,0.25578872687631593
3.378,0.33306663654540264
3.379,-0.1652971264907795
3.38,-0.07304247319050555
3.3810000000000002,-0.4332996049117628
3.382,-0.5793204822915194
3.383,-0.27012696506546263
3.384,-0.01261703552537563
3.3850000000000002,-0.11583923590486665
3.386,-0.2054266228159773
3.387,-0.3110010633167125
3.388,-0.5040203864826781
3.3890000000000002,-0.8335513702189054
3.39,-1.1059933055932831
3.391,-0.7886665333202816
3.392,-0.36380560513828586
3.3930000000000002,-0.09295942770417556
3.394,0.3111708637896363
3.395,-0.30065862112132025
3.396,-0.24541417780199842
3.3970000000000002,-0.29339948118556425
3.398,-0.20003598139312823
3.399,-0.40599314508335693
3.4,0.07371441790795866
3.4010000000000002,0.4307261062416985
3.402,0.5697929003327283
3.403,0.5013149213853608
3.404,0.3855665614851891
3.4050000000000002,-0.2887117640651604
3.406,0.08476191774253784
3.407,0.09761113722178874
3.408,0.31573538746908064
3.4090000000000003,0.9710115252897733
3.41,0.7633378879396997
3.411,0.7885614420256
3.412,0.9262014622763575
3.4130000000000003,0.1918432276976174
3.414,-0.005708804438245604
3.415,0.003064335538190067
3.416,0.2987202760559333
3.4170000000000003,0.44987205277131825
3.418,0.4124342657044038
3.419,0.5279355111237285
3.42,0.3034763042520624
3.4210000000000003,0.04226640972351352
3.422,-0.1944057315573927
3.423,-0.3377099129101605
3.424,-0.5882901779821355
3.4250000000000003,0.07029067869340928
3.426,0.18793257462938232
3.427,0.45638661207144343
3.428,0.20612058870058408
3.4290000000000003,0.03749594427381922
3.43,-0.3426619271264899
3.431,-0.35867617320610234
3.432,-0.40786490915847123
3.4330000000000003,-0.23439671805682538
3.434,0.4499829698008454
3.435,0.4744420640494093
3.436,0.4594959402346671
3.4370000000000003,0.023566378102894497
3.438,-0.2123665198810211
3.439,-0.12683474329285682
3.44,-0.10314138662424807
3.4410000000000003,0.034581199407926116
3.442,0.5021381997478227
3.443,1.016342247059203
3.444,0.9916324289209466
3.4450000000000003,0.6064587600650506
3.446,0.5165773053277375
3.447,0.18730426325556335
3.448,0.18280218320163816
3.4490000000000003,0.31874851287270445
3.45,0.587593454169009
3.451,0.7395039591547363
3.452,1.0189512949363246
3.4530000000000003,0.8385226908538244
3.454,0.1918238263373075
3.455,0.6126219286025754
3.456,0.26185014390013883
3.457,0.043069302088649966
3.458,0.2818217997996591
3.459,0.33349265888131163
3.46,0.8876922781987839
3.461,0.835621328889674
3.462,0.2973549593265799
3.463,0.0731667873857906
3.464,-0.32429427433790103
3.465,-0.6196818947665648
3.466,-0.33673198544796423
3.467,0.0010583670498504234
3.468,0.12372625335833043
3.469,0.19557790174598585
3.47,0.04738986642485581
3.471,-0.2364052490065624
3.472,-0.4654097941003632
3.473,-0.70538325320966
3.474,-0.5022077038631858
3.475,-0.2797832728493539
3.476,0.3736553035917441
3.477,0.08216633310832877
3.478,0.5297884093394806
3.479,0.35909636517625565
3.48,-0.12568873452556362
3.481,-0.5750976159952965
3.482,-0.13178989126702093
3.483,0.1997596159971982
3.484,0.3942114937921546
3.485,0.6947321975392275
3.486,1.0146857166013028
3.487,0.6940404175776962
3.488,0.1763782666075283
3.489,-0.13310960134924704
3.49,0.0356961759271959
3.491,0.22762898293385642
3.492,0.6040381100049524
3.493,0.6563229305099041
3.494,0.828848193338432
3.495,0.8372711080519788
3.496,0.3300884877341258
3.497,-0.1170290702133924
3.498,-0.29204363165885056
3.499,-0.25929293581491974
3.5,0.17709613686763992
3.501,0.11176294166967972
3.5020000000000002,0.27162347751171745
3.503,0.11808975604447201
3.504,-0.28200143720276083
3.505,-0.7513123067789482
3.5060000000000002,-0.7015282841893672
3.507,-0.7429885583269001
3.508,-0.451144830870368
3.509,-0.3356346703735908
3.5100000000000002,0.10300295382023805
3.511,-0.2329215074870562
3.512,-0.052742242470367906
3.513,-0.8506727626073635
3.5140000000000002,-0.7140570516979026
3.515,-0.6948703036723929
3.516,-0.6595301475390707
3.517,-0.14052185409115203
3.5180000000000002,0.27416169836051907
3.519,-0.14397566295538736
3.52,0.1588376715088753
3.521,-0.5230354724867474
3.5220000000000002,-0.5005432601392319
3.523,-0.15366564366367075
3.524,-0.3153609555920204
3.525,-0.09113676050771825
3.5260000000000002,0.36186336576410116
3.527,0.8525603673782624
3.528,0.19393911634542277
3.529,0.06159944553259089
3.5300000000000002,0.15837205260867898
3.531,0.045256999276291204
3.532,-0.21201555190599214
3.533,-0.17096423985043355
3.5340000000000003,0.586585277281853
3.535,0.6570066313288758
3.536,0.45283044322732835
3.537,-0.03906794833380774
3.5380000000000003,-0.27648471929870727
3.539,-0.5678492028868396
3.54,-0.5737893592694171
3.541,-0.27887493451221523
3.5420000000000003,-0.13151963059813362
3.543,-0.24271776367046802
3.544,0.12909473194714174
3.545,-0.23395417470605398
3.5460000000000003,-0.5020557923780047
3.547,-0.6744236125084221
3.548,-1.1748942357850223
3.549,-0.9018766922215442
3.5500000000000003,-0.7068069458519577
3.551,-0.5834217117026914
3.552,-0.15651264304214374
3.553,0.10049529862947532
3.5540000000000003,-0.7786452410530743
3.555,-0.7534205384551808
3.556,-0.7643147764606335
3.557,-0.7351903023595022
3.5580000000000003,-0.4764616213992205
3.559,-0.3032825203693176
3.56,0.17476400467543401
3.561,0.06854140019598746
3.5620000000000003,-0.3016651062061019
3.563,-0.031685881768032165
3.564,-0.22896324734147552
3.565,-0.33581287041405067
3.5660000000000003,-0.08009497768622438
3.567,0.37306542677829224
3.568,0.5100930178695638
3.569,0.6850318783759061
3.5700000000000003,0.3560192940534166
3.571,0.3123115314214328
3.572,-0.10309342294334464
3.573,-0.2301943620746958
3.5740000000000003,-0.34938482923316205
3.575,0.1258913069947906
3.576,0.1935772635857393
3.577,0.3046072055404166
3.5780000000000003,0.1397219382955432
3.579,-0.2058862603948369
3.58,-0.06360347864022631
3.581,-0.39134357027280753
3.5820000000000003,-0.2971268348092811
3.583,-0.5767099670823985
3.584,-0.13248934664922576
3.585,-0.1860977030798938
3.586,-0.14500806953050766
3.587,-0.41571778858350106
3.588,-0.4010776682699386
3.589,-0.8669792505721047
3.59,-0.6626504106381182
3.591,-0.5323709861118231
3.592,0.03586728933882005
3.593,-0.26362067134303324
3.594,0.24011032779931102
3.595,0.11040708769813937
3.596,-0.4414589799659756
3.597,-0.34584922940154483
3.598,-0.4768621250296894
3.599,-0.37264944812290623
3.6,-0.12359032304589168
3.601,0.2305969145892952
3.602,0.8344997934709317
3.603,0.49645635928211707
3.604,0.4117923389852316
3.605,-0.0585555278655973
3.606,-0.17024728298561695
3.607,0.20135498731243756
3.608,0.1039819140157737
3.609,0.5568518400022662
3.61,0.8236086259829603
3.611,0.8193757964412971
3.612,0.5549056279448202
3.613,0.33187925522423894
3.614,0.13898528592244158
3.615,0.09672147547993486
3.616,-0.010024460107473265
3.617,0.345700068062914
3.618,0.759982122777859
3.619,0.7215125836076104
3.62,0.17347541532887992
3.621,0.0966762741286678
3.622,-0.5597668709320893
3.623,-0.393283482927123
3.624,-0.03264893772970323
3.625,-0.22298631378866812
3.626,0.03667721542604638
3.6270000000000002,0.3776336105974357
3.628,-0.07587408428387271
3.629,-0.205692440659629
3.63,-0.30628337591388466
3.6310000000000002,-0.6397946116325441
3.632,-0.5074690871174261
3.633,-0.09663984650713356
3.634,0.18030371571866283
3.6350000000000002,0.38485258102089054
3.636,0.3214712366097573
3.637,0.2640727801059811
3.638,-0.049873407975221495
3.6390000000000002,-0.12026523972892836
3.64,-0.22381894093585034
3.641,0.06891920904054133
3.642,0.2961911886968504
3.6430000000000002,0.730895360166097
3.644,0.7186228665499653
3.645,0.5588777550659502
3.646,0.5165814375884972
3.6470000000000002,0.2813158293029714
3.648,0.2974682042636301
3.649,0.2538276775657834
3.65,0.6577132103055479
3.6510000000000002,0.9481618142897441
3.652,1.0440172599916406
3.653,0.7402970809828764
3.654,0.5983459300658589
3.6550000000000002,0.3079293377251124
3.656,0.05284385333766407
3.657,-0.25506665637120457
3.658,0.26705573750787215
3.6590000000000003,0.8109977658735132
3.66,0.5552602696065623
3.661,0.4238214818503606
3.662,0.3178054984878106
3.6630000000000003,-0.03987121841777767
3.664,-0.17275649595074474
3.665,-0.6041657073139828
3.666,-0.157423652716917
3.6670000000000003,0.08108134388185548
3.668,0.1844633008872507
3.669,0.2948369477827485
3.67,0.2320780724601979
3.6710000000000003,-0.07685453808421461
3.672,-0.6289955207233027
3.673,-0.409272081210134
3.674,-0.3928594647066571
3.6750000000000003,-0.06787627297849695
3.676,0.24241954222420659
3.677,0.37559086584054513
3.678,0.5308863566684543
3.6790000000000003,0.12897382619216013
3.68,-0.2630202088652868
3.681,-0.26347774057365
3.682,-0.0755444901819313
3.6830000000000003,0.36437723871980865
3.684,0.602663544943396
3.685,0.6071697256862352
3.686,1.1176596819221927
3.6870000000000003,0.5914750627595956
3.688,0.46237662379679256
3.689,0.039193141696317935
3.69,0.12048575068964287
3.6910000000000003,0.3425210796300898
3.692,0.6714049405948808
3.693,0.8572663506179079
3.694,0.8487696123544685
3.6950000000000003,0.4700553150596623
3.696,0.09745931909345047
3.697,-0.07880392490483756
3.698,-0.13741450501039718
3.6990000000000003,-0.24567368403260648
3.7,0.15977579485713084
3.701,0.43021961323594105
3.702,0.14017898845996235
3.7030000000000003,0.0036946696322120165
3.704,-0.20334593049676558
3.705,-0.4697689250720382
3.706,-0.7946808022057313
3.7070000000000003,-0.4933130156252328
3.708,-0.42196452761996983
3.709,-0.2070165533776022
3.71,-0.25168022310695387
3.7110000000000003,-0.25468553782730596
3.712,-0.22392681031368794
3.713,-0.8664235271187294
3.714,-0.5876616323574761
3.715,-0.753197846259295
3.716,-0.020664109287838406
3.717,0.17090326742285977
3.718,0.0793303176265089
3.719,0.19204477412377688
3.72,0.2471982135435318
3.721,0.11584372110664728
3.722,-0.596878794456852
3.723,-0.6661082672704264
3.724,-0.3257501987276356
3.725,0.1642722638220737
3.726,0.4548810797103465
3.727,0.689216305159843
3.728,0.27346454716703594
3.729,-0.14422360065205442
3.73,0.04638919088354207
3.731,-0.3728077997763426
3.732,-0.5127138881047892
3.733,0.02576951904742341
3.734,0.38361898696801927
3.735,0.3959709410360291
3.736,0.2833524466393798
3.737,0.06502200341978398
3.738,-0.3131192697380785
3.739,-0.7286955745290501
3.74,-0.707495177393502
3.741,-0.38942051857284743
3.742,-0.18064512978874042
3.743,-0.01604424536710976
3.744,-0.18189755600272853
3.745,-0.25904195236170097
3.746,-0.878861863608307
3.747,-0.8118489891527586
3.748,-0.7358796203031219
3.749,-1.058366456792909
3.75,-0.6553025283239597
3.751,-0.23967978926257133
3.7520000000000002,0.037240395340925964
3.753,-0.2878547258684737
3.754,-0.5538684059267767
3.755,-0.9950543252596797
3.7560000000000002,-0.8003937682341634
3.757,-0.40776052342701485
3.758,-0.3836285484719424
3.759,-0.08308831317932037
3.7600000000000002,0.21105223152974037
3.761,0.19750954886092212
3.762,-0.08366889329787698
3.763,-0.08132801832494202
3.7640000000000002,-0.3378300591064636
3.765,-0.34442777802842195
3.766,-0.2682071087104786
3.767,0.39674366550683754
3.7680000000000002,0.5629473938429538
3.769,0.4515968103843665
3.77,0.5351633257365627
3.771,0.025114923534442807
3.7720000000000002,-0.2834517615566609
3.773,-0.38657167892927086
3.774,-0.4354742383392616
3.775,0.14569526309252812
3.7760000000000002,0.03945911857328316
3.777,0.21597465696237564
3.778,-0.044915594885071075
3.779,-0.04971784311867834
3.7800000000000002,-0.39085884186447784
3.781,-0.6211943439794497
3.782,-0.7180205582527012
3.783,-0.541152033490971
3.7840000000000003,-0.041558828272216394
3.785,-0.039206842469843475
3.786,0.04511090588300704
3.787,-0.3703182928393939
3.7880000000000003,-0.5180066423147833
3.789,-0.5696473165660768
3.79,-0.6928744537045062
3.791,-0.6439039085299905
3.7920000000000003,-0.2321624813422793
3.793,-0.041695779963347036
3.794,0.08492343014873344
3.795,-0.08216851832268127
3.7960000000000003,-0.29675725894321764
3.797,-0.4471467218171282
3.798,-0.664099900111396
3.799,-0.48475194179295045
3.8000000000000003,-0.20828138307479466
3.801,0.09227093005923803
3.802,0.3322721521497794
3.803,0.5023686021476116
3.8040000000000003,0.13730272942228816
3.805,0.10903017525481674
3.806,-0.08038382710929157
3.807,-0.2920745265268111
3.8080000000000003,0.3660387337309384
3.809,0.7001732904268837
3.81,0.6277361076385707
3.811,0.8237567682814612
3.8120000000000003,0.4119448590392378
3.813,0.24721176943162643
3.814,-0.19239621717643926
3.815,-0.3173598861859101
3.8160000000000003,0.04896777149665878
3.817,0.34227652853776763
3.818,0.4979877563857449
3.819,0.3912112582138756
3.8200000000000003,0.3056884426891485
3.821,0.07539488468137673
3.822,-0.2740657425220636
3.823,-0.37284264513601256
3.8240000000000003,-0.4136921597355328
3.825,0.10264464661195412
3.826,-0.003942769002365204
3.827,0.34912257564899996
3.8280000000000003,0.3473572462074008
3.829,-0.023330125235280816
3.83,-0.4108416968493538
3.831,-0.6094566225581951
3.8320000000000003,-0.30387606993513316
3.833,-0.4113610381896756
3.834,-0.021249721535945842
3.835,0.2885832580671315
3.8360000000000003,0.556997117887023
3.837,0.2596939794894947
3.838,-0.1875531688263658
3.839,-0.2519448631281309
3.84,-0.26342381813012417
3.841,-0.037666353164156424
3.842,0.5586673208639299
3.843,0.4924708006409784
3.844,1.0390183729953144
3.845,0.8035066603492493
3.846,0.5911737083628152
3.847,0.1269003135622809
3.848,0.10242331654641847
3.849,0.047157482269149203
3.85,0.4610409393078561
3.851,0.8832804851256595
3.852,1.1166980637382982
3.853,0.6451669406444407
3.854,0.4710782594030418
3.855,0.18413387415784596
3.856,-0.19991838273898996
3.857,0.10895761989824011
3.858,0.10179453298201183
3.859,0.4225534102767488
3.86,0.5196964107257892
3.861,0.3983497411082165
3.862,0.2498452700148837
3.863,-0.12482880429075421
3.864,-0.40842220662553796
3.865,-0.5214180532342736
3.866,-0.21211911314539095
3.867,0.2507390168128295
3.868,0.23932467780931022
3.869,0.4076194874734318
3.87,-0.11589004745015832
3.871,-0.16904299898181524
3.872,-0.6079365461558021
3.873,-0.7411698249174344
3.874,-0.48365706229242017
3.875,0.1074770269707048
3.876,0.3779752485464861
3.8770000000000002,0.4346811194411278
3.878,0.1180451378924772
3.879,0.10339173121764887
3.88,-0.06315850601834422
3.8810000000000002,-0.196052799638337
3.882,-0.40131733905746314
3.883,0.019852164217662588
3.884,0.4721834350938742
3.8850000000000002,0.7814749426364032
3.886,0.37901947495531446
3.887,0.4889460541534879
3.888,0.25271712339767904
3.8890000000000002,0.14905448245067304
3.89,0.10435614544626283
3.891,0.26503624061460546
3.892,0.33164740196019743
3.8930000000000002,0.3781137597570237
3.894,0.6280519151601299
3.895,0.6407078159400791
3.896,0.3700327859924064
3.8970000000000002,-0.03919534457462749
3.898,-0.22457596198371477
3.899,-0.16117719913693374
3.9,-0.0834178120143142
3.9010000000000002,0.1986697702191442
3.902,0.5395577611695024
3.903,0.004880561618448964
3.904,0.0820451164109369
3.9050000000000002,-0.5374937071748314
3.906,-0.4864357259216543
3.907,-0.8730582340236823
3.908,-0.3609467868157759
3.9090000000000003,-0.284847849433537
3.91,-0.20892806464513317
3.911,0.015363281212395323
3.912,-0.07532406808692416
3.9130000000000003,-0.6352784681472878
3.914,-0.928473732459659
3.915,-0.7100347791743649
3.916,-0.4903217083687297
3.9170000000000003,-0.06688934311727153
3.918,0.2709868817423792
3.919,0.2166804716003237
3.92,0.3892478444183245
3.9210000000000003,-0.09748001448694765
3.922,-0.3990493575560344
3.923,-0.6399878041361902
3.924,-0.2757811497115135
3.9250000000000003,0.01908923371742853
3.926,0.5142579766424189
3.927,0.5857957795952613
3.928,0.26269488048466627
3.9290000000000003,0.21447010608787304
3.93,0.0038757841963621698
3.931,-0.03310909288046229
3.932,-0.08897598362530756
3.9330000000000003,0.10828896871569593
3.934,0.2668094260027032
3.935,0.4693044012338156
3.936,0.5403976554756136
3.9370000000000003,-0.10544005816496688
3.938,-0.29945303133185375
3.939,-0.6267140856981316
3.94,-0.5224966664772406
3.9410000000000003,-0.2569179341063733
3.942,-0.2871942442409644
3.943,-0.36373373864269926
3.944,-0.05396289283795331
3.9450000000000003,-0.05036109874721423
3.946,-0.42386994035189374
3.947,-0.7239168724160563
3.948,-0.9397729189018984
3.9490000000000003,-0.9754840037335812
3.95,-0.4361227070553506
3.951,-0.36062442433229625
3.952,0.2292580991314111
3.9530000000000003,-0.08472047314609105
3.954,-0.4895311900038301
3.955,-0.7472109386068834
3.956,-0.7895978615344269
3.9570000000000003,-0.7141836594034376
3.958,-0.22670743485233827
3.959,-0.025857191804979904
3.96,0.07371037391508578
3.9610000000000003,0.4982278734515579
3.962,0.05604905132691684
3.963,-0.08401552687044912
3.964,-0.46199914700060296
3.9650000000000003,-0.29577636409358365
3.966,-0.08197314680778225
3.967,-0.09191190391493201
3.968,0.7535893156927511
3.969,0.7146546768729858
3.97,0.3110572772750827
3.971,-0.07985324524402584
3.972,-0.1275352266831933
3.973,-0.27165861398034996
3.974,-0.12636098667494902
3.975,0.09656675660714514
3.976,0.38623080395897513
3.977,0.6172390176870435
3.978,0.3556142359680147
3.979,-0.18598221420011612
3.98,-0.1512510057091481
3.981,-0.30903745448228814
3.982,-0.06751823161322634
3.983,-0.508542958023939
3.984,-0.045860595750553144
3.985,-0.2368646278570985
3.986,0.11529475345380603
3.987,-0.28314429918143963
3.988,-0.21878244840165717
3.989,-0.8429609341730928
3.99,-0.9960758972871131
3.991,-0.615680762396612
3.992,-0.5318345649955438
3.993,0.1397408147270369
3.994,-0.1965993061639451
3.995,-0.0035126883296493503
3.996,-0.5626551620807283
3.997,-0.510755868077473
3.998,-0.25756141756560275
3.999,-0.2727010434871989
4.0,-0.1295240407448779
4.001,0.3220647509577073
4.002,0.5065611664189619
4.003,0.533142926154599
4.0040000000000004,0.045152838888276675
4.005,0.09545497059115286
4.006,-0.5204953805364305
4.007,-0.12372557299521152
4.008,0.15960111517836828
4.009,0.6368338426440536
4.01,0.7424883647058221
4.011,0.5119430060273257
4.0120000000000005,0.35525557497414983
4.013,0.22621941569845258
4.014,-0.04876484803803226
4.015,-0.16685924200755098
4.016,0.005802931716290247
4.017,0.4403893856613805
4.018,0.45905876001357476
4.019,0.5388629675650023
4.0200000000000005,0.6787394395458584
4.021,-0.18665329168146264
4.022,-0.5489978264004133
4.023,-0.28258351097476886
4.024,-0.4112261167365615
4.025,-0.11389104403858617
4.026,0.06495313313842743
4.027,0.24874464889878561
4.0280000000000005,0.4229992697138295
4.029,0.038708566613841894
4.03,-0.23729775350895999
4.031,-0.7295805711844648
4.032,-0.6203945004268538
4.033,-0.6144089037116369
4.034,0.0093740127085008
4.035,0.4947871768566625
4.0360000000000005,0.44799476822656936
4.037,0.16422231851793956
4.038,-0.055674237049619796
4.039,-0.3236275388033589
4.04,-0.16046450742789958
4.041,0.1587983926413555
4.042,0.1397260816423316
4.043,0.7088732077455393
4.0440000000000005,0.8990459616068307
4.045,0.5747399313189203
4.046,0.4871925014396016
4.047,0.5705254558096948
4.048,0.05938590617047196
4.049,0.2701240120940105
4.05,0.37766865724557336
4.051,0.785468609322053
4.0520000000000005,0.9415519034394948
4.053,0.7925966889850042
4.054,0.3276742688643641
4.055,0.19572659943329068
4.056,0.1904893058234468
4.057,0.05348368781471993
4.058,0.32520322341435615
4.059,0.39164778576482706
4.0600000000000005,0.6802688972455513
4.061,0.5439076506903684
4.062,0.09840159771352769
4.063,-0.049920553261766414
4.064,-0.502281826933563
4.065,-0.5040617037773839
4.066,-0.2252397156764873
4.067,0.05649285734299041
4.0680000000000005,0.05131814355906217
4.069,0.4291192716221037
4.07,0.1920020779215681
4.071,-0.2848487777315349
4.072,-0.6611100786128452
4.073,-0.5299072569960639
4.074,-0.4302282352749792
4.075,-0.047550963306158614
4.0760000000000005,0.18465447640755733
4.077,0.09720516801970591
4.078,0.2859159514701807
4.079,0.07912096577764094
4.08,-0.02542150925733304
4.081,-0.3433414189305867
4.082,0.1067848997740824
4.083,-0.15741055486782682
4.0840000000000005,0.650959328119361
4.085,0.6368735089143935
4.086,0.8044017994709707
4.087,0.490403956881484
4.088,0.3661731847266178
4.089,-0.07299060075620237
4.09,-0.2006082361868536
4.091,0.35548253214526404
4.0920000000000005,0.401103686114168
4.093,0.6664693784163386
4.094,0.8442357830943179
4.095,0.31137009129430815
4.096,0.2302448621418277
4.097,-0.24971895196800314
4.098,-0.31929260331365805
4.099,-0.21258144782066685
4.1,-0.22503327921726468
4.101,0.10664810656535599
4.102,0.5023274214577018
4.103,0.294603667755671
4.104,-0.14955447241133085
4.105,-0.4285424957564314
4.106,-0.7015675036390385
4.107,-0.42768679143359933
4.108,-0.44563964069820605
4.109,-0.10462813127053099
4.11,0.21114859529210173
4.111,-0.09792284640778905
4.112,0.04266383854180414
4.113,-0.7037254190275735
4.114,-0.4266588668551199
4.115,-0.7221036844571985
4.116,-0.48653699661005895
4.117,-0.4089801348976997
4.118,0.08023492793660625
4.119,0.08554457709368632
4.12,0.031593803335622714
4.121,-0.14400542122342366
4.122,-0.19971671025178345
4.123,-0.3672033624672999
4.124,-0.19379328914050306
4.125,-0.10139893110584895
4.126,0.22892609752033402
4.127,0.7750777403538924
4.128,0.31681621066196936
4.1290000000000004,0.4238832963548238
4.13,-0.14647026989997158
4.131,-0.2743989445838207
4.132,-0.07255041517814412
4.133,0.17603500710561726
4.134,0.23498002905531937
4.135,0.34990583727383184
4.136,0.34543640520551944
4.1370000000000005,0.15019222128724563
4.138,-0.10384556104008294
4.139,-0.4960247809362533
4.14,-0.46760437674618405
4.141,-0.17202562825657258
4.142,-0.11217656705112858
4.143,0.07419292646788274
4.144,-0.1833245587965498
4.1450000000000005,-0.5417858441531748
4.146,-0.4030179846578673
4.147,-0.7566961610858477
4.148,-0.9275467604047487
4.149,-0.6985849743338787
4.15,-0.47361934110447723
4.151,-0.017848717532218117
4.152,-0.038090010486615665
4.1530000000000005,-0.23679957549566183
4.154,-0.21084154189181883
4.155,-0.648067505257877
4.156,-0.660253074780498
4.157,-0.7174645293625368
4.158,-0.46365674000808255
4.159,-0.017734799600273677
4.16,0.20412336445921028
4.1610000000000005,0.30065032905394873
4.162,0.0177386855496525
4.163,-0.4698382692341467
4.164,-0.43484055387591325
4.165,-0.23404284006324083
4.166,-0.17934234595825904
4.167,0.14581735647406963
4.168,0.5884472075856333
4.1690000000000005,0.40206759468056485
4.17,0.12631942344151686
4.171,0.04848655006804645
4.172,-0.2645273627423095
4.173,-0.44050084533592226
4.174,-0.21497361130276477
4.175,0.13510110232439584
4.176,0.3054302387653317
4.1770000000000005,0.44610158729453514
4.178,0.5460076781196013
4.179,-0.07247954636733102
4.18,-0.30241401721772493
4.181,-0.6160748700267782
4.182,-0.6480011820860967
4.183,-0.4048643177875329
4.184,-0.12793750942732202
4.1850000000000005,0.15839351101501098
4.186,0.41605013828376697
4.187,-0.2751885775232046
4.188,-0.5355298737409893
4.189,-0.7015182271499933
4.19,-0.6488535104367517
4.191,-0.47193377903476813
4.192,-0.01101876867181989
4.1930000000000005,-0.30732015608798424
4.194,-0.21825443096184866
4.195,-0.05904849538284168
4.196,-0.06727494727841343
4.197,-0.6828552217378343
4.198,-0.9452344862515811
4.199,-0.23607966121844542
4.2,0.0365485835552471
4.2010000000000005,0.15817739736244088
4.202,0.34606912693295677
4.203,0.3021276793758516
4.204,0.2477247782604703
4.205,-0.11037668351067174
4.206,-0.06718969358717868
4.207,-0.4867934308123948
4.208,0.07269015893100345
4.2090000000000005,0.3397022936472788
4.21,0.6665105642144616
4.211,0.6077312020799652
4.212,0.5888265728662969
4.213,-0.1151873629342055
4.214,-0.061011345737904954
4.215,-0.024830045092750025
4.216,0.3306713165271688
4.2170000000000005,0.2411944597362617
4.218,0.5664458456020804
4.219,0.2663509918360713
4.22,-0.0167864966985819
4.221,0.14628465839867325
4.222,-0.27557494226570556
4.223,-0.2232583384831345
4.224,-0.5120512737704451
4.225,0.01812542614253751
4.226,0.471174937434911
4.227,0.36128076053859914
4.228,0.23659984002857026
4.229,-0.06779019127537232
4.23,-0.5897479844990533
4.231,-0.30198837144969226
4.232,-0.5288831278549317
4.233,-0.10439837572658998
4.234,-0.09778151127704962
4.235,0.1771358732324647
4.236,0.584904928090708
4.237,0.1405768518315329
4.238,0.15662923500734077
4.239,-0.2455077645424903
4.24,-0.48547197877576204
4.241,0.15520959940587992
4.242,0.26672915227437105
4.243,0.73768782917745
4.244,0.7281075589626921
4.245,0.3672922672585529
4.246,0.3656003863468444
4.247,0.43431594080357194
4.248,0.10385462815517706
4.249,0.15635150232788142
4.25,0.6032034928801825
4.251,0.7437785411205797
4.252,0.8589007996213723
4.253,0.5563118816149818
4.2540000000000004,0.47473872894938973
4.255,0.28203462058307815
4.256,-0.18889570725195157
4.257,0.169037680989842
4.258,0.1404674520296795
4.259,0.27171870876786175
4.26,0.6995988921018821
4.261,0.44566733190653135
4.2620000000000005,0.346040295310725
4.263,-0.1461779110622027
4.264,-0.3633009470925233
4.265,-0.3323637943224848
4.266,-0.20420543404242236
4.267,-0.27909018831139276
4.268,0.07179669063990482
4.269,0.42203260330996023
4.2700000000000005,0.09864833841463566
4.271,-0.24542264291952381
4.272,-0.6226232121216442
4.273,-0.6597630197691359
4.274,-0.6580877258012539
4.275,-0.07357405652342096
4.276,0.1526581819234144
4.277,0.25341992214572073
4.2780000000000005,0.33052717551948857
4.279,0.17243835976350813
4.28,0.18259926129802498
4.281,-0.4800778937209782
4.282,0.010551610749395562
4.283,0.2535264704153295
4.284,0.31252740419585834
4.285,0.6734002018471197
4.2860000000000005,0.5769824478424757
4.287,0.4747707050504261
4.288,0.3890173045267351
4.289,0.0429289767259127
4.29,0.007682350381113201
4.291,0.04597071441020413
4.292,0.1651937428703502
4.293,0.5738444105685157
4.2940000000000005,0.8146906857492127
4.295,0.2151009533891727
4.296,-0.03552341923736291
4.297,-0.15628067589348138
4.298,-0.4566572658702388
4.299,-0.34709758032854565
4.3,-0.06353978725948027
4.301,0.023422029619532103
4.3020000000000005,0.16302109411412072
4.303,0.2811333793971667
4.304,-0.31815534135008594
4.305,-0.6828142508221069
4.306,-0.7267628275431944
4.307,-0.4934561681059065
4.308,-0.4150431053934158
4.309,-0.17748755047675546
4.3100000000000005,0.07836532339457362
4.311,-0.21050887794151496
4.312,-0.08474525840129797
4.313,-0.3855316970562054
4.314,-0.7030796267349176
4.315,-0.4881181321305784
4.316,-0.5947588277824631
4.317,0.0651149969108061
4.3180000000000005,0.18964027670704114
4.319,0.205440220705286
4.32,0.13045344756434651
4.321,-0.13252540707632565
4.322,-0.15699518354661024
4.323,-0.5599282237167631
4.324,-0.35754621557907534
4.325,0.2123859270792923
4.3260000000000005,0.2634088552084779
4.327,0.6302561678929995
4.328,0.6706977822514228
4.329,0.10325714724776892
4.33,-0.019711866605535436
4.331,-0.45904160266878447
4.332,-0.12985167299374945
4.333,0.007101892240020058
4.3340000000000005,0.3169525371430448
4.335,0.3086686073408665
4.336,0.10543338120259022
4.337,0.17953053201070776
4.338,-0.5384592343720248
4.339,-0.5314407275216513
4.34,-0.402129376422265
4.341,-0.3675759128203602
4.3420000000000005,0.1484627493770475
4.343,0.21073900424238412
4.344,-0.020417779908797465
4.345,-0.10669957279100052
4.346,-0.429254705495927
4.347,-0.9384730500947644
4.348,-0.9484595794405266
4.349,-0.7753305547077962
4.3500000000000005,-0.7257832440101707
4.351,-0.13603752473311492
4.352,-0.04552357365611846
4.353,-0.3344929693220411
4.354,-0.25976549240682256
4.355,-0.4719186331818389
4.356,-0.6722218260121491
4.357,-0.6651414881180553
4.358,-0.25208588124313647
4.359,0.09290012857894027
4.36,0.265269815484634
4.361,0.11766528295733773
4.362,0.10801552389461072
4.363,-0.010576765171808833
4.364,-0.4586581337226528
4.365,-0.041023313546470486
4.366,-0.21909672419946785
4.367,0.17970897931291618
4.368,0.3298390271050517
4.369,0.5313202285381952
4.37,0.08473726403864174
4.371,-0.02100288157721212
4.372,-0.36678724161465337
4.373,-0.28512644171826196
4.374,-0.04760302071916714
4.375,0.15243555554758517
4.376,-0.0520661917537843
4.377,0.7062845823277656
4.378,0.32154390967292074
4.3790000000000004,-0.13074881945597966
4.38,-0.3102194345509328
4.381,-0.4992966221037993
4.382,-0.6036297026410765
4.383,-0.26672832293266485
4.384,-0.12356571898622803
4.385,0.07007800123582658
4.386,-0.010871616488993915
4.3870000000000005,-0.35270350814065854
4.388,-0.42015794599847583
4.389,-0.5728398876691984
4.39,-0.5997964343787406
4.391,-0.3581431190413621
4.392,-0.1261374623903932
4.393,0.0034793193252220522
4.394,0.28982311939925565
4.3950000000000005,-0.16737948545480288
4.396,-0.3496761508915722
4.397,-0.5793340399205573
4.398,-0.3230523011486238
4.399,-0.17577641689086895
4.4,0.07309578555674827
4.401,0.47794081962257184
4.402,0.3529967642060091
4.4030000000000005,0.48661436966544186
4.404,0.1951428244421501
4.405,0.08979232197088569
4.406,-0.18252730826932081
4.407,-0.14290376161287585
4.408,0.2537394091917189
4.409,0.6099730545464557
4.41,0.573825911897646
4.4110000000000005,0.6482057141503518
4.412,0.27975105811468526
4.413,-0.240588039299568
4.414,-0.06575303375151953
4.415,-0.04311390106315384
4.416,0.06818122132343013
4.417,0.0006618848446507397
4.418,0.4480160091730521
4.4190000000000005,0.19047335889741657
4.42,0.5372899021118187
4.421,-0.14997268810966652
4.422,-0.08961491540177086
4.423,-0.2580763290379639
4.424,-0.438063064774477
4.425,-0.2240812153328018
4.426,0.25130310787778193
4.4270000000000005,0.18127686426271522
4.428,0.22124750222150738
4.429,-0.13015370593026987
4.43,-0.6099650223991769
4.431,-0.829197344838098
4.432,-0.39378094930459545
4.433,-0.2566349064696464
4.434,0.0590419156054786
4.4350000000000005,0.46094362514165393
4.436,0.5449243612971935
4.437,0.1474679765725516
4.438,-0.12062519102604967
4.439,-0.17094752409367325
4.44,-0.4290228409575298
4.441,0.03449802044543746
4.442,0.4136592981981144
4.4430000000000005,0.706831484793241
4.444,0.40227509428907576
4.445,0.44995122816317007
4.446,0.17199960035274484
4.447,0.08055501419540474
4.448,0.061182431280341454
4.449,0.3477285750270259
4.45,0.32560462689359926
4.4510000000000005,0.5958269815047764
4.452,0.9591671430636076
4.453,0.7253494545467266
4.454,0.5927407394871818
4.455,0.13559442132227484
4.456,-0.26840314538525506
4.457,-0.27249757270003144
4.458,-0.10264616313875702
4.4590000000000005,0.48400006038133114
4.46,0.7121105512325161
4.461,0.7540283938966073
4.462,0.3505030568982763
4.463,0.0677449889691144
4.464,-0.44205307226629187
4.465,-0.5773883286290058
4.466,-0.1150809686001335
4.4670000000000005,0.09043202972848133
4.468,0.2654018521156827
4.469,0.3512226699645383
4.47,0.1780469145824217
4.471,0.036817876747927775
4.472,-0.2140612631645157
4.473,-0.40678726084556327
4.474,-0.22023941662533075
4.4750000000000005,0.02428321112561882
4.476,0.1762359906893194
4.477,0.5119691831463411
4.478,0.12847480122751403
4.479,0.26948308982868063
4.48,-0.3204304335989733
4.481,-0.22371144173598181
4.482,-0.3067226741643402
4.483,0.17086739005359106
4.484,0.40177851439434
4.485,0.37872197923352585
4.486,0.6817350775888423
4.487,0.3317121592094735
4.488,0.26532901690713806
4.489,-0.07759595062973765
4.49,-0.03896875466646489
4.491,-0.06197329401585305
4.492,0.271964533905115
4.493,0.5108739451693344
4.494,0.7392911539173553
4.495,0.6758878123914704
4.496,-0.014486844394143439
4.497,-0.02634875927911018
4.498,-0.6429992401981126
4.499,-0.41168686614234506
4.5,-0.1438167684281168
4.501,0.029723392325300274
4.502,0.08017253198146512
4.503,0.25018626480612005
4.5040000000000004,-0.13777463389014785
4.505,-0.3664269644914833
4.506,-0.5059115675174054
4.507,-0.5381395353043632
4.508,-0.25962111109823766
4.509,-0.08963369896543734
4.51,-0.07695975885995562
4.511,0.23957529987955586
4.5120000000000005,-0.21817905552005773
4.513,-0.5552375778867857
4.514,-0.6417490634844323
4.515,-0.7513209064408177
4.516,-0.4660824699291617
4.517,-0.033093176562030965
4.518,0.23501550196203508
4.519,0.134285091772551
4.5200000000000005,0.06995478096204788
4.521,0.05102376596893746
4.522,-0.2625483545026117
4.523,-0.08724123820651936
4.524,-0.06906588556942486
4.525,0.22316584919465549
4.526,0.13704855786188713
4.527,0.6006229328587904
4.5280000000000005,0.3975790511208714
4.529,0.07008834983711638
4.53,-0.107486117552335
4.531,-0.1543814929836887
4.532,-0.17694592334416542
4.533,-0.16187834375831137
4.534,0.352293911107156
4.535,0.3074794368799008
4.5360000000000005,0.3877963720168625
4.537,0.0626519112554117
4.538,-0.25400401714572973
4.539,-0.3573006908891049
4.54,-0.683835247611564
4.541,-0.08520058592433866
4.542,-0.39380187008927425
4.543,-0.005959813668030903
4.5440000000000005,0.16319856804296895
4.545,0.00976829869946258
4.546,-0.4018184735042384
4.547,-0.6723618382287909
4.548,-0.7069729051845037
4.549,-0.6861562092142667
4.55,-0.17137137252048532
4.551,0.022421752451718152
4.5520000000000005,0.16152756866581178
4.553,-0.1912011016234326
4.554,-0.2970450262634678
4.555,-0.5916158616709563
4.556,-0.8272968579027088
4.557,-0.535975297672977
4.558,-0.3984838387090709
4.559,0.10838473115497096
4.5600000000000005,0.07397678011760889
4.561,0.5106873171019699
4.562,-0.06024254624682475
4.563,-0.15294491928685447
4.564,-0.24969657180007887
4.565,-0.4436615933348863
4.566,-0.01737300653708071
4.567,-0.016702203863711046
4.5680000000000005,0.6396812382502477
4.569,0.4899680388849736
4.57,0.24604990760967854
4.571,0.005459585060850085
4.572,-0.0916457230444633
4.573,-0.4020201674444603
4.574,-0.31650593514625924
4.575,0.01701931930336338
4.5760000000000005,0.12429647248255643
4.577,0.6729830693711242
4.578,0.19523833331907686
4.579,0.11659772897286624
4.58,-0.29297798761403265
4.581,-0.6607666419662804
4.582,-0.48871086744551145
4.583,-0.16007409979087267
4.5840000000000005,-0.03925856855000416
4.585,0.3334604162633632
4.586,0.27097819112823585
4.587,0.027160758333211077
4.588,-0.4829295643073692
4.589,-0.7941857281286235
4.59,-0.7408412868580391
4.591,-0.42424798070641556
4.5920000000000005,-0.06682077377781935
4.593,-0.21814362758391667
4.594,0.18445272673994173
4.595,0.0788861271002899
4.596,-0.24055834237597737
4.597,-0.22897500739316556
4.598,-0.4136239894456308
4.599,-0.11653814976277627
4.6000000000000005,-0.032394078052533984
4.601,0.45364933137468477
4.602,0.7219957544010517
4.603,0.6190772328370515
4.604,0.03451148003431356
4.605,-0.09412161619816778
4.606,-0.2386841609951501
4.607,-0.03580925120398179
4.6080000000000005,0.24966441631169323
4.609,0.3255119149920937
4.61,0.6563084921541632
4.611,0.32626348925775667
4.612,0.6270911526680668
4.613,0.030488992615758978
4.614,-0.11276599202481821
4.615,-0.20430457804861318
4.616,0.17968990888035147
4.617,-0.15095522067803385
4.618,0.4826487216606204
4.619,0.4949520139752303
4.62,0.2545850924645844
4.621,0.26586769190500736
4.622,-0.41390638343261615
4.623,-0.28411634970456984
4.624,-0.24676206479762947
4.625,0.14021875114246263
4.626,0.10581318829761298
4.627,0.20666707234766957
4.628,0.38002332577683584
4.6290000000000004,0.016333137265881516
4.63,-0.5642850257320949
4.631,-0.5658436946034875
4.632,-0.3612565680470696
4.633,-0.03979685243413225
4.634,0.04494516017444172
4.635,-0.07830390728611564
4.636,0.4467275294087021
4.6370000000000005,0.0013904121367719902
4.638,-0.37953171110154726
4.639,-0.6818530960953857
4.64,-0.11812987653542524
4.641,0.0018821628260796593
4.642,0.27500728126077895
4.643,0.7877359384789699
4.644,0.7598500037199915
4.6450000000000005,0.7752871893222941
4.646,0.061153357922563545
4.647,0.024819767524867756
4.648,-0.2903861258757058
4.649,0.05103123110281524
4.65,0.3245063649249105
4.651,0.7267092333591011
4.652,0.7566748843318629
4.6530000000000005,0.7389109235195541
4.654,0.4745680558450138
4.655,0.38436835768369726
4.656,-0.1704961417133921
4.657,-0.23891911260183737
4.658,0.14514801498669633
4.659,0.24607993937754716
4.66,0.7415173531994397
4.6610000000000005,0.4232268608809647
4.662,0.1318935111988676
4.663,-0.1812388088496686
4.664,-0.2479427463123106
4.665,-0.42535136416943087
4.666,-0.3340950971524955
4.667,0.28440548462605636
4.668,0.12927646713800464
4.6690000000000005,0.3079488898017338
4.67,0.2374589504967438
4.671,-0.3904037175782622
4.672,-0.32674388924422737
4.673,-0.6381970470221721
4.674,-0.21671786910099172
4.675,-0.19219674862829117
4.676,0.3520301260296915
4.6770000000000005,0.5644285498210202
4.678,0.46406259575392034
4.679,0.1432666174250663
4.68,-0.18487929464616287
4.681,-0.365067042393017
4.682,0.02569071975043158
4.683,-0.03489252248313035
4.684,0.23092681402588913
4.6850000000000005,0.6951383851091462
4.686,0.47478144314459364
4.687,0.25008737374811274
4.688,-0.11006786846986794
4.689,-0.1772703968701589
4.69,-0.13753839393302336
4.691,0.09201666753255947
4.692,0.4782334902070061
4.6930000000000005,0.6356809300999401
4.694,0.5614217933211308
4.695,0.37655026350836074
4.696,0.16792699715404252
4.697,-0.008441304947597289
4.698,-0.3063717656221336
4.699,-0.30685452901208465
4.7,-0.1489299001629844
4.7010000000000005,0.019741426499222475
4.702,0.42540698225765294
4.703,0.28634975387263284
4.704,-0.004233832154480963
4.705,-0.4247248403551066
4.706,-0.37783312940730235
4.707,-0.6277369611649832
4.708,-0.19036620905915352
4.7090000000000005,-0.05914007743689504
4.71,0.036418718177369386
4.711,0.19652603546288616
4.712,-0.04200087712246405
4.713,-0.3358821147544059
4.714,-0.5787810610345026
4.715,-0.5978174075258867
4.716,-0.02515503479375164
4.7170000000000005,0.11046401174489331
4.718,0.30593532841765164
4.719,0.2975253817255344
4.72,0.30293945893721297
4.721,-0.026717889850239915
4.722,-0.3303366842560891
4.723,-0.4441031795226032
4.724,-0.2608619257048717
4.7250000000000005,-0.4289449274474762
4.726,0.37002340653155313
4.727,0.4045091976563167
4.728,0.6351824668711072
4.729,0.14587332864232508
4.73,-0.32078002394822563
4.731,-0.3128523856983367
4.732,-0.4171404998874312
4.7330000000000005,0.034302535979209514
4.734,0.27997809601020307
4.735,0.5446338017071614
4.736,0.23729322155846505
4.737,0.11697605498914862
4.738,-0.4188925254088135
4.739,-0.35651588600392026
4.74,-0.43595011026420327
4.741,-0.2850726877159749
4.742,-0.09944940139303361
4.743,0.1700814538769695
4.744,0.3754625979922277
4.745,-0.09085774973490843
4.746,-0.33391729743632703
4.747,-0.7928373180855712
4.748,-0.863646764404166
4.749,-0.6008830803759482
4.75,-0.17856357807435544
4.751,-0.10601794781384283
4.752,0.03029400909047613
4.753,-0.07357687269731022
4.7540000000000004,-0.33344509904252134
4.755,-0.47266359029929567
4.756,-0.8740627331817777
4.757,-0.3738524426842214
4.758,-0.39687052128127365
4.759,0.13573896613201994
4.76,0.057891572166734295
4.761,0.3635394439861536
4.7620000000000005,0.1819499536125504
4.763,-0.12453759231983831
4.764,-0.5170169410863619
4.765,-0.32276085760559603
4.766,-0.3272179724299231
4.767,0.12327081836325834
4.768,0.568269290851726
4.769,0.5983170830325124
4.7700000000000005,0.328234973161094
4.771,-0.10544513381013207
4.772,-0.12520699790298517
4.773,-0.3195200722073639
4.774,-0.5587840293834629
4.775,0.16286238132634934
4.776,0.29463438606871534
4.777,0.5802034328452093
4.7780000000000005,0.11857223636921366
4.779,-0.4791044681423862
4.78,-0.2740393874483489
4.781,-0.4579161399115972
4.782,-0.7271357872161686
4.783,-0.4074916133221218
4.784,0.42164989420769045
4.785,0.13015188181729012
4.7860000000000005,0.2506315221050082
4.787,-0.18373051216871433
4.788,-0.7021436510054069
4.789,-0.6320276942672074
4.79,-0.6631040450053883
4.791,-0.48883007457878835
4.792,-0.1422689091347143
4.793,0.16913295361348019
4.7940000000000005,0.18287415198863466
4.795,-0.11730449769748347
4.796,-0.11183942007162476
4.797,-0.7041794626015366
4.798,-0.7770523603835173
4.799,-0.198454911845229
4.8,0.07605304082006988
4.801,0.3006871858961325
4.8020000000000005,0.260041030459241
4.803,0.3052768185878722
4.804,0.14481766690764544
4.805,-0.31249257931435614
4.806,-0.31736776393683563
4.807,-0.03309574138280494
4.808,0.33737936497867804
4.809,0.36381733937821076
4.8100000000000005,0.7343203082306555
4.811,0.31670454882591115
4.812,0.4846370293874706
4.813,-0.03747504626879189
4.814,-0.09795748544083657
4.815,-0.21619988994906764
4.816,0.18676899047085338
4.817,0.1268334096541615
4.8180000000000005,0.5652533868154875
4.819,0.4576780949835514
4.82,0.29055643758543503
4.821,-0.026075017310612274
4.822,-0.4102652263411293
4.823,-0.40193637835204227
4.824,-0.3070867189546309
4.825,-0.008159263485090815
4.8260000000000005,0.22503145929965468
4.827,0.4441718556440626
4.828,0.3629504693840625
4.829,-0.1957708460468794
4.83,-0.19295682756139726
4.831,-0.6541403045842135
4.832,-0.3232814696579181
4.833,-0.06622131447734386
4.8340000000000005,-0.1355025050916232
4.835,0.3748357589605887
4.836,0.29736885122325324
4.837,0.06708475474453356
4.838,0.11900522731123103
4.839,-0.36504116591393887
4.84,-0.37452492029943896
4.841,-0.022737359307483024
4.8420000000000005,0.3917690795032628
4.843,0.5351388522061111
4.844,0.8133858106193272
4.845,0.5841559592027366
4.846,-0.0871387898211447
4.847,-0.08160239740508198
4.848,-0.16558905402831503
4.849,0.12315485990905407
4.8500000000000005,-0.06635351800032013
4.851,0.9809149508665512
4.852,0.7961273973189649
4.853,0.6356430688238542
4.854,0.5159380623689749
4.855,0.38448590028934987
4.856,-0.018256256645997587
4.857,0.02172052395630955
4.8580000000000005,0.10807262060944237
4.859,0.3286613916159845
4.86,0.43464529486946724
4.861,0.33191691456841643
4.862,0.10706594140235291
4.863,-0.3166181086350831
4.864,-0.3676785083931349
4.865,-0.652365658219354
4.866,-0.20491161354890483
4.867,0.035326612496742
4.868,0.2873580258656885
4.869,0.23288751204651298
4.87,0.610230211984727
4.871,0.06740863696635038
4.872,-0.5768447347749787
4.873,-0.43731913952547924
4.874,-0.42502536364297605
4.875,-0.1954223703757148
4.876,0.04955002635855926
4.877,0.46344862496550027
4.878,0.23010477728832857
4.8790000000000004,0.2454676073848512
4.88,-0.00919897413728274
4.881,-0.08339505849765824
4.882,-0.33640854527295955
4.883,0.1252058102848988
4.884,0.46291375230545956
4.885,0.503754886385463
4.886,0.45633264836459797
4.8870000000000005,0.6106771368818087
4.888,0.11645225526466998
4.889,-0.03390476316661996
4.89,-0.2727367371968764
4.891,-0.150964289191563
4.892,0.22765585615375056
4.893,0.5172105100210337
4.894,0.4116594902263875
4.8950000000000005,0.3885143414077291
4.896,-0.1753413963763327
4.897,-0.37769509886619157
4.898,-0.23171394237990156
4.899,-0.1494691171060465
4.9,-0.05878151480802606
4.901,0.08740681304811151
4.902,0.17837368338498294
4.9030000000000005,0.15399285765452878
4.904,0.01925463943768757
4.905,-0.24998175693405977
4.906,-0.6447051904101045
4.907,-0.7074558459104188
4.908,-0.271194814633239
4.909,-0.15344602800478646
4.91,0.07398590084429693
4.9110000000000005,0.3306362564808637
4.912,0.044477909046498815
4.913,-0.34268557827885854
4.914,-0.7599644460921386
4.915,-0.5402770101025237
4.916,-0.20586384461528034
4.917,-0.10766064875320785
4.918,0.4135220931135981
4.9190000000000005,0.48534067878521137
4.92,0.40934791942529725
4.921,-0.053464849536395506
4.922,-0.2436785054678801
4.923,-0.18650154714743997
4.924,-0.18400329355594922
4.925,-0.03300256126095567
4.926,0.2650029783803342
4.9270000000000005,0.5060869364486601
4.928,0.19431615050703102
4.929,0.11264813652587619
4.93,0.013227022809292943
4.931,-0.642389404499493
4.932,-0.03742596253903416
4.933,0.1256744506275694
4.934,0.16321892523531695
4.9350000000000005,0.4805122937606514
4.936,0.3569691321210061
4.937,0.2997397703038485
4.938,-0.060371413336404695
4.939,-0.6622526027618266
4.94,-0.41300071649849374
4.941,-0.37442002241267086
4.942,-0.06831400931854531
4.9430000000000005,0.02051434386649835
4.944,0.4215940560459468
4.945,0.13486643892195466
4.946,-0.4366950559980083
4.947,-0.799494917271784
4.948,-0.7594554721826801
4.949,-0.5178591752415023
4.95,-0.2753721873601447
4.9510000000000005,0.15288209747665585
4.952,0.215908946921271
4.953,0.16341460730341503
4.954,-0.1753343019390509
4.955,-0.6984877586338732
4.956,-0.6544140314998874
4.957,-0.3852578970261831
4.958,-0.2859832766362286
4.9590000000000005,0.11864242745933025
4.96,0.21314354863855572
4.961,0.11813584946648786
4.962,0.0689460961992232
4.963,-0.13248789182097853
4.964,-0.4656422829770711
4.965,-0.3974748661738868
4.966,-0.29476549546767417
4.9670000000000005,0.3231996230173061
4.968,0.3624446005570988
4.969,0.6885509555555162
4.97,0.5466248139259373
4.971,0.019967808812187078
4.972,-0.3815116862226935
4.973,-0.6426188493068747
4.974,-0.4375453111317591
4.9750000000000005,-0.1649341598184576
4.976,0.502712985529243
4.977,0.41714995195298515
4.978,0.343715148917234
4.979,-0.33064391618950933
4.98,-0.48790894873098956
4.981,-0.3582411463118831
4.982,-0.41759547903429767
4.9830000000000005,-0.2674533893862653
4.984,0.11063530837626877
4.985,0.4408171489454834
4.986,0.12885682629571968
4.987,-0.05351689494692706
4.988,-0.33674134193678273
4.989,-0.22439972826975435
4.99,-0.9150574474263111
4.9910000000000005,-0.30389254077035543
4.992,-0.12092448337360182
4.993,0.23432498105837196
4.994,0.1246310040019979
4.995,0.08044582305815424
4.996,-0.06524344754011091
4.997,0.06501866741599771
4.998,-0.34160452102142025
4.999,-0.43316230330906885
5.0,-0.06356395230348087
5.001,0.2379082297868785
5.002,0.19333640213485392
5.003,0.3521236175738355
5.0040000000000004,0.28139308304486277
5.005,-0.2796601746856714
5.006,-0.0669795094177191
5.007,-0.07745734701966991
5.008,-0.00804980858384216
5.009,0.3832321045927799
5.01,0.8377159149365865
5.011,0.6908275455186187
5.0120000000000005,0.3643435160079823
5.013,0.025542396354544646
5.014,-0.1533011811932551
5.015,-0.274965932601494
5.016,-0.34426882465304537
5.017,0.5492400043430985
5.018,0.4817182858337222
5.019,0.5491734736404541
5.0200000000000005,0.2980803471937732
5.021,-0.11367830279466568
5.022,-0.31366211184692705
5.023,-0.6396726184842795
5.024,0.04614508111796456
5.025,-0.22530208719236294
5.026,0.06340973738676939
5.027,0.2655460553241208
5.0280000000000005,0.42560836341655933
5.029,-0.027597129252095953
5.03,-0.5003036718914367
5.031,-0.28011442807926823
5.032,-0.2947935470522558
5.033,-0.0727350946076618
5.034,0.26250502492525946
5.035,0.721902037682465
5.0360000000000005,0.6948638912539546
5.037,0.07469004752216031
5.038,0.15390519810901948
5.039,-0.21854894712020165
5.04,-0.1907757841509246
5.041,-0.3030259497454103
5.042,0.245343757883097
5.043,0.4136548300615215
5.0440000000000005,0.7392751784332443
5.045,0.6395353127634694
5.046,-0.09915113791749647
5.047,-0.034609515992828195
5.048,0.05671449665679987
5.049,-0.007685586029949561
5.05,0.4055753040609055
5.051,0.6203347751218848
5.0520000000000005,0.737530971457147
5.053,0.5435796028953558
5.054,0.1287547549807787
5.055,-0.16080024001141496
5.056,-0.06568948521010118
5.057,-0.13834532788472653
5.058,0.04980694194807091
5.059,0.2713482576381222
5.0600000000000005,0.448284625182793
5.061,0.6039344408099461
5.062,0.1538487404839943
5.063,-0.31835525632957556
5.064,-0.24528607815707448
5.065,-0.428565815728035
5.066,-0.2249525471135609
5.067,0.28749896954427373
5.0680000000000005,0.2691246973381861
5.069,0.36236030971847527
5.07,-0.019914088327346036
5.071,-0.1613299383735483
5.072,-0.29093511212633594
5.073,-0.6986048651262121
5.074,-0.29798739042283795
5.075,-0.024015929655807955
5.0760000000000005,0.2589672472051641
5.077,0.5542465369685897
5.078,0.38018355152467803
5.079,0.3172310943729336
5.08,-0.3146177682084502
5.081,-0.2789364524666798
5.082,-0.2081736756301276
5.083,-0.12108294944061819
5.0840000000000005,0.49480366806047293
5.085,0.9050773874191906
5.086,0.5495474373425949
5.087,0.4238761816736782
5.088,0.07315843906167516
5.089,-0.25847538289252064
5.09,-0.44452167383708796
5.091,-0.09531399823044767
5.0920000000000005,0.08395308819657268
5.093,0.7725789831354615
5.094,0.5370511650404335
5.095,0.3233646717778814
5.096,0.19912020490813495
5.097,-0.387325812665605
5.098,-0.453742811428514
5.099,-0.23304155595185921
5.1000000000000005,0.15431534871350078
5.101,0.31853570428224187
5.102,0.3760828511621194
5.103,0.2310478332335192
5.104,-0.005249156970880603
5.105,-0.34430569182916265
5.106,-0.7078479434795433
5.107,-0.5088015416413023
5.1080000000000005,-0.4522601452622034
5.109,0.003431431519147774
5.11,0.10139017468714345
5.111,0.5346476620797939
5.112,-0.06398695633448843
5.113,-0.556164502276374
5.114,-0.5695815844824327
5.115,-0.475852969117206
5.1160000000000005,-0.09783649899290203
5.117,-0.12538374528559898
5.118,-0.014435350602006874
5.119,0.42361210828651213
5.12,-0.040133584515218035
5.121,-0.16000043665378688
5.122,-0.36818621274739555
5.123,-0.4091299527030689
5.124,-0.1498985207502614
5.125,-0.06437678827408252
5.126,0.28566128224729964
5.127,0.46139774680920237
5.128,0.40275606911081047
5.1290000000000004,0.140817042914922
5.13,-0.09383442293120105
5.131,-0.19466356855613093
5.132,-0.21537718758135732
5.133,0.019951456718675473
5.134,-0.008907080544360818
5.135,0.40476960251808175
5.136,0.42894020428160656
5.1370000000000005,0.22762841581908283
5.138,-0.3058668747163672
5.139,-0.5425036410864388
5.14,-0.5757221516161086
5.141,-0.24875616433143471
5.142,0.09149297375414053
5.143,0.08841407742305016
5.144,0.31779224578039633
5.1450000000000005,0.021765208890069547
5.146,-0.31814581266555286
5.147,-0.6033093206518599
5.148,-0.5608362898681254
5.149,-0.5047721324069282
5.15,0.059604669792232556
5.151,-0.13352516651748783
5.152,0.20385533122508342
5.1530000000000005,-0.03378223836239956
5.154,-0.3286339209772543
5.155,-0.467458574117905
5.156,-0.582364924036203
5.157,-0.08689042720199275
5.158,-0.28886364965149786
5.159,-0.11211898081945337
5.16,0.313276173704622
5.1610000000000005,-0.030088153091150316
5.162,0.07934511211134947
5.163,-0.17343453633978484
5.164,-0.24758915756560937
5.165,-0.21781673857283051
5.166,-0.23307903794762186
5.167,0.12740719671106324
5.168,0.285139870236944
5.1690000000000005,0.29403194552033923
5.17,0.3559746283868173
5.171,-0.1667410121457646
5.172,-0.29985737393886164
5.173,-0.4856218270152546
5.174,-0.13971906602354084
5.175,0.3074404889390952
5.176,0.09859899566649502
5.1770000000000005,0.12176967009514306
5.178,0.26872359418635827
5.179,0.009314497525881411
5.18,-0.2684587146860171
5.181,-0.5488883137288479
5.182,-0.4790138721339339
5.183,-0.17636213478164348
5.184,0.19784599486779827
5.1850000000000005,-0.08020712669613542
5.186,0.12569695736193426
5.187,-0.011755355755769449
5.188,-0.48254559004256
5.189,-0.30248264329393143
5.19,-0.6745552823166374
5.191,-0.3922360766982321
5.192,-0.0009656885254620967
5.1930000000000005,0.07854722288758005
5.194,-0.03760207223176487
5.195,0.03751208550394462
5.196,-0.0059460796543432115
5.197,-0.4435342020505646
5.198,-0.5837228250425507
5.199,-0.1640437138146024
5.2,-0.04961623440355724
5.2010000000000005,0.22634136202245694
5.202,0.47906111431357884
5.203,0.5083584617625619
5.204,0.5171791579817295
5.205,0.021610295949753555
5.206,-0.06632631803327191
5.207,-0.24432414235337552
5.208,-0.07097610512529065
5.2090000000000005,0.39365961661398285
5.21,0.5933409836390559
5.211,0.3981907463711594
5.212,0.31619797304169556
5.213,0.10125639688304726
5.214,-0.12949372016339045
5.215,-0.13989886150709752
5.216,-0.0005321580327835862
5.2170000000000005,0.15321214906913272
5.218,0.3698494254584593
5.219,0.30042201314170697
5.22,0.5676641373320159
5.221,-0.005839462751051604
5.222,-0.3216360715427985
5.223,-0.5390296187974009
5.224,0.1469862132410431
5.2250000000000005,-0.19730606630867148
5.226,0.15916987841150493
5.227,0.4003959029150872
5.228,0.3296430623916068
5.229,0.12152046393480434
5.23,-0.03615098313885162
5.231,-0.3851710064962986
5.232,-0.556499730087977
5.2330000000000005,-0.18690100715228256
5.234,0.20489372583402332
5.235,0.6746636435561068
5.236,0.15693695545430641
5.237,0.3551863593872101
5.238,-0.06816912126841253
5.239,-0.15852469348393325
5.24,-0.2918623583679987
5.2410000000000005,-0.1892075863953687
5.242,0.3672192304364821
5.243,0.6149153724427789
5.244,0.7397343949289754
5.245,0.4536807935622598
5.246,0.09710115426936776
5.247,-0.29147295077423363
5.248,-0.01603187130627584
5.249,0.05590902505573596
5.25,0.12315970609697813
5.251,0.45891122502049864
5.252,0.5889496739618204
5.253,0.3355575030659888
5.2540000000000004,0.16374174925761395
5.255,-0.18572632598500485
5.256,-0.25497825702524374
5.257,-0.27076500784861135
5.258,-0.18965028281936241
5.259,0.6247852965284124
5.26,0.6711297529674285
5.261,0.32195909351950747
5.2620000000000005,0.23958518819005564
5.263,-0.05743582795888419
5.264,-0.17865600771594256
5.265,-0.5189681269025697
5.266,-0.06232865679849264
5.267,-0.03076913224005881
5.268,0.07806470005380711
5.269,0.4346388161269671
5.2700000000000005,0.35797892944239085
5.271,0.26725293850789417
5.272,-0.5552656732297532
5.273,-0.35417173675312696
5.274,-0.38441745887888706
5.275,0.08209336470712855
5.276,0.034203365455971996
5.277,0.2093084322565459
5.2780000000000005,0.21156081917431
5.279,0.10304577082108461
5.28,-0.2683586381524515
5.281,-0.2093732294303287
5.282,-0.07793281492363244
5.283,0.11603508044126257
5.284,0.5790792637048109
5.285,0.6020061694704147
5.2860000000000005,0.35146700903872796
5.287,0.533513883355379
5.288,-0.050060937315015916
5.289,-0.03490597800649986
5.29,0.0447620956881086
5.291,0.059713098573224196
5.292,0.049930866408515406
5.293,0.36217561886167626
5.2940000000000005,0.7373697897010956
5.295,0.33654822962999736
5.296,0.06665568102580047
5.297,-0.11372248195628004
5.298,-0.24002187335194203
5.299,-0.2043412064072754
5.3,-0.03130025568327738
5.301,0.19928855524493777
5.3020000000000005,0.47326449782725316
5.303,0.31082318889596094
5.304,-0.09289607680631694
5.305,-0.1989673552625323
5.306,-0.5574396011497773
5.307,-0.6265255001368042
5.308,-0.3868068445772575
5.309,-0.13637324622620298
5.3100000000000005,0.15231835521544768
5.311,0.3586109966381019
5.312,-0.1592347066670468
5.313,-0.2983884857412175
5.314,-0.6301127122184512
5.315,-0.5763082095707741
5.316,-0.5604886232063309
5.317,-0.05706246187052183
5.3180000000000005,0.20479792416463793
5.319,0.3908683704630351
5.32,0.20693443815698923
5.321,-0.27010654984041227
5.322,-0.16488283909880802
5.323,-0.3671895110363153
5.324,-0.2254693391280325
5.325,0.03315880193855652
5.3260000000000005,0.24402277847432985
5.327,0.49008706940888364
5.328,0.44479236446614745
5.329,-0.14312466375674449
5.33,-0.2472702384544324
5.331,-0.3663023571935519
5.332,-0.24188562354266013
5.333,0.12601991367144283
5.3340000000000005,0.10926559619121873
5.335,0.3209412172489155
5.336,0.2806018460049809
5.337,0.0008142524337482748
5.338,-0.2488807075752481
5.339,-0.3202510229138768
5.34,-0.6372921010453415
5.341,-0.2520548008068647
5.3420000000000005,-0.3033568192983528
5.343,0.08324180894844475
5.344,0.15228397518453188
5.345,0.2765376184961975
5.346,-0.3169926317929337
5.347,-0.8767227267329869
5.348,-0.9466232015463084
5.349,-0.5218788317287987
5.3500000000000005,-0.16288963669184509
5.351,0.07722583159347388
5.352,0.17726169661553398
5.353,0.24492724943966113
5.354,-0.255543629076008
5.355,-0.3096365419065523
5.356,-0.8277808528015838
5.357,-0.6425741486494629
5.3580000000000005,-0.5169039332023795
5.359,0.029055925707178333
5.36,0.27567227212385226
5.361,0.30591439873414056
5.362,0.10757049313806573
5.363,-0.3122507721072634
5.364,-0.39485395597599765
5.365,-0.5900532094470208
5.3660000000000005,0.04359503704179443
5.367,0.09964745610271161
5.368,0.32079389541478
5.369,0.6948899334965275
5.37,0.11607558969725809
5.371,-0.15162420874418805
5.372,-0.40880934246800316
5.373,-0.3525088320360791
5.3740000000000006,-0.16234168978909158
5.375,0.14463477446011472
5.376,0.6777314927704633
5.377,0.06225887483810022
5.378,0.3807414623786179
5.3790000000000004,-0.07250125932391727
5.38,-0.38292549586181185
5.381,-0.5664341748333084
5.382,-0.5746526042865583
5.383,0.033752702160724346
5.384,0.18248790723457492
5.385,0.23245717704985902
5.386,0.4009044760585025
5.3870000000000005,-0.25252268693743374
5.388,-0.5256508793984368
5.389,-0.8697991041740525
5.39,-0.6652356431531055
5.391,-0.3433885940493132
5.392,-0.051445055485454874
5.393,0.20586561341991744
5.394,0.04233576811150527
5.3950000000000005,0.2349690131887638
5.396,-0.11392837146787495
5.397,-0.27497251432178627
5.398,-0.7351956864568574
5.399,-0.2534039974629649
5.4,-0.17816478598775257
5.401,0.2405028427656955
5.402,0.5313320573488233
5.4030000000000005,0.39836486632107054
5.404,0.021743342264974708
5.405,-0.11415641464537851
5.406,-0.4845556181257168
5.407,-0.012000314546357638
5.408,0.03475574990113599
5.409,0.5338584515015895
5.41,0.47955366564807084
5.4110000000000005,0.46258556262095984
5.412,0.20928437016171075
5.413,0.15483636714460644
5.414,-0.3069423227749273
5.415,-0.13454318512416488
5.416,-0.1156787118236271
5.417,-0.07948195997372487
5.418,0.35099533661357224
5.4190000000000005,0.29508605603847293
5.42,0.29886354005206933
5.421,-0.19044129737333496
5.422,-0.15094338049625017
5.423,-0.4133245933779949
5.424,-0.31814204905527144
5.425,0.06553201387369326
5.426,0.37287185741310913
5.4270000000000005,0.34082859296855966
5.428,0.13045867183417248
5.429,-0.28138428107101465
5.43,-0.4033310629458038
5.431,-0.5471883303344189
5.432,-0.3762921037663949
5.433,-0.19547941108047734
5.434,0.2651426876923708
5.4350000000000005,0.2740041693645451
5.436,0.3576065309592422
5.437,0.349776264999251
5.438,-0.048839850793026225
5.439,-0.3006020397549465
5.44,-0.3767383511235505
5.441,-0.17018509796660394
5.442,0.11223543303880734
5.4430000000000005,0.41856372608301007
5.444,0.6881470048959271
5.445,0.4014039618534349
5.446,-0.03796480470505584
5.447,0.18372746988191246
5.448,-0.11571131735846815
5.449,-0.24404289995509273
5.45,0.17624361097056493
5.4510000000000005,0.5310285552052906
5.452,0.8899335622116314
5.453,0.36801669844940377
5.454,0.41031702744878557
5.455,0.17338658976226706
5.456,-0.3064188432905184
5.457,-0.21850455302662578
5.458,-0.11568920829122321
5.4590000000000005,0.2786306144787881
5.46,0.4679749560071035
5.461,0.5304432943183188
5.462,0.35735127592725446
5.463,-0.2348578742325147
5.464,-0.652856529213406
5.465,-0.39786482554747243
5.466,-0.17893150318694667
5.4670000000000005,0.09340276280782916
5.468,0.23508498797189353
5.469,0.3510971973206373
5.47,0.3984145384116877
5.471,-0.05693576051656762
5.472,-0.42492658700515124
5.473,-0.5283487350173944
5.474,-0.34374993772063717
5.4750000000000005,0.2134703014802451
5.476,0.22909378180657491
5.477,0.395801071389143
5.478,0.25371680734379043
5.479,0.2521405429901901
5.48,0.1157917337535456
5.481,-0.24869812594655166
5.482,-0.22961586288095662
5.4830000000000005,0.019665889705863037
5.484,-0.035046407342538444
5.485,0.6362540110797968
5.486,0.5377517864104868
5.487,0.3759621928197801
5.488,-0.08389381068395879
5.489,-0.24726214696561977
5.49,-0.27094935963831407
5.4910000000000005,0.12695186407598974
5.492,0.20089880108042377
5.493,0.7968733792220573
5.494,0.589689632686399
5.495,0.15849737717431855
5.496,0.02545962989912724
5.497,-0.33297314593714294
5.498,-0.6788369098640903
5.4990000000000006,-0.008872511975376862
5.5,0.10547138133276626
5.501,0.32879926385793873
5.502,0.3745890517437049
5.503,0.028137864471168367
5.5040000000000004,-0.11690540333885609
5.505,-0.2230104133880112
5.506,-0.6819527759507197
5.507,-0.8632161130516103
5.508,-0.29051783326722397
5.509,0.006518919978694391
5.51,0.23133287359908986
5.511,0.30075673263525554
5.5120000000000005,0.07484406089121265
5.513,-0.27077125753470155
5.514,-0.336132559007405
5.515,-0.7501820928175023
5.516,-0.24485050718131002
5.517,0.08174757882061627
5.518,0.05780463353249965
5.519,0.09230161998164271
5.5200000000000005,0.06741982989578865
5.521,-0.1857520377539466
5.522,-0.21266232569824914
5.523,-0.49096105577615434
5.524,-0.38544976211126275
5.525,-0.06049545523369795
5.526,0.4849260457272645
5.527,0.45383418878077486
5.5280000000000005,0.34035720080803533
5.529,0.09586392566901758
5.53,0.02081926587982469
5.531,-0.446607800732444
5.532,-0.08844920200628653
5.533,-0.025827277989989718
5.534,0.19788765695137311
5.535,0.7693228712839626
5.5360000000000005,0.19955940398291813
5.537,0.07048439856896267
5.538,-0.376951836110918
5.539,-0.28596568811613676
5.54,-0.2164369283716267
5.541,-0.05398353826041419
5.542,0.14956182349648645
5.543,0.1540045469801052
5.5440000000000005,0.16511702584659022
5.545,-0.20540117156671167
5.546,0.05108113332984482
5.547,-0.45350930936824463
5.548,-0.6970231277953062
5.549,-0.30368295576858084
5.55,-0.3766077412658968
5.551,0.10596845890840657
5.5520000000000005,0.1497450105962586
5.553,0.1890021268255405
5.554,-0.16275430571679667
5.555,-0.6416462612076517
5.556,-0.5535552098374549
5.557,-0.33341028335336387
5.558,-0.23630106936720924
5.559,0.19819967326574206
5.5600000000000005,0.13508999361331447
5.561,0.29181945217447947
5.562,0.009270756184908913
5.563,-0.05860898542299717
5.564,-0.3611766159350684
5.565,-0.2633513019729173
5.566,-0.0007600726272768699
5.567,0.24458375664779636
5.5680000000000005,0.4297278234092544
5.569,0.30076147124093877
5.57,0.29559035707505277
5.571,-0.06915863079346525
5.572,-0.3020600200084521
5.573,-0.4039213392991658
5.574,-0.37852244707177407
5.575,-0.263122738602699
5.5760000000000005,0.1899870244790876
5.577,0.42863659557129113
5.578,0.08899116598232962
5.579,0.01713818514381083
5.58,-0.004227562845980526
5.581,-0.3123441975145872
5.582,-0.18223200214979404
5.583,-0.1488896645876798
5.5840000000000005,0.24426500886321467
5.585,0.13479495138734143
5.586,0.11717716157904519
5.587,-0.42006141324724594
5.588,-0.1311086672836946
5.589,-0.29481444517065347
5.59,-0.6261802190187048
5.591,-0.38908820579203146
5.5920000000000005,-0.16412288303334022
5.593,0.25554279061581475
5.594,0.4359542182665085
5.595,-0.1354416455089334
5.596,-0.07896527926246494
5.597,-0.41913003899392426
5.598,-0.42931702176932274
5.599,-0.2287749142260675
5.6000000000000005,-0.02823036581588927
5.601,0.28206219319264153
5.602,0.41415076862091094
5.603,0.5229687436718332
5.604,0.20283478283694517
5.605,-0.09343095768561503
5.606,-0.45860903992601126
5.607,-0.25590541236112374
5.6080000000000005,0.18464458766984881
5.609,0.35523168169570885
5.61,0.640513654386706
5.611,0.7890464393937198
5.612,0.4628916325188515
5.613,0.021143572437346277
5.614,-0.2925355672716933
5.615,-0.6284622551358768
5.6160000000000005,-0.09635754869413368
5.617,0.15683509245407423
5.618,0.4856942397343399
5.619,0.4413451022423566
5.62,0.24013775196556414
5.621,-0.2824302457298449
5.622,-0.4325825427928978
5.623,-0.3281224949522754
5.6240000000000006,-0.03243366839366446
5.625,-0.04435435159959339
5.626,0.2817905185680873
5.627,0.49198402313451717
5.628,0.13041104237563364
5.6290000000000004,0.04595900684480085
5.63,-0.4052820948387878
5.631,-0.3190120962838527
5.632,-0.36444252697476476
5.633,-0.09473043029647576
5.634,0.047489080597357694
5.635,0.47338360662556006
5.636,0.6784669270686812
5.6370000000000005,0.018619150201555745
5.638,-0.1555630854053728
5.639,-0.2635484916694737
5.64,-0.17742874438396214
5.641,-0.17031403752143637
5.642,-0.1984833304376747
5.643,0.6881784038191924
5.644,0.6715646645165816
5.6450000000000005,0.1542531813327288
5.646,0.05294066857762776
5.647,0.13215538138383226
5.648,0.031052141381366777
5.649,0.0848778029622986
5.65,0.19302516517473536
5.651,0.5039498053974556
5.652,0.592239429749188
5.6530000000000005,0.6819601009009904
5.654,0.1121909277036521
5.655,-0.17630349170302775
5.656,-0.07778435264285566
5.657,-0.1988389781285292
5.658,0.23327749763703431
5.659,0.19734143217763128
5.66,0.4563926910083849
5.6610000000000005,0.2865138643753932
5.662,0.1904960616568825
5.663,-0.3467671095097681
5.664,-0.4312999010691906
5.665,-0.6087595980045679
5.666,-0.11599396487644897
5.667,0.16761673592797693
5.668,0.02965158080158281
5.6690000000000005,0.5382274845690989
5.67,0.551802040971887
5.671,-0.10119856614718596
5.672,-0.45931056847375457
5.673,-0.02452038150454322
5.674,-0.511887073557899
5.675,-0.025975647709968474
5.676,0.28517187605309186
5.6770000000000005,0.6005842822362081
5.678,0.37832522391790796
5.679,0.00896173763628269
5.68,-0.326279139261066
5.681,-0.3748551718198053
5.682,-0.4021779018987164
5.683,0.010509469554313297
5.684,0.22560874147432758
5.6850000000000005,0.28666670746778855
5.686,0.6910822586179818
5.687,0.2214094672094326
5.688,-0.18357981075295463
5.689,-0.23123253877105063
5.69,-0.2153247702280956
5.691,-0.3040975867981653
5.692,0.2924017021246441
5.6930000000000005,0.3134362375437083
5.694,0.7691392966524542
5.695,0.41752530988426223
5.696,-0.024271961966202606
5.697,-0.3539423338010137
5.698,-0.37013820783574947
5.699,-0.1592560509718211
5.7,-0.0038241192878588934
5.7010000000000005,0.21862347400050414
5.702,0.3632381410276329
5.703,0.15178614608012736
5.704,-0.08685122611207696
5.705,-0.6512823088015919
5.706,-0.3657107681593408
5.707,-0.4247640003817
5.708,-0.3575320694053817
5.7090000000000005,0.3282869102006016
5.71,0.24017368183356097
5.711,0.05227804177739989
5.712,0.12370555367044167
5.713,-0.2344310966033099
5.714,-0.4416648205615399
5.715,-0.5726950619113875
5.716,-0.2407981874851346
5.7170000000000005,-0.0408663899215782
5.718,0.3360747340337953
5.719,0.039145121987344156
5.72,0.11954048241869455
5.721,0.17526517440588596
5.722,-0.4390728781642881
5.723,-0.48939694587951593
5.724,-0.3257924489961176
5.7250000000000005,-0.15394510823556637
5.726,-0.01823263619482174
5.727,0.4122777959737711
5.728,0.3820054114941148
5.729,0.09856688406113395
5.73,-0.20063347893640593
5.731,-0.3333603234509632
5.732,-0.1372934658111283
5.7330000000000005,-0.0899725432723216
5.734,0.13305475832178187
5.735,0.35070904283181153
5.736,0.4451904177746795
5.737,0.33759784258385034
5.738,-0.28204187510036194
5.739,-0.40762814277464005
5.74,-0.41055481561379364
5.7410000000000005,-0.4427222884616111
5.742,-0.01826309644098456
5.743,-0.021540472705184
5.744,-0.028990130361245647
5.745,0.11835190164792023
5.746,-0.29245208700488434
5.747,-0.4729920802510445
5.748,-0.6045956216173815
5.7490000000000006,-0.62755235189449
5.75,-0.21552786145893868
5.751,-0.11821268570436175
5.752,0.40556085761284766
5.753,-0.08973458957212024
5.7540000000000004,-0.16323460520179497
5.755,-0.5623722723774636
5.756,-0.46296273669608856
5.757000000000001,-0.5258939040950346
5.758,-0.29711503155122226
5.759,0.22045370697557073
5.76,0.30475619729342757
5.761,0.37955236020268573
5.7620000000000005,-0.04003562606320746
5.763,-0.3791512500026212
5.764,-0.3494414053121755
5.765,-0.41597973544426364
5.766,-0.07269067472096828
5.767,0.12491830080108077
5.768,0.4146653184073187
5.769,0.20150662039157685
5.7700000000000005,0.5734789679111677
5.771,-0.019630406880783498
5.772,-0.15130848356003312
5.773,-0.4780529353229083
5.774,-0.1893560973321027
5.775,-0.16784903467062734
5.776,0.3564589770684129
5.777,0.34619369329608757
5.7780000000000005,0.2972128798197146
5.779,0.12284570820613336
5.78,-0.468995464827037
5.781,-0.5615402510072415
5.782,-0.35150174064385215
5.783,0.11745982205314603
5.784,0.06018475307149197
5.785,0.3451004875598231
5.7860000000000005,0.2118763088068785
5.787,0.2970337105652807
5.788,-0.555718272421271
5.789,-0.49606967201072555
5.79,-0.7715445745506516
5.791,-0.711917521548414
5.792,0.007899568227422313
5.793,0.23235283071839255
5.7940000000000005,0.23645078601722147
5.795,0.12043107653729308
5.796,0.3329520666268602
5.797,-0.40974897912230457
5.798,-0.3653238947747208
5.799,-0.3927633757777652
5.8,0.04428488625590172
5.801,0.259602072532941
5.8020000000000005,0.38017959804446905
5.803,0.6436693184100615
5.804,0.3080446071475332
5.805,-0.11634073011837642
5.806,-0.6254885053058773
5.807,-0.26646057863067085
5.808,0.44108865550686027
5.809,0.30004924658942067
5.8100000000000005,0.6917300417254131
5.811,0.7249314781909753
5.812,0.3247334850413092
5.813,-0.13379839491781528
5.814,-0.5950819303480905
5.815,-0.15565159695426722
5.816,-0.20488513861868124
5.817,0.22204746234926165
5.8180000000000005,0.23115795014990448
5.819,0.4178396093388045
5.82,0.28820200508965566
5.821,0.02147477928108408
5.822,-0.46039210152414056
5.823,-0.2200445435158074
5.824,-0.3778313370885136
5.825,-0.2780672035846879
5.8260000000000005,0.2201860414717476
5.827,0.35903608825955496
5.828,0.28147789402009404
5.829,0.2008900425128106
5.83,-0.3240523212958136
5.831,-0.46136664837973107
5.832,-0.5479275339301903
5.833,-0.012606556549617884
5.8340000000000005,0.19517290022075356
5.835,0.30557063852857014
5.836,0.07969439136024542
5.837,0.384321238634893
5.838,-0.29280996889043565
5.839,-0.39303757589103827
5.84,-0.24972995272450563
5.841,-0.2759834102501944
5.8420000000000005,-0.009640450323614436
5.843,0.15175997594273594
5.844,0.6499770173783103
5.845,0.31673280000023096
5.846,0.5646850446162953
5.847,-0.2717462587030342
5.848,-0.34461349018873877
5.849,-0.16146313368012
5.8500000000000005,0.23502955834782302
5.851,0.4002559296829072
5.852,0.6834901338319642
5.853,0.3464733343898839
5.854,0.017920852480429628
5.855,-0.3422646201572258
5.856,-0.5784292517023846
5.857,-0.2837456849321454
5.8580000000000005,-0.030628553332789847
5.859,0.19332573297161165
5.86,0.6431088777143554
5.861,0.6030903356670417
5.862,0.1351608851785931
5.863,-0.39619200723683856
5.864,-0.4435199816736104
5.865,-0.48206723360657655
5.8660000000000005,-0.3160470494231119
5.867,-0.04078507951657395
5.868,0.1957907648568819
5.869,0.2853754613856969
5.87,0.08737083588417634
5.871,-0.0713349316804186
5.872,-0.3038600675336286
5.873,-0.580107641852212
5.8740000000000006,-0.11955427952221007
5.875,-0.1732420458171519
5.876,0.017042056974129582
5.877,0.45596677712976197
5.878,0.20021541766044487
5.8790000000000004,0.12875084082372515
5.88,-0.5490538475255894
5.881,-0.12131141499932566
5.882000000000001,-0.15853514029095403
5.883,-0.2315196306168702
5.884,0.07723650414203123
5.885,0.7492078414095995
5.886,0.3787969412692544
5.8870000000000005,0.15677142466465185
5.888,-0.34791172440533036
5.889,-0.2734497814834726
5.89,-0.274473621514137
5.891,0.05086738624564224
5.892,0.019167542837666723
5.893,0.2298312898373748
5.894,0.5687507734293915
5.8950000000000005,0.48006123740893525
5.896,-0.2081291745302697
5.897,-0.0862244141586323
5.898,-0.35302673778671184
5.899,-0.08955873999896963
5.9,-0.010533054227578872
5.901,-0.12499166770316628
5.902,0.3359439309657186
5.9030000000000005,0.40765209259114843
5.904,-0.16129549370119667
5.905,-0.38677795619753025
5.906,-0.5268791984354748
5.907,-0.8919633253354395
5.908,0.022705121393547634
5.909,-0.07752907109416168
5.91,0.3175700813784567
5.9110000000000005,0.20937145049406608
5.912,0.19830773394408743
5.913,-0.2192516210326133
5.914,-0.5228703783108474
5.915,-0.6306392421893513
5.916,-0.17768738255455266
5.917,-0.27299994130515093
5.918,0.35766043366461797
5.9190000000000005,0.16650380796875588
5.92,0.37726905725477455
5.921,-0.05572995018815742
5.922,-0.22588991570758077
5.923,-0.3865599440669098
5.924,-0.5229032435373222
5.925,-0.10352436165289455
5.926,0.4101383985928925
5.9270000000000005,0.46732914938613895
5.928,0.5336912842808219
5.929,0.16157528557545864
5.93,-0.3292562959687758
5.931,-0.46427905997654295
5.932,-0.2797558121319563
5.933,-0.41213509708458895
5.934,0.4676648857387821
5.9350000000000005,0.4579546014117528
5.936,0.5426902151914306
5.937,-0.1092549709827361
5.938,0.0027252527083178046
5.939,-0.08198247985208484
5.94,-0.651742881222707
5.941,-0.16850113444129516
5.942,-0.009663385147428599
5.9430000000000005,-0.020086850463101935
5.944,0.3251974738587341
5.945,0.20472689381297995
5.946,-0.3074597533803311
5.947,-0.30987769871809395
5.948,-0.8326363656582239
5.949,-0.6855810849182024
5.95,-0.16838589647721364
5.9510000000000005,0.09026526856554501
5.952,0.10867996058776554
5.953,0.25361346877321206
5.954,-0.036722742066659694
5.955,-0.2610457292793128
5.956,-0.5521880322802076
5.957,-0.3726170863746413
5.958,-0.2747583738607404
5.9590000000000005,0.4100842334653101
5.96,0.1860804575572121
5.961,0.6235481794760223
5.962,0.11621119671176104
5.963,-0.37273990424655407
5.964,-0.15996889411651957
5.965,-0.35043520203083695
5.966,-0.04146582681095054
5.9670000000000005,0.3169211529498237
5.968,0.4302034232762187
5.969,0.3512199883257079
5.97,0.431327039488007
5.971,-0.00012797015292650787
5.972,-0.15804093561283283
5.973,-0.6801306356709118
5.974,-0.17215136537602624
5.9750000000000005,-0.07083455713340989
5.976,0.535233989721215
5.977,0.49301683061477897
5.978,0.3302757094768191
5.979,0.09413975318534068
5.98,-0.42921754937096096
5.981,-0.20910186414015722
5.982,-0.11355635309831913
5.9830000000000005,-0.12902971524094903
5.984,0.3300972307354716
5.985,0.18285729000187226
5.986,0.12110761697611995
5.987,0.025306127841225122
5.988,-0.2144634729041448
5.989,-0.5552451740545113
5.99,-0.433031209719798
5.9910000000000005,-0.2763431969398508
5.992,-0.17350502208267274
5.993,0.30126643435129247
5.994,0.41952921939072624
5.995,0.17147826481978373
5.996,0.04887530110664087
5.997,-0.5476554103899116
5.998,-0.3675930280001577
5.9990000000000006,-0.46885097481631066
6.0,-0.16711220373535918
6.001,0.1986497635113844
6.002,0.2963994910822681
6.003,0.2826752054440595
6.0040000000000004,0.0916044036137792
6.005,-0.020630360306204687
6.006,-0.33878947955282573
6.007000000000001,-0.46208853013969076
6.008,0.19378723610133786
6.009,0.19557693095676423
6.01,0.5035622774263806
6.011,0.561659358446891
6.0120000000000005,0.30806623244209297
6.013,0.14330522154045983
6.014,-0.17050993892422123
6.015000000000001,-0.3990962942085905
6.016,0.23364187456654523
6.017,0.21562513271199985
6.018,0.3888313303072639
6.019,0.5960560508223245
6.0200000000000005,0.3159911255606211
6.021,0.03808957077762759
6.022,0.07922791195073031
6.023,-0.4408141428589791
6.024,-0.3345834632588256
6.025,-0.006850440253546256
6.026,0.4008145380941144
6.027,0.13221349281294434
6.0280000000000005,-0.03260814022524733
6.029,-0.08639990464800522
6.03,-0.5285850112288316
6.031,-0.5023418586114676
6.032,-0.30281937474891046
6.033,-0.26585572925711787
6.034,-0.04410173466093362
6.035,0.3801028399651472
6.0360000000000005,0.4944474011950583
6.037,-0.08852883552037227
6.038,0.010704385734886232
6.039,-0.18722987611603803
6.04,-0.16769076610510342
6.041,0.07711750447905054
6.042,0.5337529669624776
6.043,0.4043177546824838
6.0440000000000005,0.5440923064110059
6.045,0.3204957259756537
6.046,0.10916834398750323
6.047,0.08967465894125287
6.048,-0.4264967686779709
6.049,-0.22457433653101
6.05,0.3862410791744624
6.051,0.6050479622864979
6.0520000000000005,0.5188584561407945
6.053,0.603811458141281
6.054,0.2596860304029807
6.055,0.1370370885449668
6.056,-0.24780282161759215
6.057,-0.06472303092618181
6.058,0.3999722740613416
6.059,0.3686833771584803
6.0600000000000005,0.4567481851054129
6.061,0.5218328687482789
6.062,0.12696051140770018
6.063,0.22917417202023588
6.064,-0.33182869281394717
6.065,-0.4319233402806592
6.066,-0.3404724709450329
6.067,0.2318438771326931
6.0680000000000005,0.42806794414116445
6.069,0.273469633996654
6.07,0.27415737325695566
6.071,-0.3238754243974695
6.072,-0.32543924930452867
6.073,-0.3713817057485145
6.074,-0.050651142355662426
6.075,-0.13935914943486294
6.0760000000000005,0.06930168408572213
6.077,0.26457019028727824
6.078,0.1209499582413118
6.079,0.2781605139641401
6.08,0.039356757221418626
6.081,-0.28811735306085134
6.082,-0.08364109004630635
6.083,0.00479284257200056
6.0840000000000005,0.2746656324190381
6.085,0.4371883289689978
6.086,0.4307146082077894
6.087,0.03691534054013956
6.088,0.018383303859242632
6.089,-0.2403103653106272
6.09,-0.14184450762334888
6.091,-0.0553934694464454
6.0920000000000005,0.19229512033273016
6.093,0.3157622229100602
6.094,0.5016335833506489
6.095,0.4308479643320438
6.096,-0.15134911169840257
6.097,-0.24101678708750243
6.098,-0.32756066876359946
6.099,-0.3629890732372728
6.1000000000000005,-0.08817844573634107
6.101,0.28988951322929946
6.102,0.1925772725705972
6.103,0.3067883667077069
6.104,-0.15417431442252805
6.105,-0.1602603950700728
6.106,-0.1395508204374673
6.107,-0.5747963848075959
6.1080000000000005,-0.1356354396540394
6.109,-0.038484754413003086
6.11,0.411053164584106
6.111,0.045868197556202
6.112,0.09484582791534506
6.113,-0.3984603048853379
6.114,-0.5067174021688052
6.115,-0.6402088889669827
6.1160000000000005,-0.16405236650551447
6.117,-0.10882725762512496
6.118,0.350894679364114
6.119,0.28560349015560016
6.12,0.17660340150072237
6.121,-0.05492645102739831
6.122,-0.43542105373568535
6.123,-0.3673367368043681
6.1240000000000006,-0.031807089213486656
6.125,-0.09356394090136379
6.126,0.4816769443179714
6.127,0.6629420031431056
6.128,0.2295196286941899
6.1290000000000004,-0.12202270005682665
6.13,-0.14379714017114512
6.131,-0.4315526978513505
6.132000000000001,-0.018950939908362274
6.133,-0.06308546607649024
6.134,0.09403982065872322
6.135,0.21854618348558277
6.136,0.5224344058930188
6.1370000000000005,0.04400552951363908
6.138,-0.17389181156477682
6.139,-0.26812423199467406
6.140000000000001,-0.5192850720393186
6.141,-0.28239240638953444
6.142,-0.0019133131539093347
6.143,0.32608194332028206
6.144,0.35335631025628284
6.1450000000000005,0.06146025348160016
6.146,-0.19183627414456442
6.147,-0.523730134466601
6.148,-0.7868098358201309
6.149,-0.4048799043303041
6.15,0.11292713911274538
6.151,-0.0282706029326594
6.152,0.11763053439343252
6.1530000000000005,0.018316701500321136
6.154,0.008175513259525244
6.155,-0.30777664162942275
6.156,-0.544099075530552
6.157,-0.5887856878388587
6.158,-0.18373536711940536
6.159,-0.12405159081307396
6.16,0.3363718157664145
6.1610000000000005,0.4436378705283504
6.162,-0.07325014614291686
6.163,-0.3944673689791445
6.164,-0.12795583685624476
6.165,-0.4621408698742472
6.166,-0.0009849639169149105
6.167,0.10702026227726259
6.168,0.3512410777188833
6.1690000000000005,0.5013319402589825
6.17,0.1476257851177666
6.171,0.014885423984532228
6.172,-0.3226428488545806
6.173,-0.5591551832267275
6.174,-0.19187086118889707
6.175,-0.016917476433422857
6.176,0.2624068615704959
6.1770000000000005,0.2179969426269289
6.178,0.534330647697818
6.179,0.1554543909970741
6.18,-0.130608784915183
6.181,-0.4927282015252284
6.182,-0.6645468110937649
6.183,0.1133918773169367
6.184,0.09199917036450986
6.1850000000000005,0.16658613421013088
6.186,0.31473393821081364
6.187,0.2064241861481223
6.188,-0.2705574705885704
6.189,-0.291588522185502
6.19,-0.33856376555926126
6.191,-0.47142571250154325
6.192,-0.11310016459363444
6.1930000000000005,0.3779535870964993
6.194,-0.10709825230820613
6.195,0.13184288312326173
6.196,-0.3316151626777465
6.197,-0.43111891379151374
6.198,-0.4789377175961903
6.199,-0.345190804300199
6.2,-0.08283918781711753
6.2010000000000005,0.1268649736788864
6.202,0.7778316560003884
6.203,0.6396010837675501
6.204,-0.057586285214538374
6.205,0.082653020257281
6.206,-0.36027051060688686
6.207,-0.21566622110930733
6.208,0.0016520526781940385
6.2090000000000005,0.20995556972015755
6.21,0.647391705888495
6.211,0.5009292137169842
6.212,0.19418756769131423
6.213,-0.22854135258464237
6.214,-0.3877782914858088
6.215,-0.5266245047801326
6.216,-0.10078321249082009
6.2170000000000005,-0.001303790168089708
6.218,0.3641322727893961
6.219,0.6514105238296715
6.22,0.454332712536366
6.221,-0.029332969979712704
6.222,-0.3089571416683549
6.223,-0.11753284416534909
6.224,-0.20755923495514034
6.2250000000000005,-0.07119219362429274
6.226,0.029394425342526787
6.227,0.4211778726387624
6.228,0.39099939000456224
6.229,-0.08846820183872234
6.23,-0.23521195366961323
6.231,-0.488804006019168
6.232,-0.40194861036631474
6.2330000000000005,-0.5022984737014116
6.234,0.13882277047814134
6.235,0.5161278363800221
6.236,0.27005715500001476
6.237,0.17183873390737503
6.238,-0.22904609524192163
6.239,-0.2607180029277508
6.24,-0.3499071419984405
6.2410000000000005,-0.2548243705961013
6.242,0.3934390762433934
6.243,0.5856518168872813
6.244,0.4240981896796817
6.245,0.4435601980020037
6.246,0.17435228081737691
6.247,-0.05989361513026152
6.248,-0.4954856245799539
6.2490000000000006,0.03859690462486581
6.25,0.07711180996764584
6.251,0.38140807411646216
6.252,0.9524409940150902
6.253,0.5049975846225551
6.2540000000000004,0.135484350290705
6.255,-0.4327976259717149
6.256,-0.06326030188100862
6.257000000000001,-0.43168918804365497
6.258,-0.15666102981245464
6.259,0.22105626531936856
6.26,0.6552515192059931
6.261,0.5245476153054498
6.2620000000000005,0.15479363631491258
6.263,-0.0845118774828192
6.264,-0.44919139490596194
6.265000000000001,-0.3690303019325943
6.266,-0.2019852869671683
6.267,0.21564200545438036
6.268,0.4468484389159889
6.269,0.426436688063356
6.2700000000000005,0.13785056900913784
6.271,0.018197610822613716
6.272,-0.36269973648087894
6.273,-0.5977677724726745
6.274,-0.3641099101792904
6.275,-0.00879847110135214
6.276,0.3988016262714337
6.277,0.3713862108138734
6.2780000000000005,0.13879643171680148
6.279,0.08355346853501754
6.28,-0.1799342094813291
6.281,-0.31367610514389915
6.282,-0.13560123552932896
6.283,0.1295272573215251
6.284,0.19064316686269597
6.285,0.3845665724462277
6.2860000000000005,0.31026716625811457
6.287,0.36231371970607684
6.288,0.18407810458143609
6.289,-0.29367202640201995
6.29,-0.30192734118495956
6.291,0.1388637964092279
6.292,0.2813789464581292
6.293,0.5015314081599658
6.2940000000000005,0.3028571145906117
6.295,0.41383293442902436
6.296,-0.12590721907740576
6.297,-0.42938607588365363
6.298,-0.41802470381074297
6.299,-0.34491252963220226
6.3,-0.03323995415809119
6.301,0.040913142772374955
6.3020000000000005,0.5098977503548044
6.303,0.42858253898829324
6.304,-0.3053107251127065
6.305,-0.1648714648409932
6.306,-0.6025439980690184
6.307,-0.30686357204313675
6.308,-0.214967073052115
6.309,0.0864693485135196
6.3100000000000005,0.2390894911414576
6.311,0.42949288630300975
6.312,-0.1513334069150532
6.313,-0.16489145340285055
6.314,-0.29964650236041124
6.315,-0.36809940630508725
6.316,0.0703121264966271
6.317,-0.05474692907295016
6.3180000000000005,0.4183220419442527
6.319,0.32660484143372065
6.32,0.3827191749830049
6.321,-0.0756779321950004
6.322,-0.37809712081317726
6.323,-0.2030113194160115
6.324,-0.3362774397538955
6.325,-0.19096162699173058
6.3260000000000005,0.22532494850813473
6.327,0.5273693733607958
6.328,0.5565865087506086
6.329,0.10851769287397618
6.33,0.004258633963566821
6.331,-0.5573048420686726
6.332,-0.369393726249042
6.333,-0.11455902128272641
6.3340000000000005,0.19512380996338807
6.335,0.4022638476008009
6.336,0.4628690955843373
6.337,0.06463379199627078
6.338,-0.15645087857905468
6.339,-0.4135464559629292
6.34,-0.5792277853426295
6.341,-0.28467347021023487
6.3420000000000005,-0.011565020535408178
6.343,0.209683791075587
6.344,0.28170558942076523
6.345,0.11921170410315118
6.346,-0.25183453736333566
6.347,-0.2618530902407654
6.348,-0.7247971455775402
6.349,-0.5355163457537883
6.3500000000000005,0.26235635851912437
6.351,-0.03527837275194379
6.352,0.046283158930131435
6.353,0.274254820796763
6.354,-0.39774531724073103
6.355,-0.3970239361991151
6.356,-0.18632063486112377
6.357,-0.6720363804334463
6.3580000000000005,-0.4855495934003571
6.359,-0.10642643514406377
6.36,0.45585107933903835
6.361,0.48629074343775036
6.362,0.040664649949595205
6.363,-0.06045766610869756
6.364,-0.15605337691472496
6.365,-0.10323093487494678
6.3660000000000005,-0.21035671117565943
6.367,-0.21801700368133298
6.368,0.248805018435756
6.369,0.3674902333095148
6.37,0.2370918661168175
6.371,-0.03746409117432546
6.372,-0.10165685989620624
6.373,-0.17354540672811222
6.3740000000000006,-0.27122525212316784
6.375,0.18520277913081742
6.376,0.33845435117421135
6.377,0.40916744229123053
6.378,0.4327998090808249
6.3790000000000004,0.03727700053802866
6.38,0.03725724782692935
6.381,-0.6575347156981741
6.382000000000001,-0.4760274185863539
6.383,-0.1909039180553878
6.384,0.17579266145104194
6.385,0.4787607492069349
6.386,0.258994881277624
6.3870000000000005,-0.17094963069742652
6.388,-0.12931756096881208
6.389,-0.3585740600979206
6.390000000000001,-0.7808167900648941
6.391,-0.2993797177807446
6.392,-0.23994157187874404
6.393,0.14446593525211743
6.394,0.17323395352023432
6.3950000000000005,0.2833451091143961
6.396,-0.09310365357943806
6.397,-0.5475802300962019
6.398000000000001,-0.2987832538125573
6.399,-0.5048468000226305
6.4,0.0495170685705725
6.401,0.16765837693107355
6.402,0.3758784840856171
6.4030000000000005,0.43024279254429454
6.404,0.18860409333404357
6.405,0.03822507613420201
6.406,-0.32149739151750595
6.407,-0.19884865635958954
6.408,-0.0650442510137858
6.409,0.32515689596610625
6.41,0.5543751821415233
6.4110000000000005,0.45586926416380497
6.412,-0.016161488180316208
6.413,0.005981395484045603
6.414,-0.20935062710491842
6.415,-0.39196025423308134
6.416,-0.30384749517997633
6.417,0.39208671387069777
6.418,0.4713800656065287
6.4190000000000005,0.4064913446790256
6.42,0.10014070161578048
6.421,-0.1502038054992095
6.422,-0.10167740686784196
6.423,-0.37883586928676843
6.424,-0.36713267383258
6.425,0.05652775663568742
6.426,0.12404193852011564
6.4270000000000005,0.5907551896292632
6.428,0.47348009342284736
6.429,-0.059533346184915396
6.43,-0.3690268511660744
6.431,-0.8230527227240366
6.432,-0.5930967185467384
6.433,-0.3272241359150017
6.434,0.19432997465756455
6.4350000000000005,0.32271047814703757
6.436,0.16269726587546116
6.437,0.12019500959542295
6.438,-0.04285970560892052
6.439,-0.24009494089416683
6.44,-0.6083738708703265
6.441,-0.1406729834274233
6.442,-0.022897694345024644
6.4430000000000005,0.5712384858992039
6.444,0.6208540109642223
6.445,0.22145722196125903
6.446,-0.03485769975916772
6.447,-0.23989038215746872
6.448,-0.5942889430034346
6.449,-0.07736044802451825
6.45,0.10616970988069033
6.4510000000000005,0.5652622829265276
6.452,0.37700467023049133
6.453,0.3524299306368998
6.454,-0.046182810677629305
6.455,-0.26531420590166666
6.456,-0.4605549726281788
6.457,-0.09077244185492467
6.458,-0.11976606775342771
6.4590000000000005,0.28195729627836685
6.46,0.3797402214253335
6.461,0.21370432042683074
6.462,0.15025327663414262
6.463,-0.042459811632218875
6.464,-0.540563646245046
6.465,-0.2677020870246417
6.466,-0.33851362778026456
6.4670000000000005,0.0006528675711376386
6.468,0.3847961830762999
6.469,0.2566858617415799
6.47,0.20192249099722476
6.471,-0.13619284419655972
6.472,-0.3256262274972235
6.473,-0.7891399432080043
6.474,-0.575233368666061
6.4750000000000005,0.0729613883685375
6.476,0.4189455577698984
6.477,0.2623705283105379
6.478,0.2824327998952823
6.479,0.11687970658609599
6.48,-0.09660152072595889
6.481,-0.6505911902790458
6.482,-0.4125926041647338
6.4830000000000005,-0.08044616766660614
6.484,0.37695970458524836
6.485,0.8425632428653134
6.486,0.42216436139418034
6.487,0.035953879492326285
6.488,0.0162462983756404
6.489,-0.059253653387537325
6.49,-0.2604267238359343
6.4910000000000005,-0.22776605341139367
6.492,0.33915052994739614
6.493,0.5262672390460073
6.494,0.3191529918288225
6.495,0.36191864835316434
6.496,0.15700105758438904
6.497,-0.08665510915089689
6.498,-0.37913587538085813
6.4990000000000006,-0.31235191140948887
6.5,0.18409107331201
6.501,0.07713109029644274
6.502,0.43501544700282785
6.503,0.05856722247423343
6.5040000000000004,0.15262493672387706
6.505,-0.34306454797618297
6.506,-0.28229817162482085
6.507000000000001,-0.3524026287599732
6.508,-0.3781697324060779
6.509,0.30636725019337135
6.51,0.5103483971598338
6.511,0.39088950069180006
6.5120000000000005,-0.06891379326149184
6.513,-0.29161422567596096
6.514,-0.43323826774649304
6.515000000000001,-0.5720543700918631
6.516,-0.016386125036263632
6.517,0.05336991297866217
6.518,-0.12478018415214259
6.519,0.3982176662422396
6.5200000000000005,0.14904429007366965
6.521,-0.08344242817655256
6.522,-0.3740942611322784
6.523000000000001,-0.27789264584795736
6.524,-0.0956630062220298
6.525,0.06141181803924953
6.526,0.24919243448041328
6.527,0.4249542555996243
6.5280000000000005,0.34695454135730147
6.529,-0.03248592585547071
6.53,-0.11059450087066854
6.531,-0.28831559880247404
6.532,-0.07515224434501397
6.533,0.1143458238921059
6.534,0.10759070465006876
6.535,0.511816372512113
6.5360000000000005,0.2168462282735928
6.537,0.23725724242216356
6.538,-0.2519371657245454
6.539,-0.5559982304388047
6.54,-0.3926351953099526
6.541,-0.6616787653711816
6.542,-0.2441461330571275
6.543,0.21765098855158116
6.5440000000000005,0.3003442478731637
6.545,0.0645726222508817
6.546,-0.4108820429583644
6.547,-0.5616878493142781
6.548,-0.4764036239114725
6.549,-0.32549116032968306
6.55,-0.14235588378830638
6.551,0.3085431961112981
6.5520000000000005,0.3232173903601023
6.553,0.06567998145471227
6.554,-0.11528097543910837
6.555,-0.5601134062246897
6.556,-0.5134449298516829
6.557,-0.2637205659555558
6.558,-0.07701297223553334
6.559,0.3358180346928383
6.5600000000000005,0.28130992169823077
6.561,0.5237102918246783
6.562,0.09138336460137551
6.563,0.0592913085753039
6.564,-0.3676169743204655
6.565,-0.2661131911921403
6.566,0.04602426880939703
6.567,0.09555096072726509
6.5680000000000005,0.40144010347454273
6.569,0.6211674849089013
6.57,0.252097809103347
6.571,-0.2113062352433325
6.572,0.04827586084862229
6.573,-0.4384575465863186
6.574,-0.2243581453629677
6.575,0.19188687204951319
6.5760000000000005,0.19248557558336638
6.577,0.2482846324924663
6.578,0.3359624069710613
6.579,-0.2402674746392148
6.58,-0.3111459073464714
6.581,-0.40036777424246905
6.582,-0.4334376891106743
6.583,-0.3965491836844351
6.5840000000000005,0.35688345505927505
6.585,0.31283864673722744
6.586,0.4867748592286758
6.587,0.013358603772816578
6.588,-0.3773765532034367
6.589,-0.4209836011946682
6.59,-0.5115223583729456
6.591,-0.465375840573641
6.5920000000000005,0.22864888940595057
6.593,0.15972719802328475
6.594,0.040633696671926844
6.595,0.36814228292762396
6.596,-0.18051603250329396
6.597,-0.44148665104207885
6.598,-0.6925958181687395
6.599,-0.027116186124032216
6.6000000000000005,-0.19342208808136507
6.601,0.2970103998691471
6.602,0.5646236316336942
6.603,0.4134444730860585
6.604,0.09570466850696253
6.605,-0.4244974111256827
6.606,-0.43858845762979104
6.607,-0.22548825539972456
6.6080000000000005,-0.12698480506467769
6.609,0.31835532627659985
6.61,0.5804334040867867
6.611,0.604648436516191
6.612,0.06027738987983816
6.613,0.27590733502741893
6.614,-0.15822898051104212
6.615,-0.2988024631137702
6.6160000000000005,0.044484152468813876
6.617,0.5187376823518557
6.618,0.1761519334069836
6.619,0.402502142084582
6.62,-0.08945514545998184
6.621,-0.00024178617689548168
6.622,-0.24331687756996068
6.623,-0.40533335855034835
6.6240000000000006,-0.38170395733109186
6.625,-0.3254566312638348
6.626,0.30485984089835794
6.627,0.5871396533418916
6.628,0.18548966724501748
6.6290000000000004,0.08023785543552836
6.63,-0.5061783606396517
6.631,-0.358190004850267
6.632000000000001,-0.4267143602919433
6.633,-0.2381133676525699
6.634,0.06177166387076065
6.635,0.3134390454088924
6.636,0.4216183260714163
6.6370000000000005,-0.03589370293463598
6.638,-0.18094823225060905
6.639,-0.32955124369685274
6.640000000000001,-0.49370341086453334
6.641,0.1412842712162974
6.642,0.048478150603672804
6.643,0.32621410987130905
6.644,0.345987791378301
6.6450000000000005,0.6144141544138859
6.646,0.15059637405245685
6.647,-0.3242744537377451
6.648000000000001,-0.10402829526551324
6.649,-0.1115506181253968
6.65,0.1716863325542629
6.651,0.35417858380076356
6.652,0.41578771860308217
6.6530000000000005,0.48291715667338614
6.654,0.08569385767761963
6.655,0.14638101056492997
6.656000000000001,-0.4840866038637155
6.657,-0.019029293954449134
6.658,-0.03976101829167334
6.659,0.3014725205680898
6.66,0.5564581702319438
6.6610000000000005,0.30557149372280157
6.662,0.3024473958064374
6.663,-0.5398771445930532
6.664,-0.46763903179944977
6.665,-0.5268556130709791
6.666,-0.39733477548975765
6.667,0.04336719129682298
6.668,0.3661525581352661
6.6690000000000005,0.4650940474928658
6.67,0.23611273307129604
6.671,-0.18514560932632446
6.672,-0.2861744930818346
6.673,-0.41026314080341436
6.674,-0.15780687348687
6.675,0.0989562004051843
6.676,0.268934305140461
6.6770000000000005,0.26438100631654105
6.678,0.22006375151496305
6.679,-0.011941409549141913
6.68,-0.251160069302004
6.681,-0.3106547450081569
6.682,-0.17793408289713353
6.683,-0.044785355199949604
6.684,0.26640979929701725
6.6850000000000005,0.4809796842250136
6.686,0.3699928021698234
6.687,0.0986991281155252
6.688,-0.3172261803386413
6.689,-0.3716225607859037
6.69,-0.21553430661769485
6.691,-0.20681050349087365
6.692,0.15064710826231245
6.6930000000000005,0.48823021742458694
6.694,0.5435412412158844
6.695,0.1361524467482445
6.696,0.151494041196593
6.697,-0.0990486338451996
6.698,-0.5415048973982259
6.699,-0.3836599832855079
6.7,0.1786636024718966
6.7010000000000005,0.23807015217536442
6.702,0.03911503891242751
6.703,0.05831890392489461
6.704,-0.03913272377199401
6.705,-0.47222471654045284
6.706,-0.5270175476546923
6.707,-0.41284432027747997
6.708,0.03371199284574222
6.7090000000000005,0.05862396178738908
6.71,0.448321879152351
6.711,0.4826988674765005
6.712,0.2701703244193948
6.713,-0.19362901573072708
6.714,-0.7406840373617332
6.715,-0.38918294175693025
6.716,-0.105599540753998
6.7170000000000005,0.026008618348999223
6.718,0.547834741076513
6.719,0.4806287999514389
6.72,0.2897297980767032
6.721,0.0928539145071686
6.722,-0.2677875302276332
6.723,-0.7728960285837703
6.724,-0.33945792808533226
6.7250000000000005,0.19672535108310385
6.726,0.17645046479728355
6.727,0.39459407322342543
6.728,0.18388144617147892
6.729,0.35187503046518254
6.73,0.051204315556346
6.731,-0.4932893989513094
6.732,-0.28712256394588964
6.7330000000000005,-0.17845923390869195
6.734,0.3009954089609757
6.735,0.46442956459105655
6.736,0.48147741903620184
6.737,0.1840238601655631
6.738,0.26845386190885284
6.739,-0.5528371687364938
6.74,-0.6860728427163948
6.7410000000000005,-0.31300594294162093
6.742,-0.20899217511643015
6.743,0.029298982854718186
6.744,0.14776685275270837
6.745,-0.007400529758801566
6.746,-0.3053750164325959
6.747,-0.34882408119576097
6.748,-0.5980832299397291
6.7490000000000006,-0.42646376264684327
6.75,0.007527878421720341
6.751,0.03327838450571845
6.752,0.2368302697942714
6.753,0.2450721912015804
6.7540000000000004,-0.3527035835490018
6.755,-0.6965165908070754
6.756,-0.4353801509866222
6.757000000000001,-0.3479020019971841
6.758,0.13747099593841156
6.759,0.15562434944175055
6.76,0.45481198357375185
6.761,0.29629382376008506
6.7620000000000005,0.1675201786556248
6.763,0.0899930606785255
6.764,-0.6827082675683306
6.765000000000001,-0.31093814319561736
6.766,0.1434339912133625
6.767,0.16448268958857848
6.768,0.6133223622323063
6.769,0.33013277910760536
6.7700000000000005,0.2637264073725117
6.771,-0.01166098223773987
6.772,-0.6091474139837076
6.773000000000001,-0.5461903189382272
6.774,-0.41514347718773204
6.775,0.1400366200625108
6.776,0.4136366330143757
6.777,0.44804610239521003
6.7780000000000005,0.4224977531861364
6.779,0.0061117930800388375
6.78,-0.08454454521965338
6.781000000000001,-0.431598295970119
6.782,-0.3790110159487674
6.783,-0.19863199824229255
6.784,0.2275562651929121
6.785,0.2420375089741903
6.7860000000000005,0.427115086728685
6.787,-0.10842875401266502
6.788,-0.4008743720013268
6.789,-0.34878471821905555
6.79,-0.48304035974427634
6.791,-0.347658760316404
6.792,0.15037775023768643
6.793,0.17003531077332074
6.7940000000000005,0.29389878005819753
6.795,0.3851010187164986
6.796,0.13120903464460548
6.797,-0.110446251491357
6.798,-0.46738708662079476
6.799,-0.1022779620747733
6.8,-0.1423429241654303
6.801,0.1508349085886136
6.8020000000000005,0.07244817881023002
6.803,0.5971220825410697
6.804,-0.030132380524969887
6.805,-0.1944954520713168
6.806,-0.4608902958179765
6.807,-0.15738410967687605
6.808,-0.07387235800593994
6.809,0.0830741599724858
6.8100000000000005,0.5351192029280037
6.811,0.23585500390670472
6.812,0.10936699682033801
6.813,-0.378535891426343
6.814,-0.49537409470939986
6.815,-0.27955761668526974
6.816,-0.4206454697545094
6.817,-0.06437862400033445
6.8180000000000005,0.3864440605797133
6.819,0.3506226711595043
6.82,0.5630512917593613
6.821,0.2439471437718199
6.822,-0.42927355389005617
6.823,-0.31586476485925385
6.824,-0.17020797774427404
6.825,-0.10593555316070877
6.8260000000000005,0.026876580810010542
6.827,0.3698713436167848
6.828,0.25145709423297863
6.829,-0.04771905045336935
6.83,-0.20119830783228881
6.831,-0.5361594798163243
6.832,-0.5376540689196176
6.833,-0.10507818445953888
6.8340000000000005,0.2353276172119835
6.835,0.19673980558759352
6.836,0.5032459045338109
6.837,-0.10594330853448264
6.838,-0.21055970155034048
6.839,-0.36570506582541035
6.84,-0.42918910179697467
6.841,-0.21911123057918874
6.8420000000000005,0.44983360265072886
6.843,0.2905372249834641
6.844,0.84941820050157
6.845,0.399788187178578
6.846,0.07025929029544566
6.847,-0.1241896943926352
6.848,0.09722659203819284
6.849,-0.303271385156523
6.8500000000000005,-0.04763034818077101
6.851,0.2800557940556536
6.852,0.5207466219360394
6.853,0.16158194555057676
6.854,0.15964300673400464
6.855,0.11752874980154196
6.856,-0.2804240475953295
6.857,-0.301756425428515
6.8580000000000005,-0.12305889418189914
6.859,0.3853047477002907
6.86,0.3027504071297229
6.861,0.6734351526345741
6.862,0.46038171449481097
6.863,-0.09651804623987996
6.864,-0.361585808197218
6.865,-0.2329027081417472
6.8660000000000005,-0.04350869485605238
6.867,-0.043017236448004176
6.868,0.2321084847234478
6.869,0.16450421945887736
6.87,0.2646842959495578
6.871,0.018048347166786036
6.872,-0.5408448290773835
6.873,-0.49435994898498714
6.8740000000000006,-0.4979817565415335
6.875,-0.15073090870186875
6.876,0.34791525939640905
6.877,0.2889696512829836
6.878,0.27194969513357364
6.8790000000000004,-0.1755104820358658
6.88,-0.178794845725335
6.881,-0.3615051402748915
6.882000000000001,-0.39955215611170014
6.883,-0.07140388259535832
6.884,0.28425120969276624
6.885,0.3297298546885137
6.886,0.2178077863473508
6.8870000000000005,0.49975493347788297
6.888,-0.15778381264604896
6.889,-0.2908647127342036
6.890000000000001,-0.14381749926232917
6.891,0.419293512340253
6.892,-0.008618932439868165
6.893,0.47807574929750724
6.894,0.3524035059763484
6.8950000000000005,0.2112716053835972
6.896,-0.11105163177006638
6.897,-0.44081104873791416
6.898000000000001,-0.3808079534857739
6.899,-0.48256685586605674
6.9,0.14202113497654964
6.901,0.2696543143914457
6.902,0.43802863887748056
6.9030000000000005,0.20214307632832346
6.904,-0.051872684058714
6.905,-0.24867139605899136
6.906000000000001,-0.6327513937676207
6.907,-0.4637919200902068
6.908,-0.30636994529052847
6.909,-0.022780162228137696
6.91,-0.02018671993808019
6.9110000000000005,0.47818590837418884
6.912,-0.03918047971054597
6.913,-0.05335753520128067
6.914,-0.2778534326467376
6.915,-0.6437949788210875
6.916,-0.41944478768545734
6.917,0.42807828624058625
6.918,0.5536949193993341
6.9190000000000005,0.35085250483164515
6.92,0.24600914098348156
6.921,-0.1628297654895099
6.922,-0.25202770947111364
6.923,-0.5065742197720123
6.924,-0.5703186678425027
6.925,-0.18271527325013434
6.926,0.2984910326369936
6.9270000000000005,0.25570425989702983
6.928,0.3274318539709833
6.929,-0.0801626354852818
6.93,-0.3216171666368004
6.931,-0.23579905918932237
6.932,-0.27480863879371226
6.933,-0.08003217276506552
6.934,0.33907073613216865
6.9350000000000005,0.4593494866157421
6.936,0.5769163137448206
6.937,0.0664956236255788
6.938,-0.2339606265759386
6.939,-0.5903208349093512
6.94,-0.48916079629085585
6.941,-0.10348956615660118
6.942,0.2281767224837909
6.9430000000000005,0.40526131741251936
6.944,0.037871038889402575
6.945,0.30331422477917913
6.946,-0.42729722175006724
6.947,-0.28057667877242487
6.948,-0.5656228642129089
6.949,-0.28219295515569665
6.95,-0.3144260373300381
6.9510000000000005,0.3358535746549615
6.952,0.06844225224659972
6.953,0.10116886572385096
6.954,-0.20056230104266615
6.955,-0.5920583050211823
6.956,-0.46413689946749487
6.957,-0.14279969139704812
6.958,0.23479075309750488
6.9590000000000005,0.15226854810212778
6.96,0.5039754142588081
6.961,0.3638848498955774
6.962,0.2000823315438925
6.963,-0.21019533855455855
6.964,-0.334640492080469
6.965,-0.29306697842470264
6.966,-0.2651763038877792
6.9670000000000005,0.1083930686771054
6.968,0.35430684823275577
6.969,0.545467989976755
6.97,0.10544842645132521
6.971,-0.027603598768231125
6.972,0.007275743213712882
6.973,-0.19904268376114106
6.974,-0.0504437604994247
6.9750000000000005,0.018799727629398313
6.976,0.3301073309631465
6.977,0.5497541788710983
6.978,0.5338078467886971
6.979,-0.2601601646008086
6.98,-0.45932224124083876
6.981,-0.23269328570872114
6.982,-0.42446975590035657
6.9830000000000005,-0.25390644864625367
6.984,-0.056782215638598116
6.985,0.22912155438580267
6.986,0.07802984424876813
6.987,0.3832280560527609
6.988,-0.23095313069792167
6.989,-0.45202973409524483
6.99,-0.373045770340911
6.9910000000000005,-0.12695615849264028
6.992,0.1666133963634236
6.993,0.4294579008265039
6.994,0.2358670150013716
6.995,0.1362367847763315
6.996,0.020405740876649134
6.997,-0.4217885826310235
6.998,-0.4233735456895798
6.9990000000000006,-0.22582557632970052
7.0,0.11777776234622943
7.001,0.018976181247727764
7.002,0.5297726514123409
7.003,0.3075183449108336
7.0040000000000004,0.20088875926175775
7.005,-0.06464736180459656
7.006,-0.08967999343287728
7.007000000000001,-0.06588008372379886
7.008,0.1766599957545922
7.009,0.4871541976116912
7.01,0.5041598009817159
7.011,0.4472743533101889
7.0120000000000005,0.3575519918164618
7.013,0.03924484690051351
7.014,-0.33576763650213604
7.015000000000001,-0.25266365917245937
7.016,-0.13758034272469807
7.017,0.02415367550258779
7.018,0.5756990499562396
7.019,0.4367085743033085
7.0200000000000005,0.5687797876646004
7.021,-0.27676888281458634
7.022,-0.38346989386991903
7.023000000000001,-0.3945181975377168
7.024,-0.11115752461946918
7.025,0.04515913757384406
7.026,0.29993044851078937
7.027,0.20524299738679117
7.0280000000000005,0.10677577527371943
7.029,0.0691129336317003
7.03,-0.46907544928571965
7.031000000000001,-0.5004163824329004
7.032,-0.2871357173405637
7.033,-0.2666990556545074
7.034,0.4196885700041153
7.035,0.5575108427697841
7.0360000000000005,0.1281193297392874
7.037,0.018595154145205933
7.038,-0.4689367531372985
7.039000000000001,-0.4477162366650507
7.04,-0.2232382314896032
7.041,-0.2019890718919904
7.042,0.23165952029016101
7.043,0.1821649392472858
7.0440000000000005,0.5943361419335733
7.045,0.24152169174906213
7.046,0.04813363360717549
7.047,-0.22027028323631148
7.048,-0.48412393363572276
7.049,-0.33857523566242376
7.05,0.25414085761600863
7.051,0.44176577029546327
7.0520000000000005,0.6623256568990774
7.053,0.45846508089120286
7.054,0.1676383679431589
7.055,-0.4047889695118655
7.056,-0.35223383296009714
7.057,-0.26956260983766434
7.058,0.2560516046022059
7.059,0.34806856565708844
7.0600000000000005,0.6526377305667381
7.061,0.48281903440603074
7.062,0.0614813546405651
7.063,-0.11862483995866227
7.064,-0.3246222011809055
7.065,-0.5277013519922737
7.066,-0.2639565685078135
7.067,0.04907145603178118
7.0680000000000005,0.5544698051402528
7.069,0.05360570656819563
7.07,0.3872224935566917
7.071,-0.21943775696691387
7.072,-0.5412986443333516
7.073,-0.2465318301937575
7.074,-0.18400826103005286
7.075,0.17378099405412603
7.0760000000000005,0.38618221705963324
7.077,0.7079895264651079
7.078,0.40003823457032917
7.079,0.04335863716122608
7.08,-0.1580947356503455
7.081,-0.17196478142264598
7.082,-0.4116369694139864
7.083,-0.14620449949023917
7.0840000000000005,0.2047244647377341
7.085,0.129464966809538
7.086,0.4526013060053366
7.087,-0.061772364927750956
7.088,-0.06287114801347976
7.089,-0.1547012593749132
7.09,-0.3750617636538951
7.091,0.13363869262988975
7.0920000000000005,-0.048498792864983625
7.093,0.5823562248362594
7.094,0.5535622007620001
7.095,0.02926317578100368
7.096,0.3991158772809778
7.097,-0.2849735256556119
7.098,-0.5085775134838558
7.099,-0.4736371545041926
7.1000000000000005,-0.03300270414903289
7.101,0.24347428357429718
7.102,0.39239620652194285
7.103,0.23084054266600385
7.104,0.10265724361032644
7.105,-0.3445555109692084
7.106,-0.74218106608187
7.107,-0.42561140694035593
7.1080000000000005,-0.5251314561137438
7.109,0.17166421833391626
7.11,0.15740035130218963
7.111,0.3098459053597237
7.112,0.26885284921479125
7.113,-0.3625047997356071
7.114,-0.2717285079052205
7.115,-0.5091971207517207
7.1160000000000005,0.012837194049560685
7.117,-0.005491085024565474
7.118,0.16942380731921294
7.119,0.4622189080795443
7.12,0.14467175883440456
7.121,-0.1927006907858151
7.122,-0.38773102840469315
7.123,-0.40570825613129097
7.1240000000000006,-0.06493349931845929
7.125,-0.2760718090539693
7.126,0.2967424360253584
7.127,0.5166110351922434
7.128,0.36375076657318695
7.1290000000000004,0.2745754649718356
7.13,-0.21835164553464087
7.131,-0.39422970857589035
7.132000000000001,-0.2255365262551665
7.133,-0.06567371152592054
7.134,0.14728262427970845
7.135,0.46402931105352246
7.136,0.26224280616434625
7.1370000000000005,0.044918508892140385
7.138,-0.24659563500480575
7.139,-0.18903242508710655
7.140000000000001,-0.9037417720877376
7.141,-0.1835833610434432
7.142,0.04462841465712697
7.143,0.016366398034890817
7.144,0.3616347367197982
7.1450000000000005,0.22117637603979834
7.146,-0.05342537718966078
7.147,-0.8028776229842142
7.148000000000001,-0.29491046018446426
7.149,-0.4874083231440025
7.15,-0.0006719133519500348
7.151,0.28215381193183775
7.152,0.16724906311605373
7.1530000000000005,0.3106664322893379
7.154,-0.09906244223075339
7.155,-0.6306957633332353
7.156000000000001,-0.29502775333262565
7.157,-0.5227391707974265
7.158,-0.2871602946341084
7.159,0.08246984037592246
7.16,0.3814910686092557
7.1610000000000005,0.32360715089749276
7.162,0.20955346486356058
7.163,-0.3586903502565617
7.164000000000001,-0.4750724010339901
7.165,-0.3917291528901505
7.166,0.10491548349264751
7.167,0.10099057367503717
7.168,0.5234432671639411
7.1690000000000005,0.42456982280694483
7.17,0.18992682086767915
7.171,-0.059760648456533116
7.172,-0.30751731773165036
7.173,-0.2855371047834892
7.174,-0.04862717296017646
7.175,0.06764679768302209
7.176,0.45924483385703396
7.1770000000000005,0.2546804934570487
7.178,0.23837771161911403
7.179,-0.07439471699107637
7.18,-0.2122802497015325
7.181,-0.4795092489821295
7.182,-0.2691685701107659
7.183,-0.28769098518018765
7.184,0.14363571039996872
7.1850000000000005,0.42187842169126283
7.186,-0.01441139180698603
7.187,0.3952014026332261
7.188,-0.26241534346519846
7.189,-0.7393463031557802
7.19,-0.4298507513865989
7.191,-0.25881101959052205
7.192,0.01955901754882919
7.1930000000000005,0.42368961909312125
7.194,0.4485507418751705
7.195,0.2307557887387955
7.196,-0.023160883289344375
7.197,-0.35505326780331914
7.198,-0.15405741793828825
7.199,-0.5063945984482154
7.2,0.020947751132207586
7.2010000000000005,0.2942581993656804
7.202,0.542330807838527
7.203,0.21272797639791954
7.204,-0.17102854174188856
7.205,-0.16279549439798244
7.206,-0.29458729312702375
7.207,-0.052008549197381154
7.208,-0.22293638518768816
7.2090000000000005,0.4363943421458181
7.21,0.8079492134320516
7.211,0.3781197686339938
7.212,0.02543412793804728
7.213,-0.13891075786578072
7.214,-0.2942084432365653
7.215,-0.23519825441789138
7.216,-0.2267715315005588
7.2170000000000005,0.3805018854181659
7.218,0.2107249900474937
7.219,0.164168331371443
7.22,0.4249716795134031
7.221,-0.37577387532335005
7.222,-0.3313578457570464
7.223,0.06825749590656754
7.224,-0.28281507490154484
7.2250000000000005,-0.18147169551473402
7.226,0.24669687629364226
7.227,0.3690799145960624
7.228,0.3070683997117825
7.229,0.12287408677058378
7.23,-0.4175336367443283
7.231,-0.16486462199942098
7.232,-0.32317068001934735
7.2330000000000005,-0.008440002928876478
7.234,0.08597755989594505
7.235,0.5674964792877951
7.236,0.3250935157093224
7.237,0.19901779970554026
7.238,-0.2680515886591278
7.239,-0.4828747267946497
7.24,-0.23898405204699802
7.2410000000000005,-0.21147011957687994
7.242,0.028465139562905223
7.243,0.30711128023849726
7.244,0.5717056569222868
7.245,0.22189878975994823
7.246,0.019482321784668362
7.247,-0.2137787950523343
7.248,-0.5910640010776952
7.2490000000000006,-0.3965787334577392
7.25,0.14904334353124044
7.251,0.2610756477869242
7.252,0.6532771445825761
7.253,0.5451225996053317
7.2540000000000004,0.24492409009077495
7.255,0.11858734592937306
7.256,-0.33187286195286975
7.257000000000001,-0.17500066349962695
7.258,-0.13052813357031776
7.259,0.6079013087844174
7.26,0.715795239337454
7.261,0.39199589381848077
7.2620000000000005,0.22417330414015318
7.263,0.06664901683479008
7.264,-0.3823051106178576
7.265000000000001,-0.4847120717917386
7.266,-0.07390607446608266
7.267,0.09356181648749962
7.268,0.3433698289278912
7.269,0.24316432675651875
7.2700000000000005,-0.04856380004277405
7.271,-0.04075783835219722
7.272,-0.19714628497643227
7.273000000000001,-0.4550805257525156
7.274,-0.07642775378926372
7.275,-0.11861422237958813
7.276,0.10860799753604103
7.277,0.388947064243375
7.2780000000000005,0.3030771537271253
7.279,0.18073662839228116
7.28,-0.32821241359484704
7.281000000000001,-0.15654743902226212
7.282,-0.0037851648140557193
7.283,-0.05915131729810561
7.284,0.43297067579159243
7.285,0.28051797302571657
7.2860000000000005,0.5865153231363787
7.287,0.3712061612487355
7.288,0.051413243866569494
7.289000000000001,-0.29419820516675355
7.29,-0.7539849066829541
7.291,-0.22130333041709774
7.292,0.06992284297202
7.293,0.2506542464085428
7.2940000000000005,0.46497764890482224
7.295,0.2189176285381471
7.296,-0.13525185236912576
7.297,-0.43735247531575316
7.298,-0.48639977558696257
7.299,-0.09541927457838473
7.3,-0.09915375819440497
7.301,0.18641351999110475
7.3020000000000005,0.31060842098897495
7.303,0.3294703652880804
7.304,0.080151458979023
7.305,-0.738227968160037
7.306,-0.2930745235030454
7.307,-0.18152111106051944
7.308,-0.3208256051218322
7.309,-0.020194294859322892
7.3100000000000005,0.24400184055492108
7.311,0.17922965323088388
7.312,0.1125161901661868
7.313,-0.505229875170488
7.314,-0.5920411900467151
7.315,-0.20724096098119466
7.316,-0.3839088296853093
7.317,0.24057265338507294
7.3180000000000005,0.35281752530547783
7.319,0.09095774281511465
7.32,0.30772569297207875
7.321,-0.08257745361202397
7.322,-0.38362810640763934
7.323,-0.3622921182052477
7.324,-0.19578476573718356
7.325,0.11884391467789501
7.3260000000000005,0.46816625821996805
7.327,0.48184387900131875
7.328,0.1258638765969076
7.329,0.004387897095608551
7.33,0.23160101165457744
7.331,-0.26038257140110743
7.332,0.03878554617415447
7.333,0.12694526366729364
7.3340000000000005,0.24086357481622883
7.335,0.4312301756305307
7.336,0.3548071714686757
7.337,-0.12306167817229333
7.338,-0.16277223086478726
7.339,-0.20753084077341724
7.34,-0.5067129498738476
7.341,-0.17635100817485272
7.3420000000000005,0.17293494210070257
7.343,0.13863340656817502
7.344,0.25487815132846564
7.345,0.0052442717672868955
7.346,-0.25646608095294776
7.347,-0.5890231311298177
7.348,-0.6253572488084727
7.349,-0.15403447829495814
7.3500000000000005,-0.23111435479777506
7.351,0.19974682462407786
7.352,0.23288306662948197
7.353,0.3976207831665275
7.354,0.16413105999938274
7.355,-0.18230175682943042
7.356,-0.41691525233691157
7.357,-0.43459880982309607
7.3580000000000005,-0.3321043251132234
7.359,0.4391954608992089
7.36,0.23048894198901512
7.361,0.43457414394721955
7.362,0.2881726059887212
7.363,-0.24005818311916055
7.364,-0.20784283206084134
7.365,-0.26027743853065816
7.3660000000000005,0.07819614546140694
7.367,0.04589174518434498
7.368,0.16559836526607694
7.369,0.3405010714256547
7.37,0.291199855395905
7.371,-0.01662575179938533
7.372,-0.343739603460135
7.373,-0.6646643834083215
7.3740000000000006,-0.18605450076225133
7.375,0.3082431221857535
7.376,0.3501200581864611
7.377,0.49075136639202677
7.378,0.38716546072508995
7.3790000000000004,0.09531909572899498
7.38,-0.1173814676676603
7.381,-0.36324280823519917
7.382000000000001,-0.4216436186241938
7.383,-0.26281751569149037
7.384,0.10511848122371859
7.385,0.37182859293581094
7.386,0.2543043452605339
7.3870000000000005,0.13079678327721891
7.388,-0.14715241188192107
7.389,-0.3036037736721434
7.390000000000001,-0.2541851874227532
7.391,-0.24535788653452673
7.392,-0.15788720028083372
7.393,0.2292139555217864
7.394,0.3484182499408495
7.3950000000000005,-0.08462420498506792
7.396,0.12147438130534291
7.397,-0.3150742925849413
7.398000000000001,-0.36116349459398045
7.399,-0.07866833371568255
7.4,-0.09452142452136524
7.401,0.3695939191038267
7.402,0.40184852814482747
7.4030000000000005,0.30873339925097537
7.404,-0.02915003632833363
7.405,0.05887806238825874
7.406000000000001,-0.3984395889823136
7.407,-0.17645580703623903
7.408,-0.3200180128937225
7.409,0.4334806596705556
7.41,0.6037775859682583
7.4110000000000005,0.44246667393867867
7.412,0.17819897760808787
7.413,-0.024467478578173975
7.414000000000001,0.04076468679475315
7.415,-0.5900241383344731
7.416,-0.025957816252051846
7.417,0.005935863018987769
7.418,0.3710940479656296
7.4190000000000005,0.3848091125224868
7.42,0.1924476530351205
7.421,-0.037630512982700474
7.422000000000001,-0.47157462328887223
7.423,-0.2450000998434535
7.424,-0.5494458782610807
7.425,0.068879172599011
7.426,0.208087800673651
7.4270000000000005,0.20320347120075213
7.428,0.3157297838078674
7.429,-0.20747682697004802
7.43,-0.2531830494604625
7.431,-0.6290415052378119
7.432,-0.2886337676414313
7.433,-0.25440138647003796
7.434,0.11374054230263245
7.4350000000000005,0.41919145101153416
7.436,0.24760632769940286
7.437,0.14772584029401087
7.438,-0.356983961691085
7.439,-0.24142489608694306
7.44,-0.08111372613248469
7.441,0.26935609262751037
7.442,0.16478359578781254
7.4430000000000005,0.5155522223249492
7.444,0.19273178204269004
7.445,0.5339430909636038
7.446,0.14526058348459253
7.447,-0.29739433215207817
7.448,-0.126996272400578
7.449,-0.22339846402090183
7.45,0.020514694126786498
7.4510000000000005,0.433622323524348
7.452,0.32617171388541644
7.453,0.5446001654555207
7.454,-0.02962078473111865
7.455,-0.31956965628724254
7.456,-0.46285789827350265
7.457,-0.1646314100210689
7.458,-0.140771251682899
7.4590000000000005,0.03334104340110164
7.46,0.3237984208279325
7.461,0.3827159890047231
7.462,-0.012762458588907677
7.463,-0.31094981473773764
7.464,-0.04370119105190551
7.465,-0.5147517232503956
7.466,-0.2522901007661301
7.4670000000000005,0.028392856311081467
7.468,0.25479268463931704
7.469,0.46384897818049553
7.47,0.35378526879330585
7.471,-0.11959376886052336
7.472,-0.5160132178673333
7.473,-0.22795001451021793
7.474,-0.3044734397650941
7.4750000000000005,0.2477611600684306
7.476,-0.06935758816227466
7.477,0.4283591353302534
7.478,0.60256603906819
7.479,0.010813979683766371
7.48,-0.2479946471639586
7.481,-0.3203994517207618
7.482,-0.3863447116329695
7.4830000000000005,-0.10448665668956351
7.484,0.18981606115508953
7.485,0.33930575796706774
7.486,0.6035366621018964
7.487,0.2769133702911942
7.488,-0.047088365405130415
7.489,-0.17724585496520673
7.49,-0.35712188102109
7.4910000000000005,-0.24761326648757792
7.492,0.06729438271520968
7.493,0.39198241832219094
7.494,0.2826467087363643
7.495,0.20228384452484358
7.496,-0.09264827653829025
7.497,0.037327236943417885
7.498,-0.7970614398503465
7.4990000000000006,-0.291555363958781
7.5,0.25885406892209706
7.501,0.28289827720255994
7.502,0.4940382264397121
7.503,0.29641057139480226
7.5040000000000004,-0.08472989572017942
7.505,-0.6133998694414551
7.506,-0.41041930384523617
7.507000000000001,-0.5076793858255237
7.508,-0.2772745005732883
7.509,0.057183102381666254
7.51,0.5798241207998306
7.511,0.6599507081688749
7.5120000000000005,0.11801011062588188
7.513,-0.27668531537997815
7.514,-0.5949958462467597
7.515000000000001,-0.36234883235547016
7.516,0.027706020190636005
7.517,0.021279404293010805
7.518,-0.05369603162592279
7.519,0.4657641854459641
7.5200000000000005,0.3623952988186392
7.521,-0.3013963629315199
7.522,-0.28815950430993387
7.523000000000001,-0.33136843408705363
7.524,-0.278596705891173
7.525,-0.10711955053906132
7.526,0.4421431502088279
7.527,0.35807883278629704
7.5280000000000005,0.10714681212605179
7.529,-0.23439420578239023
7.53,-0.023132414025503367
7.531000000000001,-0.27882708661127165
7.532,-0.30542169521720014
7.533,-0.15003890542407908
7.534,0.12411184808891362
7.535,0.22412603968448463
7.5360000000000005,0.2957315779908191
7.537,-0.17948662398924975
7.538,-0.27415410068975565
7.539000000000001,-0.4331841144290224
7.54,-0.3218263219446136
7.541,-0.23980850301362314
7.542,0.16960014580981148
7.543,0.48341726457760226
7.5440000000000005,0.48799295661803455
7.545,0.2358524160563658
7.546,-0.12346258755780197
7.547000000000001,-0.534656966198365
7.548,-0.3706310316634073
7.549,-0.10612785231050897
7.55,-0.033551329427930245
7.551,0.47722082635870927
7.5520000000000005,0.08812764634507472
7.553,0.05598496532697836
7.554,0.1036046582934747
7.555,-0.264960412075356
7.556,-0.2591142901725678
7.557,-0.3963406840278421
7.558,-0.27839519764744586
7.559,0.11991282172084665
7.5600000000000005,0.11796150678062542
7.561,0.1682988097366283
7.562,0.2768184430607107
7.563,-0.024942401922609492
7.564,-0.308940486481622
7.565,-0.6335956963315881
7.566,-0.23587265765670207
7.567,-0.06905668964184665
7.5680000000000005,0.5329836370937302
7.569,0.3265384934507431
7.57,0.09465365854479657
7.571,-0.023245949258270282
7.572,-0.3829816361114742
7.573,-0.15771454325636253
7.574,-0.3684846096615385
7.575,-0.19867199096754629
7.5760000000000005,-0.04308877362475527
7.577,0.39474685249615826
7.578,0.2176664006861986
7.579,-0.17720599540525583
7.58,-0.07665217403048671
7.581,-0.31964204413962866
7.582,-0.37545267478381256
7.583,0.06541150812209887
7.5840000000000005,0.24662561145797776
7.585,0.2065826178552977
7.586,0.1515638875439247
7.587,0.21239591813836084
7.588,-0.14731055908828963
7.589,-0.39677594970003977
7.59,-0.5672810697158153
7.591,-0.15974243556355994
7.5920000000000005,-0.0692219148181878
7.593,0.2710822006571216
7.594,0.563713869076361
7.595,0.09583862160357244
7.596,-0.3192819795011166
7.597,-0.4916270294318734
7.598,-0.26739868720302895
7.599,-0.24436660517588918
7.6000000000000005,-0.019331606803538837
7.601,0.2062034519297123
7.602,0.4893128663419927
7.603,0.20630271885608667
7.604,0.12905089029556308
7.605,-0.30485219297250526
7.606,-0.48159778012301185
7.607,-0.38236151570128485
7.6080000000000005,-0.10085525170083146
7.609,0.24308834869636642
7.61,0.4750289148581291
7.611,-0.13167642380161715
7.612,0.08490809756600043
7.613,-0.14917750575724076
7.614,-0.08244506648203265
7.615,-0.492761925337167
7.6160000000000005,-0.12354722645042003
7.617,0.362821743024456
7.618,0.17367730742563656
7.619,0.4783204451345767
7.62,0.13430088526100908
7.621,-0.11309498514218197
7.622,-0.42255852788324144
7.623,-0.5091399194397105
7.6240000000000006,0.12858155165792368
7.625,0.11573296428156746
7.626,0.42392289424035945
7.627,0.4545795460252536
7.628,0.04660660898972843
7.6290000000000004,0.08759985297115402
7.63,-0.09591430227345613
7.631,-0.5414601688295254
7.632000000000001,-0.21111343943040253
7.633,-0.008548885443100715
7.634,0.4602721140320215
7.635,0.31293819500969877
7.636,0.1986978457914167
7.6370000000000005,0.10130352403979895
7.638,0.08377610194439356
7.639,-0.6127794110076619
7.640000000000001,-0.6593970969399336
7.641,-0.14017946557260658
7.642,0.07980650557417823
7.643,0.3928100059068664
7.644,0.5952550005805314
7.6450000000000005,0.21866081361586467
7.646,-0.2596385663849328
7.647,0.07393126541374181
7.648000000000001,-0.47040226462007684
7.649,-0.3525132442885136
7.65,0.24628621352315208
7.651,0.2962265195006888
7.652,0.46793825477425777
7.6530000000000005,0.45586209092674107
7.654,0.28383114896925465
7.655,-0.21903242183138172
7.656000000000001,-0.10474093720455066
7.657,-0.604557615389111
7.658,0.06083881477177086
7.659,0.10553461307964238
7.66,0.617233911125736
7.6610000000000005,0.40639366096720825
7.662,0.06181713722211288
7.663,-0.039632912555152874
7.664000000000001,-0.22656348076122176
7.665,-0.2888837325346582
7.666,-0.35722880528586154
7.667,0.012398205901635095
7.668,0.31926331040362194
7.6690000000000005,0.3665770932969964
7.67,0.32626675248405207
7.671,-0.37369306286992077
7.672000000000001,-0.27826684834769855
7.673,-0.4607190066559083
7.674,-0.4143911335668775
7.675,-0.12203843679875347
7.676,0.23590283918828545
7.6770000000000005,-0.14109869345933634
7.678,0.20895645501001497
7.679,-0.06886952536737476
7.68,-0.13624618668428398
7.681,-0.48823771681826744
7.682,-0.3381426866419865
7.683,0.1696878229684224
7.684,0.3850935326892744
7.6850000000000005,0.563716317033046
7.686,0.33877665367921234
7.687,0.28344899561593717
7.688,-0.12572132857117146
7.689,-0.3339787301092931
7.69,-0.2620065792252117
7.691,-0.22685746877785484
7.692,0.37609888285431603
7.6930000000000005,0.3625582041901723
7.694,0.5296563575958187
7.695,0.4916463613672817
7.696,0.1361958726588054
7.697,-0.49524909257397365
7.698,-0.3159888188833634
7.699,-0.13788060485878123
7.7,0.1337794533237806
7.7010000000000005,0.09850261507476646
7.702,0.2842008596056932
7.703,0.433167735527567
7.704,-0.09558578998694552
7.705,-0.31807021364266985
7.706,-0.20025776718885877
7.707,-0.3934068807563139
7.708,-0.2607448391976763
7.7090000000000005,0.006162127634209175
7.71,0.3739340737909757
7.711,0.10522011607696496
7.712,0.054211561978215764
7.713,-0.15130250306481569
7.714,-0.21816452679383413
7.715,-0.32752946781810743
7.716,-0.342364248287859
7.7170000000000005,0.23905411315667993
7.718,0.2615166311737388
7.719,0.182533303818852
7.72,0.19073270790490846
7.721,0.1534797308841423
7.722,-0.28923453016114137
7.723,-0.39718912631572817
7.724,-0.022637751998692113
7.7250000000000005,-0.20430113708684977
7.726,0.09539640522150539
7.727,0.17436503917975296
7.728,0.38375508656910734
7.729,0.09582231504110461
7.73,0.01697574278145031
7.731,-0.33685981200104237
7.732,-0.3810601857863476
7.7330000000000005,-0.08520142872018867
7.734,0.22009376022855706
7.735,0.13424044925668932
7.736,0.7671405972417664
7.737,0.217337248720949
7.738,-0.1306736252187578
7.739,-0.29192668448985853
7.74,-0.3037671916718099
7.7410000000000005,-0.25098965520992644
7.742,-0.03965065037898896
7.743,0.37635881386471026
7.744,0.39318092503883695
7.745,0.05043840389850443
7.746,0.094760889710227
7.747,-0.33598638185324936
7.748,-0.36430720127390154
7.7490000000000006,-0.14128236938728292
7.75,-0.07350772695816296
7.751,0.24518619679843034
7.752,0.4462943526935134
7.753,0.12790727331477936
7.7540000000000004,-0.009448814047433167
7.755,-0.27915882275092974
7.756,-0.5935697753290179
7.757000000000001,-0.04101783514606333
7.758,-0.35465630102951284
7.759,-0.03888593449037436
7.76,0.5480964400895858
7.761,0.4468939300971722
7.7620000000000005,-0.02139192161041034
7.763,-0.06394774604770713
7.764,-0.14307459575268008
7.765000000000001,-0.3804482490147866
7.766,0.20670360395493625
7.767,-0.1453640992232455
7.768,0.4587907295494892
7.769,0.5870603383678124
7.7700000000000005,0.38908559543472787
7.771,-0.06050208011540208
7.772,-0.33254659304387457
7.773000000000001,-0.3154562158925732
7.774,-0.13738013853428332
7.775,0.10051627689730672
7.776,0.4352831630042723
7.777,0.2465196662720861
7.7780000000000005,0.26838497797043753
7.779,-0.10263523830054222
7.78,-0.3110572266484282
7.781000000000001,-0.2648940010063372
7.782,-0.35183552199546636
7.783,0.25557525046311425
7.784,0.18058189689829168
7.785,0.34376208351387755
7.7860000000000005,0.3285591794995984
7.787,-0.0004959028949936134
7.788,-0.20977741898148064
7.789000000000001,-0.2473309130292845
7.79,-0.4175121027287315
7.791,-0.36441191785269433
7.792,-0.08939033422761405
7.793,0.2237366061168371
7.7940000000000005,0.36215233255274976
7.795,0.3778225476929728
7.796,-0.28124746111148224
7.797000000000001,-0.3792884729611072
7.798,-0.393247572402704
7.799,-0.5567987609524345
7.8,-0.12503974244539917
7.801,0.17975169475449565
7.8020000000000005,0.29546718381835635
7.803,0.36002873921649886
7.804,0.05597030000268474
7.805000000000001,-0.2822586770657555
7.806,-0.2871287242520908
7.807,-0.03312979645888631
7.808,0.1961168889465253
7.809,-0.04349490322052363
7.8100000000000005,0.5206293798052198
7.811,0.38919866163937167
7.812,0.2237328651708065
7.813,-0.15559044224304697
7.814,-0.2956788253695522
7.815,-0.31277630054543687
7.816,-0.23906655712666647
7.817,0.0003920408982492629
7.8180000000000005,0.3001882023856448
7.819,0.4518593937206211
7.82,0.3426328186287923
7.821,0.08939068247163785
7.822,-0.3768021726384179
7.823,-0.3567703035703268
7.824,-0.1347697140332929
7.825,0.16494446021398018
7.8260000000000005,0.25127963064996445
7.827,0.3493946266671092
7.828,0.3181798374331245
7.829,-0.14202759502188703
7.83,-0.2838263704951626
7.831,-0.29980809126954167
7.832,-0.2578901935578043
7.833,-0.15333834442730765
7.8340000000000005,0.21609786097988645
7.835,0.25236649015891544
7.836,0.46872926248788666
7.837,0.14308487359306107
7.838,-0.17444539177439441
7.839,-0.39500507846170235
7.84,-0.36155168288249845
7.841,-0.22449247083529789
7.8420000000000005,0.2404704594937336
7.843,0.32722715645076267
7.844,0.6866413892577049
7.845,0.5150059395038099
7.846,-0.11921816314951549
7.847,-0.22946670814043948
7.848,-0.4258765635763084
7.849,-0.2502831540315761
7.8500000000000005,0.373410026571304
7.851,0.3001434560538922
7.852,0.5240354944570884
7.853,0.457481897887831
7.854,-0.0355725288228069
7.855,-0.30356796020172316
7.856,-0.5193640885833967
7.857,-0.4221785889276938
7.8580000000000005,-0.48504425729257106
7.859,0.3094623885258436
7.86,0.7165750468847968
7.861,0.40505649924806536
7.862,-0.051162708419925734
7.863,-0.23625498634425765
7.864,-0.42950544881033603
7.865,-0.5373539978319496
7.8660000000000005,-0.07278841043817522
7.867,0.20791727664428797
7.868,0.1482557788662616
7.869,0.48344561531696945
7.87,0.44485466631758386
7.871,0.215955155317195
7.872,0.10328919070782694
7.873,-0.5508067169736104
7.8740000000000006,0.1364251624878316
7.875,-0.06278142949189162
7.876,0.17975946160705747
7.877,0.4481388810992442
7.878,0.22627498764700443
7.8790000000000004,0.12118221491839332
7.88,-0.41597861836120903
7.881,-0.40564883925275197
7.882000000000001,-0.11606973819125962
7.883,-0.0738121310665808
7.884,0.2530654059598004
7.885,0.4951010664063178
7.886,0.5844248003130431
7.8870000000000005,-0.051499165148469334
7.888,-0.008345505451013716
7.889,-0.3502447229682773
7.890000000000001,-0.3038844641279261
7.891,0.01641275032338413
7.892,-0.031992028037102715
7.893,0.23003269462619252
7.894,0.14240182677167257
7.8950000000000005,0.18729798093962197
7.896,0.17800731912199047
7.897,-0.304311191863177
7.898000000000001,-0.5853109294337431
7.899,-0.3391330612678382
7.9,-0.22317925552377335
7.901,0.09751086814663548
7.902,0.4426448388005388
7.9030000000000005,0.11020796237604105
7.904,0.18856675305801301
7.905,-0.2801675084744907
7.906000000000001,-0.41963902160924316
7.907,-0.4233769989829512
7.908,-0.030829034836585945
7.909,0.26050282970488425
7.91,0.3796511572384266
7.9110000000000005,0.3953100657377368
7.912,0.06482169769093893
7.913,-0.1148143068801123
7.914000000000001,-0.45885527025966194
7.915,-0.42283154435921577
7.916,-0.27240158860332986
7.917,-0.002752969570345848
7.918,0.2060544958181676
7.9190000000000005,0.44042382510527955
7.92,0.4148974616742815
7.921,0.11457228952043903
7.922000000000001,-0.5019519447563096
7.923,-0.20570058366336516
7.924,-0.316476121947411
7.925,0.09952215250342562
7.926,0.1509319726623588
7.9270000000000005,0.4363706713766238
7.928,0.37304614753827425
7.929,-0.1538136707002299
7.930000000000001,-0.12516254137195315
7.931,-0.1733497117821418
7.932,-0.3482795985418365
7.933,0.1172217799183496
7.934,0.173057103621964
7.9350000000000005,0.5120062817516984
7.936,0.027932870741349092
7.937,0.5029244025800688
7.938,0.06356417169159728
7.939,-0.4247757931854979
7.94,-0.7031605128667993
7.941,-0.18316183778981715
7.942,-0.15732424548381727
7.9430000000000005,0.35805012650448187
7.944,0.40253962715345604
7.945,0.03672497462561203
7.946,0.0565179608702165
7.947,-0.2523218415468149
7.948,-0.3203103870258702
7.949,-0.34148554212849275
7.95,-0.28181202556743057
7.9510000000000005,0.3515732887652753
7.952,0.2913165967891111
7.953,0.03498009202825528
7.954,0.19169088297776066
7.955,0.022903555928418973
7.956,-0.4509005259742154
7.957,-0.05994834219398604
7.958,-0.12566970625600135
7.9590000000000005,0.10227008289515976
7.96,0.2591971898102532
7.961,0.5875624835499195
7.962,0.0168845833091371
7.963,-0.04400926375763453
7.964,-0.44700099549076405
7.965,-0.445384351160123
7.966,-0.029494190427848732
7.9670000000000005,0.0549293311708595
7.968,0.2923814690128741
7.969,0.580177888608392
7.97,0.4930646672743856
7.971,0.06492441709917328
7.972,-0.38902533071713497
7.973,-0.4602996584007834
7.974,-0.24909548582817467
7.9750000000000005,0.05731932146919409
7.976,0.13057542035989514
7.977,0.5077925785902483
7.978,0.31591573749878765
7.979,-0.2178693998341426
7.98,-0.39076386198295876
7.981,-0.49048757894818695
7.982,-0.3760781525906206
7.9830000000000005,0.15136192320478553
7.984,0.19121072496586186
7.985,0.21303329298913642
7.986,0.35041778991416306
7.987,0.04731777518139531
7.988,-0.1472634857386012
7.989,-0.3242211040894304
7.99,-0.2480667121840335
7.9910000000000005,-0.24402167460553306
7.992,0.2999844255470537
7.993,0.43189195013272036
7.994,0.24893868631287788
7.995,0.5337201294474369
7.996,-0.028266221021569192
7.997,-0.4543840724828975
7.998,-0.16546464632309182
7.9990000000000006,0.03067781535650005
