block_id,wel_id,wel_number,rig_id,x,y,z,depth_m,dm,dx,dy
2023-11-16,901783,519,4021,11946.583,6949.642,289.36,9.58,0.171,0.0,0.0
2023-11-16,901794,528,4021,11951.805,6946.974,289.089,9.58,0.171,0.0,0.0
2023-11-16,901801,537,4021,11957.188,6944.25,289.587,9.58,0.171,0.0,0.0
2023-11-16,901813,546,4021,11962.555,6941.318,289.885,,0.171,0.0,0.0
2023-11-16,901818,555,4021,11967.86,6938.502,289.728,10.29,0.171,0.0,0.0
2023-11-16,901822,564,4021,11973.288,6935.85,289.466,10.04,0.171,0.0,0.0
2023-11-16,901829,575,4021,11978.282,6933.234,289.605,10.04,0.171,0.0,0.0
2023-11-16,901835,584,4021,11983.681,6930.377,289.707,10.09,0.171,0.0,0.0
2023-11-16,901842,593,4021,11989.059,6927.669,289.931,10.5,0.171,0.0,0.0
2023-11-16,901851,602,4021,11994.642,6924.792,290.249,10.55,0.171,0.0,0.0
2023-11-16,901860,611,4021,11999.714,6922.117,290.214,10.54,0.171,0.0,0.0
2023-11-16,901865,620,4021,12005.153,6919.406,290.537,10.44,0.171,0.0,0.0
2023-11-16,901872,629,4021,12010.358,6916.529,290.566,10.45,0.171,0.0,0.0
2023-11-16,901944,638,4021,12015.641,6913.642,290.387,11.27,0.171,0.0,0.0
2023-11-16,901957,646,4021,12020.913,6911.02,290.668,10.9,0.171,0.0,0.0
2023-11-16,901967,655,4021,12026.308,6908.351,290.347,5.2,0.171,0.0,0.0
2023-11-16,901972,661,4021,12031.925,6905.692,290.461,10.8,0.171,0.0,0.0
2023-11-16,901980,660,4021,12028.244,6900.934,290.502,9.79,0.171,0.0,0.0
2023-11-16,901989,654,4021,12023.65,6903.073,289.887,10.44,0.171,0.0,0.0
2023-11-16,901997,645,4021,12018.055,6905.644,290.495,11.41,0.171,0.0,0.0
2023-11-16,902004,637,4021,12013.106,6908.267,290.388,6.22,0.171,0.0,0.0
2023-11-16,902007,628,4021,12007.835,6911.267,290.089,10.39,0.171,0.0,0.0
2023-11-16,902019,619,4021,12002.551,6913.871,289.868,11.11,0.171,0.0,0.0
2023-11-16,902027,610,4021,11996.879,6916.833,289.265,9.99,0.171,0.0,0.0
2023-11-16,902035,601,4021,11991.462,6919.58,289.701,10.04,0.171,0.0,0.0
2023-11-16,902045,592,4021,11986.491,6922.176,289.339,10.14,0.171,0.0,0.0
2023-11-16,902053,583,4021,11981.074,6924.903,289.546,9.78,0.171,0.0,0.0
2023-11-16,902071,574,4021,11975.747,6927.748,289.566,10.04,0.171,0.0,0.0
2023-11-16,902082,563,4021,11970.552,6930.426,289.55,9.84,0.171,0.0,0.0
2023-11-16,902089,554,4021,11965.203,6933.306,289.499,10.7,0.171,0.0,0.0
2023-11-16,902101,545,4021,11959.981,6936.092,289.69,9.48,0.171,0.0,0.0
2023-11-16,902111,536,4021,11954.503,6938.871,289.582,8.97,0.171,0.0,0.0
2023-11-16,902118,527,4021,11949.098,6941.654,289.224,9.07,0.171,0.0,0.0
2023-11-16,902126,518,4021,11943.809,6944.221,289.07,8.67,0.171,0.0,0.0
2023-11-16,902133,509,4021,11938.576,6947.18,289.079,8.72,0.171,0.0,0.0
2023-11-16,902141,499,4021,11933.265,6949.822,289.111,8.87,0.171,0.0,0.0
2023-11-16,902147,486,4021,11927.961,6953.022,289.163,8.87,0.171,0.0,0.0
2023-11-16,902154,477,4021,11922.995,6956.176,289.174,8.87,0.171,0.0,0.0
2023-11-16,902162,468,4021,11917.952,6959.395,289.197,8.92,0.171,0.0,0.0
2023-11-16,902170,459,4021,11912.665,6962.657,289.267,8.72,0.171,0.0,0.0
2023-11-16,902178,450,4021,11908.183,6965.663,289.226,8.67,0.171,0.0,0.0
2023-11-16,902186,441,4021,11902.495,6969.144,289.048,8.97,0.171,0.0,0.0
2023-11-16,902197,432,4021,11897.541,6972.278,288.773,8.92,0.171,0.0,0.0
2023-11-16,902208,422,4021,11892.871,6975.497,288.242,7.7,0.171,0.0,0.0
2023-11-16,902219,409,4021,11887.772,6978.589,288.493,8.46,0.171,0.0,0.0
2023-11-16,902232,400,4021,11882.562,6981.71,288.881,8.87,0.171,0.0,0.0
2023-11-16,902244,391,4021,11877.279,6984.858,289.082,8.77,0.171,0.0,0.0
2023-11-16,902259,382,4021,11872.186,6988.045,289.188,8.77,0.171,0.0,0.0
2023-11-16,902268,373,4021,11867.266,6991.247,289.121,8.92,0.171,0.0,0.0
2023-11-16,902275,364,4021,11862.106,6994.457,289.022,8.97,0.171,0.0,0.0
2023-11-16,902280,355,4021,11856.99,6997.706,288.574,8.97,0.171,0.0,0.0
2023-11-16,902288,346,4021,11851.663,7000.798,288.217,8.72,0.171,0.0,0.0
2023-11-16,902294,336,4021,11846.837,7003.805,287.991,8.72,0.171,0.0,0.0
2023-11-16,902301,324,4021,11841.36,7006.797,287.945,8.61,0.171,0.0,0.0
2023-11-16,902311,315,4021,11836.356,7010.074,288.007,8.87,0.171,0.0,0.0
2023-11-16,902319,305,4021,11831.263,7013.264,288.016,8.46,0.171,0.0,0.0
2023-11-16,902327,295,4021,11825.997,7016.265,287.906,6.93,0.171,0.0,0.0
2023-11-16,902335,285,4021,11820.854,7019.4,287.781,6.32,0.171,0.0,0.0
2023-11-16,902342,275,4021,11815.727,7022.603,288.133,8.1,0.171,0.0,0.0
2023-11-16,902351,265,4021,11810.807,7025.891,288.137,8.46,0.171,0.0,0.0
2023-11-16,902360,254,4021,11805.852,7028.836,288.092,8.92,0.171,0.0,0.0
2023-11-16,902382,242,4021,11800.397,7031.691,287.961,8.41,0.171,0.0,0.0
2023-11-16,902390,232,4021,11795.253,7034.692,288.263,8.46,0.171,0.0,0.0
2023-11-16,902409,221,4021,11789.892,7037.448,288.513,8.56,0.171,0.0,0.0
2023-11-16,902417,210,4021,11784.393,7040.401,288.478,8.36,0.171,0.0,0.0
2023-11-16,902425,199,4021,11779.377,7043.105,288.723,8.77,0.171,0.0,0.0
2023-11-16,902432,188,4021,11774.105,7046.057,288.868,4.08,0.171,0.0,0.0
2023-11-16,899250,616,4021,12011.839,6946.532,290.474,10.5,0.171,0.0,0.0
2023-11-16,899257,625,4021,12016.67,6943.193,290.839,10.6,0.171,0.0,0.0
2023-11-16,899263,634,4021,12021.913,6939.755,290.721,11.01,0.171,0.0,0.0
2023-11-16,899267,642,4021,12026.286,6935.197,290.625,10.65,0.171,0.0,0.0
2023-11-16,899268,650,4021,12031.714,6932.574,290.616,10.45,0.171,0.0,0.0
2023-11-16,899270,659,4021,12037.014,6929.749,290.441,10.55,0.171,0.0,0.0
2023-11-16,899274,665,4021,12042.431,6927.139,290.857,11.01,0.171,0.0,0.0
2023-11-16,899279,669,4021,12047.809,6924.448,291.086,11.01,0.171,0.0,0.0
2023-11-16,899284,672,4021,12053.12,6921.887,290.536,11.06,0.171,0.0,0.0
2023-11-16,899288,633,4021,12020.216,6936.432,290.252,10.7,0.171,0.0,0.0
2023-11-16,899294,624,4021,12015.056,6939.625,290.335,10.55,0.171,0.0,0.0
2023-11-16,899299,615,4021,12010.175,6943.154,290.464,11.47,0.171,0.0,0.0
2023-11-16,899303,606,4021,12005.049,6946.399,290.072,10.55,0.171,0.0,0.0
2023-11-16,899309,597,4021,11999.805,6949.083,289.829,10.19,0.171,0.0,0.0
2023-11-16,899314,588,4021,11994.583,6951.872,289.703,10.09,0.171,0.0,0.0
2023-11-16,899321,579,4021,11989.216,6954.632,289.459,10.09,0.171,0.0,0.0
2023-11-16,899324,568,4021,11983.816,6957.425,289.742,10.14,0.171,0.0,0.0
2023-11-16,899332,559,4021,11978.405,6960.123,289.673,10.14,0.171,0.0,0.0
2023-11-16,899339,550,4021,11973.195,6963.048,289.481,10.09,0.171,0.0,0.0
2023-11-16,899347,541,4021,11967.873,6965.648,289.445,9.84,0.171,0.0,0.0
2023-11-16,899354,532,4021,11962.401,6968.49,289.371,9.53,0.171,0.0,0.0
2023-11-16,899360,523,4021,11957.145,6971.328,289.305,9.58,0.171,0.0,0.0
2023-11-16,899366,514,4021,11951.762,6974.107,289.152,9.69,0.171,0.0,0.0
2023-11-16,899372,504,4021,11946.468,6976.9,288.766,9.07,0.171,0.0,0.0
2023-11-16,899378,491,4021,11941.375,6979.864,289.031,8.97,0.171,0.0,0.0
2023-11-16,899382,482,4021,11936.176,6983.185,289.116,9.07,0.171,0.0,0.0
2023-11-16,899388,473,4021,11931.261,6986.371,288.236,8.67,0.171,0.0,0.0
2023-11-16,899390,464,4021,11926.201,6989.626,288.163,8.67,0.171,0.0,0.0
2023-11-16,899395,455,4021,11921.025,6992.774,288.428,8.51,0.171,0.0,0.0
2023-11-16,899400,446,4021,11915.976,6996.006,288.026,8.56,0.171,0.0,0.0
2023-11-16,899403,437,4021,11911.005,6999.192,288.032,8.05,0.171,0.0,0.0
2023-11-16,899406,427,4021,11905.968,7002.379,287.825,8.1,0.171,0.0,0.0
2023-11-16,899409,414,4021,11900.73,7005.637,288.255,8.61,0.171,0.0,0.0
2023-11-16,899413,405,4021,11895.592,7008.726,288.492,8.61,0.171,0.0,0.0
2023-11-16,899418,396,4021,11890.483,7011.89,288.952,8.97,0.171,-0.704,0.493
2023-11-16,899422,387,4021,11885.451,7015.025,289.586,9.07,0.171,0.0,0.0
2023-11-16,899425,378,4021,11880.341,7018.162,289.374,8.87,0.171,0.0,0.0
2023-11-16,899430,369,4021,11875.32,7021.408,288.836,8.97,0.171,0.0,0.0
2023-11-16,899434,360,4021,11870.165,7024.483,289.519,8.97,0.171,0.0,0.0
2023-11-16,899438,351,4021,11865.072,7027.699,289.151,8.92,0.171,0.0,0.0
2023-11-16,899441,341,4021,11860.007,7030.847,289.317,9.02,0.171,0.0,0.0
2023-11-16,899444,329,4021,11854.808,7033.838,289.17,8.72,0.171,0.0,0.0
2023-11-16,899451,320,4021,11849.676,7037.057,289.088,8.92,0.171,0.0,0.0
2023-11-16,899454,310,4021,11844.522,7040.257,288.66,8.97,0.171,0.0,0.0
2023-11-16,899459,300,4021,11839.473,7043.284,288.839,8.97,0.171,0.0,0.0
2023-11-16,899462,290,4021,11834.341,7046.363,288.851,9.02,0.171,0.0,0.0
2023-11-16,899468,280,4021,11829.114,7049.541,288.607,8.72,0.171,0.0,0.0
2023-11-16,899472,270,4021,11823.92,7052.669,288.682,8.67,0.171,0.0,0.0
2023-11-16,899473,259,4021,11818.983,7055.637,288.771,8.61,0.171,0.0,0.0
2023-11-16,899479,247,4021,11813.722,7058.582,288.873,8.87,0.171,0.0,0.0
2023-11-16,899483,237,4021,11808.69,7061.303,288.916,5.71,0.171,0.0,0.0
2023-11-16,899489,237,4021,11808.262,7061.538,289.171,8.82,0.171,0.0,0.0
2023-11-16,899493,226,4021,11803.062,7064.337,289.647,9.68,0.171,0.0,0.0
2023-11-16,899498,215,4021,11797.952,7067.211,289.736,10.3,0.171,0.0,0.0
2023-11-16,899504,204,4021,11792.636,7070.036,289.57,10.14,0.171,0.0,0.0
2023-11-16,899509,193,4021,11787.336,7072.979,289.826,10.03,0.171,0.0,0.0
2023-11-16,899515,182,4021,11781.848,7075.785,289.706,10.19,0.171,0.0,0.0
2023-11-16,899519,171,4021,11776.765,7078.606,289.79,10.14,0.171,0.0,0.0
2023-11-16,899527,157,4021,11771.415,7081.444,289.416,10.14,0.171,0.0,0.0
2023-11-16,899532,146,4021,11766.199,7084.149,289.629,9.98,0.171,0.0,0.0
2023-11-16,899541,134,4021,11760.967,7087.072,289.78,10.09,0.171,0.0,0.0
2023-11-16,899548,122,4021,11755.745,7089.894,289.957,10.14,0.171,0.0,0.0
2023-11-16,899552,110,4021,11750.345,7092.814,290.208,10.5,0.171,0.0,0.0
2023-11-16,899558,98,4021,11744.89,7095.616,290.266,10.6,0.171,0.0,0.0
2023-11-16,899564,86,4021,11739.763,7098.405,290.017,10.19,0.171,0.0,0.0
2023-11-16,899569,74,4021,11734.48,7101.195,289.86,12.03,0.171,0.0,0.0
2023-11-16,899576,62,4021,11729.208,7104.082,290.221,10.09,0.171,0.0,0.0
2023-11-16,899580,48,4021,11723.881,7107.011,290.632,10.5,0.171,0.0,0.0
2023-11-16,899585,36,4021,11718.565,7109.846,290.147,10.55,0.171,0.0,0.0
2023-11-16,899592,24,4021,11713.444,7112.821,289.848,10.03,0.171,0.0,0.0
2023-11-16,899600,12,4021,11708.027,7115.52,290.003,9.99,0.171,0.0,0.0
2023-11-16,899606,11,4021,11705.587,7110.199,290.053,10.09,0.171,0.0,0.0
2023-11-16,899613,23,4021,11710.714,7107.319,289.837,10.04,0.171,0.0,0.0
2023-11-16,899620,35,4021,11716.03,7104.444,290.381,10.09,0.171,0.0,0.0
2023-11-16,899628,47,4021,11721.262,7101.456,290.551,10.03,0.171,0.0,0.0
2023-11-16,899636,61,4021,11726.562,7098.562,290.087,10.04,0.171,0.0,0.0
2023-11-16,899643,73,4021,11731.789,7095.874,289.806,10.04,0.171,0.0,0.0
2023-11-16,899650,85,4021,11737.039,7092.948,289.905,10.19,0.171,0.0,0.0
2023-11-16,899656,97,4021,11742.472,7090.198,290.179,10.2,0.171,0.0,0.0
2023-11-16,899663,109,4021,11747.61,7087.278,290.165,10.19,0.171,0.0,0.0
2023-11-16,899668,121,4021,11753.054,7084.446,289.87,10.04,0.171,0.0,0.0
2023-11-16,899675,133,4021,11758.276,7081.595,289.81,10.09,0.171,0.0,0.0
2023-11-16,899683,145,4021,11763.598,7078.802,289.56,9.53,0.171,0.0,0.0
2023-11-16,899688,156,4021,11768.825,7076.069,289.541,9.53,0.171,0.0,0.0
2023-11-16,899693,170,4021,11774.158,7073.155,289.693,9.58,0.171,0.0,0.0
2023-11-16,899699,181,4021,11779.313,7070.314,289.701,9.53,0.171,0.0,0.0
2023-11-16,899703,192,4021,11784.662,7067.489,289.802,9.53,0.171,0.0,0.0
2023-11-16,899708,203,4021,11789.8,7064.579,289.494,9.47,0.171,0.0,0.0
2023-11-16,899714,214,4021,11795.3,7061.79,289.63,9.48,0.171,0.0,0.0
2023-11-16,899718,225,4021,11800.409,7058.889,289.325,4.28,0.171,0.0,0.0
2023-11-16,900444,60,4021,11723.888,7093.258,289.613,10.09,0.171,0.0,0.0
2023-11-16,900451,46,4021,11718.555,7096.136,289.898,10.09,0.171,0.0,0.0
2023-11-16,900459,34,4021,11713.2,7099.072,289.985,10.09,0.171,0.0,0.0
2023-11-16,900465,22,4021,11708.09,7101.969,289.757,9.99,0.171,0.0,0.0
2023-11-16,900471,10,4021,11702.763,7104.986,289.722,14.01,0.171,0.0,0.0
2023-11-16,900487,666,4021,12039.492,6908.449,290.38,11.52,0.171,0.0,0.0
2023-11-16,900495,662,4021,12034.615,6911.003,290.389,11.27,0.171,0.0,0.0
2023-11-16,900500,656,4021,12029.176,6913.72,290.54,10.65,0.171,0.0,0.0
2023-11-16,900514,647,4021,12023.782,6916.525,290.447,10.5,0.171,0.0,0.0
2023-11-16,900522,639,4021,12018.416,6919.468,290.556,10.6,0.171,0.0,0.0
2023-11-16,900554,900554,4021,11953.831,6883.583,288.765,6.32,0.171,-0.95,-1.357
2023-11-16,900561,900561,4021,11886.982,6930.864,288.802,0.66,0.171,-0.065,-0.16
2023-11-16,900565,900565,4021,11927.646,6925.335,289.161,3.67,0.171,-0.512,-0.964
2023-11-16,900571,900571,4021,11895.46,6950.684,289.163,5.71,0.171,-0.865,-1.439
2023-11-16,900581,676,4021,11883.313,6962.838,288.455,17.62,0.171,-3.286,-4.523
2023-11-16,900589,677,4021,11925.276,6940.565,289.058,12.34,0.171,-1.429,-3.536
2023-11-16,900599,334,4021,11845.476,6994.058,287.736,9.63,0.171,-1.1,-1.904
2023-11-16,900604,674,4021,11804.402,7019.105,288.44,22.36,0.171,-2.701,-7.037
2023-11-16,900608,4,4021,11666.507,7088.491,289.757,1.68,0.171,0.0,0.0
2023-11-16,900610,3,4021,11652.046,7058.431,289.121,8.56,0.171,0.0,0.0
2023-11-16,900613,900613,4021,11635.105,7029.229,288.161,8.05,0.171,0.0,0.0
2023-11-16,900614,2,4021,11637.332,7033.255,287.789,11.87,0.171,0.0,0.0
2023-11-16,900639,630,4021,12013.283,6922.051,290.565,11.11,0.171,0.0,0.0
2023-11-16,900643,621,4021,12007.899,6924.742,290.462,10.39,0.171,0.0,0.0
2023-11-16,900650,612,4021,12002.238,6927.653,290.554,10.34,0.171,0.0,0.0
2023-11-16,900656,603,4021,11997.177,6930.226,290.31,10.55,0.171,0.0,0.0
2023-11-16,900661,594,4021,11991.449,6933.097,290.057,10.5,0.171,0.0,0.0
2023-11-16,900681,585,4021,11986.639,6935.638,290.166,10.29,0.171,0.0,0.0
2023-11-16,900689,576,4021,11981.429,6938.632,289.689,10.04,0.171,0.0,0.0
2023-11-16,900697,565,4021,11975.945,6941.487,289.664,10.09,0.171,0.0,0.0
2023-11-16,900703,556,4021,11970.595,6944.233,289.748,10.19,0.171,0.0,0.0
2023-11-16,900711,547,4021,11965.518,6946.722,289.931,10.09,0.171,0.0,0.0
2023-11-16,900719,538,4021,11959.378,6949.832,289.436,8.97,0.171,0.0,0.0
2023-11-16,900726,529,4021,11954.278,6952.304,289.231,8.87,0.171,0.0,0.0
2023-11-16,900729,520,4021,11949.007,6955.126,289.324,8.87,0.171,0.0,0.0
2023-11-16,900736,511,4021,11943.847,6958.205,289.09,8.82,0.171,0.0,0.0
2023-11-16,900741,501,4021,11938.808,6960.772,289.124,8.77,0.171,0.0,0.0
2023-11-16,903540,506,4021,11962.502,7009.701,299.143,11.82,0.171,0.0,0.0
2023-11-16,903542,24,6221,11712.837,7112.695,289.921,10.61,0.0,0.0,0.0
2023-11-16,903543,428,4021,11921.491,7040.078,300.316,19.46,0.171,0.0,0.0
2023-11-16,903545,12,6221,11707.75,7116.117,289.971,10.78,0.0,0.0,0.0
2023-11-16,903548,343,4021,11878.365,7065.888,300.518,16.4,0.171,0.0,0.0
2023-11-16,903549,23,6221,11710.058,7107.73,290.111,10.78,0.0,0.0,0.0
2023-11-16,903552,11,6221,11704.007,7110.824,290.066,10.49,0.0,0.0,0.0
2023-11-16,903555,903555,4021,11840.607,7086.2,302.276,24.42,0.171,0.0,0.0
2023-11-16,903558,10,6221,11703.552,7104.558,289.62,10.55,0.0,0.0,0.0
2023-11-16,903561,903561,4021,11802.47,7117.09,301.05,17.43,0.171,0.0,0.0
2023-11-16,898859,50,4021,11729.268,7117.675,290.384,11.37,0.171,0.0,0.0
2023-11-16,898866,38,4021,11723.985,7120.526,290.461,10.76,0.171,0.0,0.0
2023-11-16,898871,26,4021,11718.675,7123.475,290.056,10.7,0.171,0.0,0.0
2023-11-16,898878,14,4021,11713.492,7126.385,290.419,10.59,0.171,0.0,0.0
2023-11-16,898886,13,4021,11710.746,7121.019,290.508,10.5,0.171,0.0,0.0
2023-11-16,898894,25,4021,11716.018,7118.191,290.227,10.6,0.171,0.0,0.0
2023-11-16,898900,37,4021,11721.289,7115.157,290.578,10.6,0.171,0.0,0.0
2023-11-16,898908,49,4021,11726.544,7112.319,290.466,10.65,0.171,0.0,0.0
2023-11-16,898913,64,4021,11735.235,7114.265,289.979,9.99,0.171,0.0,0.0
2023-11-16,898919,63,4021,11731.777,7109.331,290.283,10.04,0.171,0.0,0.0
2023-11-16,898929,75,4021,11737.093,7106.535,290.037,10.14,0.171,0.0,0.0
2023-11-16,898934,87,4021,11742.365,7103.719,290.23,10.09,0.171,0.0,0.0
2023-11-16,898939,99,4021,11747.586,7100.94,290.289,10.55,0.171,0.0,0.0
2023-11-16,898943,111,4021,11752.93,7098.108,290.533,10.55,0.171,0.0,0.0
2023-11-16,898949,123,4021,11758.202,7095.322,290.656,10.6,0.171,0.0,0.0
2023-11-16,898955,135,4021,11763.568,7092.337,290.47,10.6,0.171,0.0,0.0
2023-11-16,898960,147,4021,11768.818,7089.6,290.307,10.14,0.171,0.0,0.0
2023-11-16,898963,158,4021,11774.117,7086.791,290.341,10.14,0.171,0.0,0.0
2023-11-16,898967,172,4021,11779.484,7083.962,290.002,10.5,0.171,0.0,0.0
2023-11-16,898973,183,4021,11784.65,7081.101,290.065,10.2,0.171,0.0,0.0
2023-11-16,898977,194,4021,11789.949,7078.195,290.51,10.7,0.171,0.0,0.0
2023-11-16,898982,205,4021,11795.132,7075.288,290.334,10.14,0.171,0.0,0.0
2023-11-16,898987,216,4021,11800.465,7072.499,290.21,10.04,0.171,0.0,0.0
2023-11-16,898993,227,4021,11805.725,7069.759,290.233,10.29,0.171,0.0,0.0
2023-11-16,898997,239,4021,11813.832,7072.058,290.225,10.09,0.171,0.298,1.29
2023-11-16,899005,238,4021,11811.175,7066.676,289.358,9.83,0.171,0.0,0.0
2023-11-16,899008,249,4021,11818.943,7069.37,289.91,9.53,0.171,0.563,0.747
2023-11-16,899015,248,4021,11816.252,7063.893,288.974,10.03,0.171,0.0,0.0
2023-11-16,899022,261,4021,11824.186,7066.3,289.844,10.09,0.171,0.719,1.152
2023-11-16,899028,260,4021,11821.74,7061.016,289.386,9.48,0.171,0.0,0.0
2023-11-16,899033,272,4021,11828.961,7062.531,290.035,10.14,0.171,0.752,0.588
2023-11-16,899040,271,4021,11826.811,7057.985,289.274,9.47,0.171,1.631,1.32
2023-11-16,899047,282,4021,11833.953,7058.594,289.935,9.58,0.171,0.527,0.992
2023-11-16,899053,281,4021,11832.005,7054.75,289.394,9.18,0.171,0.0,0.0
2023-11-16,899061,292,4021,11838.522,7055.036,290.032,10.19,0.171,0.765,1.894
2023-11-16,899068,291,4021,11836.797,7051.299,289.233,9.02,0.171,0.0,0.0
2023-11-16,899073,302,4021,11843.414,7051.103,289.596,9.48,0.171,0.84,0.84
2023-11-16,899078,301,4021,11841.51,7047.383,288.938,9.02,0.171,0.0,0.0
2023-11-16,899084,312,4021,11848.25,7047.412,289.494,9.52,0.171,0.604,0.832
2023-11-16,899089,311,4021,11846.509,7044.056,288.813,8.92,0.171,0.0,0.0
2023-11-16,899094,321,4021,11852.372,7042.407,289.31,9.07,0.171,0.0,0.0
2023-11-16,899098,330,4021,11857.471,7039.253,289.138,9.73,0.171,0.0,0.0
2023-11-16,899103,342,4021,11862.52,7036.177,289.136,9.23,0.171,0.0,0.0
2023-11-16,899108,352,4021,11867.757,7032.954,288.698,8.82,0.171,0.0,0.0
2023-11-16,899114,361,4021,11872.884,7029.875,289.413,9.12,0.171,0.0,0.0
2023-11-16,899118,370,4021,11877.888,7026.653,288.828,8.87,0.171,0.0,0.0
2023-11-16,899122,379,4021,11882.931,7023.571,288.839,8.87,0.171,0.0,0.0
2023-11-16,899125,388,4021,11888.169,7020.371,288.944,8.87,0.171,0.0,0.0
2023-11-16,899130,397,4021,11893.273,7017.288,289.12,9.02,0.171,0.0,0.0
2023-11-16,899136,406,4021,11898.283,7014.017,288.719,8.87,0.171,0.0,0.0
2023-11-16,899140,415,4021,11903.476,7010.945,289.409,9.02,0.171,0.0,0.0
2023-11-16,899144,429,4021,11908.586,7007.843,289.054,8.92,0.171,0.0,0.0
2023-11-16,899150,438,4021,11913.64,7004.604,288.693,8.82,0.171,0.0,0.0
2023-11-16,899155,447,4021,11918.772,7001.355,288.777,8.67,0.171,0.0,0.0
2023-11-16,899160,456,4021,11923.721,6998.042,288.683,8.67,0.171,0.0,0.0
2023-11-16,899163,465,4021,11928.87,6994.953,288.78,8.77,0.171,0.0,0.0
2023-11-16,899167,474,4021,11933.868,6991.76,288.641,8.61,0.171,0.0,0.0
2023-11-16,899170,483,4021,11938.956,6988.498,288.889,8.87,0.171,0.0,0.0
2023-11-16,899174,492,4021,11944.149,6985.321,288.952,9.12,0.171,0.702,-0.373
2023-11-16,899181,505,4021,11949.103,6982.22,289.68,9.58,0.171,0.0,0.0
2023-11-16,899185,515,4021,11954.553,6979.222,289.366,9.48,0.171,0.0,0.0
2023-11-16,899189,524,4021,11959.747,6976.495,289.43,10.4,0.171,0.0,0.0
2023-11-16,899195,533,4021,11965.063,6973.787,289.634,9.48,0.171,0.0,0.0
2023-11-16,899200,542,4021,11970.502,6970.995,289.635,9.48,0.171,0.0,0.0
2023-11-16,899206,551,4021,11975.78,6968.3,289.991,10.04,0.171,0.0,0.0
2023-11-16,899212,560,4021,11981.118,6965.557,290.305,10.04,0.171,0.0,0.0
2023-11-16,899216,569,4021,11986.429,6962.712,290.027,10.24,0.171,0.0,0.0
2023-11-16,899221,580,4021,11991.712,6960.067,290.151,10.14,0.171,0.0,0.0
2023-11-16,899227,589,4021,11996.827,6956.743,290.171,10.09,0.171,0.0,0.0
2023-11-16,899232,598,4021,12001.792,6953.228,290.25,10.04,0.171,0.0,0.0
2023-11-16,899237,607,4021,12006.857,6949.989,290.397,10.45,0.171,0.0,0.0
2023-11-16,899245,616,4021,12011.84,6946.522,290.473,8.67,0.171,0.0,0.0
2023-11-16,898803,136,4021,11766.215,7097.817,290.59,10.65,0.171,0.0,0.0
2023-11-16,898808,124,4021,11760.921,7100.727,290.584,10.45,0.171,0.0,0.0
2023-11-16,898817,112,4021,11755.727,7103.539,290.525,10.55,0.171,0.0,0.0
2023-11-16,898822,100,4021,11750.327,7106.43,290.073,10.45,0.171,0.0,0.0
2023-11-16,898823,88,4021,11745.156,7109.157,290.223,11.83,0.171,0.0,0.0
2023-11-16,898830,76,4021,11739.695,7111.953,290.099,10.19,0.171,0.0,0.0
2023-11-16,898839,64,4021,11734.417,7114.71,289.94,17.12,0.171,0.0,0.0
2023-11-16,900914,488,4021,11933.525,6963.701,289.153,8.92,0.171,0.0,0.0
2023-11-16,900919,479,4021,11928.193,6966.96,289.268,8.77,0.171,0.0,0.0
2023-11-16,900923,470,4021,11923.267,6970.15,289.21,8.87,0.171,0.0,0.0
2023-11-16,900930,461,4021,11918.19,6973.32,288.929,8.97,0.171,0.0,0.0
2023-11-16,900937,452,4021,11913.03,6976.48,288.786,8.82,0.171,0.0,0.0
2023-11-16,900943,443,4021,11908.049,6979.774,288.465,8.67,0.171,0.0,0.0
2023-11-16,900950,434,4021,11902.917,6982.948,288.657,8.72,0.171,0.0,0.0
2023-11-16,902440,188,4021,11774.111,7046.06,288.896,8.36,0.171,0.0,0.0
2023-11-16,902454,177,4021,11768.6,7049.127,288.688,13.41,0.171,0.0,0.0
2023-11-16,902473,166,4021,11763.389,7051.695,289.145,0.05,0.171,0.0,0.0
2023-11-16,902484,152,4021,11758.218,7054.471,288.914,9.58,0.171,0.0,0.0
2023-11-16,900957,424,4021,11897.835,6986.213,288.407,8.72,0.171,0.0,0.0
2023-11-16,900960,411,4021,11892.736,6989.36,288.629,8.51,0.171,0.0,0.0
2023-11-16,900970,402,4021,11887.754,6992.508,288.414,9.06,0.171,0.0,0.0
2023-11-16,900977,393,4021,11882.661,6995.645,289.103,8.97,0.171,0.0,0.0
2023-11-16,900983,384,4021,11877.495,6998.865,288.961,8.92,0.171,0.0,0.0
2023-11-16,900992,375,4021,11872.452,7002.051,288.841,8.72,0.171,0.0,0.0
2023-11-16,900998,366,4021,11867.276,7005.15,288.425,8.87,0.171,0.0,0.0
2023-11-16,901004,366,4021,11866.675,7005.513,288.397,8.97,0.171,0.0,0.0
2023-11-16,901009,357,4021,11862.115,7008.226,288.347,8.87,0.171,0.0,0.0
2023-11-16,901016,348,4021,11857.034,7011.452,288.304,8.61,0.171,0.0,0.0
2023-11-16,902501,141,4021,11752.879,7057.342,288.976,9.07,0.171,0.0,0.0
2023-11-16,902513,129,4021,11747.635,7060.216,288.94,9.07,0.171,0.0,0.0
2023-11-16,902518,117,4021,11742.324,7062.897,289.138,9.68,0.171,0.0,0.0
2023-11-16,902525,105,4021,11737.008,7065.902,289.164,9.48,0.171,0.0,0.0
2023-11-16,902533,93,4021,11731.781,7068.694,289.308,9.62,0.171,-0.737,0.497
2023-11-16,902541,81,4021,11726.409,7071.608,289.696,10.03,0.171,0.0,0.0
2023-11-16,902548,69,4021,11721.082,7074.345,289.652,9.63,0.171,0.0,0.0
2023-11-16,902555,57,4021,11715.888,7077.124,289.473,9.53,0.171,0.0,0.0
2023-11-16,902562,43,4021,11710.605,7080.083,289.514,9.58,0.171,0.0,0.0
2023-11-16,901024,338,4021,11851.924,7014.586,288.356,8.67,0.171,0.0,0.0
2023-11-16,901029,326,4021,11846.747,7017.776,288.152,8.61,0.171,0.0,0.0
2023-11-16,901034,317,4021,11841.732,7020.77,288.101,8.56,0.171,0.0,0.0
2023-11-16,901038,307,4021,11836.488,7023.922,287.925,8.56,0.171,0.0,0.0
2023-11-16,901045,297,4021,11831.484,7027.056,288.086,8.61,0.171,0.0,0.0
2023-11-16,901048,287,4021,11826.313,7030.246,287.835,8.51,0.171,0.0,0.0
2023-11-16,901054,277,4021,11821.175,7033.302,288.064,8.72,0.171,0.0,0.0
2023-11-16,901058,267,4021,11816.093,7036.375,288.075,8.67,0.171,0.0,0.0
2023-11-16,901065,256,4021,11810.933,7039.412,288.142,8.51,0.171,0.0,0.0
2023-11-16,901070,244,4021,11805.55,7042.397,288.33,8.67,0.171,0.0,0.0
2023-11-16,901077,234,4021,11800.434,7045.284,288.293,8.72,0.171,0.0,0.0
2023-11-16,901083,223,4021,11795.046,7048.21,288.382,8.61,0.171,0.0,0.0
2023-11-16,902572,31,4021,11705.284,7082.957,289.457,9.58,0.171,0.0,0.0
2023-11-16,902584,19,4021,11700.029,7085.854,289.428,9.58,0.171,0.0,0.0
2023-11-16,902590,7,4021,11694.813,7088.696,289.249,9.68,0.171,0.0,0.0
2023-11-16,902599,6,4021,11692.133,7083.317,289.432,9.53,0.171,0.0,0.0
2023-11-16,902608,18,4021,11697.405,7080.465,289.513,9.52,0.171,0.0,0.0
2023-11-16,902619,30,4021,11702.576,7077.611,289.384,9.63,0.171,0.0,0.0
2023-11-16,902628,42,4021,11708.037,7074.639,289.233,9.47,0.171,0.0,0.0
2023-11-16,901089,212,4021,11789.813,7050.908,288.73,8.87,0.171,0.0,0.0
2023-11-16,901095,201,4021,11784.608,7053.756,288.788,8.92,0.171,0.0,0.0
2023-11-16,901102,190,4021,11779.264,7056.672,289.06,8.87,0.171,0.0,0.0
2023-11-16,901107,179,4021,11773.981,7059.487,289.147,8.92,0.171,0.0,0.0
2023-11-16,901115,168,4021,11768.837,7062.43,289.035,8.82,0.171,0.0,0.0
2023-11-16,901123,154,4021,11763.432,7065.353,289.144,9.63,0.171,0.0,0.0
2023-11-16,901133,143,4021,11758.144,7068.061,289.009,9.63,0.171,0.0,0.0
2023-11-16,901140,131,4021,11752.816,7070.879,289.115,9.68,0.171,0.0,0.0
2023-11-16,902635,56,4021,11713.253,7071.667,289.524,9.52,0.171,0.0,0.0
2023-11-16,902646,68,4021,11718.335,7068.95,289.944,15.79,0.171,0.0,0.0
2023-11-16,902654,80,4021,11723.852,7066.056,289.976,9.74,0.171,0.0,0.0
2023-11-16,902662,92,4021,11729.046,7063.27,289.572,9.53,0.171,0.0,0.0
2023-11-16,902667,104,4021,11734.546,7060.304,288.969,9.58,0.171,0.0,0.0
2023-11-16,902676,116,4021,11739.7,7057.512,288.871,19.27,0.171,0.0,0.0
2023-11-16,902685,128,4021,11745.0,7054.778,289.187,11.37,0.171,0.0,0.0
2023-11-16,899723,225,4021,11800.399,7058.899,289.327,9.58,0.171,0.0,0.0
2023-11-16,899729,236,4021,11805.754,7055.914,289.262,9.02,0.171,0.0,0.0
2023-11-16,899732,246,4021,11811.004,7053.207,289.112,8.92,0.171,0.0,0.0
2023-11-16,899736,258,4021,11816.231,7050.3,288.849,8.82,0.171,0.0,0.0
2023-11-16,899738,269,4021,11821.452,7047.299,288.552,8.82,0.171,0.0,0.0
2023-11-16,899739,279,4021,11826.623,7044.09,288.43,8.92,0.171,0.0,0.0
2023-11-16,899741,289,4021,11831.466,7041.037,288.783,8.67,0.171,0.0,0.0
2023-11-16,899743,299,4021,11836.721,7037.808,288.759,8.97,0.171,0.0,0.0
2023-11-16,899746,309,4021,11841.92,7034.797,288.664,8.87,0.171,0.0,0.0
2023-11-16,899749,319,4021,11847.052,7031.643,288.839,8.72,0.171,0.0,0.0
2023-11-16,901150,119,4021,11747.556,7073.721,288.912,9.58,0.171,0.0,0.0
2023-11-16,901162,107,4021,11742.367,7076.461,288.783,9.89,0.171,3.368,-1.716
2023-11-16,901170,95,4021,11737.096,7079.433,289.319,9.89,0.171,2.256,-1.1
2023-11-16,901180,83,4021,11731.674,7082.148,289.849,10.04,0.171,0.0,0.0
2023-11-16,901189,71,4021,11726.564,7085.171,289.767,10.25,0.171,0.0,0.0
2023-11-16,901196,59,4021,11721.136,7088.007,289.629,10.09,0.171,0.0,0.0
2023-11-16,901203,45,4021,11715.82,7090.773,289.764,10.09,0.171,0.0,0.0
2023-11-16,901211,33,4021,11710.581,7093.553,289.692,10.09,0.171,0.0,0.0
2023-11-16,902695,140,4021,11750.255,7051.874,288.735,9.74,0.171,0.0,0.0
2023-11-16,902702,151,4021,11755.482,7049.167,288.974,10.35,0.171,0.0,0.0
2023-11-16,902708,165,4021,11760.832,7046.381,288.963,16.62,0.171,0.0,0.0
2023-11-16,902715,176,4021,11766.137,7043.467,288.818,9.33,0.171,0.0,0.0
2023-11-16,902720,187,4021,11771.331,7040.675,289.031,8.77,0.171,0.0,0.0
2023-11-16,902726,198,4021,11776.681,7037.684,288.921,8.97,0.171,0.0,0.0
2023-11-16,902731,209,4021,11781.841,7034.94,288.695,8.82,0.171,0.0,0.0
2023-11-16,902747,5,6221,11689.175,7077.967,289.188,9.13,0.0,0.0,0.0
2023-11-16,902753,17,6221,11694.77,7075.018,289.381,9.29,0.0,0.0,0.0
2023-11-16,899753,328,4021,11852.068,7028.72,289.079,8.82,0.171,0.0,0.0
2023-11-16,899756,340,4021,11857.183,7025.292,289.029,8.82,0.171,0.0,0.0
2023-11-16,899759,350,4021,11862.365,7022.249,289.048,8.92,0.171,0.0,0.0
2023-11-16,899763,359,4021,11867.747,7018.996,289.268,8.97,0.171,0.0,0.0
2023-11-16,899766,368,4021,11872.796,7016.071,289.111,8.77,0.171,0.0,0.0
2023-11-16,899768,377,4021,11877.845,7012.715,289.289,8.82,0.171,0.0,0.0
2023-11-16,899773,386,4021,11882.955,7009.58,289.3,8.77,0.171,0.0,0.0
2023-11-16,899774,395,4021,11887.875,7006.567,288.86,8.77,0.171,0.0,0.0
2023-11-16,899777,404,4021,11893.191,7003.246,288.577,8.82,0.171,0.0,0.0
2023-11-16,899784,413,4021,11898.262,7000.063,287.957,14.32,0.171,0.0,0.0
2023-11-16,899786,426,4021,11903.321,6996.794,287.899,9.48,0.171,0.0,0.0
2023-11-16,899790,436,4021,11908.426,6993.833,287.863,8.82,0.171,0.0,0.0
2023-11-16,899793,445,4021,11913.308,6990.581,288.075,8.26,0.171,0.0,0.0
2023-11-16,899796,454,4021,11918.49,6987.522,288.15,8.36,0.171,0.0,0.0
2023-11-16,899798,463,4021,11923.5,6984.322,288.059,8.51,0.171,0.0,0.0
2023-11-16,899800,472,4021,11928.86,6981.06,288.236,8.82,0.171,0.0,0.0
2023-11-16,899804,481,4021,11933.714,6977.822,288.658,8.72,0.171,0.0,0.0
2023-11-16,899807,490,4021,11938.807,6974.681,288.717,8.56,0.171,0.0,0.0
2023-11-16,899812,651,4021,12013.416,6892.401,289.728,17.07,0.171,0.0,0.0
2023-11-16,901219,21,4021,11705.288,7096.528,289.834,9.53,0.171,0.0,0.0
2023-11-16,901228,9,4021,11700.061,7099.405,289.831,9.63,0.171,0.0,0.0
2023-11-16,901237,8,4021,11697.548,7094.068,289.57,9.63,0.171,0.0,0.0
2023-11-16,901245,20,4021,11702.794,7091.263,289.792,17.27,0.171,0.0,0.0
2023-11-16,902757,29,6221,11700.053,7072.29,289.281,8.85,0.0,0.0,0.0
2023-11-16,902761,41,6221,11705.246,7069.283,289.279,9.07,0.0,0.0,0.0
2023-11-16,902766,55,6221,11710.574,7066.523,289.648,8.96,0.0,0.0,0.0
2023-11-16,902768,67,6221,11715.806,7063.512,289.903,9.07,0.0,0.0,0.0
2023-11-16,902772,902772,4021,11784.004,7033.662,288.693,2.54,0.171,0.0,0.0
2023-11-16,902773,79,6221,11721.15,7060.624,289.791,8.91,0.0,0.0,0.0
2023-11-16,902778,220,4021,11787.152,7031.939,288.655,8.72,0.171,0.0,0.0
2023-11-16,902779,91,6221,11726.566,7057.792,290.344,9.18,0.0,0.0,0.0
2023-11-16,902780,231,4021,11792.551,7029.039,288.286,8.56,0.171,0.0,0.0
2023-11-16,902783,103,6221,11731.605,7055.092,289.538,9.24,0.0,0.0,0.0
2023-11-16,902785,241,4021,11797.712,7026.184,288.002,8.56,0.171,0.0,0.0
2023-11-16,902786,115,6221,11736.954,7052.393,289.527,9.07,0.0,0.0,0.0
2023-11-16,902791,253,4021,11803.128,7023.411,288.072,8.56,0.171,0.0,0.0
2023-11-16,902792,127,6221,11742.326,7049.467,289.54,9.13,0.0,0.0,0.0
2023-11-16,902795,139,6221,11747.62,7046.538,289.692,9.18,0.0,0.0,0.0
2023-11-16,902796,264,4021,11808.143,7020.319,288.236,8.56,0.171,0.0,0.0
2023-11-16,902802,150,6221,11752.97,7043.843,289.586,8.91,0.0,0.0,0.0
2023-11-16,902803,274,4021,11813.342,7017.171,288.096,8.56,0.171,0.0,0.0
2023-11-16,902805,164,6221,11758.125,7040.92,289.54,9.18,0.0,0.0,0.0
2023-11-16,902810,175,6221,11763.447,7038.157,289.11,9.18,0.0,0.0,0.0
2023-11-16,902814,186,6221,11768.518,7035.303,288.852,9.24,0.0,0.0,0.0
2023-11-16,902816,284,4021,11818.38,7013.975,287.638,8.05,0.171,0.0,0.0
2023-11-16,902819,294,4021,11823.484,7010.883,288.021,8.36,0.171,0.0,0.0
2023-11-16,899817,571,4021,11971.208,6914.648,289.031,13.5,0.171,0.0,0.0
2023-11-16,899822,899822,4021,11955.925,6884.411,288.716,9.94,0.171,0.0,0.0
2023-11-16,899828,899828,4021,11885.415,6932.421,288.646,22.42,0.171,0.0,0.0
2023-11-16,899837,899837,4021,11871.207,6936.394,288.268,15.28,0.171,0.0,0.0
2023-11-16,899850,334,4021,11843.746,6994.808,287.561,20.74,0.171,0.0,0.0
2023-11-16,899860,252,4021,11801.055,7021.533,288.479,20.38,0.171,0.0,0.0
2023-11-16,899869,162,4021,11754.935,7040.514,289.48,16.15,0.171,0.0,0.0
2023-11-16,902822,197,6221,11774.012,7032.396,288.953,9.4,0.0,0.0,0.0
2023-11-16,902824,208,6221,11779.273,7029.522,289.059,9.29,0.0,0.0,0.0
2023-11-16,902826,304,4021,11828.644,7007.908,288.092,7.95,0.171,0.0,0.0
2023-11-16,902832,219,6221,11784.466,7026.625,288.93,8.91,0.0,0.0,0.0
2023-11-16,902838,230,6221,11789.849,7023.741,288.869,9.13,0.0,0.0,0.0
2023-11-16,902839,314,4021,11833.838,7004.663,287.878,8.05,0.171,0.0,0.0
2023-11-16,902844,240,6221,11795.06,7020.939,288.672,9.13,0.0,0.0,0.0
2023-11-16,902846,323,4021,11838.903,7001.518,287.866,7.95,0.171,0.0,0.0
2023-11-16,902852,251,6221,11800.192,7017.928,288.828,8.41,0.0,0.0,0.0
2023-11-16,902853,263,6221,11805.397,7015.084,288.728,8.63,0.0,0.0,0.0
2023-11-16,902858,335,4021,11844.085,6998.491,287.904,8.0,0.171,0.0,0.0
2023-11-16,902859,273,6221,11810.607,7011.848,288.364,8.47,0.0,0.0,0.0
2023-11-16,902861,283,6221,11815.817,7008.808,287.966,8.52,0.0,0.0,0.0
2023-11-16,902865,345,4021,11849.162,6995.279,288.138,8.51,0.171,0.0,0.0
2023-11-16,902868,293,6221,11821.345,7005.532,287.86,8.02,0.0,0.0,0.0
2023-11-16,902872,303,6221,11826.16,7002.447,287.871,8.69,0.0,0.0,0.0
2023-11-16,902873,354,4021,11854.183,6992.2,288.505,8.61,0.171,0.0,0.0
2023-11-16,902877,313,6221,11831.286,6999.472,287.93,7.7,0.0,0.0,0.0
2023-11-16,902880,363,4021,11859.282,6989.039,289.0,8.97,0.171,0.0,0.0
2023-11-16,899881,161,4021,11739.93,7010.827,288.715,7.7,0.171,0.0,0.0
2023-11-16,899884,53,4021,11696.1,7035.224,289.154,8.21,0.171,0.0,0.0
2023-11-16,899888,54,4021,11710.425,7064.302,289.277,20.17,0.171,0.0,0.0
2023-11-16,899906,493,4021,11896.926,6877.055,288.908,0.05,0.171,0.0,0.0
2023-11-16,899908,493,4021,11896.574,6876.364,288.844,14.63,0.171,0.0,0.0
2023-11-16,899914,494,4021,11898.645,6880.59,288.817,17.69,0.171,0.0,0.0
2023-11-16,899924,416,4021,11852.537,6900.127,289.428,8.05,0.171,0.0,0.0
2023-11-16,899929,417,4021,11855.718,6905.952,289.089,8.82,0.171,0.0,0.0
2023-11-16,899943,503,4021,11943.989,6971.471,288.947,8.67,0.171,0.0,0.0
2023-11-16,902885,322,6221,11836.046,6996.498,287.419,8.36,0.0,0.0,0.0
2023-11-16,902888,372,4021,11864.469,6985.878,289.253,9.02,0.171,0.0,0.0
2023-11-16,902890,333,6221,11841.217,6993.008,288.106,8.52,0.0,0.0,0.0
2023-11-16,902896,381,4021,11869.473,6982.721,289.284,9.07,0.171,0.0,0.0
2023-11-16,902897,344,6221,11846.388,6990.151,288.367,7.97,0.0,0.0,0.0
2023-11-16,902905,390,4021,11874.606,6979.59,289.233,9.02,0.171,0.0,0.0
2023-11-16,902908,353,6221,11851.704,6986.85,288.396,9.02,0.0,0.0,0.0
2023-11-16,902911,399,4021,11879.649,6976.404,288.964,8.61,0.171,0.0,0.0
2023-11-16,902915,362,6221,11856.697,6983.667,288.801,8.52,0.0,0.0,0.0
2023-11-16,902919,371,6221,11861.712,6980.47,288.941,8.58,0.0,0.0,0.0
2023-11-16,902930,436,4021,11909.094,6993.913,287.896,8.0,0.171,1.042,1.959
2023-11-16,902937,408,4021,11884.759,6973.295,288.375,8.46,0.171,0.0,0.0
2023-11-16,902938,380,6221,11866.905,6977.404,288.985,8.52,0.0,0.0,0.0
2023-11-16,902940,421,4021,11890.127,6969.932,288.507,6.37,0.171,0.0,0.0
2023-11-16,902941,389,6221,11871.921,6974.312,288.737,5.33,0.0,0.0,0.0
2023-11-16,899948,513,4021,11949.172,6968.604,289.195,8.82,0.171,0.0,0.0
2023-11-16,899954,522,4021,11954.471,6965.646,289.257,10.9,0.171,0.0,0.0
2023-11-16,899962,531,4021,11959.871,6962.879,289.224,9.79,0.171,0.0,0.0
2023-11-16,899971,540,4021,11965.232,6960.175,289.36,9.73,0.171,0.0,0.0
2023-11-16,899977,549,4021,11970.582,6957.617,289.505,9.53,0.171,0.0,0.0
2023-11-16,899982,558,4021,11975.715,6954.812,289.832,9.84,0.171,0.0,0.0
2023-11-16,899988,567,4021,11981.27,6951.909,289.74,10.35,0.171,0.0,0.0
2023-11-16,899993,578,4021,11986.57,6949.191,289.763,9.99,0.171,0.0,0.0
2023-11-16,900000,587,4021,11992.092,6946.425,289.732,16.43,0.171,0.0,0.0
2023-11-16,900006,596,4021,11997.086,6943.705,290.14,10.65,0.171,0.0,0.0
2023-11-16,900016,605,4021,12002.325,6941.075,290.156,10.55,0.171,0.0,0.0
2023-11-16,900023,614,4021,12007.786,6938.208,290.407,10.71,0.171,0.0,0.0
2023-11-16,900029,623,4021,12013.186,6935.327,290.415,10.5,0.171,0.0,0.0
2023-11-16,900035,632,4021,12018.519,6932.597,290.377,11.47,0.171,0.0,0.0
2023-11-16,900052,641,4021,12023.768,6929.841,290.258,10.5,0.171,0.0,0.0
2023-11-16,900056,649,4021,12029.096,6927.234,290.554,10.6,0.171,0.0,0.0
2023-11-16,900063,658,4021,12034.407,6924.338,290.202,10.24,0.171,0.0,0.0
2023-11-16,900068,664,4021,12039.8,6921.608,290.736,7.65,0.171,0.0,0.0
2023-11-16,900105,663,4021,12037.133,6916.421,290.437,10.55,0.171,0.0,0.0
2023-11-16,900112,657,4021,12031.767,6919.047,290.459,10.54,0.171,0.0,0.0
2023-11-16,900117,648,4021,12026.428,6921.653,290.676,10.55,0.171,0.0,0.0
2023-11-16,900124,640,4021,12021.067,6924.576,290.346,10.6,0.171,0.0,0.0
2023-11-16,900131,631,4021,12015.661,6927.192,290.663,10.65,0.171,0.0,0.0
2023-11-16,900141,622,4021,12010.389,6930.086,290.517,10.55,0.171,0.0,0.0
2023-11-16,900147,613,4021,12005.067,6932.764,290.562,10.5,0.171,0.0,0.0
2023-11-16,900154,604,4021,11999.729,6935.53,290.418,10.5,0.171,0.0,0.0
2023-11-16,900162,595,4021,11994.496,6938.208,290.207,19.41,0.171,0.0,0.0
2023-11-16,900169,586,4021,11989.079,6941.056,289.952,10.3,0.171,0.0,0.0
2023-11-16,900176,577,4021,11983.724,6943.881,289.558,10.14,0.171,0.0,0.0
2023-11-16,900182,566,4021,11978.429,6946.569,289.523,10.14,0.171,0.0,0.0
2023-11-16,900189,557,4021,11973.191,6949.41,289.721,9.53,0.171,0.0,0.0
2023-11-16,900196,548,4021,11967.775,6952.239,289.562,9.78,0.171,0.0,0.0
2023-11-16,900202,539,4021,11962.519,6954.816,289.485,9.53,0.171,0.0,0.0
2023-11-16,900208,530,4021,11957.192,6957.647,289.107,9.53,0.171,0.0,0.0
2023-11-16,900214,521,4021,11951.859,6960.511,289.255,9.53,0.171,0.0,0.0
2023-11-16,900218,512,4021,11946.548,6963.114,289.163,8.82,0.171,0.0,0.0
2023-11-16,900222,502,4021,11941.12,6966.05,289.195,8.97,0.171,0.0,0.0
2023-11-16,900232,489,4021,11936.005,6969.143,289.117,13.6,0.171,0.0,0.0
2023-11-16,900258,480,4021,11930.867,6972.378,288.839,9.74,0.171,0.0,0.0
2023-11-16,900263,471,4021,11925.946,6975.587,288.627,8.82,0.171,0.0,0.0
2023-11-16,900268,462,4021,11920.781,6978.787,288.541,8.82,0.171,0.0,0.0
2023-11-16,900274,453,4021,11915.832,6981.875,288.18,8.92,0.171,0.0,0.0
2023-11-16,900278,444,4021,11910.673,6985.131,288.135,8.1,0.171,0.0,0.0
2023-11-16,900282,435,4021,11905.529,6988.376,288.187,8.0,0.171,0.0,0.0
2023-11-16,900287,425,4021,11900.653,6991.549,287.928,8.0,0.171,0.0,0.0
2023-11-16,900290,412,4021,11895.416,6994.876,288.219,8.46,0.171,0.0,0.0
2023-11-16,900294,403,4021,11890.4,6997.906,288.2,8.51,0.171,0.0,0.0
2023-11-16,900298,394,4021,11885.301,7001.06,288.676,8.67,0.171,0.0,0.0
2023-11-16,900303,385,4021,11880.236,7004.224,288.824,8.82,0.171,0.0,0.0
2023-11-16,900311,376,4021,11874.954,7007.313,288.634,8.87,0.171,0.0,0.0
2023-11-16,900316,367,4021,11869.861,7010.539,288.526,8.77,0.171,0.0,0.0
2023-11-16,900320,673,4021,11864.834,7013.683,288.582,8.92,0.171,0.0,0.0
2023-11-16,900324,349,4021,11859.852,7016.857,288.666,8.87,0.171,0.0,0.0
2023-11-16,900328,339,4021,11854.676,7020.095,288.413,8.56,0.171,0.0,0.0
2023-11-16,900331,327,4021,11849.555,7023.23,288.543,8.82,0.171,0.0,0.0
2023-11-16,900334,318,4021,11844.356,7026.306,288.718,8.61,0.171,0.0,0.0
2023-11-16,900339,308,4021,11839.229,7029.385,288.329,8.67,0.171,0.0,0.0
2023-11-16,900347,298,4021,11834.097,7032.36,288.175,8.61,0.171,0.0,0.0
2023-11-16,900351,288,4021,11828.987,7035.566,288.09,8.56,0.171,0.0,0.0
2023-11-16,900353,278,4021,11823.877,7038.636,288.139,8.61,0.171,0.0,0.0
2023-11-16,900356,268,4021,11818.784,7041.78,288.183,8.72,0.171,0.0,0.0
2023-11-16,900360,257,4021,11813.568,7044.827,288.286,8.61,0.171,0.0,0.0
2023-11-16,900362,245,4021,11808.352,7047.776,288.389,8.51,0.171,0.0,0.0
2023-11-16,900367,235,4021,11803.002,7050.555,288.757,8.92,0.171,0.0,0.0
2023-11-16,900370,224,4021,11797.82,7053.442,288.674,8.87,0.171,0.0,0.0
2023-11-16,900372,213,4021,11792.57,7056.404,288.805,8.61,0.171,0.0,0.0
2023-11-16,900376,202,4021,11787.154,7059.207,288.855,8.97,0.171,0.0,0.0
2023-11-16,900379,191,4021,11782.005,7062.133,288.945,9.33,0.171,0.0,0.0
2023-11-16,900384,180,4021,11776.716,7064.954,288.96,8.72,0.171,0.0,0.0
2023-11-16,900387,169,4021,11771.567,7067.727,289.094,9.63,0.171,0.0,0.0
2023-11-16,900392,213,4021,11791.847,7056.607,288.895,8.92,0.171,0.0,0.0
2023-11-16,900394,155,4021,11766.14,7070.634,289.548,9.68,0.171,0.0,0.0
2023-11-16,900399,144,4021,11760.851,7073.345,289.409,9.88,0.171,0.0,0.0
2023-11-16,900404,132,4021,11755.507,7076.236,289.418,9.58,0.171,0.0,0.0
2023-11-16,900407,120,4021,11750.28,7079.139,289.366,9.68,0.171,0.0,0.0
2023-11-16,900411,108,4021,11744.902,7081.876,289.406,9.63,0.171,0.0,0.0
2023-11-16,900415,96,4021,11739.709,7084.665,289.789,9.63,0.171,0.0,0.0
2023-11-16,900419,84,4021,11734.331,7087.608,289.651,9.63,0.171,0.0,0.0
2023-11-16,900422,72,4021,11729.087,7090.375,289.55,9.58,0.171,0.0,0.0
2023-11-16,900081,664,4021,12039.857,6921.581,290.743,10.25,0.171,0.0,0.0
2023-11-16,900087,668,4021,12045.313,6919.124,290.673,10.76,0.171,0.0,0.0
2023-11-16,900091,671,4021,12050.529,6916.476,290.249,10.9,0.171,0.0,0.0
2023-11-16,900093,670,4021,12048.083,6910.979,290.519,11.01,0.171,0.0,0.0
2023-11-16,900098,667,4021,12042.455,6913.743,290.654,10.45,0.171,0.0,0.0
2023-11-16,898663,65,4021,11737.097,7120.118,289.913,10.4,0.171,0.0,0.0
2023-11-16,898671,77,4021,11742.43,7117.365,289.92,10.09,0.171,0.0,0.0
2023-11-16,898678,89,4021,11747.691,7114.517,290.111,10.04,0.171,0.0,0.0
2023-11-16,898685,101,4021,11753.112,7111.629,290.017,10.09,0.171,0.0,0.0
2023-11-16,898690,113,4021,11757.977,7108.123,290.365,10.55,0.171,0.0,0.0
2023-11-16,898699,125,4021,11763.019,7104.695,290.377,10.65,0.171,0.0,0.0
2023-11-16,898705,137,4021,11767.973,7101.473,290.438,10.54,0.171,0.0,0.0
2023-11-16,898711,149,4021,11774.216,7100.384,290.368,11.11,0.171,0.0,0.0
2023-11-16,898718,160,4021,11779.482,7097.683,290.084,10.29,0.171,0.0,0.0
2023-11-16,898725,174,4021,11784.436,7094.343,290.123,10.5,0.171,0.0,0.0
2023-11-16,898729,185,4021,11789.495,7090.804,290.238,10.5,0.171,0.0,0.0
2023-11-16,898735,196,4021,11794.399,7087.438,290.418,10.45,0.171,0.0,0.0
2023-11-16,898739,207,4021,11799.408,7083.85,290.211,10.6,0.171,0.0,0.0
2023-11-16,898744,218,4021,11804.333,7080.181,290.736,10.65,0.171,0.0,0.0
2023-11-16,898749,229,4021,11809.276,7076.796,290.44,10.5,0.171,0.0,0.0
2023-11-16,898755,228,4021,11807.406,7073.418,289.849,10.09,0.171,0.0,0.0
2023-11-16,898759,217,4021,11802.435,7076.575,290.253,10.55,0.171,0.0,0.0
2023-11-16,898765,206,4021,11797.499,7080.234,290.337,10.55,0.171,0.0,0.0
2023-11-16,898769,195,4021,11792.818,7083.632,290.38,10.6,0.171,0.0,0.0
2023-11-16,898774,184,4021,11787.463,7086.601,290.13,10.5,0.171,0.0,0.0
2023-11-16,898778,173,4021,11782.086,7089.469,290.046,10.14,0.171,0.0,0.0
2023-11-16,898781,159,4021,11776.858,7092.225,289.783,10.14,0.171,0.0,0.0
2023-11-16,898786,148,4021,11771.492,7094.976,290.217,10.5,0.171,0.0,0.0
2023-11-16,898794,136,4021,11766.179,7097.839,290.581,10.65,0.171,0.0,0.0
2023-11-16,902962,421,4021,11890.119,6969.929,288.507,8.51,0.171,0.0,0.0
2023-11-16,902965,389,6221,11871.943,6974.296,288.755,8.02,0.0,0.0,0.0
2023-11-16,902971,431,4021,11895.062,6966.837,288.771,8.56,0.171,0.0,0.0
2023-11-16,902973,398,6221,11877.058,6971.064,288.692,6.43,0.0,0.0,0.0
2023-11-16,902976,440,4021,11900.055,6963.592,289.32,8.56,0.171,0.0,0.0
2023-11-16,902978,407,6221,11882.207,6968.03,288.265,8.41,0.0,0.0,0.0
2023-11-16,902981,420,6221,11887.289,6964.606,288.446,8.47,0.0,0.0,0.0
2023-11-16,902987,449,4021,11905.126,6960.438,289.399,8.72,0.171,0.0,0.0
2023-11-16,902988,430,6221,11892.46,6961.357,288.942,1.54,0.0,0.0,0.0
2023-11-16,902989,430,6221,11892.404,6961.39,288.688,7.64,0.0,0.0,0.0
2023-11-16,902993,439,6221,11897.654,6958.304,289.387,9.46,0.0,0.0,0.0
2023-11-16,903002,448,6221,11902.613,6955.029,289.688,9.35,0.0,0.0,0.0
2023-11-16,903003,653,4021,12021.082,6897.505,290.325,10.5,0.171,0.0,0.0
2023-11-16,903005,457,6221,11907.562,6952.048,289.194,9.13,0.0,0.0,0.0
2023-11-16,903012,466,6221,11912.71,6948.793,289.0,9.18,0.0,0.0,0.0
2023-11-16,903013,644,4021,12016.044,6900.157,290.392,10.5,0.171,0.0,0.0
2023-11-16,903018,475,6221,11917.781,6945.571,289.205,9.24,0.0,0.0,0.0
2023-11-16,903021,637,4021,12012.405,6908.039,290.418,10.5,0.171,0.0,0.0
2023-11-16,903027,476,6221,11920.45,6950.96,289.117,9.29,0.0,0.0,0.0
2023-11-16,903030,636,4021,12010.549,6903.113,290.164,11.93,0.171,0.0,0.0
2023-11-16,903034,467,6221,11915.268,6954.228,288.955,9.13,0.0,0.0,0.0
2023-11-16,903041,627,4021,12005.177,6905.934,290.099,12.79,0.171,0.0,0.0
2023-11-16,903042,458,6221,11910.219,6957.405,289.197,9.18,0.0,0.0,0.0
2023-11-16,903051,618,4021,11999.794,6908.697,289.516,11.11,0.171,0.0,0.0
2023-11-16,903052,485,6221,11925.554,6947.718,289.073,9.24,0.0,0.0,0.0
2023-11-16,903060,609,4021,11994.522,6911.287,289.477,9.99,0.171,0.0,0.0
2023-11-16,903061,498,6221,11930.569,6944.58,288.911,9.13,0.0,0.0,0.0
2023-11-16,903066,600,4021,11989.122,6914.054,289.616,8.61,0.171,0.0,0.0
2023-11-16,903068,484,6221,11922.841,6942.355,289.264,9.18,0.0,0.0,0.0
2023-11-16,903073,591,4021,11983.795,6916.905,289.303,8.82,0.171,-0.659,0.396
2023-11-16,903074,497,6221,11927.89,6939.192,288.764,8.96,0.0,0.0,0.0
2023-11-16,903078,507,6221,11933.228,6936.334,288.919,9.13,0.0,0.0,0.0
2023-11-16,903083,516,6221,11938.545,6933.659,288.555,9.35,0.0,0.0,0.0
2023-11-16,903084,582,4021,11978.884,6919.527,289.596,9.01,0.171,0.0,0.0
2023-11-16,903089,525,6221,11943.95,6930.736,289.463,9.13,0.0,0.0,0.0
2023-11-16,903091,573,4021,11973.568,6922.277,289.478,9.63,0.171,0.0,0.0
2023-11-16,903095,534,6221,11949.222,6928.123,289.037,9.13,0.0,0.0,0.0
2023-11-16,903098,543,6221,11954.416,6925.471,289.378,9.07,0.0,0.0,0.0
2023-11-16,903099,562,4021,11967.801,6925.249,289.631,8.97,0.171,0.0,0.0
2023-11-16,903104,552,6221,11959.722,6922.627,289.374,9.02,0.0,0.0,0.0
2023-11-16,903105,553,4021,11962.724,6928.207,289.3,8.87,0.171,0.0,0.0
2023-11-16,903108,561,6221,11965.049,6919.645,289.25,9.07,0.0,0.0,0.0
2023-11-16,903109,544,4021,11957.174,6930.768,289.451,9.68,0.171,0.0,0.0
2023-11-16,903110,572,6221,11970.51,6917.192,289.112,9.29,0.0,0.0,0.0
2023-11-16,903115,535,4021,11951.568,6933.555,289.232,9.43,0.171,0.0,0.0
2023-11-16,903117,581,6221,11975.838,6914.263,289.359,9.18,0.0,0.0,0.0
2023-11-16,903120,526,4021,11946.579,6936.112,289.043,8.77,0.171,0.0,0.0
2023-11-16,903121,590,6221,11981.054,6911.555,289.422,9.07,0.0,0.0,0.0
2023-11-16,903124,517,4021,11941.208,6938.953,289.059,8.82,0.171,0.0,0.0
2023-11-16,903125,599,6221,11986.471,6908.848,289.161,9.02,0.0,0.0,0.0
2023-11-16,903129,608,6221,11991.899,6906.068,289.367,9.18,0.0,0.0,0.0
2023-11-16,903130,508,4021,11935.791,6941.967,288.814,8.82,0.171,0.0,0.0
2023-11-16,903134,617,6221,11997.092,6903.191,289.672,10.17,0.0,0.0,0.0
2023-11-16,903139,423,4021,11895.755,6980.321,288.606,8.77,0.171,0.0,0.0
2023-11-16,903142,626,6221,12002.598,6900.382,289.841,10.23,0.0,0.0,0.0
2023-11-16,903147,297,4021,11831.962,7026.931,288.113,8.97,0.171,0.0,0.0
2023-11-16,903149,635,6221,12007.77,6897.626,290.038,10.01,0.0,0.0,0.0
2023-11-16,903154,307,4021,11837.234,7023.673,288.294,8.16,0.171,0.0,0.0
2023-11-16,903157,643,6221,12012.257,6895.217,289.966,8.96,0.0,0.0,0.0
2023-11-16,903160,285,4021,11821.51,7019.044,287.846,8.21,0.171,0.0,0.0
2023-11-16,903163,652,6221,12016.289,6893.003,290.472,10.12,0.0,0.0,0.0
2023-11-16,903169,295,4021,11826.525,7015.883,287.827,6.78,0.171,0.0,0.0
2023-11-16,898565,16,4021,11718.718,7137.127,290.763,11.26,0.171,0.0,0.0
2023-11-16,898571,28,4021,11723.934,7134.162,290.711,10.5,0.171,0.0,0.0
2023-11-16,898577,40,4021,11729.295,7131.428,290.743,10.81,0.171,0.0,0.0
2023-11-16,898584,52,4021,11734.6,7128.332,290.5,10.65,0.171,0.0,0.0
2023-11-16,898589,66,4021,11739.66,7125.484,290.341,10.55,0.171,0.0,0.0
2023-11-16,898596,78,4021,11744.864,7122.232,290.332,10.08,0.171,0.0,0.0
2023-11-16,898601,90,4021,11749.667,7118.694,290.264,10.04,0.171,0.0,0.0
2023-11-16,898607,102,4021,11754.732,7115.236,290.046,10.6,0.171,0.0,0.0
2023-11-16,898615,114,4021,11759.78,7111.71,290.335,10.6,0.171,0.0,0.0
2023-11-16,898620,126,4021,11764.734,7108.292,290.257,10.55,0.171,0.0,0.0
2023-11-16,898625,138,4021,11769.598,7104.874,290.163,10.5,0.171,0.0,0.0
2023-11-16,898632,15,4021,11716.228,7131.8,290.634,10.39,0.171,0.0,0.0
2023-11-16,898640,27,4021,11721.355,7128.757,290.638,10.6,0.171,0.0,0.0
2023-11-16,898650,39,4021,11726.704,7125.876,290.243,10.7,0.171,0.0,0.0
2023-11-16,898656,51,4021,11731.92,7122.953,290.38,10.5,0.171,0.0,0.0
2023-11-16,901648,383,4021,11874.899,6993.486,289.1,8.97,0.171,0.0,0.0
2023-11-16,901654,392,4021,11879.926,6990.407,289.244,9.07,0.171,0.0,0.0
2023-11-16,901659,401,4021,11885.164,6987.125,289.006,8.97,0.171,0.0,0.0
2023-11-16,901668,410,4021,11890.223,6983.975,288.762,9.07,0.171,0.0,0.0
2023-11-16,901677,426,4021,11904.013,6998.016,287.699,3.67,0.171,0.0,0.0
2023-11-16,901680,423,4021,11895.205,6980.893,288.54,8.56,0.171,0.0,0.0
2023-11-16,901697,433,4021,11900.243,6977.644,288.602,8.82,0.171,0.0,0.0
2023-11-16,901707,442,4021,11905.625,6974.402,288.49,9.07,0.171,0.0,0.0
2023-11-16,901716,451,4021,11910.529,6971.222,288.813,9.27,0.171,0.0,0.0
2023-11-16,901724,460,4021,11915.561,6968.078,289.345,9.07,0.171,0.0,0.0
2023-11-16,901732,469,4021,11920.576,6964.807,289.296,8.92,0.171,0.0,0.0
2023-11-16,901738,478,4021,11925.786,6961.6,289.193,9.53,0.171,0.0,0.0
2023-11-16,901745,487,4021,11930.813,6958.371,289.159,10.29,0.171,0.0,0.0
2023-11-16,901755,500,4021,11935.934,6955.279,289.125,9.63,0.171,0.0,0.0
2023-11-16,901762,510,4021,11941.3,6952.497,289.219,9.53,0.171,0.0,0.0
2023-11-16,901769,519,4021,11946.579,6949.645,289.359,5.96,0.171,0.0,0.0
2023-11-16,901263,20,4021,11702.786,7091.266,289.791,17.27,0.171,0.0,0.0
2023-11-16,901269,32,4021,11707.98,7088.239,289.7,10.55,0.171,0.0,0.0
2023-11-16,901276,44,4021,11713.318,7085.377,289.69,9.53,0.171,0.0,0.0
2023-11-16,901282,58,4021,11718.479,7082.585,289.55,9.69,0.171,0.0,0.0
2023-11-16,901288,70,4021,11723.756,7079.603,289.841,10.09,0.171,0.0,0.0
2023-11-16,901297,82,4021,11728.855,7077.03,290.195,10.14,0.171,0.0,0.0
2023-11-16,901303,94,4021,11734.227,7074.012,289.652,9.48,0.171,0.0,0.0
2023-11-16,901309,106,4021,11739.655,7071.252,289.346,9.48,0.171,0.0,0.0
2023-11-16,901316,118,4021,11745.049,7068.358,288.921,9.53,0.171,0.0,0.0
2023-11-16,901320,130,4021,11750.32,7065.523,289.079,8.97,0.171,0.0,0.0
2023-11-16,901328,142,4021,11755.581,7062.708,289.065,9.02,0.171,0.0,0.0
2023-11-16,901338,153,4021,11760.864,7059.82,289.096,12.18,0.171,0.0,0.0
2023-11-16,901348,167,4021,11766.169,7057.031,289.262,9.74,0.171,0.0,0.0
2023-11-16,901351,178,4021,11771.452,7054.248,289.25,8.97,0.171,0.0,0.0
2023-11-16,901359,189,4021,11776.629,7051.404,289.18,9.02,0.171,0.0,0.0
2023-11-16,901362,200,4021,11781.973,7048.543,288.918,8.97,0.171,0.0,0.0
2023-11-16,901369,211,4021,11787.272,7045.568,288.575,8.97,0.171,0.0,0.0
2023-11-16,901377,222,4021,11792.572,7042.687,288.373,8.87,0.171,0.0,0.0
2023-11-16,901379,233,4021,11797.855,7039.875,288.371,8.72,0.171,0.0,0.0
2023-11-16,901385,243,4021,11803.082,7036.939,288.187,8.56,0.171,0.0,0.0
2023-11-16,901389,255,4021,11808.348,7034.104,288.12,9.02,0.171,0.0,0.0
2023-11-16,901393,266,4021,11813.514,7031.012,287.908,8.82,0.171,0.0,0.0
2023-11-16,901584,276,4021,11818.601,7028.018,287.885,8.51,0.171,0.0,0.0
2023-11-16,901589,286,4021,11823.756,7024.818,288.037,8.51,0.171,0.0,0.0
2023-11-16,901593,296,4021,11828.838,7021.716,288.165,8.56,0.171,0.0,0.0
2023-11-16,901601,306,4021,11833.965,7018.653,288.26,8.51,0.171,0.0,0.0
2023-11-16,901604,316,4021,11839.269,7015.528,288.226,8.51,0.171,0.0,0.0
2023-11-16,901611,325,4021,11844.201,7012.329,288.148,8.61,0.171,0.0,0.0
2023-11-16,901617,337,4021,11849.306,7009.367,288.221,8.61,0.171,0.0,0.0
2023-11-16,901624,347,4021,11854.449,7006.216,288.225,8.82,0.171,0.0,0.0
2023-11-16,901629,356,4021,11859.542,7003.033,288.483,8.51,0.171,0.0,0.0
2023-11-16,901636,365,4021,11864.707,6999.68,288.404,8.72,0.171,0.0,0.0
2023-11-16,901642,374,4021,11869.823,6996.649,288.802,8.77,0.171,0.0,0.0
2023-11-16,903185,6,6221,11495.281,6806.632,296.987,7.31,0.0,0.0,0.0
2023-11-16,903189,49,4021,11534.578,6764.375,298.009,8.26,0.171,0.0,0.0
2023-11-16,903190,12,6221,11500.753,6803.905,296.356,6.98,0.0,0.0,0.0
2023-11-16,903196,18,6221,11506.47,6801.203,296.184,6.65,0.0,0.0,0.0
2023-11-16,903197,39,4021,11522.974,6768.367,297.913,8.0,0.171,0.0,0.0
2023-11-16,903199,23,6221,11511.709,6798.554,295.909,6.93,0.0,0.0,0.0
2023-11-16,903200,34,4021,11517.606,6770.308,297.906,8.05,0.171,0.0,0.0
2023-11-16,903204,28,6221,11517.215,6795.85,296.429,6.65,0.0,0.0,0.0
2023-11-16,903206,29,4021,11512.133,6772.328,297.806,8.1,0.171,0.0,0.0
2023-11-16,903207,33,6221,11522.437,6793.419,296.236,6.6,0.0,0.0,0.0
2023-11-16,903209,24,4021,11506.298,6774.606,297.745,7.54,0.171,0.0,0.0
2023-11-16,903211,38,6221,11527.86,6790.633,296.101,7.15,0.0,0.0,0.0
2023-11-16,903213,19,4021,11500.781,6777.258,297.568,7.59,0.171,0.0,0.0
2023-11-16,903217,43,6221,11533.165,6788.18,295.948,7.09,0.0,0.0,0.0
2023-11-16,903219,13,4021,11494.854,6777.675,297.502,7.59,0.171,0.0,0.0
2023-11-16,903222,48,6221,11538.404,6785.459,296.768,7.09,0.0,0.0,0.0
2023-11-16,903223,14,4021,11496.557,6781.543,297.5,7.65,0.171,0.0,0.0
2023-11-16,903226,1,4021,11484.349,6782.891,297.387,7.85,0.171,0.0,0.0
2023-11-16,903227,53,6221,11543.843,6782.908,297.052,7.04,0.0,0.0,0.0
2023-11-16,903230,2,4021,11486.113,6786.791,297.37,7.54,0.171,0.0,0.0
2023-11-16,903232,52,6221,11541.231,6777.649,297.465,7.53,0.0,0.0,0.0
2023-11-16,903235,7,4021,11488.987,6780.455,297.466,7.49,0.171,0.0,0.0
2023-11-16,903236,47,6221,11535.981,6780.22,297.374,7.59,0.0,0.0,0.0
2023-11-16,903237,8,4021,11491.074,6784.166,297.341,7.49,0.171,0.0,0.0
2023-11-16,903242,42,6221,11530.609,6782.895,296.463,7.53,0.0,0.0,0.0
2023-11-16,903243,3,4021,11487.705,6790.539,297.131,7.54,0.171,0.0,0.0
2023-11-16,903247,9,4021,11492.571,6788.011,297.367,7.49,0.171,0.0,0.0
2023-11-16,903248,37,6221,11525.164,6785.521,296.815,7.09,0.0,0.0,0.0
2023-11-16,903250,15,4021,11498.204,6785.068,297.369,7.49,0.171,0.0,0.0
2023-11-16,903251,32,6221,11519.853,6788.089,296.947,7.04,0.0,0.0,0.0
2023-11-16,903252,20,4021,11503.5,6783.045,297.529,7.34,0.171,0.0,0.0
2023-11-16,903255,25,4021,11509.161,6779.868,297.582,7.49,0.171,0.0,0.0
2023-11-16,903257,27,6221,11514.458,6790.744,296.97,7.09,0.0,0.0,0.0
2023-11-16,903258,30,4021,11514.522,6777.581,297.566,7.54,0.171,0.0,0.0
2023-11-16,903262,35,4021,11519.95,6774.821,297.546,7.59,0.171,0.0,0.0
2023-11-16,903263,22,6221,11509.063,6793.217,296.959,5.66,0.0,0.0,0.0
2023-11-16,903265,40,4021,11525.329,6772.537,297.931,8.16,0.171,0.0,0.0
2023-11-16,903269,17,6221,11503.558,6796.101,296.877,7.15,0.0,0.0,0.0
2023-11-16,903270,45,4021,11530.773,6769.842,297.974,8.21,0.171,0.0,0.0
2023-11-16,903271,5,6221,11493.63,6800.854,297.204,7.53,0.0,0.0,0.0
2023-11-16,903273,50,4021,11536.213,6767.389,297.904,8.0,0.171,0.0,0.0
2023-11-16,903277,11,6221,11498.152,6798.646,296.976,7.09,0.0,0.0,0.0
2023-11-16,903278,31,4021,11517.162,6782.853,297.363,7.7,0.171,0.0,0.0
2023-11-16,903279,36,4021,11522.518,6779.933,297.436,7.54,0.171,0.0,0.0
2023-11-16,903280,4,6221,11490.756,6795.513,297.229,7.53,0.0,0.0,0.0
2023-11-16,903287,10,6221,11495.573,6793.341,297.262,7.59,0.0,0.0,0.0
2023-11-16,903289,46,4021,11533.301,6774.658,297.622,7.65,0.171,0.0,0.0
2023-11-16,903290,16,6221,11500.834,6790.699,297.364,8.63,0.0,0.0,0.0
2023-11-16,903291,51,4021,11538.457,6772.048,297.714,7.7,0.171,0.0,0.0
2023-11-16,903296,21,6221,11506.451,6787.867,297.125,7.53,0.0,0.0,0.0
2023-11-16,903299,26,6221,11511.645,6785.388,297.389,7.86,0.0,0.0,0.0
2023-11-16,874381,851,7922,10877.487,17053.245,259.07,10.9,0.0,2.38,0.506
2023-11-16,874387,695,2441,10826.448,17102.009,259.82,9.35,0.171,0.0,0.0
2023-11-16,874393,695,2441,10826.409,17102.0,260.121,2.24,0.171,-0.761,-0.121
2023-11-16,874395,694,2441,10821.687,17101.199,260.106,10.57,0.171,0.0,0.0
2023-11-16,874401,847,7922,10881.665,17057.215,258.923,10.0,0.0,0.0,0.0
2023-11-16,874404,693,2441,10816.641,17100.392,260.377,5.6,0.171,0.0,0.0
2023-11-16,874406,693,2441,10816.641,17100.36,260.375,5.6,0.171,0.0,0.0
2023-11-16,874416,690,2441,10812.147,17101.022,260.606,11.48,0.171,0.0,0.0
2023-11-16,874419,835,7922,10875.929,17059.232,259.328,11.28,0.0,0.0,0.0
2023-11-16,874420,674,2441,10810.622,17106.937,260.584,11.24,0.171,0.0,0.0
2023-11-16,874427,658,2441,10808.951,17112.68,260.611,11.42,0.171,0.0,0.0
2023-11-16,874431,642,2441,10807.325,17118.442,260.493,11.42,0.171,0.0,0.0
2023-11-16,874437,626,2441,10805.499,17124.345,260.411,11.64,0.171,0.0,0.0
2023-11-16,874439,846,7922,10874.96,17056.072,259.342,9.66,0.0,0.0,0.0
2023-11-16,874442,610,2441,10803.906,17129.902,260.285,10.91,0.171,0.0,0.0
2023-11-16,874449,594,2441,10802.437,17135.927,260.03,10.91,0.171,0.0,0.0
2023-11-16,874451,845,7922,10870.058,17054.916,259.585,9.31,0.0,0.0,0.0
2023-11-16,874455,578,2441,10800.934,17141.823,259.83,10.97,0.171,0.0,0.0
2023-11-16,874459,562,2441,10799.384,17147.223,259.816,11.03,0.171,0.0,0.0
2023-11-16,874460,844,7922,10865.157,17054.171,259.615,9.66,0.0,0.0,0.0
2023-11-16,874467,546,2441,10797.882,17153.412,259.865,11.14,0.171,0.0,0.0
2023-11-16,874472,530,2441,10796.344,17158.916,259.861,11.02,0.171,0.0,0.0
2023-11-16,874475,843,7922,10860.38,17053.504,259.493,9.7,0.0,0.0,0.0
2023-11-16,874480,514,2441,10794.897,17164.857,259.96,11.13,0.171,0.0,0.0
2023-11-16,874486,842,7922,10855.446,17052.638,259.369,9.89,0.0,0.0,0.0
2023-11-16,874487,498,2441,10793.316,17170.655,259.557,11.08,0.171,0.0,0.0
2023-11-16,874493,482,2441,10791.512,17176.519,259.429,11.59,0.171,0.0,0.0
2023-11-16,874495,841,7922,10850.334,17051.93,259.048,10.16,0.0,0.0,0.0
2023-11-16,874498,466,2441,10789.797,17182.245,259.527,9.01,0.171,0.0,0.0
2023-11-16,874502,466,2441,10789.83,17182.274,259.43,11.38,0.171,0.0,0.0
2023-11-16,874503,840,7922,10845.532,17050.754,259.281,10.16,0.0,0.0,0.0
2023-11-16,874507,709,2441,10818.329,17094.705,260.611,6.04,0.171,0.0,0.0
2023-11-16,874511,710,2441,10823.235,17095.499,260.444,11.14,0.171,0.0,0.0
2023-11-16,874512,839,7922,10840.641,17049.63,260.472,3.72,0.0,-1.153,-0.513
2023-11-16,874522,711,2441,10828.191,17096.234,260.438,10.91,0.171,0.0,0.0
2023-11-16,874524,838,7922,10835.609,17049.186,260.229,11.36,0.0,0.0,0.0
2023-11-16,874529,712,2441,10832.937,17097.319,260.221,10.47,0.171,0.0,0.0
2023-11-16,874535,837,7922,10830.808,17048.317,260.413,5.62,0.0,0.0,0.0
2023-11-16,874536,713,2441,10838.116,17098.186,260.04,10.93,0.171,0.0,0.0
2023-11-16,874542,833,7922,10820.276,17047.847,260.386,4.96,0.0,0.0,0.0
2023-11-16,874545,834,7922,10826.024,17049.065,260.207,11.47,0.0,0.0,0.0
2023-11-16,874546,714,2441,10842.972,17099.023,259.772,10.52,0.171,0.0,0.0
2023-11-16,874552,715,2441,10847.784,17099.781,259.931,10.74,0.171,0.0,0.0
2023-11-16,874554,849,7922,10821.557,17041.933,260.407,6.63,0.0,0.0,0.0
2023-11-16,874558,850,7922,10827.46,17043.052,260.232,11.16,0.0,0.0,0.0
2023-11-16,874565,707,2441,10862.676,17105.42,259.157,10.97,0.171,2.425,0.428
2023-11-16,874567,865,7922,10822.86,17036.058,260.452,4.38,0.0,0.0,0.0
2023-11-16,874570,866,7922,10828.997,17037.098,260.659,11.16,0.0,0.0,0.0
2023-11-16,874575,723,2441,10864.58,17099.778,259.371,11.02,0.171,2.305,0.329
2023-11-16,874579,853,7922,10832.165,17042.122,260.531,5.5,0.0,0.0,0.0
2023-11-16,874582,854,7922,10836.9,17043.141,260.59,11.24,0.0,0.0,0.0
2023-11-16,874586,739,2441,10866.218,17094.117,259.437,11.02,0.171,2.447,0.043
2023-11-16,874595,855,7922,10841.895,17043.847,260.341,11.01,0.0,0.0,0.0
2023-11-16,874596,755,2441,10867.887,17087.914,259.688,11.03,0.171,2.536,0.448
2023-11-16,874607,856,7922,10846.835,17044.755,259.807,10.74,0.0,0.0,0.0
2023-11-16,874614,750,2441,10866.229,17091.123,259.688,10.52,0.171,0.0,0.0
2023-11-16,874620,857,7922,10851.752,17045.572,259.911,10.89,0.0,0.0,0.0
2023-11-16,874629,734,2441,10864.291,17096.661,259.481,10.47,0.171,0.0,0.0
2023-11-16,874633,858,7922,10856.682,17046.799,259.6,9.54,0.0,0.0,0.0
2023-11-16,874638,718,2441,10862.621,17102.59,259.306,10.46,0.171,0.0,0.0
2023-11-16,874642,859,7922,10861.494,17047.877,259.545,9.58,0.0,0.0,0.0
2023-11-16,874645,717,2441,10857.697,17101.584,259.421,10.4,0.171,0.0,0.0
2023-11-16,874650,860,7922,10866.506,17048.674,259.515,9.73,0.0,0.0,0.0
2023-11-16,874654,716,2441,10852.785,17100.705,259.5,9.63,0.171,0.0,0.0
2023-11-16,874662,862,7922,10876.474,17050.268,258.963,9.58,0.0,0.0,0.0
2023-11-16,874663,733,2441,10859.568,17095.837,259.261,10.52,0.171,0.0,0.0
2023-11-16,874670,732,2441,10854.701,17095.066,259.743,10.46,0.171,0.0,0.0
2023-11-16,874672,861,7922,10871.106,17049.264,259.236,9.62,0.0,0.0,0.0
2023-11-16,874679,731,2441,10849.544,17094.159,260.068,10.41,0.171,0.0,0.0
2023-11-16,874685,878,7922,10877.811,17044.504,258.979,10.16,0.0,0.0,0.0
2023-11-16,874691,730,2441,10844.498,17093.284,260.208,10.47,0.171,0.0,0.0
2023-11-16,874699,877,7922,10872.898,17043.315,259.068,9.73,0.0,0.0,0.0
2023-11-16,874703,729,2441,10839.72,17092.486,260.1,10.52,0.171,0.0,0.0
2023-11-16,874712,728,2441,10834.763,17091.461,260.085,10.97,0.171,0.0,0.0
2023-11-16,874716,876,7922,10868.042,17042.563,259.241,9.58,0.0,0.0,0.0
2023-11-16,874723,727,2441,10830.063,17090.631,260.448,11.08,0.171,0.0,0.0
2023-11-16,874726,875,7922,10863.086,17041.682,259.262,9.58,0.0,0.0,0.0
2023-11-16,874733,726,2441,10825.073,17089.703,260.515,11.14,0.171,0.0,0.0
2023-11-16,874739,874,7922,10857.939,17040.572,259.989,11.36,0.0,0.0,0.0
2023-11-16,874742,725,2441,10820.038,17088.737,260.512,5.54,0.171,0.0,0.0
2023-11-16,874747,706,2441,10813.707,17095.394,260.443,11.64,0.171,0.0,0.0
2023-11-16,874749,873,7922,10853.161,17039.794,260.251,11.55,0.0,0.0,0.0
2023-11-16,874751,722,2441,10815.6,17089.712,260.627,11.53,0.171,0.0,0.0
2023-11-16,874757,738,2441,10817.125,17083.765,260.483,11.59,0.171,0.0,0.0
2023-11-16,874762,872,7922,10848.194,17039.043,260.413,12.87,0.0,0.0,0.0
2023-11-16,874763,741,2441,10821.832,17083.193,260.397,5.88,0.171,0.0,0.0
2023-11-16,874771,742,2441,10826.844,17084.009,260.335,11.08,0.171,0.0,0.0
2023-11-16,874780,871,7922,10843.382,17038.164,260.685,11.01,0.0,0.0,0.0
2023-11-16,874783,743,2441,10831.678,17084.852,260.405,11.08,0.171,0.0,0.0
2023-11-16,874793,744,2441,10836.723,17085.721,260.481,11.08,0.171,0.0,0.0
2023-11-16,874796,870,7922,10838.548,17037.461,261.086,11.17,0.0,0.0,0.0
2023-11-16,874801,745,2441,10841.474,17086.714,260.198,10.58,0.171,0.0,0.0
2023-11-16,874806,869,7922,10833.48,17036.501,261.022,5.54,0.0,0.0,0.0
2023-11-16,874809,746,2441,10846.347,17087.603,259.966,10.8,0.171,0.0,0.0
2023-11-16,874810,881,7922,10824.398,17030.547,260.782,4.57,0.0,0.0,0.0
2023-11-16,874813,882,7922,10830.234,17031.386,261.044,11.17,0.0,0.0,0.0
2023-11-16,874819,747,2441,10851.298,17088.377,260.029,10.46,0.171,0.0,0.0
2023-11-16,874827,885,7922,10834.85,17030.678,261.212,5.97,0.0,0.0,0.0
2023-11-16,874828,748,2441,10856.383,17089.307,260.001,10.52,0.171,-5.514,8.862
2023-11-16,874831,886,7922,10839.741,17031.763,260.905,5.89,0.0,0.0,0.0
2023-11-16,875851,689,2441,10806.266,17100.085,260.506,4.2,0.171,0.0,0.0
2023-11-16,875853,705,2441,10807.915,17094.545,260.717,4.59,0.171,0.0,0.0
2023-11-16,875857,721,2441,10809.664,17088.687,260.564,6.83,0.171,0.0,0.0
2023-11-16,875866,737,2441,10811.623,17082.741,260.418,4.7,0.171,0.0,0.0
2023-11-16,875867,753,2441,10812.927,17077.153,260.474,4.81,0.171,1.148,-4.599
2023-11-16,878461,678,3384,11330.214,15009.824,230.666,1.56,0.171,0.0,0.0
2023-11-16,875799,580,2441,10859.326,17153.653,259.055,12.26,0.171,0.0,0.0
2023-11-16,875812,594,2441,10802.033,17135.244,259.605,10.69,0.171,0.0,0.0
2023-11-16,875819,599,2441,10816.074,17136.536,260.088,10.92,0.171,0.0,0.0
2023-11-16,875829,609,2441,10798.13,17128.645,259.873,4.48,0.171,0.0,0.0
2023-11-16,875833,625,2441,10799.785,17123.134,260.084,4.25,0.171,0.0,0.0
2023-11-16,875835,641,2441,10801.422,17117.42,260.361,4.36,0.171,0.0,0.0
2023-11-16,875838,657,2441,10802.82,17111.848,260.273,6.04,0.171,0.0,0.0
2023-11-16,875845,673,2441,10804.697,17106.026,260.47,4.76,0.171,0.0,0.0
2023-11-16,875345,264,2441,10756.947,17235.468,260.849,6.16,0.171,0.0,0.0
2023-11-16,875349,253,2441,10756.735,17238.195,261.088,6.16,0.171,0.0,0.0
2023-11-16,875353,233,2441,10756.421,17240.649,261.272,6.1,0.171,0.0,0.0
2023-11-16,875355,225,2441,10756.064,17243.239,261.101,6.16,0.171,0.0,0.0
2023-11-16,875356,216,2441,10755.638,17245.42,261.122,6.1,0.171,0.0,0.0
2023-11-16,875361,196,2441,10755.336,17247.997,261.022,6.16,0.171,0.0,0.0
2023-11-16,875363,187,2441,10754.799,17250.36,260.875,5.65,0.171,0.0,0.0
2023-11-16,875379,990,3384,10888.86,17004.017,258.705,10.16,0.171,0.0,0.0
2023-11-16,875381,168,2441,10754.252,17252.808,260.596,5.6,0.171,0.0,0.0
2023-11-16,875382,771,7922,10869.636,17082.279,259.473,10.97,0.0,2.831,0.602
2023-11-16,875383,158,2441,10753.916,17255.386,260.845,5.54,0.171,-2.21,-0.718
2023-11-16,875385,974,3384,10887.634,17009.755,258.751,10.16,0.171,0.0,0.0
2023-11-16,875389,6,2441,10752.422,17284.463,259.55,6.66,0.171,2.241,0.517
2023-11-16,875391,787,7922,10871.207,17076.807,259.413,10.46,0.0,2.693,0.52
2023-11-16,875392,958,3384,10885.852,17015.462,258.954,10.08,0.171,0.0,0.0
2023-11-16,875394,40,2441,10754.085,17279.741,259.983,6.72,0.171,2.229,0.117
2023-11-16,875398,66,2441,10755.826,17275.057,259.922,6.55,0.171,2.583,0.453
2023-11-16,875401,942,3384,10884.126,17021.296,258.897,10.08,0.171,0.0,0.0
2023-11-16,875402,85,2441,10757.311,17270.261,259.918,6.66,0.171,2.367,0.207
2023-11-16,875407,107,2441,10759.141,17265.509,259.649,6.1,0.171,2.4,0.252
2023-11-16,875409,803,7922,10872.699,17070.919,259.264,10.47,0.0,2.765,0.291
2023-11-16,875410,941,3384,10879.03,17020.428,259.031,10.16,0.171,0.0,0.0
2023-11-16,875411,107,2441,10760.171,17265.574,259.67,6.1,0.171,2.402,0.227
2023-11-16,875413,133,2441,10760.303,17260.645,259.482,6.27,0.171,2.226,0.683
2023-11-16,875415,160,2441,10761.532,17255.84,259.552,6.72,0.171,2.315,0.161
2023-11-16,875419,940,3384,10874.385,17019.581,259.232,10.16,0.171,0.0,0.0
2023-11-16,875420,199,2441,10763.536,17250.086,259.671,7.22,0.171,2.424,0.471
2023-11-16,875423,228,2441,10765.173,17244.295,259.874,8.0,0.171,2.78,0.644
2023-11-16,875424,939,3384,10869.256,17018.576,259.005,10.16,0.171,0.0,0.0
2023-11-16,875427,781,7922,10864.58,17078.678,259.535,9.58,0.0,0.0,0.0
2023-11-16,875429,255,2441,10767.233,17238.658,260.228,8.84,0.171,1.58,0.056
2023-11-16,875431,938,3384,10864.355,17017.655,259.165,10.16,0.171,0.0,0.0
2023-11-16,875434,354,2441,10777.159,17223.039,259.766,9.07,0.171,0.0,0.0
2023-11-16,875438,797,7922,10866.072,17072.802,259.326,9.62,0.0,0.0,0.0
2023-11-16,875439,354,2441,10777.115,17222.993,259.917,2.07,0.171,0.0,0.0
2023-11-16,875441,329,2441,10775.767,17228.647,259.889,11.31,0.171,0.0,0.0
2023-11-16,875442,937,3384,10859.544,17016.939,259.388,10.34,0.171,0.0,0.0
2023-11-16,875448,300,2441,10774.308,17234.516,259.907,11.3,0.171,-0.962,-0.453
2023-11-16,875449,936,3384,10854.421,17016.139,259.868,10.34,0.171,0.0,0.0
2023-11-16,875450,811,7922,10857.584,17065.111,259.75,9.58,0.0,0.0,0.0
2023-11-16,875454,935,3384,10849.569,17015.156,260.014,10.51,0.171,0.0,0.0
2023-11-16,875455,5,2441,10747.246,17284.476,260.058,5.71,0.171,0.0,0.0
2023-11-16,875457,7,2441,10748.973,17284.795,260.27,5.71,0.171,0.0,0.0
2023-11-16,875458,796,7922,10860.993,17071.842,259.496,9.35,0.0,0.0,0.0
2023-11-16,875460,12,2441,10747.75,17282.145,260.18,5.71,0.171,0.0,0.0
2023-11-16,875463,957,3384,10880.885,17014.845,258.936,10.16,0.171,0.0,0.0
2023-11-16,875464,13,2441,10749.632,17282.503,260.088,5.82,0.171,0.0,0.0
2023-11-16,875466,39,2441,10748.452,17279.579,259.928,5.71,0.171,0.0,0.0
2023-11-16,875467,780,7922,10859.468,17077.705,259.699,9.54,0.0,0.0,0.0
2023-11-16,875470,957,3384,10880.88,17014.841,259.13,1.99,0.171,0.0,0.0
2023-11-16,875471,41,2441,10750.401,17279.768,259.863,5.37,0.171,0.0,0.0
2023-11-16,875473,956,3384,10876.051,17013.874,259.159,10.25,0.171,0.0,0.0
2023-11-16,875475,48,2441,10749.089,17277.105,259.888,5.48,0.171,0.0,0.0
2023-11-16,875477,49,2441,10751.161,17277.586,260.018,5.65,0.171,0.0,0.0
2023-11-16,875480,955,3384,10871.106,17013.051,258.721,10.51,0.171,0.0,0.0
2023-11-16,875482,65,2441,10749.675,17274.578,259.946,5.6,0.171,0.0,0.0
2023-11-16,875484,67,2441,10751.886,17275.033,259.916,5.6,0.171,0.0,0.0
2023-11-16,875489,74,2441,10750.351,17272.378,259.992,5.76,0.171,0.0,0.0
2023-11-16,875490,954,3384,10866.088,17012.117,259.079,10.34,0.171,0.0,0.0
2023-11-16,875492,1006,7922,10890.229,16998.11,258.863,9.54,0.0,0.0,0.0
2023-11-16,875494,75,2441,10752.69,17272.812,260.227,5.54,0.171,0.0,0.0
2023-11-16,875496,84,2441,10751.188,17269.863,260.076,5.71,0.171,0.0,0.0
2023-11-16,875497,953,3384,10861.137,17011.229,259.424,10.16,0.171,0.0,0.0
2023-11-16,875501,86,2441,10753.349,17270.344,259.833,5.6,0.171,0.0,0.0
2023-11-16,875502,1005,7922,10886.176,16997.57,258.999,9.62,0.0,0.0,0.0
2023-11-16,875503,98,2441,10751.981,17267.597,259.922,5.48,0.171,0.0,0.0
2023-11-16,875505,952,3384,10856.386,17010.415,259.728,10.34,0.171,0.0,0.0
2023-11-16,875507,99,2441,10754.208,17267.941,260.032,5.71,0.171,0.0,0.0
2023-11-16,875510,106,2441,10752.372,17265.061,259.882,5.54,0.171,0.0,0.0
2023-11-16,875511,1004,7922,10881.264,16996.695,259.175,9.66,0.0,0.0,0.0
2023-11-16,875513,108,2441,10754.8,17265.525,260.222,5.6,0.171,0.0,0.0
2023-11-16,875514,951,3384,10851.463,17009.556,259.824,10.51,0.171,0.0,0.0
2023-11-16,875519,124,2441,10752.953,17262.721,260.166,5.71,0.171,0.0,0.0
2023-11-16,875520,125,2441,10755.52,17263.064,260.214,5.65,0.171,0.0,0.0
2023-11-16,875523,950,3384,10846.445,17008.544,259.889,10.34,0.171,0.0,0.0
2023-11-16,875524,1003,7922,10876.384,16995.656,258.937,9.54,0.0,0.0,0.0
2023-11-16,875528,151,2441,10753.274,17257.756,260.399,6.1,0.171,-0.553,-0.004
2023-11-16,875530,132,2441,10753.334,17260.332,260.795,5.93,0.171,0.0,0.0
2023-11-16,875532,945,3384,10830.59,17007.347,260.245,4.51,0.171,0.0,0.0
2023-11-16,875533,134,2441,10756.407,17260.764,260.413,5.65,0.171,0.0,0.0
2023-11-16,875535,946,3384,10836.527,17008.414,260.422,10.08,0.171,0.0,0.0
2023-11-16,875537,1002,7922,10871.584,16994.924,259.253,9.54,0.0,0.0,0.0
2023-11-16,875541,152,2441,10755.306,17258.013,260.337,5.71,0.171,0.0,0.0
2023-11-16,875542,949,3384,10841.5,17007.884,260.239,9.73,0.171,0.0,0.0
2023-11-16,875545,153,2441,10757.067,17258.499,260.214,0.05,0.171,0.0,0.0
2023-11-16,875547,961,3384,10832.049,17001.618,259.971,4.69,0.171,0.0,0.0
2023-11-16,875548,159,2441,10755.943,17255.626,260.11,5.6,0.171,0.0,0.0
2023-11-16,875550,1001,7922,10866.739,16994.028,259.444,9.58,0.0,0.0,0.0
2023-11-16,875551,962,3384,10838.008,17002.558,259.947,10.42,0.171,0.0,0.0
2023-11-16,875555,161,2441,10757.815,17256.18,260.111,5.65,0.171,0.0,0.0
2023-11-16,875556,965,3384,10843.237,17001.968,260.101,5.3,0.171,0.0,0.0
2023-11-16,875559,169,2441,10756.536,17253.472,260.231,5.48,0.171,0.0,0.0
2023-11-16,875560,977,3384,10833.909,16995.757,259.584,4.25,0.171,0.0,0.0
2023-11-16,875561,170,2441,10758.479,17253.68,260.344,5.6,0.171,0.0,0.0
2023-11-16,875563,978,3384,10839.484,16996.757,259.863,10.16,0.171,0.0,0.0
2023-11-16,875565,1000,7922,10861.816,16993.27,259.883,10.62,0.0,0.0,0.0
2023-11-16,875567,188,2441,10757.061,17250.939,260.154,5.88,0.171,0.0,0.0
2023-11-16,875569,973,3384,10882.779,17009.14,259.036,10.08,0.171,0.0,0.0
2023-11-16,875570,189,2441,10759.088,17251.212,260.413,5.65,0.171,0.0,0.0
2023-11-16,875573,197,2441,10757.463,17248.42,260.163,5.6,0.171,0.0,0.0
2023-11-16,875576,972,3384,10877.888,17008.105,259.25,10.16,0.171,0.0,0.0
2023-11-16,875577,198,2441,10759.824,17248.783,260.286,5.76,0.171,0.0,0.0
2023-11-16,875580,999,7922,10856.826,16992.304,259.868,10.58,0.0,0.0,0.0
2023-11-16,875581,217,2441,10758.011,17245.959,260.144,5.54,0.171,0.0,0.0
2023-11-16,875584,218,2441,10760.65,17246.409,260.391,5.76,0.171,0.0,0.0
2023-11-16,875586,971,3384,10872.831,17007.126,258.774,10.08,0.171,0.0,0.0
2023-11-16,875588,226,2441,10758.418,17243.4,260.125,5.48,0.171,0.0,0.0
2023-11-16,875592,227,2441,10761.209,17244.081,260.469,5.54,0.171,0.0,0.0
2023-11-16,875593,970,3384,10868.031,17006.325,259.111,10.08,0.171,0.0,0.0
2023-11-16,875596,998,7922,10851.881,16991.441,259.843,10.58,0.0,0.0,0.0
2023-11-16,875598,234,2441,10758.236,17240.818,260.474,6.16,0.171,0.0,0.0
2023-11-16,875600,235,2441,10760.186,17241.228,260.713,5.71,0.171,0.0,0.0
2023-11-16,875602,969,3384,10863.013,17005.358,259.274,10.16,0.171,0.0,0.0
2023-11-16,875605,236,2441,10762.002,17241.645,260.671,5.54,0.171,0.0,0.0
2023-11-16,875607,997,7922,10847.031,16990.706,259.492,5.08,0.0,0.0,0.0
2023-11-16,875608,254,2441,10758.828,17238.415,260.56,6.32,0.171,0.0,0.0
2023-11-16,875610,968,3384,10858.107,17004.542,259.772,10.34,0.171,0.0,0.0
2023-11-16,875612,257,2441,10762.617,17239.549,260.605,5.6,0.171,0.0,0.0
2023-11-16,875615,993,7922,10835.435,16989.923,259.577,4.15,0.0,0.0,0.0
2023-11-16,875616,256,2441,10760.967,17238.844,260.403,5.65,0.171,0.0,0.0
2023-11-16,875618,994,7922,10841.305,16990.952,259.62,10.7,0.0,0.0,0.0
2023-11-16,875620,265,2441,10759.354,17235.981,260.592,6.1,0.171,0.0,0.0
2023-11-16,875621,967,3384,10853.279,17003.76,259.629,10.51,0.171,0.0,0.0
2023-11-16,875625,266,2441,10761.515,17236.403,260.688,5.6,0.171,0.0,0.0
2023-11-16,875627,966,3384,10848.25,17003.026,259.833,10.6,0.171,0.0,0.0
2023-11-16,875628,267,2441,10763.543,17236.963,260.497,5.65,0.171,0.0,0.0
2023-11-16,875631,285,2441,10759.991,17233.663,260.525,6.04,0.171,0.0,0.0
2023-11-16,875637,286,2441,10762.113,17234.274,260.671,5.54,0.171,0.0,0.0
2023-11-16,875638,981,3384,10845.109,16996.401,259.722,6.6,0.171,0.0,0.0
2023-11-16,875640,287,2441,10764.201,17234.358,260.549,5.65,0.171,0.0,0.0
2023-11-16,875643,989,3384,10884.449,17003.225,258.783,10.08,0.171,0.0,0.0
2023-11-16,875644,295,2441,10760.46,17231.228,260.638,6.21,0.171,0.0,0.0
2023-11-16,875648,296,2441,10762.677,17231.591,260.982,6.16,0.171,0.0,0.0
2023-11-16,875652,297,2441,10764.904,17231.922,260.643,5.6,0.171,0.0,0.0
2023-11-16,875653,988,3384,10879.737,17002.277,259.304,10.16,0.171,0.0,0.0
2023-11-16,875655,317,2441,10760.796,17228.735,260.616,6.1,0.171,0.0,0.0
2023-11-16,875659,318,2441,10763.024,17229.366,261.127,7.67,0.171,0.0,0.0
2023-11-16,875662,987,3384,10874.625,17001.572,258.654,10.34,0.171,0.0,0.0
2023-11-16,875666,319,2441,10765.619,17229.761,260.814,5.54,0.171,0.0,0.0
2023-11-16,875669,325,2441,10761.298,17226.186,260.406,6.38,0.171,0.0,0.0
2023-11-16,875670,986,3384,10869.947,17000.754,259.116,10.51,0.171,0.0,0.0
2023-11-16,875674,337,2441,10761.579,17223.873,260.934,6.16,0.171,0.0,0.0
2023-11-16,875677,338,2441,10763.456,17224.185,261.013,6.27,0.171,0.0,0.0
2023-11-16,875680,985,3384,10864.862,16999.635,259.395,10.6,0.171,0.0,0.0
2023-11-16,875683,339,2441,10765.188,17224.499,260.93,6.04,0.171,0.0,0.0
2023-11-16,875685,326,2441,10763.929,17227.054,260.828,5.99,0.171,0.0,0.0
2023-11-16,875688,328,2441,10766.1,17227.267,260.782,6.21,0.171,0.0,0.0
2023-11-16,875689,984,3384,10860.156,16998.86,259.989,10.34,0.171,0.0,0.0
2023-11-16,875693,340,2441,10766.971,17224.929,260.608,5.65,0.171,0.0,0.0
2023-11-16,875697,298,2441,10768.77,17232.873,260.27,4.08,0.171,0.0,0.0
2023-11-16,875698,983,3384,10855.205,16997.981,259.8,10.68,0.171,0.0,0.0
2023-11-16,875699,327,2441,10770.329,17227.049,260.194,4.08,0.171,0.0,0.0
2023-11-16,875705,353,2441,10771.988,17221.254,259.942,4.03,0.171,0.0,0.0
2023-11-16,875707,369,2441,10773.547,17215.551,259.929,4.25,0.171,0.0,0.0
2023-11-16,875709,982,3384,10850.188,16997.249,259.832,10.94,0.171,0.0,0.0
2023-11-16,875710,385,2441,10775.016,17209.538,259.832,4.2,0.171,0.0,0.0
2023-11-16,875712,401,2441,10776.977,17204.006,259.911,4.14,0.171,0.0,0.0
2023-11-16,875717,417,2441,10778.66,17198.482,259.799,4.14,0.171,0.0,0.0
2023-11-16,875719,433,2441,10780.808,17192.61,259.575,3.64,0.171,0.0,0.0
2023-11-16,875723,449,2441,10782.424,17186.956,259.6,3.92,0.171,0.0,0.0
2023-11-16,875727,450,2441,10787.99,17187.307,259.383,11.25,0.171,0.0,0.0
2023-11-16,875731,465,2441,10784.071,17180.949,259.413,3.64,0.171,0.0,0.0
2023-11-16,875736,481,2441,10786.065,17175.508,259.638,3.75,0.171,0.0,0.0
2023-11-16,875737,497,2441,10787.402,17169.78,259.316,3.64,0.171,0.177,-0.659
2023-11-16,875740,513,2441,10789.005,17163.913,259.046,3.58,0.171,0.0,0.0
2023-11-16,875743,529,2441,10790.485,17157.786,259.517,3.52,0.171,0.0,0.0
2023-11-16,875747,545,2441,10792.48,17152.336,259.731,3.86,0.171,0.0,0.0
2023-11-16,875751,561,2441,10793.805,17146.624,259.916,3.58,0.171,0.0,0.0
2023-11-16,875753,577,2441,10795.24,17140.435,259.818,4.14,0.171,0.0,0.0
2023-11-16,875756,593,2441,10796.8,17134.813,259.762,4.36,0.171,0.0,0.0
2023-11-16,875770,500,2441,10850.827,17181.985,259.325,12.2,0.171,5.237,0.877
2023-11-16,875786,595,2441,10849.967,17145.313,259.806,11.14,0.171,4.264,0.45
2023-11-16,873344,24,4941,10791.498,17289.039,259.359,10.77,0.171,0.0,0.0
2023-11-16,873345,244,6221,10811.982,17251.249,260.034,10.56,0.0,0.0,0.0
2023-11-16,873347,571,2441,10833.529,17151.903,259.733,10.52,0.171,0.0,0.0
2023-11-16,873351,25,4941,10793.948,17289.421,259.163,9.51,0.171,0.0,0.0
2023-11-16,873352,474,7922,10819.596,17185.754,259.996,10.47,0.0,0.0,0.0
2023-11-16,873354,206,6221,10805.4,17256.107,259.541,10.55,0.0,0.0,0.0
2023-11-16,873355,570,2441,10828.762,17151.171,259.968,10.46,0.171,0.0,0.0
2023-11-16,873356,25,4941,10793.937,17289.414,259.252,1.32,0.171,0.0,0.0
2023-11-16,873357,55,4941,10792.805,17284.383,259.203,10.78,0.171,0.0,0.0
2023-11-16,873361,569,2441,10823.727,17150.074,259.933,10.52,0.171,0.0,0.0
2023-11-16,873362,243,6221,10807.092,17250.243,259.925,11.6,0.0,0.0,0.0
2023-11-16,873364,56,4941,10797.733,17284.975,259.231,10.72,0.171,0.0,0.0
2023-11-16,873367,464,7922,10847.581,17196.68,259.279,10.47,0.0,2.974,0.412
2023-11-16,873369,568,2441,10818.704,17149.251,260.013,10.52,0.171,0.0,0.0
2023-11-16,873372,27,4941,10798.804,17290.218,259.25,9.29,0.171,0.0,0.0
2023-11-16,873373,274,6221,10808.484,17244.544,259.926,10.5,0.0,0.0,0.0
2023-11-16,873376,27,4941,10798.815,17290.225,259.541,1.15,0.171,0.0,0.0
2023-11-16,873378,567,2441,10813.853,17148.317,260.428,10.96,0.171,0.0,0.0
2023-11-16,873379,448,7922,10846.156,17202.536,258.983,9.96,0.0,2.587,0.55
2023-11-16,873380,28,4941,10801.282,17290.447,259.44,9.79,0.171,0.0,0.0
2023-11-16,873381,306,6221,10810.121,17238.694,259.75,10.55,0.0,0.0,0.0
2023-11-16,873387,566,2441,10808.991,17147.409,260.452,10.69,0.171,0.0,0.0
2023-11-16,873388,432,7922,10844.792,17208.346,258.668,9.96,0.0,2.542,0.729
2023-11-16,873389,347,6221,10811.424,17232.988,259.761,18.43,0.0,0.0,0.0
2023-11-16,873390,58,4941,10807.535,17286.918,259.645,10.23,0.171,0.0,0.0
2023-11-16,873396,565,2441,10803.923,17146.547,260.278,6.6,0.171,0.0,0.0
2023-11-16,873397,363,6221,10813.027,17227.06,259.928,10.5,0.0,0.0,0.0
2023-11-16,873398,416,7922,10843.1,17214.15,258.574,10.04,0.0,2.432,0.606
2023-11-16,873399,57,4941,10802.784,17285.937,259.466,9.51,0.171,0.0,0.0
2023-11-16,873401,581,2441,10805.305,17141.037,259.903,5.82,0.171,0.0,0.0
2023-11-16,873405,582,2441,10810.351,17141.879,259.921,10.57,0.171,0.0,0.0
2023-11-16,874098,884,4941,10891.044,17043.894,258.365,11.54,0.171,5.664,1.101
2023-11-16,874103,868,4941,10889.312,17049.748,258.276,11.49,0.171,5.28,2.351
2023-11-16,874104,389,2441,10786.64,17210.291,259.635,4.59,0.171,0.0,0.0
2023-11-16,874105,992,7922,10899.062,17005.715,258.514,9.96,0.0,2.353,0.331
2023-11-16,874106,408,2441,10803.08,17207.184,259.77,11.53,0.171,0.0,0.0
2023-11-16,874109,852,4941,10887.934,17054.974,258.39,11.54,0.171,5.5,1.687
2023-11-16,874112,407,2441,10798.168,17206.39,259.877,10.47,0.171,0.0,0.0
2023-11-16,874114,991,7922,10893.982,17004.736,258.847,9.96,0.0,2.446,0.387
2023-11-16,874115,406,2441,10793.067,17205.427,259.746,9.46,0.171,0.0,0.0
2023-11-16,874120,406,2441,10793.078,17205.408,259.582,2.24,0.171,0.0,0.0
2023-11-16,874122,979,7922,10888.575,17006.82,258.76,10.63,0.0,2.383,0.55
2023-11-16,874123,405,2441,10788.333,17204.571,259.604,4.59,0.171,0.0,0.0
2023-11-16,874125,402,2441,10782.742,17205.172,259.815,10.75,0.171,0.0,0.0
2023-11-16,874131,424,2441,10804.673,17201.425,259.7,13.04,0.171,0.0,0.0
2023-11-16,874134,976,7922,10897.826,17011.599,258.384,9.96,0.0,2.256,0.398
2023-11-16,874137,423,2441,10799.989,17200.568,259.779,10.47,0.171,0.0,0.0
2023-11-16,874139,975,7922,10892.87,17010.825,258.488,10.01,0.0,2.201,0.388
2023-11-16,874143,422,2441,10794.72,17199.681,259.781,10.58,0.171,0.0,0.0
2023-11-16,874146,421,2441,10790.181,17198.791,259.605,4.64,0.171,0.0,0.0
2023-11-16,874150,963,7922,10887.222,17012.816,258.86,10.55,0.0,2.442,0.387
2023-11-16,874152,418,2441,10784.529,17199.302,259.622,10.85,0.171,0.0,0.0
2023-11-16,874156,440,2441,10806.449,17195.649,259.606,10.46,0.171,0.0,0.0
2023-11-16,874160,960,7922,10896.467,17017.497,258.551,9.96,0.0,3.084,0.737
2023-11-16,873406,91,4941,10809.223,17281.276,259.569,10.17,0.171,0.0,0.0
2023-11-16,873408,362,6221,10808.127,17226.282,259.881,10.55,0.0,0.0,0.0
2023-11-16,873409,400,7922,10841.697,17220.222,258.416,10.0,0.0,2.573,0.408
2023-11-16,873413,583,2441,10815.463,17142.741,260.157,10.47,0.171,0.0,0.0
2023-11-16,873414,90,4941,10804.277,17280.257,259.537,9.79,0.171,0.0,0.0
2023-11-16,873415,346,6221,10806.64,17232.112,259.743,18.38,0.0,0.0,0.0
2023-11-16,873419,384,7922,10840.005,17225.974,258.655,9.97,0.0,2.209,0.551
2023-11-16,873421,89,4941,10799.308,17279.147,259.524,10.72,0.171,0.0,0.0
2023-11-16,873423,584,2441,10820.085,17143.431,260.156,10.75,0.171,0.0,0.0
2023-11-16,873424,305,6221,10805.031,17237.904,259.831,10.5,0.0,0.0,0.0
2023-11-16,873427,88,4941,10794.419,17278.448,259.238,10.67,0.171,0.0,0.0
2023-11-16,873428,585,2441,10824.996,17144.186,260.167,10.52,0.171,0.0,0.0
2023-11-16,873429,473,7922,10814.829,17184.937,260.182,10.51,0.0,0.0,0.0
2023-11-16,873430,273,6221,10803.572,17243.688,259.83,18.49,0.0,0.0,0.0
2023-11-16,873436,87,4941,10789.484,17277.456,259.562,10.67,0.171,0.0,0.0
2023-11-16,873437,242,6221,10802.091,17249.45,259.799,10.5,0.0,0.0,0.0
2023-11-16,873438,586,2441,10830.098,17145.312,260.18,10.46,0.171,0.0,0.0
2023-11-16,873442,472,7922,10809.929,17184.179,259.899,10.47,0.0,0.0,0.0
2023-11-16,873444,79,4941,10784.416,17276.506,259.648,10.78,0.171,0.0,0.0
2023-11-16,873445,205,6221,10800.688,17255.254,259.488,18.43,0.0,0.0,0.0
2023-11-16,873449,78,4941,10779.594,17275.94,259.503,10.72,0.171,0.0,0.0
2023-11-16,873451,204,6221,10795.475,17254.37,259.713,10.5,0.0,0.0,0.0
2023-11-16,873453,471,7922,10804.727,17183.126,259.943,10.46,0.0,0.0,0.0
2023-11-16,873455,873455,2441,10833.011,17141.241,262.229,10.47,0.171,0.0,0.0
2023-11-16,873458,77,4941,10774.615,17275.013,259.356,10.72,0.171,0.0,0.0
2023-11-16,873460,241,6221,10797.107,17248.682,259.688,18.43,0.0,0.0,0.0
2023-11-16,873464,588,2441,10839.788,17146.877,260.046,10.52,0.171,0.0,0.0
2023-11-16,873465,272,6221,10798.661,17242.885,259.8,10.5,0.0,0.0,0.0
2023-11-16,873467,76,4941,10769.531,17274.25,259.721,5.33,0.171,0.0,0.0
2023-11-16,873468,469,7922,10795.014,17181.365,259.858,4.96,0.0,0.0,0.0
2023-11-16,874171,439,2441,10801.557,17194.799,259.639,11.25,0.171,0.0,0.0
2023-11-16,874176,959,7922,10891.594,17016.68,258.522,9.97,0.0,1.93,0.475
2023-11-16,874184,947,7922,10886.008,17018.677,258.982,10.0,0.0,2.449,0.432
2023-11-16,874185,439,2441,10801.542,17194.79,259.637,10.85,0.171,0.0,0.0
2023-11-16,874186,438,2441,10796.508,17193.863,259.632,10.52,0.171,0.0,0.0
2023-11-16,874190,437,2441,10791.495,17192.923,259.427,4.98,0.171,0.0,0.0
2023-11-16,874195,944,7922,10895.32,17023.241,258.663,10.0,0.0,2.3,0.489
2023-11-16,874196,434,2441,10786.216,17193.582,259.238,10.58,0.171,0.0,0.0
2023-11-16,874201,456,2441,10807.935,17189.861,259.759,10.58,0.171,0.0,0.0
2023-11-16,874203,943,7922,10890.452,17022.372,258.479,9.96,0.0,2.022,0.248
2023-11-16,874208,455,2441,10803.269,17189.115,259.867,11.86,0.171,0.0,0.0
2023-11-16,874215,454,2441,10798.256,17188.09,259.777,10.52,0.171,0.0,0.0
2023-11-16,874217,931,7922,10884.894,17024.441,258.979,9.92,0.0,2.318,0.621
2023-11-16,874220,453,2441,10793.316,17187.222,259.612,5.65,0.171,0.0,0.0
2023-11-16,874224,450,2441,10788.06,17187.978,259.336,10.96,0.171,1.289,10.733
2023-11-16,874226,928,7922,10894.195,17029.161,258.748,9.89,0.0,2.33,0.369
2023-11-16,873471,470,7922,10799.96,17182.312,259.796,10.5,0.0,0.0,0.0
2023-11-16,873472,117,4941,10810.837,17275.484,259.238,9.62,0.171,0.0,0.0
2023-11-16,873473,590,2441,10849.813,17148.744,259.892,10.13,0.171,0.0,0.0
2023-11-16,873475,304,6221,10800.209,17237.126,259.846,10.45,0.0,0.0,0.0
2023-11-16,873479,116,4941,10805.936,17274.537,259.562,10.28,0.171,0.0,0.0
2023-11-16,873480,589,2441,10844.814,17147.656,259.299,9.57,0.171,0.0,0.0
2023-11-16,873482,345,6221,10801.773,17231.105,259.379,7.81,0.0,0.0,0.0
2023-11-16,873484,485,7922,10796.599,17175.802,259.782,4.26,0.0,0.0,0.0
2023-11-16,873489,485,7922,10796.619,17175.798,259.78,5.04,0.0,0.0,0.0
2023-11-16,873490,589,2441,10844.811,17147.638,259.299,10.69,0.171,0.0,0.0
2023-11-16,873491,345,6221,10801.772,17231.077,259.391,18.49,0.0,0.0,0.0
2023-11-16,873493,115,4941,10800.785,17273.807,259.532,10.88,0.171,0.0,0.0
2023-11-16,873495,361,6221,10803.137,17225.355,259.498,10.5,0.0,0.0,0.0
2023-11-16,873496,486,7922,10801.686,17176.579,259.989,10.58,0.0,0.0,0.0
2023-11-16,873497,606,2441,10851.099,17142.895,259.349,10.29,0.171,0.0,0.0
2023-11-16,873502,114,4941,10796.024,17273.003,259.141,10.78,0.171,0.0,0.0
2023-11-16,873503,605,2441,10846.337,17141.896,259.561,10.52,0.171,0.0,0.0
2023-11-16,873504,360,6221,10798.314,17224.695,259.651,10.61,0.0,0.0,0.0
2023-11-16,873506,487,7922,10806.531,17177.487,259.994,10.47,0.0,0.0,0.0
2023-11-16,873508,113,4941,10791.079,17272.232,259.309,10.72,0.171,0.0,0.0
2023-11-16,873510,604,2441,10841.481,17141.062,259.68,10.46,0.171,10.065,1.978
2023-11-16,873518,79,4941,10784.401,17275.296,259.597,10.61,0.171,0.0,0.0
2023-11-16,873519,344,6221,10796.733,17230.434,260.067,10.55,0.0,0.0,0.0
2023-11-16,873521,490,7922,10821.2,17180.015,260.037,10.62,0.0,0.0,0.0
2023-11-16,873523,112,4941,10786.31,17271.004,259.792,10.66,0.171,0.0,0.0
2023-11-16,873527,303,6221,10795.151,17236.043,260.242,10.5,0.0,0.0,0.0
2023-11-16,873530,111,4941,10781.198,17270.103,259.559,10.5,0.171,0.0,0.0
2023-11-16,873534,271,6221,10793.649,17242.166,260.211,10.55,0.0,0.0,0.0
2023-11-16,873535,489,7922,10816.566,17179.047,260.46,10.51,0.0,0.0,0.0
2023-11-16,874231,677,2441,10814.904,17106.152,260.262,5.76,0.171,0.0,0.0
2023-11-16,874236,678,2441,10819.622,17107.08,260.456,10.63,0.171,0.0,0.0
2023-11-16,874238,927,7922,10889.305,17028.331,259.13,10.0,0.0,2.415,0.431
2023-11-16,874244,679,2441,10824.606,17107.942,260.408,10.57,0.171,0.0,0.0
2023-11-16,874250,915,7922,10883.792,17030.282,259.225,10.5,0.0,2.726,0.383
2023-11-16,874251,680,2441,10829.373,17108.779,260.22,10.52,0.171,0.0,0.0
2023-11-16,874261,681,2441,10834.441,17109.667,259.987,10.58,0.171,0.0,0.0
2023-11-16,874267,911,7922,10888.169,17034.101,258.868,10.0,0.0,2.646,0.372
2023-11-16,874272,682,2441,10839.598,17110.57,259.672,10.58,0.171,0.0,0.0
2023-11-16,874281,683,2441,10844.376,17111.469,259.609,10.91,0.171,0.0,0.0
2023-11-16,874284,899,7922,10882.299,17036.106,259.206,10.54,0.0,2.983,0.366
2023-11-16,874290,684,2441,10849.255,17112.319,259.796,10.68,0.171,0.0,0.0
2023-11-16,873536,110,4941,10776.397,17269.195,259.482,10.61,0.171,0.0,0.0
2023-11-16,873542,109,4941,10771.59,17268.27,259.358,5.17,0.171,0.0,0.0
2023-11-16,873543,240,6221,10792.122,17247.716,260.212,10.5,0.0,0.0,0.0
2023-11-16,873546,135,4941,10773.034,17262.789,259.423,7.59,0.171,0.0,0.0
2023-11-16,873547,488,7922,10811.733,17178.439,260.237,10.54,0.0,0.0,0.0
2023-11-16,873549,136,4941,10777.779,17263.704,259.5,9.35,0.171,0.0,0.0
2023-11-16,873553,203,6221,10790.653,17253.657,260.099,10.61,0.0,0.0,0.0
2023-11-16,873554,136,4941,10777.79,17263.691,259.523,1.04,0.171,0.0,0.0
2023-11-16,873555,137,4941,10782.635,17264.625,259.784,10.5,0.171,0.0,0.0
2023-11-16,873561,510,7922,10842.741,17177.776,259.232,9.66,0.0,0.0,0.0
2023-11-16,873562,202,6221,10785.841,17252.716,260.315,15.94,0.0,0.0,0.0
2023-11-16,873563,138,4941,10787.68,17265.265,259.664,10.5,0.171,0.0,0.0
2023-11-16,873569,139,4941,10792.637,17266.225,259.094,10.89,0.171,0.0,0.0
2023-11-16,873571,509,7922,10837.768,17176.829,258.955,9.7,0.0,0.0,0.0
2023-11-16,873573,239,6221,10787.323,17247.108,260.489,10.5,0.0,0.0,0.0
2023-11-16,873577,140,4941,10797.571,17267.12,259.148,10.5,0.171,0.0,0.0
2023-11-16,873580,508,7922,10832.917,17175.993,259.107,9.66,0.0,0.0,0.0
2023-11-16,873582,270,6221,10789.07,17241.192,260.395,10.61,0.0,0.0,0.0
2023-11-16,873585,141,4941,10802.349,17267.823,259.347,10.61,0.171,0.0,0.0
2023-11-16,873587,468,2441,10848.517,17193.95,258.937,11.98,0.171,6.437,-0.003
2023-11-16,873590,507,7922,10827.961,17175.144,259.749,10.7,0.0,0.0,0.0
2023-11-16,873591,144,4941,10814.89,17269.925,259.114,9.46,0.171,0.0,0.0
2023-11-16,873592,302,6221,10790.228,17235.092,260.224,10.55,0.0,0.0,0.0
2023-11-16,873596,452,2441,10847.577,17199.902,259.09,11.52,0.171,5.096,1.176
2023-11-16,873598,143,4941,10812.468,17269.491,259.064,9.57,0.171,0.0,0.0
2023-11-16,874300,895,7922,10886.387,17039.776,258.814,9.96,0.0,1.839,0.193
2023-11-16,874301,686,2441,10859.257,17114.173,259.95,10.07,0.171,0.0,0.0
2023-11-16,874308,685,2441,10854.411,17112.899,259.516,10.74,0.171,0.0,0.0
2023-11-16,874312,883,7922,10880.617,17041.839,259.075,10.5,0.0,2.563,0.251
2023-11-16,874315,702,2441,10860.794,17108.356,259.253,10.58,0.171,0.0,0.0
2023-11-16,874321,701,2441,10855.988,17107.382,259.374,10.57,0.171,-0.969,-0.224
2023-11-16,874322,879,7922,10884.839,17045.547,258.813,9.96,0.0,2.207,0.55
2023-11-16,874328,700,2441,10851.036,17106.259,259.697,10.58,0.171,0.0,0.0
2023-11-16,874334,867,7922,10879.17,17047.675,259.009,10.54,0.0,2.335,0.582
2023-11-16,874335,699,2441,10845.979,17105.384,259.942,10.69,0.171,0.0,0.0
2023-11-16,874348,698,2441,10841.157,17104.639,259.925,10.57,0.171,0.0,0.0
2023-11-16,874355,863,7922,10883.391,17051.416,258.915,9.96,0.0,2.251,0.646
2023-11-16,874357,697,2441,10836.167,17103.79,259.595,10.52,0.171,-1.04,-0.22
2023-11-16,873601,343,6221,10791.665,17229.605,259.793,10.5,0.0,0.0,0.0
2023-11-16,873602,142,4941,10807.328,17268.655,259.354,10.89,0.171,0.0,0.0
2023-11-16,873605,506,7922,10822.759,17174.087,260.12,10.47,0.0,0.0,0.0
2023-11-16,873606,436,2441,10846.319,17205.697,258.424,11.58,0.171,4.714,1.444
2023-11-16,873610,359,6221,10793.447,17223.741,259.636,10.56,0.0,0.0,0.0
2023-11-16,873611,180,4941,10816.773,17264.367,259.219,9.57,0.171,0.0,0.0
2023-11-16,873614,420,2441,10844.595,17211.219,258.506,11.64,0.171,5.522,0.974
2023-11-16,873615,179,4941,10813.922,17263.948,259.182,9.57,0.171,0.0,0.0
2023-11-16,873617,505,7922,10818.093,17173.576,259.998,10.58,0.0,0.0,0.0
2023-11-16,873618,358,6221,10788.289,17222.795,259.444,10.55,0.0,0.0,0.0
2023-11-16,873620,178,4941,10809.076,17263.013,259.187,10.45,0.171,0.0,0.0
2023-11-16,873622,420,2441,10844.692,17211.242,258.502,11.59,0.171,0.0,0.0
2023-11-16,873623,420,2441,10844.692,17211.242,258.502,11.59,0.171,0.0,0.0
2023-11-16,873627,415,2441,10839.439,17213.045,260.639,6.21,0.171,2.601,0.697
2023-11-16,873629,342,6221,10786.937,17228.677,260.081,10.56,0.0,0.0,0.0
2023-11-16,873630,415,2441,10842.922,17217.354,258.599,2.07,0.171,0.939,0.252
2023-11-16,873631,177,4941,10804.086,17262.06,259.25,10.5,0.171,0.0,0.0
2023-11-16,873632,504,7922,10813.17,17172.668,260.335,10.66,0.0,0.0,0.0
2023-11-16,873636,388,2441,10841.718,17222.876,258.431,11.59,0.171,4.839,1.665
2023-11-16,873639,176,4941,10799.207,17260.97,259.408,10.66,0.171,0.0,0.0
2023-11-16,873640,301,6221,10785.215,17234.204,260.188,11.33,0.0,0.0,0.0
2023-11-16,873644,372,2441,10839.658,17228.637,258.977,11.14,0.171,2.145,0.495
2023-11-16,873647,503,7922,10808.313,17171.753,260.132,10.54,0.0,0.0,0.0
2023-11-16,873649,175,4941,10794.171,17259.873,259.38,10.55,0.171,0.0,0.0
2023-11-16,873650,269,6221,10783.846,17240.142,260.104,11.1,0.0,0.0,0.0
2023-11-16,873656,383,2441,10835.026,17225.034,259.01,9.91,0.171,2.19,0.159
2023-11-16,873657,174,4941,10789.382,17259.16,259.811,10.5,0.171,0.0,0.0
2023-11-16,873659,201,6221,10780.873,17251.675,259.988,10.56,0.0,0.0,0.0
2023-11-16,873661,502,7922,10803.502,17170.894,259.955,10.54,0.0,0.0,0.0
2023-11-16,873663,173,4941,10784.381,17258.308,259.769,10.5,0.171,0.0,0.0
2023-11-16,873664,399,2441,10836.596,17219.269,258.826,10.91,0.171,1.744,0.035
2023-11-16,874366,696,2441,10831.199,17102.96,259.563,10.68,0.171,0.0,0.0
2023-11-16,874369,851,7922,10877.533,17053.251,259.069,5.39,0.0,1.087,0.231
2023-11-16,874376,695,2441,10826.43,17101.997,259.82,5.37,0.171,0.0,0.0
2023-11-16,873669,238,6221,10782.438,17246.145,259.883,11.16,0.0,0.0,0.0
2023-11-16,873670,172,4941,10779.486,17257.423,259.485,10.61,0.171,0.0,0.0
2023-11-16,873671,415,2441,10838.043,17213.393,259.266,9.96,0.171,1.421,0.0
2023-11-16,873674,501,7922,10798.601,17170.087,260.043,5.04,0.0,0.0,0.0
2023-11-16,873677,171,4941,10774.524,17256.679,259.331,5.33,0.171,0.0,0.0
2023-11-16,873679,200,6221,10775.938,17250.735,260.143,5.11,0.0,0.0,0.0
2023-11-16,873680,431,2441,10839.491,17207.654,258.798,10.01,0.171,2.144,0.15
2023-11-16,873682,237,6221,10777.392,17245.009,260.037,5.22,0.0,0.0,0.0
2023-11-16,873685,603,4941,10836.535,17140.145,259.743,10.45,0.171,0.0,0.0
2023-11-16,873686,268,6221,10779.146,17239.351,260.175,4.84,0.0,0.0,0.0
2023-11-16,873689,447,2441,10841.117,17201.935,258.556,10.52,0.171,2.115,0.0
2023-11-16,873691,517,7922,10799.981,17164.101,259.938,5.12,0.0,0.0,0.0
2023-11-16,873692,299,6221,10780.427,17233.56,260.045,4.95,0.0,0.0,0.0
2023-11-16,873693,341,6221,10781.93,17227.9,260.078,4.56,0.0,0.0,0.0
2023-11-16,873694,602,4941,10831.224,17139.646,259.504,10.55,0.171,0.0,0.0
2023-11-16,873696,518,7922,10804.821,17164.937,260.122,10.5,0.0,0.0,0.0
2023-11-16,873697,463,2441,10842.843,17196.162,258.624,10.58,0.171,2.164,0.0
2023-11-16,873698,357,6221,10783.5,17221.887,259.481,4.56,0.0,0.0,0.0
2023-11-16,873701,601,4941,10826.557,17138.753,259.801,10.5,0.171,0.0,0.0
2023-11-16,873705,467,2441,10838.599,17192.291,258.772,10.52,0.171,2.282,0.24
2023-11-16,873706,519,7922,10809.56,17165.859,260.222,11.01,0.0,0.0,0.0
2023-11-16,873709,676,6221,10869.498,17118.815,259.397,12.31,0.0,4.659,0.82
2023-11-16,873710,600,4941,10821.745,17137.813,259.914,10.45,0.171,0.0,0.0
2023-11-16,873712,451,2441,10837.13,17198.232,258.917,10.46,0.171,1.959,0.345
2023-11-16,873715,599,4941,10816.655,17137.065,259.748,10.55,0.171,0.0,0.0
2023-11-16,873716,692,6221,10871.096,17113.001,259.314,12.26,0.0,4.744,1.095
2023-11-16,873718,520,7922,10814.449,17166.558,260.131,11.01,0.0,0.0,0.0
2023-11-16,873723,435,2441,10835.392,17203.893,258.852,10.52,0.171,1.709,0.305
2023-11-16,873725,598,4941,10811.809,17136.023,259.864,10.83,0.171,0.0,0.0
2023-11-16,873726,708,6221,10872.778,17107.222,259.353,12.21,0.0,4.511,1.293
2023-11-16,873728,597,4941,10806.929,17134.795,259.777,5.66,0.171,0.0,0.0
2023-11-16,873730,521,7922,10819.418,17167.577,260.125,11.12,0.0,0.0,0.0
2023-11-16,873733,419,2441,10834.1,17209.657,259.217,10.46,0.171,1.716,0.185
2023-11-16,873734,613,4941,10808.422,17129.096,259.945,5.61,0.171,0.0,0.0
2023-11-16,873735,724,6221,10874.57,17101.221,259.398,13.36,0.0,4.834,1.665
2023-11-16,873737,614,4941,10813.245,17129.913,259.867,10.67,0.171,0.0,0.0
2023-11-16,873740,403,2441,10832.452,17215.318,259.319,10.52,0.171,1.909,0.171
2023-11-16,873742,615,4941,10818.202,17130.879,259.666,10.5,0.171,0.0,0.0
2023-11-16,873743,526,7922,10844.256,17171.874,259.308,9.62,0.0,0.0,0.0
2023-11-16,873744,740,6221,10875.94,17095.379,259.429,12.15,0.0,4.546,1.837
2023-11-16,873749,387,2441,10830.759,17221.065,259.146,10.58,0.171,2.204,0.468
2023-11-16,873750,616,4941,10823.147,17131.891,259.926,10.45,0.171,0.0,0.0
2023-11-16,873752,756,6221,10877.343,17089.559,259.32,12.1,0.0,4.104,2.145
2023-11-16,873753,525,7922,10839.355,17171.129,259.292,9.62,0.0,0.0,0.0
2023-11-16,873756,617,4941,10827.882,17132.924,259.508,10.5,0.171,0.0,0.0
2023-11-16,873758,371,2441,10829.222,17226.901,259.071,10.46,0.171,0.0,0.0
2023-11-16,873760,772,6221,10879.437,17083.984,259.44,12.04,0.0,4.166,1.116
2023-11-16,873762,524,7922,10834.399,17170.234,258.999,9.66,0.0,0.0,0.0
2023-11-16,873765,618,4941,10832.96,17133.564,259.452,10.5,0.171,0.0,0.0
2023-11-16,873770,788,6221,10881.263,17078.111,259.145,11.65,0.0,4.33,1.576
2023-11-16,873771,619,4941,10837.883,17134.491,259.908,10.45,0.171,0.0,0.0
2023-11-16,873772,523,7922,10828.751,17169.186,259.57,10.54,0.0,0.0,0.0
2023-11-16,873778,620,4941,10842.706,17135.4,259.877,10.55,0.171,0.0,0.0
2023-11-16,873780,804,6221,10883.084,17072.152,258.975,11.6,0.0,4.192,1.866
2023-11-16,873786,522,7922,10824.079,17168.368,260.253,10.51,0.0,0.0,0.0
2023-11-16,873789,622,4941,10852.52,17137.333,259.32,10.5,0.171,0.0,0.0
2023-11-16,873790,396,2441,10821.247,17216.43,259.898,9.68,0.171,0.0,0.0
2023-11-16,873791,820,6221,10884.449,17066.603,258.904,11.54,0.0,2.106,0.767
2023-11-16,873794,397,2441,10825.958,17217.306,259.397,9.52,0.171,0.0,0.0
2023-11-16,873795,621,4941,10847.362,17136.185,259.449,11.0,0.171,0.0,0.0
2023-11-16,873797,542,7922,10845.492,17166.038,258.934,9.66,0.0,0.0,0.0
2023-11-16,873798,832,6221,10884.962,17063.855,258.772,10.06,0.0,2.169,0.705
2023-11-16,873802,638,4941,10853.812,17131.445,259.441,10.5,0.171,0.0,0.0
2023-11-16,873804,411,2441,10817.95,17209.799,259.233,9.57,0.171,0.0,0.0
2023-11-16,873805,831,6221,10879.738,17062.955,259.217,10.72,0.0,1.956,0.598
2023-11-16,873807,541,7922,10840.792,17165.319,259.147,9.58,0.0,0.0,0.0
2023-11-16,873808,637,4941,10849.01,17130.197,259.363,10.5,0.171,0.0,0.0
2023-11-16,873815,636,4941,10844.031,17129.498,259.641,10.72,0.171,0.0,0.0
2023-11-16,873816,816,6221,10883.113,17069.55,259.084,10.06,0.0,1.994,0.687
2023-11-16,873817,413,2441,10827.428,17211.466,259.333,9.68,0.171,0.0,0.0
2023-11-16,873819,540,7922,10835.59,17164.399,259.573,10.73,0.0,0.0,0.0
2023-11-16,873822,635,4941,10839.353,17128.687,259.813,10.45,0.171,0.0,0.0
2023-11-16,873826,414,2441,10832.597,17212.406,259.381,9.52,0.171,-0.769,-0.31
2023-11-16,873827,815,6221,10878.402,17068.895,259.36,10.67,0.0,1.752,0.404
2023-11-16,873831,634,4941,10834.286,17127.865,259.516,9.62,0.171,0.0,0.0
2023-11-16,873832,539,7922,10830.678,17163.38,260.011,10.59,0.0,0.0,0.0
2023-11-16,873836,800,6221,10881.542,17075.23,259.051,10.17,0.0,1.848,0.747
2023-11-16,873837,634,4941,10834.264,17127.865,259.608,0.99,0.171,0.0,0.0
2023-11-16,873840,633,4941,10829.479,17126.735,259.646,10.5,0.171,0.0,0.0
2023-11-16,873844,538,7922,10825.711,17162.675,260.311,10.5,0.0,0.0,0.0
2023-11-16,873845,799,6221,10876.587,17074.629,259.439,10.61,0.0,2.138,0.613
2023-11-16,873846,429,2441,10829.365,17205.611,259.598,9.68,0.171,-0.842,-0.179
2023-11-16,873847,632,4941,10824.372,17126.03,259.713,10.56,0.171,0.0,0.0
2023-11-16,873851,430,2441,10834.356,17206.721,259.441,9.52,0.171,-0.909,-0.26
2023-11-16,873853,631,4941,10819.272,17125.233,259.53,10.61,0.171,0.0,0.0
2023-11-16,873854,784,6221,10879.984,17081.393,259.342,10.56,0.0,2.214,0.432
2023-11-16,873859,630,4941,10814.693,17124.2,259.878,10.5,0.171,0.0,0.0
2023-11-16,873860,537,7922,10820.842,17161.623,260.358,10.47,0.0,0.0,0.0
2023-11-16,873861,443,2441,10821.274,17198.363,259.753,10.19,0.171,0.0,0.0
2023-11-16,873863,783,6221,10875.1,17080.403,259.605,10.5,0.0,2.376,0.292
2023-11-16,873867,629,4941,10809.77,17123.501,259.989,5.61,0.171,0.0,0.0
2023-11-16,873869,444,2441,10826.136,17199.121,259.665,9.63,0.171,0.0,0.0
2023-11-16,873870,645,4941,10811.452,17117.631,260.227,5.55,0.171,0.0,0.0
2023-11-16,873874,768,6221,10878.229,17086.823,259.441,10.66,0.0,2.35,0.373
2023-11-16,873875,646,4941,10816.208,17118.481,259.902,10.45,0.171,0.0,0.0
2023-11-16,873876,536,7922,10815.852,17160.722,260.496,10.58,0.0,0.0,0.0
2023-11-16,873878,445,2441,10831.125,17199.901,259.476,9.63,0.171,0.0,0.0
2023-11-16,873881,647,4941,10821.254,17119.427,259.628,12.43,0.171,0.0,0.0
2023-11-16,873882,767,6221,10873.424,17086.139,259.6,10.5,0.0,1.852,0.26
2023-11-16,873885,446,2441,10835.937,17200.78,259.151,9.85,0.171,0.0,0.0
2023-11-16,873890,535,7922,10810.896,17159.827,260.727,10.7,0.0,0.0,0.0
2023-11-16,873892,648,4941,10826.2,17120.459,259.688,10.56,0.171,0.0,0.0
2023-11-16,873893,752,6221,10876.699,17092.943,259.367,10.83,0.0,2.685,0.377
2023-11-16,873894,459,2441,10822.894,17192.388,259.64,10.63,0.171,0.0,0.0
2023-11-16,873898,649,4941,10831.234,17121.386,259.883,10.55,0.171,0.0,0.0
2023-11-16,873900,751,6221,10871.821,17092.12,259.587,10.55,0.0,2.132,0.492
2023-11-16,873903,460,2441,10827.661,17193.395,259.608,10.01,0.171,0.0,0.0
2023-11-16,873906,534,7922,10806.008,17159.506,260.07,10.59,0.0,0.0,0.0
2023-11-16,873907,650,4941,10835.99,17122.236,259.459,10.5,0.171,0.0,0.0
2023-11-16,873909,736,6221,10875.039,17098.689,259.372,10.55,0.0,2.443,0.431
2023-11-16,873912,461,2441,10832.874,17194.236,259.459,9.68,0.171,0.0,0.0
2023-11-16,873913,651,4941,10840.908,17123.157,259.726,10.55,0.171,0.0,0.0
2023-11-16,873914,533,7922,10801.307,17158.35,259.934,5.35,0.0,0.0,0.0
2023-11-16,873917,735,6221,10869.916,17097.762,259.565,10.5,0.0,2.449,0.432
2023-11-16,873919,462,2441,10837.753,17195.183,258.952,9.57,0.171,0.0,0.0
2023-11-16,873921,558,7922,10847.218,17160.247,259.132,9.66,0.0,0.0,0.0
2023-11-16,873923,654,4941,10855.771,17125.509,259.461,10.5,0.171,0.0,0.0
2023-11-16,873926,395,2441,10816.201,17215.581,259.337,10.52,0.171,0.0,0.0
2023-11-16,873928,720,6221,10873.525,17104.447,259.445,10.61,0.0,2.511,0.534
2023-11-16,873931,653,4941,10850.837,17124.666,259.355,10.45,0.171,0.0,0.0
2023-11-16,873932,557,7922,10842.15,17159.45,259.18,9.66,0.0,0.0,0.0
2023-11-16,873936,719,6221,10868.367,17103.351,259.365,10.83,0.0,1.944,0.343
2023-11-16,873937,379,2441,10814.398,17221.432,259.661,10.63,0.171,0.0,0.0
2023-11-16,873939,652,4941,10845.741,17123.733,259.678,10.5,0.171,-1.126,2.415
2023-11-16,873942,556,7922,10837.195,17158.823,258.916,9.73,0.0,-1.0,-0.035
2023-11-16,873944,378,2441,10809.696,17220.295,259.79,10.58,0.171,0.0,0.0
2023-11-16,873945,704,6221,10871.92,17110.072,259.268,10.55,0.0,2.683,0.769
2023-11-16,873946,672,4941,10868.246,17121.852,258.942,10.61,0.171,2.707,0.675
2023-11-16,873950,394,2441,10811.2,17214.713,259.714,10.46,0.171,0.0,0.0
2023-11-16,873952,555,7922,10832.026,17157.792,259.842,10.46,0.0,0.0,0.0
2023-11-16,873953,671,4941,10863.701,17120.822,258.819,10.45,0.171,2.072,0.218
2023-11-16,873954,703,6221,10866.708,17109.358,259.409,10.5,0.0,2.026,0.357
2023-11-16,873959,659,4941,10857.801,17122.846,259.33,10.89,0.171,2.491,1.109
2023-11-16,873960,410,2441,10812.915,17208.863,259.517,10.02,0.171,0.0,0.0
2023-11-16,873962,688,6221,10869.617,17115.821,259.32,9.68,0.0,0.871,0.201
2023-11-16,873964,554,7922,10827.118,17156.931,260.166,2.63,0.0,0.0,0.0
2023-11-16,873010,145,4941,10819.881,17271.107,258.775,10.5,0.171,2.134,0.149
2023-11-16,873011,352,6221,10835.867,17237.234,259.074,10.34,0.0,2.297,0.364
2023-11-16,876289,594,3384,11385.478,15191.514,230.291,11.29,0.171,0.0,0.0
2023-11-16,873019,351,6221,10831.078,17236.6,259.473,10.67,0.0,1.372,0.242
2023-11-16,873020,126,4941,10813.878,17272.916,259.273,10.67,0.171,2.552,0.496
2023-11-16,873026,119,4941,10822.722,17277.69,258.813,10.45,0.171,2.696,0.379
2023-11-16,873029,330,6221,10825.146,17238.233,259.562,10.5,0.0,2.157,0.701
2023-11-16,873033,118,4941,10818.033,17276.883,259.075,10.61,0.171,2.475,0.086
2023-11-16,873047,269,6221,10783.51,17238.03,259.969,1.54,0.0,0.254,0.055
2023-11-16,873049,93,4941,10820.841,17283.476,259.166,10.83,0.171,2.526,0.445
2023-11-16,873050,311,6221,10834.113,17243.098,259.223,0.27,0.0,0.062,0.01
2023-11-16,873051,311,6221,10834.074,17243.085,259.228,0.22,0.0,0.03,0.005
2023-11-16,873052,311,6221,10834.12,17242.826,259.088,3.08,0.0,0.387,0.061
2023-11-16,873055,496,7922,10850.817,17185.188,259.301,10.47,0.0,2.754,0.636
2023-11-16,873057,92,4941,10815.951,17282.562,259.278,11.05,0.171,2.467,0.303
2023-11-16,873059,480,7922,10849.024,17191.124,259.365,10.62,0.0,3.06,0.706
2023-11-16,873062,100,4941,10812.14,17278.509,259.615,10.61,0.171,2.767,0.291
2023-11-16,873065,479,7922,10844.434,17190.038,258.863,10.51,0.0,2.599,0.273
2023-11-16,873066,612,2441,10862.978,17141.971,259.484,11.97,0.171,4.993,0.527
2023-11-16,873071,68,4941,10810.047,17284.449,259.63,11.05,0.171,2.945,0.519
2023-11-16,873074,484,2441,10850.126,17187.963,259.096,11.98,0.171,5.069,1.647
2023-11-16,873077,476,7922,10829.476,17187.394,259.567,9.5,0.0,0.0,0.0
2023-11-16,873079,60,4941,10818.913,17289.06,259.249,10.61,0.171,2.588,0.41
2023-11-16,873082,500,2441,10851.328,17182.085,259.329,12.03,0.171,5.322,1.138
2023-11-16,873086,59,4941,10814.146,17288.08,259.466,10.56,0.171,2.59,0.0
2023-11-16,873090,873090,6221,10830.899,17240.697,253.928,3.08,0.0,0.0,0.0
2023-11-16,873091,311,6221,10834.37,17243.11,259.228,8.14,0.0,1.188,0.188
2023-11-16,873092,516,2441,10853.278,17176.589,259.406,12.09,0.171,5.183,1.109
2023-11-16,873094,311,6221,10834.158,17243.111,259.224,3.64,0.0,0.882,0.14
2023-11-16,873095,33,4941,10814.646,17293.955,259.263,10.55,0.171,2.268,0.359
2023-11-16,873097,477,7922,10834.389,17188.602,259.2,9.96,0.0,0.0,0.0
2023-11-16,873101,310,6221,10829.469,17242.261,259.442,10.61,0.0,2.696,0.524
2023-11-16,873102,532,2441,10854.86,17170.908,259.249,12.09,0.171,4.916,0.625
2023-11-16,873107,32,4941,10812.229,17293.54,259.446,11.0,0.171,2.776,0.292
2023-11-16,873109,279,6221,10832.304,17248.949,259.152,10.5,0.0,2.678,0.094
2023-11-16,873110,548,2441,10856.63,17164.927,259.399,12.26,0.171,4.869,0.619
2023-11-16,873113,478,7922,10839.39,17189.535,258.799,10.03,0.0,0.0,0.0
2023-11-16,873115,31,4941,10809.111,17292.952,259.599,10.99,0.171,3.068,0.268
2023-11-16,873118,278,6221,10827.475,17247.865,259.593,10.67,0.0,2.489,0.53
2023-11-16,873119,564,2441,10858.188,17159.019,259.346,12.15,0.171,5.021,1.075
2023-11-16,873124,42,4941,10808.359,17289.804,259.732,10.83,0.171,2.942,0.206
2023-11-16,873125,288,6221,10823.51,17244.253,259.615,10.56,0.0,2.48,0.664
2023-11-16,873126,483,7922,10840.38,17186.414,259.068,10.51,0.0,2.564,0.735
2023-11-16,873127,580,2441,10859.709,17153.423,259.135,12.2,0.171,4.43,1.038
2023-11-16,873132,248,6221,10830.506,17254.624,259.616,10.5,0.0,2.921,0.102
2023-11-16,873133,33,4941,10813.744,17293.658,259.319,9.57,0.171,2.247,0.118
2023-11-16,873135,596,2441,10861.296,17147.58,259.253,12.08,0.171,4.747,1.109
2023-11-16,873137,495,7922,10845.982,17184.149,259.004,10.46,0.0,2.41,0.646
2023-11-16,873139,31,4941,10808.354,17292.954,259.507,8.19,0.171,2.202,0.038
2023-11-16,873140,247,6221,10825.504,17253.592,259.603,10.5,0.0,2.301,0.792
2023-11-16,873142,628,2441,10864.37,17136.102,259.633,12.15,0.171,4.863,1.319
2023-11-16,876414,11,3384,11318.891,15041.511,229.056,0.08,0.171,0.0,0.0
2023-11-16,877894,643,3384,11317.653,14747.24,230.45,0.08,0.171,0.0,0.0
2023-11-16,873145,30,4941,10805.897,17292.367,259.471,10.11,0.171,0.0,0.0
2023-11-16,873149,512,7922,10852.588,17179.579,259.434,10.55,0.0,2.581,0.271
2023-11-16,873150,258,6221,10821.444,17249.831,259.909,10.55,0.0,2.225,0.273
2023-11-16,873152,644,2441,10866.129,17130.101,259.422,12.2,0.171,5.096,1.19
2023-11-16,873154,29,4941,10803.53,17291.838,259.462,9.73,0.171,0.0,0.0
2023-11-16,873159,511,7922,10847.491,17178.296,259.104,10.47,0.0,2.37,0.375
2023-11-16,873160,660,2441,10867.7,17124.63,259.805,12.14,0.171,3.471,0.917
2023-11-16,873162,28,4941,10800.968,17291.43,259.398,10.55,0.171,0.0,0.0
2023-11-16,873167,211,6221,10828.601,17260.26,259.416,11.16,0.0,2.773,0.34
2023-11-16,873171,656,2441,10866.641,17127.236,259.84,10.75,0.171,3.133,0.722
2023-11-16,873172,27,4941,10798.373,17290.97,259.042,10.67,0.171,0.0,0.0
2023-11-16,873173,528,7922,10854.114,17173.866,259.238,10.47,0.0,2.607,0.413
2023-11-16,873178,210,6221,10823.522,17259.359,259.581,10.5,0.0,2.277,0.526
2023-11-16,873179,655,2441,10861.718,17126.361,259.402,11.3,0.171,1.905,0.511
2023-11-16,873181,26,4941,10796.018,17290.721,258.925,10.72,0.171,0.0,0.0
2023-11-16,873188,219,6221,10819.478,17255.532,259.898,10.5,0.0,2.309,0.407
2023-11-16,873189,640,2441,10864.938,17133.139,259.226,10.52,0.171,2.435,0.605
2023-11-16,873190,25,4941,10793.529,17290.362,259.127,10.33,0.171,0.0,0.0
2023-11-16,873191,544,7922,10855.728,17167.99,259.18,10.47,0.0,3.075,0.999
2023-11-16,873195,639,2441,10860.104,17132.283,259.428,10.63,0.171,1.896,0.547
2023-11-16,873197,190,6221,10817.696,17261.07,259.872,10.56,0.0,2.455,0.477
2023-11-16,873199,543,7922,10850.57,17166.802,259.093,10.47,0.0,1.19,0.276
2023-11-16,873200,24,4941,10791.089,17289.944,259.11,10.5,0.171,0.0,0.0
2023-11-16,873203,643,2441,10856.245,17128.732,259.567,11.03,0.171,2.821,0.441
2023-11-16,873204,209,6221,10818.616,17258.507,260.029,10.23,0.0,0.0,0.0
2023-11-16,873205,23,4941,10788.472,17289.474,259.113,11.0,0.171,0.0,0.0
2023-11-16,873207,560,7922,10857.376,17162.029,259.273,10.58,0.0,3.108,0.891
2023-11-16,873209,624,2441,10863.406,17138.829,259.629,10.58,0.171,2.633,0.752
2023-11-16,876513,115,3384,11296.399,14908.504,229.167,0.95,0.171,0.0,0.0
2023-11-16,876514,115,3384,11297.655,14909.686,229.629,9.81,0.171,0.0,0.0
2023-11-16,873210,208,6221,10815.202,17257.896,260.011,10.06,0.0,0.0,0.0
2023-11-16,873213,22,4941,10785.888,17289.145,259.08,10.45,0.171,0.0,0.0
2023-11-16,873216,559,7922,10852.309,17161.304,259.057,10.47,0.0,2.439,0.343
2023-11-16,873217,623,2441,10858.511,17138.028,259.464,10.63,0.171,1.869,0.574
2023-11-16,873219,246,6221,10820.375,17252.855,260.016,10.06,0.0,0.0,0.0
2023-11-16,873221,21,4941,10783.271,17288.776,259.328,10.94,0.171,0.0,0.0
2023-11-16,873222,627,2441,10854.479,17134.306,259.562,11.03,0.171,3.194,0.447
2023-11-16,873225,245,6221,10816.827,17252.053,260.171,10.05,0.0,0.0,0.0
2023-11-16,873227,547,7922,10846.627,17163.151,259.327,10.46,0.0,2.665,0.567
2023-11-16,873228,20,4941,10781.121,17288.315,259.471,10.83,0.171,0.0,0.0
2023-11-16,873230,608,2441,10861.853,17144.682,259.78,10.63,0.171,2.472,0.565
2023-11-16,873232,277,6221,10822.474,17247.14,259.975,18.27,0.0,0.0,0.0
2023-11-16,873236,19,4941,10778.704,17287.88,259.537,10.94,0.171,0.0,0.0
2023-11-16,873238,527,7922,10849.124,17172.971,259.066,10.5,0.0,2.485,0.713
2023-11-16,873239,607,2441,10856.997,17143.845,259.144,10.52,0.171,2.288,0.599
2023-11-16,873241,276,6221,10818.298,17246.399,260.157,10.12,0.0,0.0,0.0
2023-11-16,873245,18,4941,10776.643,17287.379,259.818,10.72,0.171,0.0,0.0
2023-11-16,873246,611,2441,10852.742,17140.248,259.312,10.52,0.171,2.456,0.039
2023-11-16,873248,309,6221,10824.35,17241.282,259.748,18.32,0.0,0.0,0.0
2023-11-16,873251,531,7922,10845.091,17168.936,259.345,10.47,0.0,3.012,0.695
2023-11-16,873252,17,4941,10774.12,17287.017,259.759,10.72,0.171,0.0,0.0
2023-11-16,873253,308,6221,10819.767,17240.441,259.885,10.17,0.0,0.0,0.0
2023-11-16,873254,592,2441,10860.31,17150.489,259.531,8.96,0.171,2.273,0.378
2023-11-16,873265,592,2441,10860.294,17150.493,259.385,1.73,0.171,2.273,0.377
2023-11-16,873272,591,2441,10855.872,17149.792,259.275,10.64,0.171,1.817,0.424
2023-11-16,873273,350,6221,10826.138,17235.594,259.65,10.05,0.0,0.0,0.0
2023-11-16,873274,16,4941,10771.165,17287.099,259.755,10.38,0.171,-3.568,-2.787
2023-11-16,873275,515,7922,10843.516,17175.092,259.362,10.5,0.0,2.471,0.662
2023-11-16,873968,688,6221,10869.576,17115.808,259.319,10.78,0.0,2.594,0.599
2023-11-16,873970,554,7922,10827.125,17156.923,260.176,10.51,0.0,0.0,0.0
2023-11-16,873973,659,4941,10857.659,17122.789,259.328,10.83,0.171,2.477,1.103
2023-11-16,873974,410,2441,10812.92,17208.852,259.515,10.02,0.171,0.0,0.0
2023-11-16,873975,426,2441,10814.674,17203.031,259.68,9.57,0.171,0.0,0.0
2023-11-16,873976,670,4941,10857.386,17119.867,259.411,9.51,0.171,0.0,0.0
2023-11-16,873977,687,6221,10865.132,17114.937,259.465,10.56,0.0,2.273,0.692
2023-11-16,873981,426,2441,10814.685,17203.044,259.746,1.0,0.171,0.0,0.0
2023-11-16,873982,661,4941,10812.956,17112.029,260.257,5.66,0.171,0.0,0.0
2023-11-16,873983,442,2441,10816.211,17197.263,259.757,10.58,0.171,0.0,0.0
2023-11-16,873984,553,7922,10822.347,17156.243,259.997,13.11,0.0,0.0,0.0
2023-11-16,873988,458,2441,10817.927,17191.826,259.656,10.52,0.171,0.0,0.0
2023-11-16,873994,552,7922,10817.279,17155.29,260.323,10.47,0.0,-1.0,-0.287
2023-11-16,873995,662,4941,10817.957,17112.839,259.535,10.55,0.171,0.0,0.0
2023-11-16,873998,819,6221,10874.292,17065.18,259.419,10.55,0.0,2.645,0.231
2023-11-16,874000,457,2441,10812.959,17190.899,259.749,10.47,0.171,0.0,0.0
2023-11-16,874002,663,4941,10822.969,17113.707,259.717,10.5,0.171,0.0,0.0
2023-11-16,874006,551,7922,10812.345,17154.356,260.666,10.51,0.0,0.0,0.0
2023-11-16,874007,441,2441,10811.222,17196.567,259.722,11.02,0.171,0.0,0.0
2023-11-16,874008,664,4941,10827.869,17114.518,259.449,10.45,0.171,0.0,0.0
2023-11-16,874009,836,6221,10885.831,17061.054,259.291,11.55,0.0,0.0,0.0
2023-11-16,874012,425,2441,10809.717,17202.136,259.635,10.63,0.171,0.0,0.0
2023-11-16,874013,665,4941,10832.826,17115.386,259.597,10.28,0.171,0.0,0.0
2023-11-16,874014,550,7922,10807.438,17153.259,260.439,10.54,0.0,0.0,0.0
2023-11-16,874017,666,4941,10837.805,17116.359,259.461,9.51,0.171,0.0,0.0
2023-11-16,874018,409,2441,10807.948,17208.092,259.69,10.57,0.171,0.0,0.0
2023-11-16,874022,667,4941,10842.662,17117.404,259.687,10.45,0.171,0.0,0.0
2023-11-16,874023,549,7922,10802.665,17152.539,259.925,5.08,0.0,0.0,0.0
2023-11-16,874024,393,2441,10806.389,17214.02,259.685,10.41,0.171,0.0,0.0
2023-11-16,874029,669,4941,10852.519,17118.946,259.293,10.55,0.171,0.0,0.0
2023-11-16,874030,377,2441,10804.663,17219.72,259.525,10.58,0.171,0.0,0.0
2023-11-16,874031,848,7922,10886.755,17058.014,258.7,9.96,0.0,2.506,0.712
2023-11-16,873280,595,2441,10851.116,17145.967,259.188,10.57,0.171,2.028,0.172
2023-11-16,873281,349,6221,10821.231,17234.647,259.938,10.11,0.0,0.0,0.0
2023-11-16,873285,499,7922,10842.051,17180.661,259.536,10.51,0.0,2.806,0.648
2023-11-16,873288,576,2441,10858.79,17156.107,259.407,10.85,0.171,2.453,0.612
2023-11-16,873289,366,6221,10827.564,17229.856,259.805,10.12,0.0,0.0,0.0
2023-11-16,873291,15,4941,10768.524,17286.226,259.591,8.85,0.171,0.0,0.0
2023-11-16,873295,575,2441,10853.728,17155.311,258.957,15.0,0.171,2.905,1.061
2023-11-16,873296,365,6221,10822.74,17228.837,259.821,10.61,0.0,0.0,0.0
2023-11-16,873297,14,4941,10766.018,17285.664,259.749,5.28,0.171,0.0,0.0
2023-11-16,873298,494,7922,10841.038,17183.721,259.238,9.96,0.0,0.0,0.0
2023-11-16,873306,50,4941,10768.1,17279.845,259.568,5.28,0.171,0.0,0.0
2023-11-16,873308,579,2441,10849.83,17151.797,259.122,10.63,0.171,2.304,0.532
2023-11-16,873309,364,6221,10817.929,17228.078,259.858,10.61,0.0,0.0,0.0
2023-11-16,873310,51,4941,10773.123,17280.752,259.067,10.72,0.171,0.0,0.0
2023-11-16,873313,493,7922,10836.159,17182.64,259.103,9.58,0.0,0.0,0.0
2023-11-16,873315,348,6221,10816.391,17233.694,259.574,10.5,0.0,0.0,0.0
2023-11-16,873316,52,4941,10777.89,17281.667,259.629,10.66,0.171,0.0,0.0
2023-11-16,873317,563,2441,10848.209,17157.49,259.275,10.52,0.171,0.0,0.0
2023-11-16,873321,492,7922,10831.147,17181.928,259.391,9.58,0.0,0.0,0.0
2023-11-16,873322,307,6221,10814.91,17239.546,259.64,10.61,0.0,0.0,0.0
2023-11-16,873323,53,4941,10782.78,17282.497,259.488,10.72,0.171,0.0,0.0
2023-11-16,873325,574,2441,10848.465,17154.476,259.419,9.96,0.171,0.0,0.0
2023-11-16,873329,475,7922,10824.654,17186.746,259.685,10.51,0.0,0.0,0.0
2023-11-16,873331,54,4941,10787.892,17283.286,259.378,10.72,0.171,0.0,0.0
2023-11-16,873332,275,6221,10813.497,17245.517,259.873,10.66,0.0,0.0,0.0
2023-11-16,873333,573,2441,10843.419,17153.549,259.497,11.02,0.171,0.0,0.0
2023-11-16,873337,23,4941,10789.059,17288.741,259.338,10.83,0.171,0.0,0.0
2023-11-16,873338,207,6221,10810.467,17256.936,259.776,18.32,0.0,0.0,0.0
2023-11-16,873339,572,2441,10838.591,17152.686,259.502,10.07,0.171,-1.043,-0.184
2023-11-16,873340,491,7922,10826.145,17180.779,259.61,10.47,0.0,0.0,0.0
2023-11-16,874035,668,4941,10847.417,17117.837,259.732,9.79,0.171,0.0,0.0
2023-11-16,874036,376,2441,10799.673,17218.813,259.474,10.63,0.171,0.0,0.0
2023-11-16,874039,668,4941,10847.416,17117.824,259.747,1.04,0.171,-1.191,1.906
2023-11-16,874041,864,7922,10888.236,17052.22,258.725,9.96,0.0,2.586,0.318
2023-11-16,874043,675,4941,10859.319,17117.258,259.4,9.18,0.171,2.316,0.367
2023-11-16,874044,375,2441,10794.883,17217.885,259.58,11.02,0.171,0.0,0.0
2023-11-16,874048,691,4941,10861.04,17111.525,258.968,9.79,0.171,4.832,0.423
2023-11-16,874049,374,2441,10789.893,17216.899,259.53,10.52,0.171,0.0,0.0
2023-11-16,874052,880,7922,10889.751,17046.547,258.57,9.89,0.0,2.468,0.303
2023-11-16,874054,373,2441,10785.126,17216.082,259.483,4.64,0.171,-0.412,-0.083
2023-11-16,874056,996,4941,10900.679,17003.498,258.235,9.01,0.171,4.799,0.588
2023-11-16,874058,896,7922,10891.411,17040.918,258.593,9.97,0.0,2.528,0.31
2023-11-16,874060,980,4941,10899.252,17008.956,258.33,9.73,0.171,4.788,0.419
2023-11-16,874061,300,2441,10774.657,17234.025,259.973,11.13,0.171,0.0,0.0
2023-11-16,874066,912,7922,10892.969,17034.905,258.474,9.96,0.0,2.667,0.013
2023-11-16,874067,964,4941,10898.094,17014.794,258.365,11.55,0.171,5.409,1.758
2023-11-16,874068,329,2441,10776.021,17228.059,260.148,11.64,0.171,0.0,0.0
2023-11-16,874071,354,2441,10777.814,17222.423,259.822,10.69,0.171,0.0,0.0
2023-11-16,874073,948,4941,10896.757,17020.523,258.563,11.49,0.171,5.735,0.718
2023-11-16,874074,370,2441,10779.294,17216.41,259.848,10.52,0.171,0.0,0.0
2023-11-16,874075,1008,7922,10900.277,17000.192,258.488,9.96,0.0,2.353,0.331
2023-11-16,874077,932,4941,10895.376,17026.444,258.59,11.54,0.171,5.588,1.29
2023-11-16,874079,386,2441,10781.066,17210.931,259.943,11.64,0.171,0.0,0.0
2023-11-16,874080,1007,7922,10895.309,16999.108,258.837,10.0,0.0,2.532,0.538
2023-11-16,874082,392,2441,10801.265,17212.982,259.709,10.46,0.171,0.0,0.0
2023-11-16,874083,916,4941,10893.85,17032.085,258.371,11.49,0.171,5.513,1.273
2023-11-16,874088,391,2441,10796.514,17211.947,259.8,10.57,0.171,0.0,0.0
2023-11-16,874090,900,4941,10892.58,17037.985,258.314,9.68,0.171,4.534,1.13
2023-11-16,874091,995,7922,10889.706,17001.073,258.81,10.46,0.0,2.94,0.799
2023-11-16,874097,390,2441,10791.413,17211.206,259.774,10.63,0.171,0.0,0.0
2023-11-16,874844,886,7922,10839.752,17031.756,260.9,11.63,0.0,0.0,0.0
2023-11-16,874857,749,2441,10861.228,17090.248,259.669,10.52,0.171,0.0,0.0
2023-11-16,874863,830,2441,10873.768,17061.927,259.002,9.4,0.171,0.0,0.0
2023-11-16,874879,887,7922,10844.674,17032.416,260.488,11.28,0.0,0.0,0.0
2023-11-16,874884,332,2441,10749.161,17221.891,261.387,2.57,0.171,0.0,0.0
2023-11-16,874885,320,2441,10748.914,17224.246,261.362,2.63,0.171,0.0,0.0
2023-11-16,874889,312,2441,10748.322,17226.76,261.09,2.57,0.171,0.0,0.0
2023-11-16,874893,290,2441,10748.103,17229.213,261.19,2.68,0.171,0.0,0.0
2023-11-16,874895,888,7922,10849.609,17033.52,260.291,10.55,0.0,0.0,0.0
2023-11-16,874897,280,2441,10747.705,17231.523,261.269,2.57,0.171,0.0,0.0
2023-11-16,874898,260,2441,10747.241,17233.919,261.082,2.85,0.171,0.0,0.0
2023-11-16,874899,249,2441,10746.833,17236.419,261.227,2.57,0.171,0.0,0.0
2023-11-16,874901,754,3384,10818.763,17078.11,260.238,11.46,0.171,0.0,0.0
2023-11-16,874904,229,2441,10746.52,17238.931,261.335,2.63,0.171,0.0,0.0
2023-11-16,874908,221,2441,10746.011,17241.444,261.164,2.57,0.171,0.0,0.0
2023-11-16,874909,212,2441,10745.747,17243.832,261.033,2.57,0.171,0.0,0.0
2023-11-16,874910,889,7922,10854.476,17034.199,260.282,10.62,0.0,0.0,0.0
2023-11-16,874911,757,3384,10823.531,17077.548,260.231,5.64,0.171,0.0,0.0
2023-11-16,874912,192,2441,10745.479,17246.478,261.091,2.68,0.171,0.0,0.0
2023-11-16,874915,183,2441,10745.12,17248.798,261.36,2.57,0.171,0.0,0.0
2023-11-16,874918,758,3384,10828.469,17078.156,260.25,11.37,0.171,0.0,0.0
2023-11-16,874919,164,2441,10744.651,17251.272,261.399,2.57,0.171,0.0,0.0
2023-11-16,874921,154,2441,10744.093,17253.753,261.474,2.57,0.171,0.0,0.0
2023-11-16,874922,147,2441,10743.968,17256.206,261.384,2.52,0.171,0.0,0.0
2023-11-16,874927,128,2441,10743.354,17258.53,261.405,2.57,0.171,-0.237,-0.014
2023-11-16,874928,759,3384,10833.271,17079.185,260.169,10.42,0.171,0.0,0.0
2023-11-16,874930,120,2441,10742.951,17260.958,261.242,2.52,0.171,0.0,0.0
2023-11-16,874931,890,7922,10859.622,17035.221,259.783,10.66,0.0,0.0,0.0
2023-11-16,874934,102,2441,10742.459,17263.465,261.286,2.63,0.171,0.0,0.0
2023-11-16,874937,760,3384,10838.316,17080.027,260.187,10.25,0.171,0.0,0.0
2023-11-16,874938,94,2441,10741.989,17265.769,261.529,2.57,0.171,0.0,0.0
2023-11-16,874941,80,2441,10741.364,17268.191,261.269,2.57,0.171,0.0,0.0
2023-11-16,874944,761,3384,10843.211,17080.824,259.66,10.42,0.171,0.0,0.0
2023-11-16,874946,70,2441,10740.549,17270.66,260.947,2.57,0.171,0.0,0.0
2023-11-16,874949,891,7922,10864.189,17035.964,259.662,10.66,0.0,0.0,0.0
2023-11-16,874950,61,2441,10740.113,17273.114,261.302,2.57,0.171,0.0,0.0
2023-11-16,874952,762,3384,10848.285,17081.807,259.956,10.34,0.171,0.0,0.0
2023-11-16,874953,44,2441,10739.577,17275.516,261.137,2.52,0.171,0.0,0.0
2023-11-16,874958,35,2441,10738.818,17277.848,261.067,2.57,0.171,0.0,0.0
2023-11-16,874961,763,3384,10853.163,17082.594,259.924,10.34,0.171,0.0,0.0
2023-11-16,874963,8,2441,10738.242,17280.309,261.108,2.57,0.171,0.0,0.0
2023-11-16,874964,892,7922,10869.301,17036.923,259.71,10.24,0.0,0.0,0.0
2023-11-16,874966,1,2441,10737.622,17282.698,260.958,2.63,0.171,0.0,0.0
2023-11-16,874969,2,2441,10739.95,17283.045,260.755,6.1,0.171,0.0,0.0
2023-11-16,874970,764,3384,10857.958,17083.464,259.914,10.34,0.171,0.0,0.0
2023-11-16,874972,9,2441,10740.609,17280.747,260.604,6.1,0.171,0.0,0.0
2023-11-16,874977,894,7922,10879.113,17038.433,259.254,10.27,0.0,0.0,0.0
2023-11-16,874978,36,2441,10741.257,17278.191,260.675,6.04,0.171,0.0,0.0
2023-11-16,874983,45,2441,10741.893,17275.821,260.739,6.1,0.171,0.0,0.0
2023-11-16,874987,893,7922,10874.158,17037.776,259.508,10.16,0.0,0.0,0.0
2023-11-16,874988,765,3384,10862.786,17084.255,259.486,10.08,0.171,0.0,0.0
2023-11-16,874990,62,2441,10742.441,17273.581,260.666,6.1,0.171,0.0,0.0
2023-11-16,874996,71,2441,10743.212,17271.237,260.51,6.21,0.171,0.0,0.0
2023-11-16,874997,766,3384,10867.693,17085.205,259.417,10.25,0.171,0.0,0.0
2023-11-16,875001,81,2441,10743.892,17268.671,260.505,6.1,0.171,0.0,0.0
2023-11-16,875002,897,7922,10825.79,17024.769,260.731,4.19,0.0,0.0,0.0
2023-11-16,875005,898,7922,10831.726,17025.732,260.835,11.79,0.0,0.0,0.0
2023-11-16,875008,95,2441,10744.296,17266.478,260.574,6.04,0.171,0.0,0.0
2023-11-16,875009,782,3384,10869.314,17079.544,259.311,10.42,0.171,0.0,0.0
2023-11-16,875012,901,7922,10836.311,17025.432,261.419,5.58,0.0,0.0,0.0
2023-11-16,875013,103,2441,10744.876,17263.88,260.645,6.1,0.171,0.0,0.0
2023-11-16,875018,902,7922,10841.022,17026.135,261.182,11.78,0.0,0.0,0.0
2023-11-16,875020,121,2441,10745.557,17261.5,260.634,6.04,0.171,0.0,0.0
2023-11-16,875029,129,2441,10745.893,17259.013,260.733,6.04,0.171,0.0,0.0
2023-11-16,875033,903,7922,10846.085,17027.082,260.469,11.21,0.0,0.0,0.0
2023-11-16,875034,148,2441,10746.296,17256.634,260.795,6.1,0.171,0.0,0.0
2023-11-16,875041,155,2441,10746.621,17254.076,260.884,6.1,0.171,0.0,0.0
2023-11-16,875044,165,2441,10747.012,17251.501,260.824,6.04,0.171,0.0,0.0
2023-11-16,875046,904,7922,10851.012,17027.677,260.198,11.08,0.0,0.0,0.0
2023-11-16,875050,184,2441,10747.56,17249.311,260.819,6.04,0.171,0.0,0.0
2023-11-16,875051,193,2441,10747.729,17246.78,260.787,6.1,0.171,0.0,0.0
2023-11-16,875056,213,2441,10748.22,17244.214,260.979,6.1,0.171,0.0,0.0
2023-11-16,875060,222,2441,10748.589,17241.754,261.006,6.6,0.171,0.0,0.0
2023-11-16,875062,905,7922,10855.696,17028.592,260.216,10.54,0.0,0.0,0.0
2023-11-16,875064,230,2441,10748.992,17239.372,261.153,6.6,0.171,0.0,0.0
2023-11-16,875067,250,2441,10749.261,17236.944,261.088,6.55,0.171,0.0,0.0
2023-11-16,875070,261,2441,10749.497,17234.517,261.134,6.55,0.171,0.0,0.0
2023-11-16,875073,281,2441,10749.933,17232.099,261.151,6.49,0.171,0.0,0.0
2023-11-16,875074,906,7922,10860.803,17029.408,259.537,10.54,0.0,0.0,0.0
2023-11-16,875076,291,2441,10750.402,17229.517,261.201,6.55,0.171,0.0,0.0
2023-11-16,875079,313,2441,10750.805,17227.031,260.843,6.6,0.171,0.0,0.0
2023-11-16,875082,907,7922,10865.837,17030.153,259.566,10.69,0.0,0.0,0.0
2023-11-16,875083,333,2441,10751.639,17222.227,261.089,6.55,0.171,0.0,0.0
2023-11-16,875086,321,2441,10751.336,17224.583,260.996,6.55,0.171,0.0,0.0
2023-11-16,875091,334,2441,10754.151,17222.766,260.556,6.55,0.171,0.0,0.0
2023-11-16,875092,908,7922,10870.783,17031.139,259.716,10.2,0.0,0.0,0.0
2023-11-16,875094,322,2441,10753.859,17225.147,260.911,6.55,0.171,0.0,0.0
2023-11-16,875099,314,2441,10753.244,17227.433,260.871,6.49,0.171,0.0,0.0
2023-11-16,875104,910,7922,10880.427,17032.591,259.423,10.24,0.0,0.0,0.0
2023-11-16,875105,292,2441,10753.131,17230.016,260.958,6.55,0.171,0.0,0.0
2023-11-16,875107,262,2441,10752.214,17234.853,261.256,6.49,0.171,0.0,0.0
2023-11-16,875109,282,2441,10752.64,17232.607,261.253,6.49,0.171,0.0,0.0
2023-11-16,875113,251,2441,10751.845,17237.329,260.926,6.16,0.171,0.0,0.0
2023-11-16,875116,909,7922,10875.449,17031.865,259.415,10.27,0.0,0.0,0.0
2023-11-16,875119,769,3384,10814.73,17071.231,260.316,6.34,0.171,0.0,0.0
2023-11-16,875122,231,2441,10751.498,17239.852,261.203,6.16,0.171,0.0,0.0
2023-11-16,875124,770,3384,10820.589,17072.334,260.057,11.29,0.171,0.0,0.0
2023-11-16,875126,223,2441,10751.184,17242.214,261.223,6.1,0.171,0.0,0.0
2023-11-16,875128,214,2441,10750.815,17244.691,261.315,6.04,0.171,0.0,0.0
2023-11-16,875134,773,3384,10825.239,17071.59,260.062,5.3,0.171,0.0,0.0
2023-11-16,875135,194,2441,10750.291,17247.396,261.15,6.04,0.171,0.0,0.0
2023-11-16,875136,913,7922,10827.484,17019.239,260.816,4.38,0.0,0.0,0.0
2023-11-16,875137,774,3384,10830.04,17072.374,260.276,10.34,0.171,0.0,0.0
2023-11-16,875139,185,2441,10750.116,17249.667,261.092,5.99,0.171,0.0,0.0
2023-11-16,875140,914,7922,10833.264,17020.117,260.854,11.63,0.0,0.0,0.0
2023-11-16,875142,166,2441,10749.552,17252.089,261.115,6.16,0.171,0.0,0.0
2023-11-16,875147,156,2441,10749.116,17254.576,261.093,6.16,0.171,0.0,0.0
2023-11-16,875148,775,3384,10834.991,17073.334,260.074,10.51,0.171,0.0,0.0
2023-11-16,875149,917,7922,10837.881,17019.487,261.064,5.62,0.0,0.0,0.0
2023-11-16,875150,149,2441,10748.924,17257.003,261.103,6.04,0.171,0.0,0.0
2023-11-16,875152,918,7922,10842.993,17020.153,260.313,16.98,0.0,0.0,0.0
2023-11-16,875153,130,2441,10748.427,17259.31,260.778,6.04,0.171,0.0,0.0
2023-11-16,875157,776,3384,10839.77,17074.318,259.829,10.25,0.171,0.0,0.0
2023-11-16,875160,122,2441,10747.941,17261.8,260.797,6.1,0.171,0.0,0.0
2023-11-16,875162,104,2441,10747.472,17264.349,260.922,6.04,0.171,0.0,0.0
2023-11-16,875165,777,3384,10844.921,17075.274,259.084,10.16,0.171,0.0,0.0
2023-11-16,875170,96,2441,10747.013,17266.67,261.011,6.04,0.171,0.0,0.0
2023-11-16,875172,919,7922,10847.76,17021.003,260.228,11.4,0.0,0.0,0.0
2023-11-16,875174,778,3384,10849.916,17075.993,259.744,10.08,0.171,0.0,0.0
2023-11-16,875176,82,2441,10746.299,17269.174,260.722,5.54,0.171,0.0,0.0
2023-11-16,875180,72,2441,10745.595,17271.574,260.626,5.6,0.171,0.0,0.0
2023-11-16,875182,779,3384,10854.8,17076.78,259.947,10.34,0.171,0.0,0.0
2023-11-16,875184,926,7922,10882.343,17026.805,258.92,9.62,0.0,0.0,0.0
2023-11-16,875187,63,2441,10744.925,17273.885,260.517,5.6,0.171,0.0,0.0
2023-11-16,875194,46,2441,10744.322,17276.415,260.575,5.6,0.171,0.0,0.0
2023-11-16,875195,798,3384,10870.309,17073.227,259.294,0.78,0.171,0.0,0.0
2023-11-16,875197,798,3384,10870.394,17073.647,259.368,0.26,0.171,0.0,0.0
2023-11-16,875199,798,3384,10871.163,17073.879,259.322,10.77,0.171,0.0,0.0
2023-11-16,875200,925,7922,10877.298,17026.142,259.243,10.23,0.0,0.0,0.0
2023-11-16,875202,37,2441,10743.579,17278.73,261.006,5.6,0.171,-0.58,-0.321
2023-11-16,875205,10,2441,10743.049,17281.204,260.888,5.54,0.171,0.0,0.0
2023-11-16,875208,3,2441,10742.496,17283.587,260.738,5.6,0.171,0.0,0.0
2023-11-16,875209,795,3384,10855.987,17071.108,259.716,10.34,0.171,0.0,0.0
2023-11-16,875210,4,2441,10744.84,17284.035,260.718,5.65,0.171,0.0,0.0
2023-11-16,875211,924,7922,10872.409,17025.302,259.329,10.12,0.0,0.0,0.0
2023-11-16,875213,11,2441,10745.6,17281.677,260.562,5.71,0.171,0.0,0.0
2023-11-16,875214,38,2441,10746.064,17279.285,260.54,5.54,0.171,0.0,0.0
2023-11-16,875215,794,3384,10851.303,17070.209,259.713,10.42,0.171,0.0,0.0
2023-11-16,875216,47,2441,10746.817,17276.774,260.512,5.65,0.171,0.0,0.0
2023-11-16,875220,64,2441,10747.353,17274.417,260.375,5.6,0.171,0.0,0.0
2023-11-16,875221,923,7922,10867.374,17024.486,259.266,10.39,0.0,0.0,0.0
2023-11-16,875222,793,3384,10846.179,17069.285,259.315,0.08,0.171,0.0,0.0
2023-11-16,875223,73,2441,10747.912,17272.018,260.245,5.54,0.171,0.0,0.0
2023-11-16,875224,793,3384,10846.302,17069.454,259.335,9.99,0.171,0.0,0.0
2023-11-16,875225,83,2441,10748.693,17269.527,260.153,5.6,0.171,0.0,0.0
2023-11-16,875229,97,2441,10749.335,17267.17,260.152,5.65,0.171,0.0,0.0
2023-11-16,875230,105,2441,10749.888,17264.647,260.25,5.71,0.171,0.0,0.0
2023-11-16,875231,922,7922,10862.552,17023.643,259.696,10.54,0.0,0.0,0.0
2023-11-16,875232,123,2441,10750.358,17262.313,260.275,5.6,0.171,0.0,0.0
2023-11-16,875233,792,3384,10841.307,17068.504,259.369,10.34,0.171,0.0,0.0
2023-11-16,875237,131,2441,10750.794,17259.856,260.3,5.54,0.171,0.0,0.0
2023-11-16,875240,150,2441,10751.163,17257.399,260.5,6.04,0.171,0.0,0.0
2023-11-16,875242,791,3384,10836.222,17067.639,259.671,10.16,0.171,0.0,0.0
2023-11-16,875244,157,2441,10751.7,17255.009,260.647,0.05,0.171,0.0,0.0
2023-11-16,875245,157,2441,10751.7,17255.009,260.791,6.1,0.171,0.0,0.0
2023-11-16,875248,167,2441,10752.03,17252.435,260.747,6.1,0.171,0.0,0.0
2023-11-16,875249,921,7922,10857.611,17022.591,259.786,10.58,0.0,0.0,0.0
2023-11-16,875253,790,3384,10831.265,17066.663,259.967,10.6,0.171,0.0,0.0
2023-11-16,875254,186,2441,10752.394,17250.076,260.603,6.1,0.171,0.0,0.0
2023-11-16,875256,195,2441,10752.763,17247.648,260.562,6.16,0.171,0.0,0.0
2023-11-16,875258,789,3384,10826.52,17065.676,259.904,5.64,0.171,0.0,0.0
2023-11-16,875259,215,2441,10753.21,17245.122,260.773,5.99,0.171,0.0,0.0
2023-11-16,875262,224,2441,10753.613,17242.642,260.576,6.04,0.171,0.0,0.0
2023-11-16,875263,786,3384,10821.697,17066.437,259.822,11.37,0.171,0.0,0.0
2023-11-16,875267,232,2441,10753.993,17240.273,260.785,6.1,0.171,0.0,0.0
2023-11-16,875270,252,2441,10754.223,17237.758,260.92,6.16,0.171,0.0,0.0
2023-11-16,875271,785,3384,10815.8,17065.389,260.166,4.69,0.171,0.0,0.0
2023-11-16,875273,920,7922,10852.537,17021.631,260.001,10.54,0.0,0.0,0.0
2023-11-16,875274,801,3384,10817.526,17059.617,260.398,4.69,0.171,0.0,0.0
2023-11-16,875275,263,2441,10754.704,17235.323,261.13,6.1,0.171,0.0,0.0
2023-11-16,875278,802,3384,10823.273,17060.59,259.967,10.25,0.171,0.0,0.0
2023-11-16,875279,283,2441,10755.068,17232.905,261.019,6.1,0.171,0.0,0.0
2023-11-16,875281,805,3384,10827.896,17059.973,260.052,5.56,0.171,0.0,0.0
2023-11-16,875282,293,2441,10755.504,17230.366,261.092,6.16,0.171,0.0,0.0
2023-11-16,875285,806,3384,10832.802,17060.767,260.095,10.34,0.171,0.0,0.0
2023-11-16,875286,315,2441,10755.606,17227.926,261.029,1.28,0.171,0.0,0.0
2023-11-16,875287,315,2441,10755.595,17227.907,261.101,6.16,0.171,0.0,0.0
2023-11-16,875293,929,7922,10829.331,17013.14,260.322,4.53,0.0,0.0,0.0
2023-11-16,875294,335,2441,10756.639,17223.027,260.841,6.1,0.171,0.0,0.0
2023-11-16,875295,807,3384,10837.836,17061.525,259.922,10.25,0.171,0.0,0.0
2023-11-16,875296,930,7922,10834.778,17014.189,260.663,11.12,0.0,0.0,0.0
2023-11-16,875297,323,2441,10756.265,17225.51,260.792,6.16,0.171,0.0,0.0
2023-11-16,875302,336,2441,10759.101,17223.474,260.928,6.16,0.171,0.0,0.0
2023-11-16,875303,808,3384,10842.882,17062.426,259.532,10.34,0.171,0.0,0.0
2023-11-16,875306,933,7922,10839.74,17013.578,260.805,5.43,0.0,0.0,0.0
2023-11-16,875307,324,2441,10758.637,17225.828,260.9,6.16,0.171,0.0,0.0
2023-11-16,875309,809,3384,10847.527,17063.56,259.274,10.42,0.171,0.0,0.0
2023-11-16,875310,316,2441,10758.045,17228.289,261.1,6.16,0.171,0.0,0.0
2023-11-16,875314,934,7922,10844.585,17014.395,260.432,11.09,0.0,0.0,0.0
2023-11-16,875318,294,2441,10758.021,17230.963,261.054,6.1,0.171,0.0,0.0
2023-11-16,875319,284,2441,10757.474,17233.3,261.193,6.16,0.171,0.0,0.0
2023-11-16,875320,810,3384,10852.528,17064.262,259.562,10.25,0.171,0.0,0.0
2023-11-16,875323,264,2441,10756.948,17235.46,260.85,6.16,0.171,0.0,0.0
2023-11-16,876712,153,3384,11327.817,14905.493,229.198,1.12,0.171,0.0,0.0
2023-11-16,876715,153,3384,11327.784,14905.497,229.257,0.08,0.171,0.0,0.0
2023-11-16,876847,176,3384,11357.053,14904.013,228.529,9.99,0.171,0.0,0.0
2023-11-16,872908,191,6221,10827.966,17263.021,259.156,12.26,0.0,5.46,0.573
2023-11-16,872917,43,4941,10817.788,17291.797,259.172,12.04,0.171,5.549,1.079
2023-11-16,872919,220,6221,10830.093,17257.489,259.589,12.09,0.0,5.65,0.296
2023-11-16,872926,69,4941,10820.389,17286.299,259.126,11.98,0.171,5.66,0.868
2023-11-16,872928,259,6221,10831.797,17251.84,259.479,12.14,0.0,5.566,-0.487
2023-11-16,872936,101,4941,10822.555,17280.469,258.607,11.98,0.171,5.524,0.29
2023-11-16,872939,289,6221,10833.735,17245.969,259.154,12.04,0.0,5.461,0.963
2023-11-16,872945,127,4941,10824.682,17274.819,258.933,11.98,0.171,5.855,0.0
2023-11-16,872950,331,6221,10835.65,17240.275,259.205,12.2,0.0,5.678,1.104
2023-11-16,872953,163,4941,10826.686,17269.046,258.88,11.98,0.171,6.111,0.0
2023-11-16,872960,356,6221,10837.264,17234.261,259.37,11.82,0.0,2.508,0.219
2023-11-16,872964,182,4941,10826.775,17266.143,258.704,10.5,0.171,2.609,0.32
2023-11-16,872972,368,6221,10837.699,17231.501,259.166,10.44,0.0,1.813,-0.032
2023-11-16,872973,181,4941,10822.014,17265.486,258.75,10.5,0.171,2.171,0.228
2023-11-16,872981,367,6221,10833.244,17230.872,259.366,10.28,0.0,1.855,0.064
2023-11-16,872982,162,4941,10815.938,17267.162,259.21,10.5,0.171,2.371,0.788
2023-11-16,872990,355,6221,10827.285,17232.675,259.483,10.56,0.0,2.492,0.35
2023-11-16,872992,146,4941,10824.681,17271.787,258.762,10.45,0.171,2.562,0.315
2023-11-16,873001,145,4941,10820.056,17271.122,258.776,9.07,0.171,1.835,0.128
2023-11-16,873003,352,6221,10835.897,17237.25,259.074,8.96,0.0,0.956,0.151
2023-11-16,887319,375,6221,11573.654,6942.298,287.526,0.93,0.0,0.0,0.0
2023-11-16,887808,224,6221,11615.92,6906.276,288.22,0.93,0.0,0.0,0.0
2023-11-16,883456,177,2442,10893.107,17774.361,228.632,9.18,0.171,0.0,0.0
2023-11-16,883457,176,2442,10888.157,17773.715,228.554,9.57,0.171,0.0,0.0
2023-11-16,883461,85,2441,10893.716,17822.566,228.362,11.19,0.171,5.245,0.904
2023-11-16,883462,173,2442,10883.127,17772.593,228.222,18.97,0.171,0.0,0.0
2023-11-16,883463,75,2441,10892.01,17827.471,228.196,11.36,0.171,2.892,0.245
2023-11-16,883466,69,2441,10890.003,17829.605,228.444,10.75,0.171,2.34,0.329
2023-11-16,883467,171,2442,10873.381,17770.905,228.329,9.4,0.171,0.0,0.0
2023-11-16,883468,68,2441,10885.113,17828.714,228.445,10.07,0.171,2.413,0.211
2023-11-16,883471,160,2442,10866.952,17775.01,228.404,9.57,0.171,0.0,0.0
2023-11-16,883472,79,2441,10891.654,17824.831,228.572,10.13,0.171,2.296,0.697
2023-11-16,883473,161,2442,10871.975,17775.76,228.653,9.4,0.171,0.0,0.0
2023-11-16,883475,636,7922,10955.416,17552.494,228.908,9.42,0.0,0.0,0.0
2023-11-16,883476,162,2442,10877.021,17776.661,228.604,9.35,0.171,0.0,0.0
2023-11-16,883477,78,2441,10886.397,17823.944,228.41,10.01,0.171,1.95,0.337
2023-11-16,883481,163,2442,10881.855,17777.62,228.487,9.4,0.171,0.0,0.0
2023-11-16,883482,74,2441,10880.893,17825.433,228.705,10.13,0.171,1.893,0.507
2023-11-16,883484,635,7922,10950.392,17551.515,228.969,9.77,0.0,0.0,0.0
2023-11-16,883486,167,2442,10891.546,17779.285,228.409,19.02,0.171,0.0,0.0
2023-11-16,883488,84,2441,10882.31,17820.601,228.939,10.47,0.171,1.07,0.231
2023-11-16,883492,626,7922,10954.188,17557.462,229.028,9.7,0.0,0.0,0.0
2023-11-16,883493,150,2442,10865.679,17779.77,228.294,9.4,0.171,0.0,0.0
2023-11-16,883494,89,2441,10892.949,17819.999,228.903,10.69,0.171,1.977,0.605
2023-11-16,883498,625,7922,10949.265,17556.561,229.248,9.77,0.0,0.0,0.0
2023-11-16,883499,151,2442,10870.668,17780.468,228.76,28.1,0.171,0.0,0.0
2023-11-16,883500,88,2441,10887.926,17819.073,228.582,10.52,0.171,2.243,0.849
2023-11-16,883504,99,2441,10894.483,17815.115,228.703,10.13,0.171,2.086,0.292
2023-11-16,883505,624,7922,10944.274,17555.66,228.911,9.66,0.0,0.0,0.0
2023-11-16,883509,98,2441,10889.521,17814.292,228.666,10.08,0.171,2.867,0.201
2023-11-16,883510,623,7922,10939.401,17554.739,229.148,9.7,0.0,0.0,0.0
2023-11-16,883511,157,2442,10890.318,17784.241,228.573,19.03,0.171,0.0,0.0
2023-11-16,883515,94,2441,10883.884,17815.892,228.749,10.63,0.171,2.627,0.854
2023-11-16,883517,619,7922,10934.589,17553.805,228.935,9.66,0.0,0.0,0.0
2023-11-16,883520,104,2441,10885.257,17811.132,228.813,10.4,0.171,2.521,0.78
2023-11-16,883521,140,2442,10864.318,17784.634,228.543,9.46,0.171,0.0,0.0
2023-11-16,883524,618,7922,10929.561,17553.048,228.841,9.73,0.0,0.0,0.0
2023-11-16,883526,141,2442,10869.441,17785.521,228.816,9.13,0.171,0.0,0.0
2023-11-16,883527,109,2441,10895.361,17810.366,228.845,10.52,0.171,2.376,0.547
2023-11-16,883531,142,2442,10874.185,17786.103,228.498,37.94,0.171,0.0,0.0
2023-11-16,883532,108,2441,10890.872,17809.513,228.689,9.85,0.171,2.289,0.528
2023-11-16,883534,616,7922,10953.038,17562.299,229.2,9.42,0.0,0.0,0.0
2023-11-16,883536,119,2441,10896.945,17805.478,228.758,10.41,0.171,2.336,0.582
2023-11-16,883540,118,2441,10892.289,17804.583,228.551,9.85,0.171,2.2,0.544
2023-11-16,883541,615,7922,10948.058,17561.346,229.286,9.66,0.0,0.0,0.0
2023-11-16,883546,114,2441,10886.708,17806.372,228.662,10.35,0.171,1.351,0.315
2023-11-16,883548,614,7922,10942.99,17560.446,228.908,9.62,0.0,0.0,0.0
2023-11-16,883551,65,2442,10890.514,17832.245,228.289,11.27,0.171,5.256,0.017
2023-11-16,883553,129,2441,10898.473,17800.672,228.349,10.12,0.171,2.535,0.402
2023-11-16,883557,613,7922,10938.168,17559.721,229.151,9.73,0.0,0.0,0.0
2023-11-16,883561,55,2442,10889.254,17837.272,228.456,11.54,0.171,5.39,0.549
2023-11-16,883562,128,2441,10893.561,17799.738,228.518,10.02,0.171,2.33,0.448
2023-11-16,883567,124,2441,10888.069,17801.442,228.659,10.52,0.171,2.817,0.608
2023-11-16,883568,45,2442,10887.863,17841.765,228.567,11.82,0.171,5.624,0.295
2023-11-16,883570,609,7922,10933.289,17558.774,228.79,9.54,0.0,0.0,0.0
2023-11-16,883575,134,2441,10889.598,17796.682,228.467,1.4,0.171,0.0,0.0
2023-11-16,883576,35,2442,10886.563,17846.674,228.324,11.16,0.171,4.832,1.275
2023-11-16,883578,608,7922,10928.377,17557.886,229.002,9.73,0.0,0.0,0.0
2023-11-16,883584,25,2442,10885.017,17851.432,228.103,1.81,0.171,3.295,1.135
2023-11-16,883585,137,2441,10887.627,17793.682,228.591,9.8,0.171,0.0,0.0
2023-11-16,883590,136,2441,10882.626,17792.909,228.502,9.74,0.171,0.0,0.0
2023-11-16,883591,606,7922,10951.419,17566.949,229.16,9.7,0.0,0.0,0.0
2023-11-16,883592,15,2442,10883.437,17855.864,228.123,10.77,0.171,2.734,1.105
2023-11-16,883596,133,2441,10877.77,17791.94,228.61,9.4,0.171,0.0,0.0
2023-11-16,883599,9,2442,10881.675,17857.905,228.172,9.46,0.171,2.537,0.728
2023-11-16,883602,605,7922,10946.507,17566.113,229.238,9.7,0.0,0.0,0.0
2023-11-16,883604,132,2441,10872.863,17791.039,228.588,9.24,0.171,0.0,0.0
2023-11-16,883605,8,2442,10876.943,17857.408,228.231,9.35,0.171,2.348,0.854
2023-11-16,883609,131,2441,10867.801,17790.276,228.604,8.84,0.171,0.0,0.0
2023-11-16,883611,7,2442,10873.424,17857.031,228.141,9.18,0.171,2.327,0.481
2023-11-16,883612,604,7922,10941.762,17565.271,229.007,9.73,0.0,0.0,0.0
2023-11-16,883615,130,2441,10862.9,17789.466,228.781,9.74,0.171,0.0,0.0
2023-11-16,883617,19,2442,10883.172,17853.543,228.288,9.02,0.171,2.116,0.647
2023-11-16,883620,603,7922,10936.917,17564.487,229.159,9.5,0.0,0.0,0.0
2023-11-16,883622,120,2441,10861.65,17794.219,228.768,9.35,0.171,0.0,0.0
2023-11-16,883623,18,2442,10878.244,17852.733,228.248,9.07,0.171,2.156,0.609
2023-11-16,883627,14,2442,10872.723,17854.379,228.054,9.18,0.171,2.322,0.191
2023-11-16,883628,599,7922,10932.005,17563.488,228.884,9.54,0.0,0.0,0.0
2023-11-16,883630,121,2441,10866.484,17795.042,228.846,9.4,0.171,0.0,0.0
2023-11-16,883635,122,2441,10871.451,17795.93,228.53,9.74,0.171,0.0,0.0
2023-11-16,883638,29,2442,10884.512,17848.802,228.121,18.42,0.171,4.407,0.4
2023-11-16,883639,598,7922,10927.043,17562.786,228.868,9.77,0.0,0.0,0.0
2023-11-16,883640,123,2441,10876.364,17796.856,228.53,9.68,0.171,0.0,0.0
2023-11-16,883645,127,2441,10886.333,17798.563,228.366,9.8,0.171,0.0,0.0
2023-11-16,883646,24,2442,10874.029,17849.377,228.084,9.18,0.171,2.431,0.807
2023-11-16,883648,596,7922,10950.224,17571.709,229.03,9.62,0.0,0.0,0.0
2023-11-16,883651,126,2441,10881.343,17797.737,228.439,9.46,0.171,0.0,0.0
2023-11-16,883652,39,2442,10885.873,17843.99,228.125,27.71,0.171,7.214,1.453
2023-11-16,883657,595,7922,10945.479,17570.993,229.172,9.62,0.0,0.0,0.0
2023-11-16,883658,117,2441,10884.77,17803.32,228.448,9.8,0.171,0.0,0.0
2023-11-16,883661,116,2441,10879.897,17802.517,228.387,9.57,0.171,0.0,0.0
2023-11-16,883663,594,7922,10940.389,17570.174,229.112,9.73,0.0,0.0,0.0
2023-11-16,883664,49,2442,10887.157,17839.106,228.201,9.02,0.171,1.845,-0.001
2023-11-16,883667,113,2441,10875.041,17801.603,228.464,9.63,0.171,0.0,0.0
2023-11-16,883668,48,2442,10882.256,17838.349,228.239,18.42,0.171,4.904,0.421
2023-11-16,883671,593,7922,10935.355,17569.326,229.05,9.7,0.0,0.0,0.0
2023-11-16,883672,112,2441,10870.012,17800.729,228.552,9.35,0.171,0.0,0.0
2023-11-16,883677,110,2441,10860.176,17798.967,228.795,9.74,0.171,0.0,0.0
2023-11-16,883681,589,7922,10930.487,17568.346,229.091,9.58,0.0,0.0,0.0
2023-11-16,883682,59,2442,10888.808,17834.247,228.474,9.29,0.171,2.04,0.106
2023-11-16,883684,58,2442,10883.752,17833.53,228.272,9.24,0.171,1.557,0.005
2023-11-16,883685,111,2441,10865.011,17799.887,228.747,9.29,0.171,0.0,0.0
2023-11-16,883689,588,7922,10925.609,17567.55,228.736,9.7,0.0,0.0,0.0
2023-11-16,883690,54,2442,10878.192,17835.129,228.329,9.24,0.171,2.464,0.16
2023-11-16,883691,100,2441,10858.659,17803.819,228.661,19.53,0.171,0.0,0.0
2023-11-16,883695,64,2442,10879.643,17830.336,228.46,9.24,0.171,0.0,0.0
2023-11-16,883696,586,7922,10948.996,17576.774,228.875,9.62,0.0,0.0,0.0
2023-11-16,883698,67,2442,10877.751,17827.487,228.496,9.29,0.171,0.0,0.0
2023-11-16,883701,102,2441,10868.572,17805.574,228.238,9.68,0.171,0.0,0.0
2023-11-16,883703,585,7922,10943.883,17575.763,229.41,9.62,0.0,0.0,0.0
2023-11-16,883705,103,2441,10873.629,17806.475,228.46,9.74,0.171,0.0,0.0
2023-11-16,883710,107,2441,10883.464,17808.129,228.569,9.46,0.171,0.0,0.0
2023-11-16,883711,584,7922,10938.972,17574.999,229.148,9.66,0.0,0.0,0.0
2023-11-16,883717,106,2441,10878.441,17807.353,228.591,9.35,0.171,0.0,0.0
2023-11-16,883718,57,2442,10876.177,17832.026,228.97,9.4,0.171,0.0,0.0
2023-11-16,883719,583,7922,10934.193,17574.137,229.027,9.66,0.0,0.0,0.0
2023-11-16,883723,97,2441,10882.047,17812.964,228.741,9.52,0.171,0.0,0.0
2023-11-16,883724,47,2442,10874.904,17836.877,228.566,18.97,0.171,0.0,0.0
2023-11-16,883727,579,7922,10929.103,17573.198,228.826,9.7,0.0,0.0,0.0
2023-11-16,883728,96,2441,10877.08,17812.168,228.726,9.57,0.171,0.0,0.0
2023-11-16,883734,93,2441,10872.123,17811.255,228.696,9.8,0.171,0.0,0.0
2023-11-16,883736,27,2442,10872.142,17846.476,228.247,9.57,0.171,0.0,0.0
2023-11-16,883739,578,7922,10924.358,17572.413,228.911,9.66,0.0,0.0,0.0
2023-11-16,883741,92,2441,10867.177,17810.406,228.392,9.29,0.171,0.0,0.0
2023-11-16,883742,17,2442,10870.714,17851.507,228.043,19.07,0.171,0.0,0.0
2023-11-16,883747,90,2441,10857.397,17808.618,228.761,9.63,0.171,0.0,0.0
2023-11-16,883748,576,7922,10947.635,17581.75,228.735,9.62,0.0,0.0,0.0
2023-11-16,883755,91,2441,10862.175,17809.32,228.607,9.52,0.171,0.0,0.0
2023-11-16,883757,575,7922,10942.756,17580.679,229.244,9.7,0.0,0.0,0.0
2023-11-16,883759,5,2442,10864.556,17855.213,228.248,19.07,0.171,0.0,0.0
2023-11-16,883762,87,2441,10880.463,17817.745,228.782,9.8,0.171,0.0,0.0
2023-11-16,883765,574,7922,10937.749,17579.919,228.733,9.77,0.0,0.0,0.0
2023-11-16,883766,86,2441,10875.651,17816.863,228.851,9.52,0.171,0.0,0.0
2023-11-16,883770,26,2442,10866.912,17845.596,228.007,9.4,0.171,0.421,-0.76
2023-11-16,883771,83,2441,10870.805,17815.982,228.788,9.57,0.171,0.0,0.0
2023-11-16,883774,573,7922,10932.843,17579.067,229.129,9.62,0.0,0.0,0.0
2023-11-16,883775,36,2442,10868.475,17840.992,228.216,9.57,0.171,0.0,0.0
2023-11-16,883777,82,2441,10865.704,17815.18,228.482,9.85,0.171,0.0,0.0
2023-11-16,883781,46,2442,10869.848,17836.049,228.86,19.13,0.171,0.0,0.0
2023-11-16,883782,569,7922,10927.842,17578.257,228.974,9.66,0.0,0.0,0.0
2023-11-16,883784,80,2441,10855.824,17813.366,228.233,9.29,0.171,0.0,0.0
2023-11-16,883788,81,2441,10860.792,17814.292,228.466,9.85,0.171,0.0,0.0
2023-11-16,883791,568,7922,10922.919,17577.321,229.073,9.54,0.0,0.0,0.0
2023-11-16,883793,33,2442,10863.619,17840.058,228.637,9.51,0.171,0.0,0.0
2023-11-16,883796,23,2442,10862.335,17844.886,228.846,18.97,0.171,0.0,0.0
2023-11-16,883798,77,2441,10878.978,17822.506,228.769,9.85,0.171,0.0,0.0
2023-11-16,883801,566,7922,10946.295,17586.36,228.866,9.54,0.0,0.0,0.0
2023-11-16,883805,76,2441,10874.195,17821.735,228.912,9.57,0.171,0.0,0.0
2023-11-16,883808,565,7922,10941.35,17585.68,229.219,9.62,0.0,0.0,0.0
2023-11-16,883810,4,2442,10859.579,17854.645,228.546,10.01,0.171,-0.835,-0.354
2023-11-16,883812,73,2441,10869.221,17820.756,228.794,9.52,0.171,0.0,0.0
2023-11-16,883816,3,2442,10854.477,17853.64,228.086,9.35,0.171,0.0,0.0
2023-11-16,883819,72,2441,10864.276,17819.953,228.67,9.8,0.171,0.0,0.0
2023-11-16,883820,564,7922,10936.193,17584.696,228.689,9.54,0.0,0.0,0.0
2023-11-16,883823,12,2442,10855.883,17848.854,228.561,9.4,0.171,0.0,0.0
2023-11-16,883827,70,2441,10854.34,17818.152,228.501,9.24,0.171,0.0,0.0
2023-11-16,883829,22,2442,10857.965,17841.59,228.471,19.14,0.171,0.0,0.0
2023-11-16,883830,563,7922,10931.297,17583.84,229.224,9.62,0.0,0.0,0.0
2023-11-16,883835,71,2441,10859.341,17819.124,228.531,9.46,0.171,0.0,0.0
2023-11-16,883840,559,7922,10926.493,17582.926,228.732,3.25,0.0,0.0,0.0
2023-11-16,883843,66,2441,10872.907,17826.486,228.731,1.9,0.171,0.0,0.0
2023-11-16,883441,115,2441,10896.838,17808.162,228.302,11.13,0.171,2.157,0.146
2023-11-16,883444,183,2442,10884.4,17767.879,228.463,9.46,0.171,0.0,0.0
2023-11-16,883449,182,2442,10879.444,17767.125,228.47,9.46,0.171,0.0,0.0
2023-11-16,883450,105,2441,10895.773,17813.244,228.326,11.13,0.171,4.4,0.145
2023-11-16,883453,181,2442,10874.577,17766.299,228.405,9.51,0.171,0.0,0.0
2023-11-16,883454,95,2441,10895.0,17817.898,228.659,11.02,0.171,4.379,0.538
2023-11-16,882913,628,4941,10930.661,17548.276,228.894,10.01,0.171,0.0,0.0
2023-11-16,882914,480,2441,10936.502,17627.908,228.886,10.18,0.171,2.238,-0.007
2023-11-16,882917,185,2442,10907.707,17774.824,228.097,10.66,0.171,4.749,1.012
2023-11-16,882920,175,2442,10906.167,17779.47,228.267,10.77,0.171,2.404,0.424
2023-11-16,882923,629,4941,10935.568,17549.23,228.889,9.95,0.171,0.0,0.0
2023-11-16,882925,470,2441,10935.185,17632.691,228.862,10.24,0.171,2.149,0.257
2023-11-16,882928,179,2442,10905.416,17776.825,228.136,8.96,0.171,1.795,0.157
2023-11-16,882931,633,4941,10940.536,17550.091,229.044,10.05,0.171,0.0,0.0
2023-11-16,882933,460,2441,10933.711,17637.347,228.845,10.24,0.171,10.099,1.236
2023-11-16,882934,189,2442,10906.867,17771.85,228.461,9.18,0.171,1.658,0.322
2023-11-16,882936,634,4941,10945.448,17550.96,228.96,10.0,0.171,7.794,1.789
2023-11-16,882946,450,2441,10932.048,17642.18,228.732,10.24,0.171,2.035,0.314
2023-11-16,882950,168,2442,10899.21,17780.828,228.199,8.91,0.171,1.91,0.268
2023-11-16,882955,178,2442,10900.682,17775.819,228.476,8.96,0.171,1.704,0.27
2023-11-16,882957,440,2441,10930.82,17646.985,228.637,10.07,0.171,2.08,0.329
2023-11-16,882962,188,2442,10901.927,17771.001,228.201,8.74,0.171,1.785,0.251
2023-11-16,882966,430,2441,10929.491,17651.725,228.541,10.07,0.171,2.187,0.343
2023-11-16,882970,199,2442,10908.374,17767.232,228.673,8.91,0.171,1.549,0.301
2023-11-16,882976,198,2442,10903.216,17766.062,227.84,9.95,0.171,1.939,0.204
2023-11-16,882977,420,2441,10928.152,17656.616,228.474,10.02,0.171,2.263,0.522
2023-11-16,882982,209,2442,10909.602,17762.401,228.503,9.62,0.171,1.715,0.364
2023-11-16,882986,208,2442,10904.588,17761.201,227.89,9.02,0.171,1.329,0.309
2023-11-16,882987,386,2441,10921.358,17673.039,228.582,9.24,0.171,0.0,0.0
2023-11-16,882993,219,2442,10910.774,17757.414,228.091,9.35,0.171,1.714,0.364
2023-11-16,882994,396,2441,10922.52,17668.28,228.408,9.07,0.171,0.0,0.0
2023-11-16,882999,218,2442,10906.162,17756.609,227.927,9.02,0.171,1.583,0.308
2023-11-16,883002,406,2441,10923.949,17663.461,228.519,9.18,0.171,0.0,0.0
2023-11-16,883004,229,2442,10912.146,17752.549,228.266,9.18,0.171,1.839,0.291
2023-11-16,883008,228,2442,10907.39,17751.563,228.137,9.9,0.171,1.855,0.567
2023-11-16,883010,416,2441,10925.299,17658.518,228.625,9.52,0.171,0.0,0.0
2023-11-16,883014,239,2442,10913.764,17747.782,228.144,9.18,0.171,2.012,0.391
2023-11-16,883016,426,2441,10926.605,17653.758,228.542,9.4,0.171,0.0,0.0
2023-11-16,883018,238,2442,10908.718,17746.738,228.385,9.18,0.171,1.759,0.374
2023-11-16,883023,436,2441,10928.09,17649.03,228.847,9.4,0.171,0.0,0.0
2023-11-16,883024,253,2442,10914.869,17742.696,228.313,9.18,0.171,2.019,0.248
2023-11-16,883028,446,2441,10929.585,17644.146,228.858,9.52,0.171,0.0,0.0
2023-11-16,883029,248,2442,10910.113,17741.795,228.532,9.13,0.171,1.741,0.245
2023-11-16,883033,263,2442,10916.064,17737.839,228.519,9.95,0.171,2.07,0.259
2023-11-16,883034,456,2441,10931.003,17639.516,229.001,9.4,0.171,0.0,0.0
2023-11-16,883038,257,2442,10911.274,17736.977,228.648,10.67,0.171,2.31,0.407
2023-11-16,883040,466,2441,10932.365,17634.6,228.856,9.52,0.171,0.0,0.0
2023-11-16,883045,476,2441,10933.704,17629.853,228.885,9.46,0.171,0.0,0.0
2023-11-16,883046,262,2442,10906.965,17733.778,228.667,10.16,0.171,2.487,0.13
2023-11-16,883052,475,2441,10928.78,17628.724,229.023,9.52,0.171,0.0,0.0
2023-11-16,883054,252,2442,10905.526,17738.721,228.83,10.11,0.171,2.246,0.356
2023-11-16,883057,465,2441,10927.363,17633.712,229.054,9.52,0.171,0.0,0.0
2023-11-16,883063,244,2442,10904.241,17743.318,228.792,10.11,0.171,1.989,0.421
2023-11-16,883066,455,2441,10925.946,17638.583,229.034,9.35,0.171,0.0,0.0
2023-11-16,883071,234,2442,10903.047,17748.325,228.423,9.24,0.171,1.852,0.566
2023-11-16,883072,445,2441,10924.84,17643.205,229.093,9.46,0.171,0.0,0.0
2023-11-16,883078,224,2442,10901.785,17753.052,228.412,9.95,0.171,2.007,0.5
2023-11-16,883079,435,2441,10923.4,17648.171,229.051,9.35,0.171,0.0,0.0
2023-11-16,883084,214,2442,10900.323,17757.884,228.438,10.06,0.171,1.981,0.314
2023-11-16,883086,425,2441,10921.905,17653.026,228.862,9.4,0.171,0.0,0.0
2023-11-16,883090,204,2442,10899.051,17762.716,228.425,10.06,0.171,2.131,0.224
2023-11-16,883094,415,2441,10920.61,17657.721,228.807,9.35,0.171,0.0,0.0
2023-11-16,883097,194,2442,10897.489,17767.607,228.549,9.29,0.171,2.204,0.349
2023-11-16,883101,405,2441,10919.359,17662.539,228.782,9.57,0.171,0.0,0.0
2023-11-16,883106,385,2441,10916.347,17672.38,228.678,9.52,0.171,0.0,0.0
2023-11-16,883107,174,2442,10894.921,17777.107,228.519,9.24,0.171,4.136,0.362
2023-11-16,883113,395,2441,10917.685,17667.281,228.743,9.57,0.171,0.0,0.0
2023-11-16,883119,165,2442,10904.933,17784.367,228.634,10.5,0.171,4.633,0.405
2023-11-16,883120,384,2441,10911.467,17671.237,228.726,9.46,0.171,0.0,0.0
2023-11-16,883127,394,2441,10912.729,17666.445,228.773,9.24,0.171,0.0,0.0
2023-11-16,883128,155,2442,10901.956,17788.807,228.087,11.21,0.171,5.178,1.196
2023-11-16,883133,404,2441,10914.069,17661.666,228.797,9.46,0.171,0.0,0.0
2023-11-16,883135,145,2442,10901.201,17793.656,228.442,10.72,0.171,2.447,0.431
2023-11-16,883141,414,2441,10915.497,17656.847,228.851,9.57,0.171,0.0,0.0
2023-11-16,883146,139,2442,10899.963,17795.891,228.468,8.96,0.171,1.84,0.291
2023-11-16,883147,424,2441,10916.993,17652.125,228.834,9.46,0.171,0.0,0.0
2023-11-16,883153,138,2442,10895.129,17794.932,228.319,9.24,0.171,1.626,0.436
2023-11-16,883155,434,2441,10918.477,17647.208,228.871,9.52,0.171,0.0,0.0
2023-11-16,883159,149,2442,10901.364,17791.135,228.348,8.96,0.171,1.955,0.345
2023-11-16,883161,444,2441,10919.784,17642.598,228.898,9.52,0.171,0.0,0.0
2023-11-16,883164,148,2442,10896.518,17790.097,228.252,9.9,0.171,1.688,0.328
2023-11-16,883171,159,2442,10902.637,17786.274,228.116,9.84,0.171,1.704,0.362
2023-11-16,883172,454,2441,10921.279,17637.639,229.075,9.46,0.171,0.0,0.0
2023-11-16,883177,158,2442,10897.758,17785.327,228.014,9.73,0.171,1.54,0.216
2023-11-16,883179,474,2441,10924.036,17628.174,228.933,9.57,0.171,0.0,0.0
2023-11-16,883184,164,2442,10893.548,17781.887,228.13,9.4,0.171,1.668,0.205
2023-11-16,883188,464,2441,10922.474,17632.961,229.026,9.52,0.171,0.0,0.0
2023-11-16,883191,154,2442,10892.153,17786.829,228.286,9.24,0.171,1.718,0.397
2023-11-16,883198,473,2441,10918.773,17627.076,229.078,9.63,0.171,0.0,0.0
2023-11-16,883200,147,2442,10888.847,17789.653,227.571,9.29,0.171,0.0,0.0
2023-11-16,883204,463,2441,10917.661,17631.832,229.029,9.57,0.171,0.0,0.0
2023-11-16,883207,256,2442,10903.722,17735.649,228.509,9.57,0.171,0.0,0.0
2023-11-16,883211,255,2442,10898.91,17734.768,228.719,9.57,0.171,0.0,0.0
2023-11-16,883212,453,2441,10916.121,17636.69,229.104,9.57,0.171,0.0,0.0
2023-11-16,883219,254,2442,10893.954,17734.037,228.349,9.57,0.171,0.0,0.0
2023-11-16,883220,443,2441,10914.827,17641.593,229.081,9.52,0.171,0.0,0.0
2023-11-16,883225,251,2442,10888.938,17733.55,228.147,9.84,0.171,0.0,0.0
2023-11-16,883229,433,2441,10913.286,17646.282,229.002,9.4,0.171,0.0,0.0
2023-11-16,883232,250,2442,10884.064,17732.64,228.817,9.18,0.171,0.0,0.0
2023-11-16,883237,423,2441,10911.969,17651.146,228.921,9.46,0.171,0.0,0.0
2023-11-16,883240,241,2442,10882.669,17737.498,229.014,9.84,0.171,0.0,0.0
2023-11-16,883244,413,2441,10910.725,17656.115,228.966,9.57,0.171,0.0,0.0
2023-11-16,883245,242,2442,10887.759,17738.254,229.074,9.9,0.171,0.0,0.0
2023-11-16,883255,403,2441,10909.201,17660.862,228.935,9.52,0.171,0.0,0.0
2023-11-16,883256,243,2442,10892.549,17739.175,228.953,10.01,0.171,0.0,0.0
2023-11-16,883263,246,2442,10897.471,17739.659,228.48,9.62,0.171,0.0,0.0
2023-11-16,883265,383,2441,10906.355,17670.487,228.549,9.52,0.171,0.0,0.0
2023-11-16,883271,247,2442,10902.506,17740.683,228.374,10.01,0.171,0.0,0.0
2023-11-16,883273,393,2441,10907.75,17665.496,228.586,9.46,0.171,0.0,0.0
2023-11-16,883278,379,2441,10901.554,17669.41,228.671,9.46,0.171,0.0,0.0
2023-11-16,883280,237,2442,10901.099,17745.378,228.4,9.46,0.171,0.0,0.0
2023-11-16,883286,389,2441,10902.861,17664.895,228.753,9.52,0.171,0.0,0.0
2023-11-16,883287,236,2442,10896.153,17744.418,228.549,9.9,0.171,0.0,0.0
2023-11-16,883293,399,2441,10904.167,17660.092,228.771,9.46,0.171,0.0,0.0
2023-11-16,883295,233,2442,10891.209,17743.831,228.429,9.35,0.171,0.0,0.0
2023-11-16,883299,409,2441,10905.689,17655.035,228.699,9.4,0.171,0.0,0.0
2023-11-16,883300,232,2442,10886.209,17743.217,228.424,9.13,0.171,0.0,0.0
2023-11-16,883306,419,2441,10907.224,17650.402,228.7,9.29,0.171,0.0,0.0
2023-11-16,883308,231,2442,10881.274,17742.251,228.813,9.07,0.171,0.0,0.0
2023-11-16,883313,429,2441,10908.23,17645.571,228.809,9.46,0.171,0.0,0.0
2023-11-16,883321,226,2442,10894.786,17749.296,228.549,9.57,0.171,0.0,0.0
2023-11-16,883322,439,2441,10909.903,17640.627,228.829,9.35,0.171,0.0,0.0
2023-11-16,883328,223,2442,10889.903,17748.591,228.35,9.46,0.171,0.0,0.0
2023-11-16,883329,449,2441,10911.053,17635.826,228.889,9.18,0.171,0.0,0.0
2023-11-16,883336,222,2442,10885.024,17747.788,228.474,9.46,0.171,0.0,0.0
2023-11-16,883338,469,2441,10913.867,17626.419,228.783,9.52,0.171,0.0,0.0
2023-11-16,883342,221,2442,10880.045,17746.985,228.734,9.4,0.171,-0.881,-0.187
2023-11-16,883345,459,2441,10912.644,17631.094,228.881,9.57,0.171,0.0,0.0
2023-11-16,883348,217,2442,10898.281,17754.983,228.39,9.57,0.171,0.0,0.0
2023-11-16,883354,216,2442,10893.453,17754.193,228.511,9.46,0.171,0.0,0.0
2023-11-16,883355,468,2441,10909.189,17625.596,228.707,9.46,0.171,0.0,0.0
2023-11-16,883360,213,2442,10888.641,17753.416,228.529,9.4,0.171,0.0,0.0
2023-11-16,883361,458,2441,10907.659,17630.089,228.915,9.46,0.171,0.0,0.0
2023-11-16,883365,212,2442,10883.673,17752.495,228.672,9.4,0.171,0.0,0.0
2023-11-16,883367,448,2441,10906.331,17635.11,228.96,9.46,0.171,0.0,0.0
2023-11-16,883370,211,2442,10878.694,17751.588,228.516,9.35,0.171,0.0,0.0
2023-11-16,883372,438,2441,10904.925,17639.873,228.758,9.29,0.171,0.0,0.0
2023-11-16,883376,207,2442,10897.181,17759.846,228.582,9.57,0.171,0.0,0.0
2023-11-16,883378,428,2441,10903.301,17644.625,228.668,9.24,0.171,0.0,0.0
2023-11-16,883379,206,2442,10892.047,17759.064,228.546,9.24,0.171,0.0,0.0
2023-11-16,883383,418,2441,10902.078,17649.394,228.504,9.52,0.171,0.0,0.0
2023-11-16,883384,203,2442,10887.146,17758.189,228.575,9.24,0.171,0.0,0.0
2023-11-16,883388,202,2442,10882.434,17757.412,228.336,9.4,0.171,0.0,0.0
2023-11-16,883389,408,2441,10900.589,17654.314,228.663,9.52,0.171,0.0,0.0
2023-11-16,883392,201,2442,10877.266,17756.564,228.381,9.9,0.171,0.0,0.0
2023-11-16,883393,398,2441,10899.422,17659.217,228.543,9.29,0.171,0.0,0.0
2023-11-16,883396,197,2442,10895.775,17764.718,228.34,9.13,0.171,0.0,0.0
2023-11-16,883398,388,2441,10898.161,17664.127,228.723,9.52,0.171,0.0,0.0
2023-11-16,883400,196,2442,10890.807,17763.921,228.512,9.02,0.171,0.0,0.0
2023-11-16,883401,378,2441,10896.709,17668.744,228.747,9.52,0.171,9.426,0.687
2023-11-16,883405,193,2442,10885.795,17763.028,228.579,8.96,0.171,0.0,0.0
2023-11-16,883409,192,2442,10880.828,17762.225,228.31,9.9,0.171,0.0,0.0
2023-11-16,883411,135,2441,10899.83,17798.746,228.612,11.14,0.171,4.441,0.311
2023-11-16,883413,191,2442,10875.949,17761.311,228.213,9.35,0.171,0.0,0.0
2023-11-16,883417,125,2441,10898.707,17803.514,228.47,11.03,0.171,4.383,0.366
2023-11-16,883418,187,2442,10894.525,17769.601,228.553,9.29,0.171,0.0,0.0
2023-11-16,883421,186,2442,10889.412,17768.597,228.466,9.57,0.171,0.0,0.0
2023-11-16,883424,115,2441,10896.837,17808.166,228.308,7.16,0.171,2.779,0.194
2023-11-16,883426,183,2442,10884.398,17767.884,228.496,0.05,0.171,0.0,0.0
2023-11-16,882602,631,4941,10960.76,17558.663,228.537,10.06,0.171,2.404,0.381
2023-11-16,882603,799,2442,10958.364,17467.001,229.035,9.57,0.171,0.0,0.0
2023-11-16,882604,282,6021,10918.665,17728.352,228.298,10.0,0.0,1.97,0.717
2023-11-16,882606,539,2441,10923.867,17592.589,229.005,9.8,0.171,0.0,0.0
2023-11-16,882607,630,4941,10956.551,17555.281,228.905,11.22,0.171,2.901,0.357
2023-11-16,882609,808,2442,10954.87,17461.399,228.736,9.57,0.171,0.0,0.0
2023-11-16,882612,277,6021,10913.82,17727.451,228.776,9.92,0.0,2.365,0.861
2023-11-16,882613,798,2442,10953.486,17466.263,228.793,9.4,0.171,0.0,0.0
2023-11-16,882614,622,4941,10962.906,17564.049,228.876,10.06,0.171,2.339,0.455
2023-11-16,882615,538,2441,10918.899,17591.682,228.986,9.52,0.171,0.0,0.0
2023-11-16,882617,291,6021,10915.215,17722.737,228.682,9.75,0.0,2.28,0.485
2023-11-16,882618,621,4941,10959.464,17563.39,228.764,10.55,0.171,2.601,0.553
2023-11-16,882619,856,2442,10985.024,17446.629,228.665,9.46,0.171,0.0,0.0
2023-11-16,882621,301,6021,10916.421,17717.86,228.885,9.84,0.0,2.251,0.237
2023-11-16,882623,477,2441,10945.532,17634.341,228.489,11.98,0.171,5.663,0.783
2023-11-16,882625,620,4941,10955.278,17560.243,229.053,10.66,0.171,2.54,0.447
2023-11-16,882626,866,2442,10986.352,17441.778,228.637,9.51,0.171,0.0,0.0
2023-11-16,882628,311,6021,10917.772,17713.074,229.752,10.82,0.0,2.64,0.277
2023-11-16,882630,612,4941,10961.756,17569.023,228.709,9.62,0.171,2.409,0.631
2023-11-16,882633,310,6021,10913.54,17709.796,229.361,10.74,0.0,3.158,0.055
2023-11-16,882634,467,2441,10944.131,17639.166,228.922,11.64,0.171,5.514,0.67
2023-11-16,882635,612,4941,10961.745,17569.036,228.945,1.1,0.171,2.088,0.556
2023-11-16,882636,611,4941,10958.27,17568.273,228.815,10.0,0.171,2.454,0.387
2023-11-16,882638,300,6021,10912.29,17714.556,229.235,10.57,0.0,2.968,0.795
2023-11-16,882640,457,2441,10941.839,17643.959,228.93,11.81,0.171,6.112,0.847
2023-11-16,882641,610,4941,10953.994,17565.002,229.096,9.07,0.171,2.168,0.5
2023-11-16,882643,290,6021,10910.884,17719.362,229.165,10.82,0.0,3.034,0.757
2023-11-16,882645,610,4941,10953.977,17565.015,229.21,1.48,0.171,1.952,0.451
2023-11-16,882646,447,2441,10941.012,17648.785,228.864,11.87,0.171,6.055,1.168
2023-11-16,882648,281,6021,10909.478,17724.285,228.94,10.57,0.0,0.0,0.0
2023-11-16,882649,602,4941,10961.085,17573.97,229.006,10.06,0.171,2.946,0.626
2023-11-16,882653,601,4941,10957.052,17573.033,228.715,10.28,0.171,2.486,0.349
2023-11-16,882654,437,2441,10939.572,17653.559,228.453,11.2,0.171,5.7,0.399
2023-11-16,882655,276,6021,10906.563,17726.266,228.925,9.92,0.0,0.0,0.0
2023-11-16,882657,600,4941,10952.843,17569.722,228.975,10.5,0.171,2.745,0.534
2023-11-16,882658,876,2442,10987.936,17436.809,228.501,9.4,0.171,0.0,0.0
2023-11-16,882660,275,6021,10901.434,17725.34,228.738,9.67,0.0,0.0,0.0
2023-11-16,882661,427,2441,10938.444,17658.429,228.622,12.54,0.171,6.343,0.871
2023-11-16,882664,855,2442,10980.044,17445.467,228.66,9.46,0.171,0.0,0.0
2023-11-16,882666,274,6021,10896.544,17724.334,228.536,9.67,0.0,0.0,0.0
2023-11-16,882668,592,4941,10960.331,17578.968,229.028,10.17,0.171,2.398,0.466
2023-11-16,882669,417,2441,10936.971,17663.254,228.681,11.19,0.171,5.632,0.493
2023-11-16,882672,865,2442,10981.317,17440.734,228.527,9.51,0.171,0.0,0.0
2023-11-16,882673,271,6021,10891.565,17723.656,228.414,9.67,0.0,0.0,0.0
2023-11-16,882674,170,5063,10868.324,17770.022,229.406,9.45,0.171,0.0,0.0
2023-11-16,882676,591,4941,10955.808,17577.952,228.538,10.01,0.171,2.477,0.348
2023-11-16,882680,854,2442,10974.987,17444.704,228.742,9.46,0.171,0.0,0.0
2023-11-16,882681,180,5063,10869.741,17765.0,229.629,9.39,0.171,0.0,0.0
2023-11-16,882682,283,6021,10892.949,17718.739,228.431,9.59,0.0,0.0,0.0
2023-11-16,882683,407,2441,10936.121,17668.123,228.613,12.48,0.171,5.996,1.256
2023-11-16,882686,590,4941,10951.57,17574.515,228.902,10.11,0.171,0.0,0.0
2023-11-16,882687,864,2442,10976.472,17439.943,228.619,9.57,0.171,1.936,0.136
2023-11-16,882689,190,5063,10870.947,17760.283,229.506,9.22,0.171,2.01,-8.068
2023-11-16,882690,284,6021,10897.95,17719.62,228.601,9.59,0.0,0.0,0.0
2023-11-16,882692,397,2441,10934.938,17673.039,228.644,11.03,0.171,10.599,0.927
2023-11-16,882730,886,2442,10989.276,17432.094,228.666,9.35,0.171,0.0,0.0
2023-11-16,882733,885,2442,10984.308,17431.109,228.503,9.4,0.171,0.0,0.0
2023-11-16,882736,387,2441,10932.997,17677.736,228.686,12.7,0.171,3.306,0.766
2023-11-16,882737,581,4941,10954.518,17582.741,228.421,10.0,0.171,2.648,0.467
2023-11-16,882739,875,2442,10982.846,17435.876,228.696,9.57,0.171,0.0,0.0
2023-11-16,882741,286,5063,10907.964,17721.388,229.682,9.34,0.171,0.0,0.0
2023-11-16,882742,580,4941,10950.231,17579.483,228.681,10.28,0.171,2.837,0.603
2023-11-16,882744,392,2441,10933.31,17675.123,228.641,9.62,0.171,2.436,0.428
2023-11-16,882745,884,2442,10979.352,17430.316,228.773,9.57,0.171,0.0,0.0
2023-11-16,882746,285,5063,10902.851,17720.4,229.811,9.34,0.171,0.0,0.0
2023-11-16,882748,572,4941,10958.258,17588.597,228.587,9.56,0.171,2.476,0.392
2023-11-16,882749,391,2441,10928.387,17674.349,228.635,9.29,0.171,2.183,0.384
2023-11-16,882750,874,2442,10978.135,17435.134,228.617,9.79,0.171,0.0,0.0
2023-11-16,882751,296,5063,10909.303,17716.465,229.787,9.56,0.171,0.0,0.0
2023-11-16,882753,571,4941,10953.268,17587.719,228.178,10.0,0.171,2.496,0.351
2023-11-16,882754,295,5063,10904.269,17715.741,229.832,9.45,0.171,0.0,0.0
2023-11-16,882755,883,2442,10974.367,17429.278,228.855,9.62,0.171,0.0,0.0
2023-11-16,882756,380,2441,10922.883,17675.831,228.392,10.02,0.171,2.136,0.665
2023-11-16,882759,294,5063,10899.457,17714.827,229.683,9.34,0.171,0.0,0.0
2023-11-16,882760,873,2442,10973.039,17434.207,228.756,9.62,0.171,0.0,0.0
2023-11-16,882761,390,2441,10924.056,17671.104,228.136,9.35,0.171,1.861,0.267
2023-11-16,882762,570,4941,10949.059,17584.405,228.667,10.01,0.171,2.488,0.394
2023-11-16,882765,293,5063,10894.222,17713.966,229.547,9.06,0.171,0.0,0.0
2023-11-16,882766,879,2442,10969.494,17428.478,228.795,9.79,0.171,0.0,0.0
2023-11-16,882768,402,2441,10934.672,17670.438,228.146,9.4,0.171,2.138,0.494
2023-11-16,882769,560,4941,10947.653,17589.42,228.675,10.05,0.171,0.0,0.0
2023-11-16,882771,306,5063,10910.62,17711.673,229.887,9.5,0.171,0.0,0.0
2023-11-16,882772,869,2442,10968.065,17433.316,228.891,9.4,0.171,0.0,0.0
2023-11-16,882774,401,2441,10929.787,17669.37,228.34,9.46,0.171,1.764,0.514
2023-11-16,882776,305,5063,10905.474,17710.74,229.885,9.39,0.171,0.0,0.0
2023-11-16,882779,556,4941,10944.889,17591.283,228.788,9.46,0.171,0.0,0.0
2023-11-16,882780,878,2442,10964.554,17427.616,228.869,9.73,0.171,0.0,0.0
2023-11-16,882781,412,2441,10935.9,17665.502,227.947,9.46,0.171,2.418,0.384
2023-11-16,882784,304,5063,10900.824,17709.943,229.724,9.39,0.171,0.0,0.0
2023-11-16,882785,555,4941,10940.005,17590.457,228.878,9.57,0.171,0.0,0.0
2023-11-16,882786,868,2442,10963.197,17432.317,228.853,9.57,0.171,0.0,0.0
2023-11-16,882788,411,2441,10931.01,17664.676,228.234,9.35,0.171,1.007,0.197
2023-11-16,882790,303,5063,10895.661,17709.036,229.634,9.11,0.171,0.0,0.0
2023-11-16,882791,863,2442,10971.571,17438.971,229.022,9.51,0.171,0.0,0.0
2023-11-16,882793,554,4941,10935.076,17589.637,228.67,9.46,0.171,0.0,0.0
2023-11-16,881945,528,2441,10917.783,17596.656,229.108,9.52,0.171,0.0,0.0
2023-11-16,881946,887,2442,11000.725,17436.702,228.043,10.55,0.171,5.435,0.571
2023-11-16,881948,518,2441,10916.299,17601.488,228.875,9.52,0.171,0.0,0.0
2023-11-16,881949,762,4941,10982.998,17496.584,228.821,10.77,0.171,2.745,0.484
2023-11-16,881950,877,2442,10998.839,17441.34,228.627,10.71,0.171,5.356,1.138
2023-11-16,881952,890,7922,11000.581,17433.95,228.316,9.04,0.0,2.238,1.096
2023-11-16,881953,508,2441,10914.792,17606.386,228.748,9.29,0.171,0.0,0.0
2023-11-16,881954,761,4941,10978.186,17495.794,228.497,10.5,0.171,2.378,0.594
2023-11-16,881955,377,5063,10930.343,17682.331,229.463,11.95,0.171,4.489,0.873
2023-11-16,881956,889,7922,10996.053,17433.005,227.894,9.46,0.0,1.72,0.43
2023-11-16,881957,867,2442,10997.822,17446.066,228.759,11.6,0.171,6.12,1.18
2023-11-16,881958,752,4941,10981.38,17501.463,228.592,10.94,0.171,2.645,0.325
2023-11-16,881959,498,2441,10913.43,17611.067,228.834,9.4,0.171,0.0,0.0
2023-11-16,881960,888,7922,10992.127,17432.234,227.733,9.7,0.0,1.609,0.371
2023-11-16,881961,881961,5063,10928.803,17687.072,229.637,10.89,0.171,3.398,0.722
2023-11-16,881962,857,2442,10996.149,17451.003,228.346,11.6,0.171,5.516,1.792
2023-11-16,881963,751,4941,10976.869,17500.801,228.322,10.55,0.171,2.251,0.478
2023-11-16,881964,488,2441,10911.932,17615.696,228.92,9.35,0.171,0.0,0.0
2023-11-16,881966,882,7922,10998.929,17438.58,228.419,8.92,0.0,2.21,0.718
2023-11-16,881971,757,4941,10982.607,17499.351,229.062,9.68,0.171,5.08,0.896
2023-11-16,881973,357,5063,10929.179,17692.198,229.936,11.11,0.171,4.892,1.297
2023-11-16,881974,881,7922,10994.274,17437.926,228.429,9.46,0.0,2.315,0.708
2023-11-16,881975,847,2442,10994.691,17455.541,228.81,10.61,0.171,5.138,1.187
2023-11-16,881977,488,2441,10911.934,17615.724,228.921,9.35,0.171,0.0,0.0
2023-11-16,881978,757,4941,10981.627,17499.094,228.792,11.49,0.171,5.839,0.821
2023-11-16,881979,497,2441,10947.666,17624.758,228.828,11.75,0.171,4.857,1.032
2023-11-16,881982,347,5063,10927.995,17697.029,229.83,11.06,0.171,4.912,1.683
2023-11-16,881983,837,2442,10993.185,17460.494,228.745,9.95,0.171,4.869,0.771
2023-11-16,881984,880,7922,10990.009,17434.564,228.376,9.49,0.0,2.999,0.641
2023-11-16,881985,747,4941,10981.267,17503.902,229.031,11.48,0.171,5.763,1.225
2023-11-16,881987,837,2442,10993.191,17460.497,228.912,1.87,0.171,4.32,0.684
2023-11-16,881988,487,2441,10946.003,17629.604,228.956,11.47,0.171,4.909,0.53
2023-11-16,881989,337,5063,10925.542,17701.78,229.922,11.72,0.171,5.12,1.066
2023-11-16,881992,737,4941,10979.956,17508.991,228.796,11.54,0.171,5.605,1.294
2023-11-16,881993,827,2442,10991.718,17465.421,228.947,5.0,0.171,2.417,0.469
2023-11-16,881994,872,7922,10997.74,17443.362,228.982,9.15,0.0,2.734,0.932
2023-11-16,881995,827,2442,10990.937,17465.136,228.927,11.16,0.171,5.311,0.937
2023-11-16,881996,327,5063,10924.481,17706.558,229.963,11.67,0.171,5.245,1.386
2023-11-16,881999,727,4941,10978.097,17513.515,228.856,11.49,0.171,5.692,1.74
2023-11-16,882000,507,2441,10949.027,17619.828,229.403,11.76,0.171,6.202,1.207
2023-11-16,882001,871,7922,10992.889,17442.569,228.532,9.5,0.0,3.439,0.794
2023-11-16,882002,817,2442,10990.455,17469.952,228.879,11.16,0.171,5.475,0.965
2023-11-16,882795,422,2441,10937.162,17660.729,228.065,9.4,0.171,1.687,0.298
2023-11-16,882796,299,5063,10890.816,17708.311,229.462,9.56,0.171,0.0,0.0
2023-11-16,882799,421,2441,10932.483,17659.867,228.154,9.52,0.171,1.958,0.461
2023-11-16,882800,853,2442,10970.254,17443.939,229.014,9.62,0.171,0.0,0.0
2023-11-16,882801,553,4941,10930.052,17588.659,228.811,9.51,0.171,0.0,0.0
2023-11-16,882803,298,5063,10885.847,17707.098,229.552,9.34,0.171,0.0,0.0
2023-11-16,882804,859,2442,10966.747,17437.991,228.912,9.51,0.171,0.0,0.0
2023-11-16,882805,549,4941,10925.052,17587.973,228.399,9.57,0.171,0.0,0.0
2023-11-16,882806,400,2441,10925.423,17666.253,228.389,9.4,0.171,1.458,0.364
2023-11-16,882809,249,5063,10879.051,17731.576,229.698,9.39,0.171,0.0,0.0
2023-11-16,882812,849,2442,10965.43,17442.77,229.015,9.57,0.171,0.0,0.0
2023-11-16,882813,548,4941,10920.206,17586.942,228.579,9.51,0.171,0.0,0.0
2023-11-16,882814,410,2441,10926.729,17661.467,227.929,9.4,0.171,2.02,0.243
2023-11-16,882815,240,5063,10877.978,17736.195,230.187,9.34,0.171,0.0,0.0
2023-11-16,882818,858,2442,10961.757,17437.09,228.608,9.62,0.171,0.0,0.0
2023-11-16,882820,663,4941,10944.655,17535.563,228.954,9.46,0.171,0.0,0.0
2023-11-16,882821,230,5063,10876.428,17741.181,230.074,9.5,0.171,0.0,0.0
2023-11-16,882822,432,2441,10938.49,17655.917,228.172,9.46,0.171,1.872,0.23
2023-11-16,882825,848,2442,10960.351,17441.915,229.05,9.62,0.171,0.0,0.0
2023-11-16,882826,431,2441,10933.667,17655.085,228.042,9.46,0.171,2.01,0.151
2023-11-16,882827,220,5063,10875.189,17746.071,230.06,9.5,0.171,0.0,0.0
2023-11-16,882828,659,4941,10939.709,17534.594,228.757,9.51,0.171,0.0,0.0
2023-11-16,882833,838,2442,10958.989,17446.838,228.92,9.46,0.171,4.373,4.857
2023-11-16,882834,658,4941,10934.752,17533.814,228.353,9.24,0.171,0.0,0.0
2023-11-16,882835,210,5063,10873.793,17750.792,230.023,9.28,0.171,0.0,0.0
2023-11-16,882836,442,2441,10939.83,17651.138,228.083,10.07,0.171,2.915,0.411
2023-11-16,882840,648,4941,10933.324,17538.753,228.341,9.46,0.171,0.0,0.0
2023-11-16,882841,200,5063,10872.276,17755.598,229.373,9.45,0.171,-9.069,1.27
2023-11-16,882842,441,2441,10934.762,17650.198,228.659,10.13,0.171,1.896,0.373
2023-11-16,882846,649,4941,10938.381,17539.533,228.677,9.57,0.171,0.0,0.0
2023-11-16,882848,452,2441,10941.414,17646.276,228.519,10.35,0.171,2.715,0.527
2023-11-16,882849,653,4941,10943.214,17540.307,228.97,9.51,0.171,0.0,0.0
2023-11-16,882850,258,2442,10916.519,17740.557,228.766,11.16,0.171,5.125,1.567
2023-11-16,882854,654,4941,10948.127,17541.319,228.914,9.57,0.171,0.0,0.0
2023-11-16,882856,451,2441,10936.246,17645.34,228.884,10.24,0.171,2.381,0.463
2023-11-16,882858,245,2442,10914.901,17745.344,228.814,11.49,0.171,5.382,1.046
2023-11-16,882005,717,4941,10977.493,17518.494,228.859,11.49,0.171,5.674,1.103
2023-11-16,882007,317,5063,10923.286,17711.389,229.874,11.11,0.171,2.427,0.738
2023-11-16,882008,870,7922,10988.514,17439.552,228.351,9.54,0.0,2.243,0.039
2023-11-16,882009,807,2442,10989.277,17474.867,228.865,11.1,0.171,5.114,1.087
2023-11-16,882011,707,4941,10976.008,17523.124,228.842,11.66,0.171,5.443,2.089
2023-11-16,882012,517,2441,10950.979,17615.196,228.983,11.19,0.171,4.44,0.824
2023-11-16,882015,322,5063,10923.288,17708.904,229.831,10.05,0.171,2.135,0.157
2023-11-16,882017,797,2442,10987.276,17479.988,228.939,3.41,0.171,4.367,1.335
2023-11-16,882018,697,4941,10974.557,17528.06,228.74,12.37,0.171,6.116,1.525
2023-11-16,882019,862,7922,10996.149,17448.146,228.727,9.49,0.0,2.488,0.857
2023-11-16,882021,527,2441,10952.286,17610.358,228.818,11.02,0.171,4.691,0.585
2023-11-16,882023,321,5063,10919.155,17708.157,229.847,10.11,0.171,2.368,0.815
2023-11-16,882025,687,4941,10973.485,17532.845,228.788,11.82,0.171,5.46,2.546
2023-11-16,882026,787,2442,10986.08,17484.598,228.708,3.63,0.171,4.543,1.138
2023-11-16,882027,861,7922,10991.293,17447.339,228.401,9.35,0.0,2.17,0.79
2023-11-16,882029,320,5063,10914.813,17704.899,229.954,10.05,0.171,2.596,1.027
2023-11-16,882030,537,2441,10954.294,17605.694,228.82,11.25,0.171,4.665,0.583
2023-11-16,882034,677,4941,10972.435,17537.852,228.684,11.54,0.171,5.19,1.992
2023-11-16,882035,777,2442,10985.13,17489.415,228.833,11.55,0.171,5.484,1.367
2023-11-16,882036,860,7922,10986.963,17444.293,228.412,9.46,0.0,2.011,0.464
2023-11-16,882039,332,5063,10924.327,17704.113,230.005,10.33,0.171,2.277,0.74
2023-11-16,882041,547,2441,10955.477,17600.817,228.945,11.69,0.171,5.372,0.29
2023-11-16,882042,667,4941,10971.374,17542.728,228.5,2.91,0.171,4.102,1.741
2023-11-16,882044,767,2442,10983.767,17494.136,229.259,3.35,0.171,4.346,1.165
2023-11-16,882045,331,5063,10920.417,17703.339,229.892,10.06,0.171,2.114,0.685
2023-11-16,882047,852,7922,10994.643,17453.128,228.359,8.69,0.0,2.071,0.44
2023-11-16,882049,557,2441,10956.722,17595.963,229.191,11.53,0.171,5.095,0.367
2023-11-16,882050,657,4941,10969.622,17547.496,228.74,11.49,0.171,2.752,1.225
2023-11-16,882052,330,5063,10916.097,17700.107,229.92,10.11,0.171,2.637,0.406
2023-11-16,882053,851,7922,10989.765,17452.361,228.585,9.65,0.0,2.393,0.336
2023-11-16,882056,742,2442,10979.94,17506.379,228.971,9.95,0.171,2.415,0.431
2023-11-16,882057,662,4941,10969.512,17544.848,228.429,10.01,0.171,2.642,0.514
2023-11-16,882059,567,2441,10958.006,17591.122,229.163,11.47,0.171,3.138,0.162
2023-11-16,882062,342,5063,10926.234,17699.305,229.998,10.28,0.171,2.15,0.574
2023-11-16,882063,661,4941,10964.857,17544.214,228.249,9.07,0.171,1.775,0.345
2023-11-16,882064,741,2442,10975.507,17505.503,229.079,9.89,0.171,2.475,0.617
2023-11-16,882065,850,7922,10985.455,17448.884,228.662,10.0,0.0,2.467,0.129
2023-11-16,882067,341,5063,10921.884,17698.441,229.929,10.11,0.171,1.988,0.502
2023-11-16,882860,656,4941,10958.062,17543.013,228.832,9.95,0.171,0.0,0.0
2023-11-16,882862,462,2441,10942.865,17641.369,228.63,10.07,0.171,2.384,0.294
2023-11-16,882864,235,2442,10914.141,17750.337,228.649,10.61,0.171,5.259,0.46
2023-11-16,882865,655,4941,10953.106,17542.184,228.93,10.06,0.171,0.0,0.0
2023-11-16,882869,461,2441,10937.814,17640.514,228.882,10.18,0.171,1.94,0.384
2023-11-16,882870,646,4941,10956.644,17547.669,228.865,10.06,0.171,0.0,0.0
2023-11-16,882872,225,2442,10911.756,17755.244,228.462,10.89,0.171,4.71,0.662
2023-11-16,882875,472,2441,10944.283,17636.68,228.717,10.3,0.171,2.651,0.515
2023-11-16,882877,645,4941,10951.721,17546.898,229.112,10.01,0.171,0.0,0.0
2023-11-16,882878,215,2442,10911.419,17760.261,228.027,10.72,0.171,4.889,0.774
2023-11-16,882881,471,2441,10939.248,17635.757,228.817,10.3,0.171,2.291,0.529
2023-11-16,882882,644,4941,10946.887,17546.03,229.004,10.11,0.171,0.0,0.0
2023-11-16,882885,205,2442,10910.67,17765.097,227.991,10.67,0.171,4.656,0.821
2023-11-16,882888,643,4941,10941.975,17545.201,229.012,9.46,0.171,0.0,0.0
2023-11-16,882889,482,2441,10945.511,17631.869,228.68,10.18,0.171,3.035,0.349
2023-11-16,882891,639,4941,10936.98,17544.349,228.732,9.57,0.171,0.0,0.0
2023-11-16,882892,195,2442,10909.486,17770.026,228.235,10.78,0.171,4.536,1.131
2023-11-16,882897,481,2441,10940.744,17630.997,229.094,10.18,0.171,2.51,0.446
2023-11-16,882900,638,4941,10931.939,17543.38,228.44,9.4,0.171,0.0,0.0
2023-11-16,882902,185,2442,10907.753,17774.828,228.095,10.66,0.171,4.653,0.989
2023-11-16,882907,480,2441,10936.52,17627.907,228.887,2.24,0.171,0.542,0.0
2023-11-16,882909,628,4941,10930.651,17548.282,228.841,1.1,0.171,0.0,0.0
2023-11-16,882070,652,4941,10967.855,17549.567,228.595,9.95,0.171,2.357,0.952
2023-11-16,882071,772,2442,10984.087,17491.806,229.221,10.11,0.171,3.086,0.434
2023-11-16,882073,562,2441,10956.5,17593.189,228.82,10.12,0.171,2.781,0.49
2023-11-16,882075,842,7922,10993.053,17457.886,228.84,9.5,0.0,2.35,0.809
2023-11-16,882076,651,4941,10963.55,17548.84,228.362,10.06,0.171,1.927,0.938
2023-11-16,882079,340,5063,10917.487,17695.314,230.031,10.05,0.171,2.93,0.57
2023-11-16,882080,771,2442,10979.359,17491.028,229.27,10.01,0.171,2.122,0.49
2023-11-16,882083,561,2441,10951.906,17592.534,228.788,10.07,0.171,2.123,0.374
2023-11-16,882084,650,4941,10959.04,17545.579,228.886,10.01,0.171,2.233,1.138
2023-11-16,882087,782,2442,10984.843,17487.068,228.915,10.06,0.171,2.397,0.423
2023-11-16,882088,352,5063,10927.941,17694.622,230.133,10.11,0.171,2.143,0.652
2023-11-16,882089,841,7922,10988.346,17456.987,228.552,9.46,0.0,2.836,0.877
2023-11-16,882091,672,4941,10971.085,17540.074,228.534,9.62,0.171,2.31,0.081
2023-11-16,882092,552,2441,10955.467,17598.15,228.785,10.29,0.171,2.424,0.383
2023-11-16,882095,781,2442,10980.643,17486.203,228.897,10.01,0.171,1.829,0.456
2023-11-16,882097,671,4941,10966.196,17539.336,228.467,10.22,0.171,2.259,0.158
2023-11-16,882098,351,5063,10922.94,17693.696,229.885,10.06,0.171,1.868,0.607
2023-11-16,882100,840,7922,10984.02,17453.638,228.808,10.04,0.0,2.436,0.745
2023-11-16,882101,551,2441,10950.834,17597.489,228.971,10.19,0.171,1.949,0.345
2023-11-16,882103,792,2442,10985.403,17482.154,228.706,10.0,0.171,2.297,0.405
2023-11-16,882104,660,4941,10960.47,17540.891,228.629,10.88,0.171,2.148,1.094
2023-11-16,882105,350,5063,10918.831,17690.287,230.028,10.11,0.171,2.031,0.813
2023-11-16,882109,791,2442,10981.715,17481.347,228.836,10.01,0.171,1.965,0.347
2023-11-16,882110,550,2441,10946.67,17594.191,228.682,9.96,0.171,2.387,0.327
2023-11-16,882111,682,4941,10972.526,17535.376,228.905,9.95,0.171,2.766,0.389
2023-11-16,882112,836,7922,10982.121,17456.078,228.823,9.38,0.0,0.0,0.0
2023-11-16,882113,362,5063,10929.069,17689.661,229.923,9.84,0.171,1.863,0.498
2023-11-16,882118,802,2442,10987.662,17477.551,228.458,9.29,0.171,2.25,0.356
2023-11-16,882119,681,4941,10967.559,17534.687,228.522,1.32,0.171,1.994,0.497
2023-11-16,882120,361,5063,10924.379,17688.779,229.806,10.16,0.171,2.257,0.733
2023-11-16,882121,835,7922,10977.309,17455.157,228.836,9.35,0.0,0.0,0.0
2023-11-16,882123,801,2442,10983.145,17476.599,228.638,10.71,0.171,1.725,0.43
2023-11-16,882124,542,2441,10954.172,17603.072,229.023,10.24,0.171,2.727,0.383
2023-11-16,882125,692,4941,10973.587,17530.529,228.856,10.0,0.171,2.596,0.365
2023-11-16,882128,360,5063,10920.031,17685.521,229.859,10.22,0.171,1.707,0.418
2023-11-16,882129,834,7922,10972.163,17454.273,228.944,9.38,0.0,0.0,0.0
2023-11-16,882132,541,2441,10949.605,17602.183,228.79,10.69,0.171,2.13,0.223
2023-11-16,882133,691,4941,10968.998,17529.764,228.44,9.89,0.171,2.068,0.402
2023-11-16,882136,812,2442,10989.006,17472.387,228.669,9.29,0.171,2.46,0.434
2023-11-16,882138,372,5063,10929.946,17684.756,229.799,9.06,0.171,1.775,0.474
2023-11-16,882139,811,2442,10984.351,17471.886,228.746,1.59,0.171,2.097,0.408
2023-11-16,882140,833,7922,10967.362,17453.505,229.133,9.66,0.0,0.0,0.0
2023-11-16,882141,702,4941,10974.28,17525.439,228.796,10.39,0.171,2.66,0.663
2023-11-16,882144,540,2441,10945.213,17599.001,228.512,10.02,0.171,2.227,0.345
2023-11-16,882145,371,5063,10925.641,17683.967,229.649,10.11,0.171,1.994,0.534
2023-11-16,882147,701,4941,10970.181,17524.757,228.482,10.05,0.171,2.44,0.43
2023-11-16,882148,822,2442,10990.356,17467.311,228.685,9.13,0.171,1.729,0.212
2023-11-16,882150,829,7922,10962.439,17452.565,228.976,9.45,0.0,0.0,0.0
2023-11-16,882153,821,2442,10985.622,17466.572,228.892,9.18,0.171,1.921,0.27
2023-11-16,882154,370,5063,10921.377,17680.742,229.655,10.16,0.171,1.828,0.355
2023-11-16,882156,532,2441,10952.922,17607.891,228.676,9.63,0.171,2.929,0.464
2023-11-16,882157,712,4941,10976.299,17520.709,228.68,10.39,0.171,2.549,0.589
2023-11-16,882162,828,7922,10957.394,17451.814,228.605,9.35,0.0,0.0,0.0
2023-11-16,882164,711,4941,10971.604,17519.873,228.425,9.95,0.171,2.094,0.332
2023-11-16,882165,382,5063,10931.136,17679.954,229.552,10.11,0.171,2.263,0.607
2023-11-16,882166,531,2441,10948.21,17606.989,228.79,10.19,0.171,2.126,0.34
2023-11-16,882168,831,2442,10986.929,17461.975,228.867,8.63,0.171,1.651,0.291
2023-11-16,882171,722,4941,10977.199,17515.88,228.887,10.06,0.171,2.672,0.519
2023-11-16,882172,830,2442,10982.543,17458.701,228.816,10.17,0.171,2.252,0.079
2023-11-16,882173,381,5063,10927.014,17679.135,229.56,10.22,0.171,1.898,0.617
2023-11-16,882174,846,7922,10983.471,17451.227,228.683,9.38,0.0,0.0,0.0
2023-11-16,882175,530,2441,10944.08,17603.867,228.623,10.18,0.171,0.967,0.133
2023-11-16,882179,721,4941,10972.805,17515.146,228.426,9.94,0.171,2.008,0.176
2023-11-16,882180,845,7922,10978.615,17450.332,228.682,9.66,0.0,0.0,0.0
2023-11-16,882181,820,2442,10981.503,17463.457,228.961,10.45,0.171,2.08,0.404
2023-11-16,882182,376,5063,10919.913,17677.939,229.497,9.34,0.171,0.0,0.0
2023-11-16,882184,732,4941,10977.909,17510.874,228.853,10.44,0.171,2.741,0.683
2023-11-16,882187,522,2441,10950.891,17612.503,228.681,9.74,0.171,2.216,0.43
2023-11-16,882188,375,5063,10915.096,17677.12,229.442,9.56,0.171,0.0,0.0
2023-11-16,882190,810,2442,10980.153,17468.393,228.908,9.95,0.171,2.263,0.158
2023-11-16,882191,844,7922,10973.642,17449.444,228.917,9.46,0.0,0.0,0.0
2023-11-16,882192,731,4941,10974.356,17510.307,228.578,10.06,0.171,2.288,0.528
2023-11-16,882193,374,5063,10910.151,17676.232,229.627,9.45,0.171,0.0,0.0
2023-11-16,882195,521,2441,10946.525,17611.75,228.633,10.13,0.171,2.437,0.39
2023-11-16,882198,800,2442,10979.047,17473.197,228.912,10.06,0.171,2.255,0.438
2023-11-16,882199,843,7922,10968.802,17448.523,229.104,9.66,0.0,0.0,0.0
2023-11-16,882200,730,4941,10969.981,17507.03,228.902,10.5,0.171,2.57,0.045
2023-11-16,882201,373,5063,10905.16,17675.214,229.65,9.67,0.171,0.0,0.0
2023-11-16,882204,520,2441,10942.506,17608.635,228.663,10.12,0.171,2.32,0.198
2023-11-16,882206,790,2442,10977.741,17478.264,228.982,10.0,0.171,2.532,0.492
2023-11-16,882207,720,4941,10968.529,17511.829,228.937,9.95,0.171,2.503,0.441
2023-11-16,882208,369,5063,10900.315,17674.391,229.674,9.22,0.171,0.0,0.0
2023-11-16,882209,839,7922,10963.89,17447.7,229.094,9.31,0.0,0.0,0.0
2023-11-16,882212,368,5063,10895.258,17673.484,229.708,9.45,0.171,0.0,0.0
2023-11-16,882213,780,2442,10976.367,17482.887,229.106,1.15,0.171,2.064,0.327
2023-11-16,882214,710,4941,10967.201,17516.674,228.964,9.95,0.171,2.353,0.856
2023-11-16,882216,512,2441,10949.55,17617.015,228.723,9.51,0.171,1.226,0.195
2023-11-16,882218,358,5063,10893.936,17678.437,229.451,9.5,0.171,0.0,0.0
2023-11-16,882220,770,2442,10975.084,17487.887,229.091,10.0,0.171,2.322,0.368
2023-11-16,882221,670,4941,10961.843,17536.098,228.649,9.95,0.171,2.119,0.608
2023-11-16,882222,359,5063,10898.753,17679.185,229.528,9.34,0.171,0.0,0.0
2023-11-16,882225,511,2441,10945.347,17616.63,229.181,10.07,0.171,2.548,0.546
2023-11-16,882227,363,5063,10903.709,17680.098,229.642,9.45,0.171,0.0,0.0
2023-11-16,882229,680,4941,10962.993,17531.17,228.802,10.06,0.171,2.264,0.481
2023-11-16,882231,760,2442,10973.955,17492.549,229.137,1.43,0.171,2.008,0.176
2023-11-16,882233,364,5063,10908.777,17680.985,229.842,9.34,0.171,0.0,0.0
2023-11-16,882235,510,2441,10941.155,17613.434,228.85,10.07,0.171,2.435,0.085
2023-11-16,882236,690,4941,10964.405,17526.367,228.802,10.83,0.171,2.529,0.678
2023-11-16,882237,750,2442,10972.46,17497.57,229.031,10.01,0.171,1.978,0.567
2023-11-16,882241,365,5063,10913.768,17681.925,229.827,9.39,0.171,0.0,0.0
2023-11-16,882242,700,4941,10966.073,17521.518,228.84,9.95,0.171,0.0,0.0
2023-11-16,882243,502,2441,10947.989,17621.942,228.611,10.47,0.171,2.821,0.756
2023-11-16,882244,366,5063,10918.579,17682.686,229.766,9.39,0.171,0.0,0.0
2023-11-16,882245,740,2442,10971.176,17502.401,229.167,10.05,0.171,2.186,0.425
2023-11-16,882248,726,4941,10967.34,17509.225,228.973,9.51,0.171,0.0,0.0
2023-11-16,882249,356,5063,10917.262,17687.541,229.632,9.45,0.171,0.0,0.0
2023-11-16,882250,501,2441,10943.724,17621.43,229.246,10.24,0.171,2.648,0.618
2023-11-16,882253,725,4941,10962.304,17508.161,228.975,9.62,0.171,0.0,0.0
2023-11-16,882255,746,2442,10969.84,17499.452,229.122,9.51,0.171,0.0,0.0
2023-11-16,882256,355,5063,10912.439,17686.705,229.702,9.5,0.171,0.0,0.0
2023-11-16,882258,724,4941,10957.392,17507.228,228.616,9.57,0.171,0.0,0.0
2023-11-16,882260,500,2441,10939.615,17618.207,228.731,10.07,0.171,2.407,0.645
2023-11-16,882261,745,2442,10965.011,17498.453,229.053,9.57,0.171,0.0,0.0
2023-11-16,882262,354,5063,10907.36,17685.824,229.737,9.45,0.171,0.0,0.0
2023-11-16,882264,723,4941,10952.525,17506.561,228.701,9.57,0.171,0.0,0.0
2023-11-16,882265,744,2442,10960.05,17497.65,229.174,10.11,0.171,0.0,0.0
2023-11-16,882267,353,5063,10902.47,17684.988,229.647,9.56,0.171,0.0,0.0
2023-11-16,882269,719,4941,10947.646,17505.602,228.685,9.57,0.171,0.0,0.0
2023-11-16,882270,492,2441,10946.082,17626.779,228.621,10.07,0.171,2.738,0.63
2023-11-16,882272,743,2442,10955.16,17496.801,228.997,9.62,0.171,0.0,0.0
2023-11-16,882273,349,5063,10897.519,17684.081,229.707,9.5,0.171,0.0,0.0
2023-11-16,882276,718,4941,10942.69,17504.759,228.624,9.29,0.171,0.0,0.0
2023-11-16,882278,739,2442,10950.348,17495.951,228.807,9.46,0.171,0.0,0.0
2023-11-16,882279,348,5063,10892.479,17683.138,229.51,9.5,0.171,0.0,0.0
2023-11-16,882280,491,2441,10942.217,17626.233,229.044,10.18,0.171,2.861,0.611
2023-11-16,882281,708,4941,10941.439,17509.61,228.614,9.29,0.171,0.0,0.0
2023-11-16,882282,738,2442,10945.38,17495.005,229.024,9.9,0.171,0.0,0.0
2023-11-16,882283,338,5063,10891.273,17688.045,229.719,9.28,0.171,0.0,0.0
2023-11-16,882285,709,4941,10946.207,17510.46,228.69,9.51,0.171,0.0,0.0
2023-11-16,882286,756,2442,10971.369,17494.646,229.067,9.29,0.171,0.0,0.0
2023-11-16,882287,490,2441,10937.964,17622.988,228.925,9.18,0.171,0.0,0.0
2023-11-16,882288,339,5063,10896.129,17688.864,229.667,9.28,0.171,0.0,0.0
2023-11-16,882290,713,4941,10951.13,17511.256,228.723,9.68,0.171,0.0,0.0
2023-11-16,882293,755,2442,10966.301,17493.686,229.021,9.79,0.171,0.0,0.0
2023-11-16,882295,343,5063,10901.053,17689.762,229.699,9.45,0.171,0.0,0.0
2023-11-16,882296,714,4941,10956.086,17512.014,228.914,9.51,0.171,0.0,0.0
2023-11-16,882297,486,2441,10935.066,17625.015,228.853,9.35,0.171,0.0,0.0
2023-11-16,882298,754,2442,10961.568,17493.023,228.997,9.4,0.171,0.0,0.0
2023-11-16,882300,344,5063,10905.92,17690.617,229.555,9.56,0.171,0.0,0.0
2023-11-16,882303,716,4941,10965.989,17514.037,228.875,9.73,0.171,0.0,0.0
2023-11-16,882304,485,2441,10930.321,17624.113,229.033,9.57,0.171,0.0,0.0
2023-11-16,882305,753,2442,10956.505,17492.08,228.986,9.46,0.171,0.0,0.0
2023-11-16,882306,346,5063,10915.967,17692.418,229.663,9.56,0.171,0.0,0.0
2023-11-16,882308,715,4941,10961.199,17513.123,228.96,9.62,0.171,0.0,0.0
2023-11-16,882311,749,2442,10951.626,17491.107,228.991,9.84,0.171,0.0,0.0
2023-11-16,882312,345,5063,10910.955,17691.478,229.92,9.34,0.171,0.0,0.0
2023-11-16,882313,484,2441,10925.431,17623.284,228.72,9.57,0.171,0.0,0.0
2023-11-16,882314,706,4941,10964.638,17518.94,228.981,9.35,0.171,0.0,0.0
2023-11-16,882317,748,2442,10946.342,17490.312,229.057,9.35,0.171,0.0,0.0
2023-11-16,882318,336,5063,10914.488,17697.136,229.951,9.61,0.171,0.0,0.0
2023-11-16,882320,483,2441,10920.33,17622.41,228.789,9.68,0.171,0.0,0.0
2023-11-16,882321,705,4941,10959.703,17517.805,229.059,9.4,0.171,0.0,0.0
2023-11-16,882322,335,5063,10909.582,17696.33,229.935,9.61,0.171,0.0,0.0
2023-11-16,882324,728,2442,10944.118,17499.875,229.038,9.35,0.171,0.0,0.0
2023-11-16,882326,478,2441,10910.616,17620.477,228.811,9.29,0.171,0.0,0.0
2023-11-16,882327,704,4941,10954.713,17517.002,228.894,9.62,0.171,0.0,0.0
2023-11-16,882330,334,5063,10904.692,17695.432,229.869,9.56,0.171,0.0,0.0
2023-11-16,882331,729,2442,10948.908,17500.849,228.945,9.9,0.171,0.0,0.0
2023-11-16,882334,479,2441,10915.529,17621.437,228.695,9.4,0.171,0.0,0.0
2023-11-16,882335,703,4941,10949.745,17516.075,228.714,9.62,0.171,0.0,0.0
2023-11-16,882336,333,5063,10899.613,17694.626,229.75,9.56,0.171,0.0,0.0
2023-11-16,882338,736,2442,10968.601,17504.368,229.024,9.9,0.171,0.0,0.0
2023-11-16,882340,699,4941,10944.745,17515.403,228.717,9.62,0.171,0.0,0.0
2023-11-16,882341,329,5063,10894.79,17693.771,229.631,9.34,0.171,0.0,0.0
2023-11-16,882342,489,2441,10916.969,17616.618,228.856,9.35,0.171,0.0,0.0
2023-11-16,882343,735,2442,10963.588,17503.343,229.238,9.51,0.171,0.0,0.0
2023-11-16,882345,328,5063,10889.678,17692.91,229.588,9.28,0.171,0.0,0.0
2023-11-16,882346,698,4941,10940.089,17514.514,228.694,9.4,0.171,0.0,0.0
2023-11-16,882347,734,2442,10958.576,17502.403,229.221,9.79,0.171,0.0,0.0
2023-11-16,891752,238,4941,10999.694,17307.526,228.674,9.68,0.171,0.0,0.0
2023-11-16,891759,248,4941,11001.089,17302.447,228.297,9.57,0.171,-0.888,3.313
2023-11-16,891764,247,4941,10996.049,17301.732,228.397,9.57,0.171,0.0,0.0
2023-11-16,891769,367,7922,11014.294,17241.078,228.48,7.72,0.0,0.0,0.0
2023-11-16,891779,891779,7922,11010.408,17236.133,230.938,9.58,0.0,0.0,0.0
2023-11-16,891790,237,4941,10994.47,17306.535,228.473,9.46,0.171,0.0,0.0
2023-11-16,891791,362,7922,11026.187,17248.414,228.39,9.7,0.0,0.0,0.0
2023-11-16,891796,227,4941,10993.587,17311.606,228.5,9.51,0.171,0.0,0.0
2023-11-16,891802,283,4941,11018.91,17289.407,228.326,9.57,0.171,0.0,0.0
2023-11-16,891805,359,7922,11021.409,17247.61,228.369,9.54,0.0,0.0,0.0
2023-11-16,891811,294,4941,11025.679,17285.149,228.066,9.51,0.171,0.0,0.0
2023-11-16,891817,304,4941,11026.675,17280.534,228.291,9.46,0.171,0.0,0.0
2023-11-16,891820,358,7922,11016.474,17246.689,228.796,9.77,0.0,0.0,0.0
2023-11-16,891827,217,4941,10992.405,17316.874,228.52,9.46,0.171,0.0,0.0
2023-11-16,891834,207,4941,10991.111,17322.188,228.303,9.68,0.171,0.0,0.0
2023-11-16,891838,357,7922,11011.496,17245.964,228.44,9.73,0.0,0.0,0.0
2023-11-16,891842,197,4941,10990.239,17327.017,228.421,9.68,0.171,0.0,0.0
2023-11-16,891847,187,4941,10989.04,17332.233,228.33,9.79,0.171,0.0,0.0
2023-11-16,891851,354,7922,11034.021,17255.344,228.624,9.62,0.0,0.0,0.0
2023-11-16,891853,177,4941,10987.863,17337.442,228.302,9.51,0.171,0.0,0.0
2023-11-16,891859,167,4941,10986.735,17342.469,228.37,9.9,0.171,0.0,0.0
2023-11-16,891861,353,7922,11029.321,17254.527,228.768,9.77,0.0,0.0,0.0
2023-11-16,891865,157,4941,10985.591,17347.606,228.077,9.29,0.171,0.0,0.0
2023-11-16,891872,147,4941,10984.536,17352.723,228.522,9.84,0.171,0.0,0.0
2023-11-16,891875,352,7922,11024.748,17253.536,228.314,9.66,0.0,0.0,0.0
2023-11-16,891879,137,4941,10983.097,17357.823,228.603,9.57,0.171,0.0,0.0
2023-11-16,892343,32,4941,10983.34,17416.359,228.449,9.46,0.171,0.0,0.0
2023-11-16,892345,278,7922,11005.301,17287.295,228.793,9.38,0.0,0.0,0.0
2023-11-16,892352,29,4941,10978.517,17415.621,228.487,9.46,0.171,0.0,0.0
2023-11-16,892353,287,7922,11001.76,17282.949,231.027,9.38,0.0,0.0,0.0
2023-11-16,892355,28,4941,10973.471,17414.59,228.284,9.57,0.171,0.0,0.0
2023-11-16,892356,27,4941,10968.481,17413.708,228.606,9.4,0.171,0.0,0.0
2023-11-16,892358,42,4941,10984.935,17411.295,228.288,9.46,0.171,0.0,0.0
2023-11-16,892386,277,7922,11000.171,17286.203,228.613,9.58,0.0,0.0,0.0
2023-11-16,892399,272,7922,11013.668,17293.943,228.293,9.81,0.0,0.0,0.0
2023-11-16,891885,127,4941,10981.803,17362.948,228.58,9.46,0.171,0.0,0.0
2023-11-16,891889,349,7922,11019.836,17252.785,228.524,9.77,0.0,0.0,0.0
2023-11-16,891893,117,4941,10980.564,17368.017,228.704,9.68,0.171,0.0,0.0
2023-11-16,891899,107,4941,10979.348,17373.092,228.33,9.46,0.171,0.0,0.0
2023-11-16,891904,348,7922,11015.186,17251.794,228.987,7.68,0.0,0.0,0.0
2023-11-16,891906,97,4941,10977.998,17378.283,228.636,9.46,0.171,0.0,0.0
2023-11-16,891913,87,4941,10976.726,17383.316,228.731,9.46,0.171,0.0,0.0
2023-11-16,891917,77,4941,10975.465,17388.363,228.713,9.4,0.171,0.0,0.0
2023-11-16,891919,347,7922,11010.045,17250.871,228.413,9.73,0.0,0.0,0.0
2023-11-16,891927,78,4941,10980.422,17389.224,228.801,9.46,0.171,0.0,0.0
2023-11-16,891932,88,4941,10981.571,17384.107,228.606,9.73,0.171,0.0,0.0
2023-11-16,891935,344,7922,11033.15,17260.565,228.679,9.66,0.0,0.0,0.0
2023-11-16,891939,98,4941,10982.899,17379.014,228.535,9.62,0.171,0.0,0.0
2023-11-16,891945,108,4941,10984.193,17374.0,228.595,9.51,0.171,0.0,0.0
2023-11-16,891946,342,7922,11023.709,17258.52,228.519,9.66,0.0,0.0,0.0
2023-11-16,892409,269,7922,11008.717,17293.039,228.472,9.62,0.0,0.0,0.0
2023-11-16,892425,268,7922,11003.933,17292.3,228.651,9.73,0.0,0.0,0.0
2023-11-16,892439,267,7922,10998.899,17291.302,228.175,9.73,0.0,0.0,0.0
2023-11-16,892451,262,7922,11012.53,17299.231,228.318,9.66,0.0,0.0,0.0
2023-11-16,891951,118,4941,10985.465,17368.83,228.445,9.62,0.171,0.0,0.0
2023-11-16,891957,128,4941,10986.637,17363.846,228.468,9.51,0.171,0.0,0.0
2023-11-16,891960,339,7922,11018.531,17257.808,228.392,9.73,0.0,0.0,0.0
2023-11-16,891964,138,4941,10987.675,17358.614,228.632,9.4,0.171,0.0,0.0
2023-11-16,891973,148,4941,10989.237,17353.554,228.448,9.62,0.171,0.0,0.0
2023-11-16,891982,338,7922,11013.713,17256.874,228.959,9.62,0.0,0.0,0.0
2023-11-16,891985,158,4941,10990.442,17348.423,228.311,9.57,0.171,0.0,0.0
2023-11-16,891994,168,4941,10991.563,17343.308,228.34,9.62,0.171,0.0,0.0
2023-11-16,891999,337,7922,11008.656,17255.872,228.335,9.73,0.0,0.0,0.0
2023-11-16,892000,169,4941,10996.381,17344.154,228.423,9.79,0.171,0.0,0.0
2023-11-16,892008,159,4941,10995.498,17349.284,228.25,9.51,0.171,0.0,0.0
2023-11-16,892014,332,7922,11022.159,17263.776,228.47,9.7,0.0,0.0,0.0
2023-11-16,892015,149,4941,10994.193,17354.279,228.267,9.46,0.171,0.0,0.0
2023-11-16,892492,259,7922,11007.406,17298.275,228.169,9.62,0.0,0.0,0.0
2023-11-16,892505,258,7922,11002.578,17297.471,228.54,9.73,0.0,0.0,0.0
2023-11-16,892520,257,7922,10997.505,17296.668,228.389,9.7,0.0,0.0,0.0
2023-11-16,892023,139,4941,10992.888,17359.651,228.086,9.57,0.171,0.0,0.0
2023-11-16,892029,329,7922,11017.102,17262.761,228.483,9.66,0.0,0.0,0.0
2023-11-16,892033,129,4941,10991.895,17364.772,228.288,9.57,0.171,0.0,0.0
2023-11-16,892040,119,4941,10990.411,17369.741,228.448,9.62,0.171,0.0,0.0
2023-11-16,892046,109,4941,10989.184,17374.953,228.583,9.57,0.171,0.0,0.0
2023-11-16,892047,328,7922,11012.202,17261.974,228.796,9.73,0.0,0.0,0.0
2023-11-16,892054,99,4941,10987.778,17380.033,228.461,9.57,0.171,0.0,0.0
2023-11-16,892062,89,4941,10986.494,17385.014,228.585,9.51,0.171,0.0,0.0
2023-11-16,892065,327,7922,11007.133,17260.936,228.216,9.7,0.0,0.0,0.0
2023-11-16,892067,79,4941,10985.4,17390.073,228.934,9.46,0.171,0.0,0.0
2023-11-16,892074,82,4941,10990.056,17390.825,228.674,9.57,0.171,0.0,0.0
2023-11-16,892081,322,7922,11020.619,17268.601,228.195,9.58,0.0,-0.998,-0.424
2023-11-16,892082,92,4941,10991.507,17385.935,228.621,9.51,0.171,0.0,0.0
2023-11-16,892540,1,7922,10966.385,17423.174,228.447,9.5,0.0,0.0,0.0
2023-11-16,892552,3,7922,10971.186,17424.02,228.418,9.54,0.0,0.0,0.0
2023-11-16,892562,5,7922,10976.405,17425.093,228.146,9.58,0.0,0.0,0.0
2023-11-16,892571,4,7922,10973.91,17424.609,228.239,9.04,0.0,0.0,0.0
2023-11-16,892583,9,7922,10985.264,17426.227,228.304,9.04,0.0,0.0,0.0
2023-11-16,892594,52,7922,10986.53,17406.296,228.686,9.58,0.0,0.0,0.0
2023-11-16,892090,102,4941,10992.634,17380.908,228.67,9.73,0.171,0.0,0.0
2023-11-16,892094,319,7922,11015.831,17268.045,228.877,9.54,0.0,0.0,0.0
2023-11-16,892097,112,4941,10994.101,17375.845,228.748,9.51,0.171,0.0,0.0
2023-11-16,892104,122,4941,10995.489,17370.393,228.684,9.62,0.171,0.0,0.0
2023-11-16,892112,132,4941,10996.661,17365.504,228.657,9.68,0.171,0.0,0.0
2023-11-16,892113,318,7922,11010.913,17267.01,228.55,9.7,0.0,0.0,0.0
2023-11-16,892118,142,4941,10998.051,17360.486,228.264,9.57,0.171,0.0,0.0
2023-11-16,892126,317,7922,11005.783,17266.028,228.287,9.73,0.0,0.0,0.0
2023-11-16,892127,152,4941,10999.339,17355.273,228.286,9.35,0.171,0.0,0.0
2023-11-16,892133,162,4941,11000.522,17350.146,228.336,9.73,0.171,0.0,0.0
2023-11-16,892137,312,7922,11019.214,17273.714,228.479,9.35,0.0,0.0,0.0
2023-11-16,892142,172,4941,11001.304,17345.108,228.525,9.62,0.171,0.0,0.0
2023-11-16,892145,173,4941,11006.439,17345.923,228.575,9.51,0.171,0.0,0.0
2023-11-16,892604,49,7922,10981.573,17405.441,228.795,9.46,0.0,0.0,0.0
2023-11-16,892618,2,7922,10969.019,17423.376,228.228,9.46,0.0,0.0,0.0
2023-11-16,892628,39,7922,10979.995,17410.41,228.647,9.62,0.0,0.0,0.0
2023-11-16,892641,38,7922,10975.166,17409.571,228.845,9.58,0.0,0.0,0.0
2023-11-16,892653,37,7922,10969.887,17408.691,228.52,9.31,0.0,0.0,0.0
2023-11-16,892151,309,7922,11014.58,17272.847,228.518,9.66,0.0,0.0,0.0
2023-11-16,892153,163,4941,11005.245,17351.172,228.513,9.57,0.171,0.0,0.0
2023-11-16,892160,153,4941,11004.185,17356.341,228.455,9.46,0.171,0.0,0.0
2023-11-16,892167,308,7922,11009.524,17272.113,228.644,9.7,0.0,0.0,0.0
2023-11-16,892169,143,4941,11003.018,17361.342,228.49,9.51,0.171,0.0,0.0
2023-11-16,892175,133,4941,11001.741,17366.519,228.553,9.68,0.171,0.0,0.0
2023-11-16,892179,307,7922,11004.611,17270.993,228.232,9.73,0.0,0.0,0.0
2023-11-16,892183,123,4941,11000.424,17371.572,228.708,9.57,0.171,0.0,0.0
2023-11-16,892191,113,4941,10998.907,17376.639,228.844,9.51,0.171,0.0,0.0
2023-11-16,892193,302,7922,11017.93,17278.861,228.357,9.7,0.0,0.0,0.0
2023-11-16,892200,103,4941,10997.646,17381.698,228.705,9.62,0.171,0.0,0.0
2023-11-16,892205,93,4941,10996.179,17386.667,228.452,9.46,0.171,0.0,0.0
2023-11-16,892668,48,7922,10976.7,17404.445,228.745,9.66,0.0,0.0,0.0
2023-11-16,892681,47,7922,10971.577,17403.656,228.719,10.27,0.0,0.0,0.0
2023-11-16,892696,62,7922,10987.746,17401.074,228.614,9.66,0.0,0.0,0.0
2023-11-16,892712,59,7922,10982.706,17400.317,228.587,9.62,0.0,0.0,0.0
2023-11-16,892724,58,7922,10978.222,17399.378,228.984,9.54,0.0,0.0,0.0
2023-11-16,892214,83,4941,10995.202,17391.804,228.627,9.51,0.171,0.0,0.0
2023-11-16,892218,73,4941,10993.786,17396.962,228.396,9.62,0.171,0.0,0.0
2023-11-16,892221,299,7922,11013.269,17277.956,228.859,9.7,0.0,0.0,0.0
2023-11-16,892226,63,4941,10992.503,17402.113,228.483,9.51,0.171,0.0,0.0
2023-11-16,892231,53,4941,10991.308,17407.107,228.37,9.46,0.171,0.0,0.0
2023-11-16,892233,298,7922,11008.162,17276.99,228.447,9.73,0.0,0.0,0.0
2023-11-16,892239,43,4941,10989.836,17412.336,228.372,9.51,0.171,0.0,0.0
2023-11-16,892244,33,4941,10988.386,17417.331,228.387,9.84,0.171,0.0,0.0
2023-11-16,892246,297,7922,11003.133,17276.2,228.371,9.66,0.0,0.0,0.0
2023-11-16,892249,22,4941,10986.913,17422.222,228.421,9.84,0.171,0.0,0.0
2023-11-16,892254,10,4941,10987.757,17427.535,228.177,9.29,0.171,0.0,0.0
2023-11-16,892257,292,7922,11016.502,17283.928,228.112,9.5,0.0,0.0,0.0
2023-11-16,892260,9,4941,10985.073,17427.401,227.864,9.4,0.171,0.0,0.0
2023-11-16,892265,8,4941,10983.024,17427.018,228.2,9.29,0.171,0.0,0.0
2023-11-16,892267,289,7922,11011.585,17283.066,228.398,9.66,0.0,0.0,0.0
2023-11-16,892271,7,4941,10980.383,17426.284,228.143,9.57,0.171,0.0,0.0
2023-11-16,892738,57,7922,10972.653,17398.365,229.235,10.47,0.0,0.0,0.0
2023-11-16,892756,72,7922,10988.884,17395.809,228.928,9.54,0.0,0.0,0.0
2023-11-16,892767,69,7922,10984.023,17395.218,228.802,8.76,0.0,0.0,0.0
2023-11-16,892783,68,7922,10979.083,17394.392,228.724,9.54,0.0,0.0,0.0
2023-11-16,892275,6,4941,10977.95,17426.013,228.076,9.79,0.171,0.0,0.0
2023-11-16,892280,288,7922,11006.449,17281.996,228.48,9.7,0.0,0.0,0.0
2023-11-16,892281,5,4941,10975.55,17425.624,228.108,9.35,0.171,0.0,0.0
2023-11-16,892286,4,4941,10972.91,17425.177,228.116,9.4,0.171,0.0,0.0
2023-11-16,892292,3,4941,10970.526,17424.756,228.227,9.73,0.171,0.0,0.0
2023-11-16,892293,287,7922,11001.75,17281.351,228.586,9.73,0.0,0.0,0.0
2023-11-16,892299,2,4941,10968.143,17424.256,228.187,9.51,0.171,0.0,0.0
2023-11-16,892305,1,4941,10965.681,17423.894,228.321,9.46,0.171,0.0,0.0
2023-11-16,892310,282,7922,11015.147,17289.056,228.348,9.73,0.0,0.0,0.0
2023-11-16,892312,21,4941,10981.945,17421.347,228.527,9.46,0.171,0.0,0.0
2023-11-16,892319,20,4941,10976.865,17420.29,228.244,9.57,0.171,0.0,0.0
2023-11-16,892326,279,7922,11010.101,17288.227,228.565,9.62,0.0,0.0,0.0
2023-11-16,892328,19,4941,10972.099,17419.682,228.268,9.4,0.171,0.0,0.0
2023-11-16,892334,18,4941,10967.298,17418.839,228.582,9.46,0.171,0.0,0.0
2023-11-16,892797,67,7922,10974.16,17393.549,229.021,10.46,0.0,0.0,0.0
2023-11-16,892338,278,7922,11005.286,17287.303,228.799,3.02,0.0,0.0,0.0
2023-11-16,892339,32,4941,10983.368,17416.37,228.448,4.73,0.171,0.0,0.0
2023-11-16,889866,479,4941,11035.45,17186.255,228.456,9.46,0.171,0.0,0.0
2023-11-16,889874,734,7922,11073.745,17059.968,229.42,10.46,0.0,0.0,0.0
2023-11-16,889879,482,4941,11040.306,17187.131,228.347,9.46,0.171,0.0,0.0
2023-11-16,889885,744,7922,11074.711,17054.669,229.492,10.47,0.0,0.0,0.0
2023-11-16,889888,484,4941,11050.12,17188.999,228.254,9.62,0.171,0.0,0.0
2023-11-16,889896,483,4941,11045.085,17187.948,228.407,9.62,0.171,0.0,0.0
2023-11-16,889897,750,7922,11065.814,17047.687,229.451,9.96,0.0,0.0,0.0
2023-11-16,889904,494,4941,11051.079,17183.588,228.538,9.79,0.171,0.0,0.0
2023-11-16,889911,740,7922,11064.82,17052.821,229.355,9.31,0.0,0.0,0.0
2023-11-16,889912,467,4941,11024.397,17189.326,228.648,9.57,0.171,0.0,0.0
2023-11-16,889920,487,4941,11026.297,17179.383,228.461,9.79,0.171,0.0,0.0
2023-11-16,889922,730,7922,11063.842,17057.931,229.487,9.96,0.0,0.0,0.0
2023-11-16,889928,488,4941,11031.217,17180.198,228.345,9.07,0.171,0.0,0.0
2023-11-16,889933,722,7922,11062.91,17063.269,229.984,0.07,0.0,0.0,0.0
2023-11-16,890932,468,4941,11028.731,17190.422,228.857,9.51,0.171,0.0,0.0
2023-11-16,890934,437,7922,11022.019,17205.376,228.76,9.7,0.0,0.0,0.0
2023-11-16,890939,475,4941,11054.994,17194.759,228.534,10.39,0.171,2.715,0.382
2023-11-16,890944,595,4941,11066.575,17133.03,229.681,11.55,0.171,3.03,0.589
2023-11-16,890946,434,7922,11045.83,17214.738,228.6,9.31,0.0,0.0,0.0
2023-11-16,890951,433,7922,11040.979,17213.804,228.478,9.7,0.0,0.0,0.0
2023-11-16,890953,763,4941,11053.708,17042.801,229.599,11.33,0.171,0.983,-0.824
2023-11-16,890958,432,7922,11035.973,17212.962,228.413,9.66,0.0,0.0,0.0
2023-11-16,890969,429,7922,11031.289,17212.112,228.479,9.73,0.0,0.0,0.0
2023-11-16,890970,261,4941,11034.438,17305.733,229.183,13.53,0.171,6.856,0.841
2023-11-16,890977,251,4941,11033.427,17310.595,228.507,12.54,0.171,6.361,0.781
2023-11-16,890982,428,7922,11026.199,17211.218,228.537,9.27,0.0,0.0,0.0
2023-11-16,890986,241,4941,11032.218,17316.222,228.185,12.48,0.171,6.16,0.539
2023-11-16,890806,452,7922,11037.598,17202.7,228.635,9.46,0.0,0.0,0.0
2023-11-16,890807,323,4941,11025.532,17269.649,228.561,9.57,0.171,0.0,0.0
2023-11-16,890812,313,4941,11024.232,17274.696,228.328,9.57,0.171,0.0,0.0
2023-11-16,890818,303,4941,11022.532,17279.917,227.903,9.4,0.171,0.0,0.0
2023-11-16,890821,293,4941,11021.47,17284.812,227.8,9.68,0.171,0.0,0.0
2023-11-16,890823,283,4941,11020.064,17289.729,228.159,9.57,0.171,0.0,0.0
2023-11-16,890830,273,4941,11018.804,17295.049,228.547,9.73,0.171,0.0,0.0
2023-11-16,890835,263,4941,11017.264,17299.94,228.43,9.62,0.171,0.0,0.0
2023-11-16,890845,448,7922,11027.835,17200.897,229.043,9.5,0.0,0.0,0.0
2023-11-16,890847,527,4941,11029.06,17159.023,228.913,10.33,0.171,0.0,0.0
2023-11-16,890853,513,4941,11047.235,17172.013,228.793,9.68,0.171,0.0,0.0
2023-11-16,890859,488,4941,11030.779,17179.741,228.694,9.62,0.171,0.0,0.0
2023-11-16,890991,427,7922,11020.986,17210.353,228.412,9.66,0.0,2.029,0.506
2023-11-16,890992,231,4941,11031.724,17320.959,228.422,2.86,0.171,4.661,0.49
2023-11-16,890999,221,4941,11030.697,17326.174,228.252,12.04,0.171,6.087,1.183
2023-11-16,891002,256,7922,11033.098,17307.642,229.127,9.35,0.0,2.088,0.256
2023-11-16,891006,211,4941,11029.569,17331.24,228.262,12.26,0.171,6.71,0.943
2023-11-16,891008,255,7922,11028.416,17307.223,228.602,9.38,0.0,1.634,0.377
2023-11-16,891013,201,4941,11028.041,17336.372,228.802,12.53,0.171,6.184,1.314
2023-11-16,891014,260,7922,11023.913,17303.992,228.756,9.42,0.0,1.992,0.245
2023-11-16,891017,191,4941,11026.324,17341.531,228.9,12.54,0.171,6.377,0.896
2023-11-16,891022,246,7922,11031.667,17313.159,228.292,9.66,0.0,1.826,0.355
2023-11-16,891024,181,4941,11024.407,17346.619,228.724,12.81,0.171,6.383,1.011
2023-11-16,891027,245,7922,11026.816,17312.473,228.706,10.01,0.0,2.039,0.323
2023-11-16,891030,171,4941,11023.224,17351.835,228.605,12.59,0.171,6.311,0.775
2023-11-16,891036,250,7922,11022.769,17309.077,228.838,9.38,0.0,1.916,0.442
2023-11-16,891037,161,4941,11021.907,17356.803,228.833,12.48,0.171,6.225,0.986
2023-11-16,891041,151,4941,11020.323,17361.818,228.982,13.08,0.171,6.557,1.039
2023-11-16,891043,236,7922,11030.651,17318.283,228.507,9.23,0.0,2.0,0.425
2023-11-16,891047,141,4941,11018.946,17367.005,229.21,4.18,0.171,4.616,0.897
2023-11-16,891050,235,7922,11025.895,17317.498,228.428,9.27,0.0,1.737,0.03
2023-11-16,890866,447,7922,11022.99,17200.096,228.587,9.77,0.0,0.0,0.0
2023-11-16,890867,498,4941,11031.345,17174.857,228.483,9.57,0.171,0.0,0.0
2023-11-16,890874,497,4941,11026.589,17174.157,228.56,9.68,0.171,0.0,0.0
2023-11-16,890882,487,4941,11025.66,17178.733,228.839,9.62,0.171,0.0,0.0
2023-11-16,890883,444,7922,11046.74,17209.618,228.494,9.46,0.0,0.0,0.0
2023-11-16,890888,478,4941,11029.736,17185.227,228.628,9.73,0.171,0.0,0.0
2023-11-16,890893,443,7922,11041.595,17208.747,228.55,9.54,0.0,0.0,0.0
2023-11-16,890896,463,4941,11042.818,17197.883,228.35,9.57,0.171,0.0,0.0
2023-11-16,890902,459,4941,11032.572,17196.5,228.51,9.79,0.171,0.0,0.0
2023-11-16,890904,442,7922,11036.933,17207.907,228.588,9.42,0.0,0.0,0.0
2023-11-16,890907,458,4941,11027.805,17195.676,228.653,9.79,0.171,0.0,0.0
2023-11-16,890913,439,7922,11032.076,17206.943,228.79,9.5,0.0,0.0,0.0
2023-11-16,890916,474,4941,11048.712,17193.687,228.508,9.79,0.171,0.0,0.0
2023-11-16,890920,472,4941,11038.311,17192.193,228.565,9.68,0.171,0.0,0.0
2023-11-16,890924,438,7922,11026.959,17206.15,228.69,9.66,0.0,0.0,0.0
2023-11-16,890925,469,4941,11033.921,17191.231,228.576,9.62,0.171,0.0,0.0
2023-11-16,891053,131,4941,11017.724,17372.094,229.06,13.2,0.171,6.508,1.503
2023-11-16,891055,240,7922,11021.291,17314.13,228.736,9.35,0.0,1.925,0.625
2023-11-16,891058,121,4941,11016.552,17377.14,229.184,14.13,0.171,7.021,1.238
2023-11-16,891062,226,7922,11029.42,17324.007,228.757,9.0,0.0,2.204,0.389
2023-11-16,891063,111,4941,11015.747,17382.178,229.177,13.03,0.171,6.661,0.818
2023-11-16,891066,225,7922,11024.511,17322.402,228.326,9.19,0.0,1.365,0.265
2023-11-16,891068,101,4941,11014.876,17387.366,229.258,12.53,0.171,6.3,0.998
2023-11-16,891071,230,7922,11020.002,17319.226,228.582,9.27,0.0,1.818,0.772
2023-11-16,891074,91,4941,11013.727,17392.693,229.097,12.54,0.171,6.22,1.436
2023-11-16,891079,81,4941,11012.51,17397.485,228.929,2.25,0.171,4.569,1.055
2023-11-16,891081,216,7922,11028.228,17328.297,228.063,9.19,0.0,1.937,0.519
2023-11-16,891084,71,4941,11010.949,17402.721,228.755,2.2,0.171,4.463,0.949
2023-11-16,891087,215,7922,11023.189,17327.693,228.275,9.61,0.0,1.551,0.33
2023-11-16,891090,61,4941,11009.231,17407.717,228.755,12.14,0.171,5.928,1.588
2023-11-16,891095,51,4941,11007.68,17412.491,229.019,11.98,0.171,5.865,1.462
2023-11-16,891098,220,7922,11018.591,17324.465,228.542,9.23,0.0,1.826,0.224
2023-11-16,891101,41,4941,11005.039,17417.556,228.744,11.6,0.171,5.821,1.344
2023-11-16,891105,206,7922,11026.607,17333.723,228.259,9.62,0.0,2.284,0.655
2023-11-16,891108,31,4941,11004.313,17422.887,228.587,0.33,0.171,0.185,0.046
2023-11-16,891113,205,7922,11021.849,17332.547,228.053,9.19,0.0,1.888,0.763
2023-11-16,891115,24,4941,11003.47,17428.101,228.344,11.6,0.171,5.728,1.113
2023-11-16,891120,210,7922,11017.547,17329.436,228.43,9.35,0.0,1.732,0.596
2023-11-16,891128,17,4941,11001.847,17430.221,228.068,9.29,0.171,2.328,0.369
2023-11-16,891130,196,7922,11025.624,17338.709,228.902,9.66,0.0,2.357,0.248
2023-11-16,891131,16,4941,10999.613,17429.613,228.37,9.51,0.171,2.615,0.183
2023-11-16,891137,195,7922,11020.729,17337.906,228.548,9.5,0.0,2.229,0.681
2023-11-16,891139,14,4941,10996.958,17429.346,228.174,9.62,0.171,2.596,0.458
2023-11-16,891143,13,4941,10994.485,17428.931,227.992,9.57,0.171,2.522,0.31
2023-11-16,891147,12,4941,10992.38,17428.496,227.933,10.39,0.171,5.109,0.268
2023-11-16,891150,200,7922,11016.28,17334.551,228.336,9.23,0.0,1.853,0.36
2023-11-16,891159,31,4941,11003.951,17422.914,228.606,12.1,0.171,3.234,0.629
2023-11-16,891160,186,7922,11024.245,17343.593,228.807,9.7,0.0,2.197,0.548
2023-11-16,891166,185,7922,11019.768,17342.971,228.495,9.27,0.0,2.071,0.439
2023-11-16,891167,26,4941,11003.458,17424.994,228.651,10.12,0.171,2.661,0.374
2023-11-16,891172,25,4941,10998.514,17424.367,228.131,9.46,0.171,2.303,0.283
2023-11-16,891173,190,7922,11015.053,17339.669,228.309,9.38,0.0,1.883,0.366
2023-11-16,891178,15,4941,10992.821,17425.98,228.13,9.45,0.171,2.237,0.275
2023-11-16,891182,176,7922,11022.996,17349.024,228.917,9.62,0.0,2.181,0.463
2023-11-16,891184,36,4941,11004.113,17419.959,228.625,9.68,0.171,2.521,0.581
2023-11-16,891189,35,4941,11000.148,17419.387,228.006,9.73,0.171,2.162,0.342
2023-11-16,891190,175,7922,11018.212,17348.129,228.682,9.31,0.0,1.995,0.457
2023-11-16,891193,30,4941,10994.378,17421.15,228.36,9.95,0.171,2.389,0.464
2023-11-16,891198,180,7922,11013.831,17344.721,228.518,9.38,0.0,1.844,0.635
2023-11-16,891201,46,4941,11005.334,17414.681,228.848,9.79,0.171,2.697,0.524
2023-11-16,891206,45,4941,11001.687,17414.222,228.25,1.21,0.171,2.263,0.399
2023-11-16,891209,166,7922,11021.713,17353.921,228.958,9.54,0.0,2.044,0.51
2023-11-16,891210,40,4941,10995.917,17416.181,228.328,10.17,0.171,2.437,0.608
2023-11-16,891215,165,7922,11017.086,17353.416,228.791,9.35,0.0,2.03,0.323
2023-11-16,891218,56,4941,11007.681,17409.889,228.873,10.22,0.171,2.65,0.661
2023-11-16,891222,170,7922,11012.555,17349.806,228.641,2.32,0.0,0.422,0.064
2023-11-16,891223,55,4941,11003.386,17409.401,228.67,4.01,0.171,1.155,0.204
2023-11-16,889361,716,7922,11082.438,17071.823,230.044,11.24,0.0,2.712,0.381
2023-11-16,889365,481,4941,11062.141,17193.383,228.457,11.05,0.171,5.341,0.656
2023-11-16,889372,471,4941,11060.881,17198.899,228.476,11.05,0.171,2.724,0.579
2023-11-16,889374,715,7922,11077.555,17071.185,230.084,11.04,0.0,3.163,0.558
2023-11-16,889381,466,4941,11059.705,17201.388,228.957,10.17,0.171,3.228,0.569
2023-11-16,889386,710,7922,11072.19,17072.803,230.056,11.74,0.0,2.977,1.109
2023-11-16,889390,465,4941,11051.316,17196.267,-3.919,10.06,0.171,2.262,0.399
2023-11-16,889393,476,4941,11060.687,17195.971,228.202,10.11,0.171,2.525,0.445
2023-11-16,889396,706,7922,11081.133,17077.023,229.961,11.16,0.0,0.0,0.0
2023-11-16,889399,475,4941,11055.808,17195.161,227.987,10.17,0.171,2.065,0.364
2023-11-16,889402,486,4941,11061.602,17190.763,228.514,10.39,0.171,2.475,0.436
2023-11-16,889415,485,4941,11056.813,17189.887,228.396,11.05,0.171,2.808,0.394
2023-11-16,889420,705,7922,11076.739,17076.445,230.257,11.52,0.0,3.24,0.283
2023-11-16,889421,496,4941,11062.484,17185.483,228.771,10.33,0.171,2.725,0.048
2023-11-16,889428,495,4941,11057.584,17184.725,228.373,10.5,0.171,2.654,0.232
2023-11-16,889430,700,7922,11071.27,17078.318,230.109,11.52,0.0,2.948,0.155
2023-11-16,889435,506,4941,11063.267,17180.315,229.011,10.78,0.171,3.005,0.316
2023-11-16,889441,696,7922,11080.563,17082.412,230.373,11.51,0.0,3.222,0.685
2023-11-16,889443,505,4941,11058.521,17179.237,228.925,10.17,0.171,2.66,0.353
2023-11-16,889449,516,4941,11064.35,17175.321,229.183,11.49,0.171,3.157,0.557
2023-11-16,889450,695,7922,11075.829,17081.595,230.222,11.51,0.0,2.997,0.692
2023-11-16,889457,515,4941,11059.326,17174.381,228.901,10.5,0.171,2.392,0.167
2023-11-16,889459,690,7922,11070.337,17083.363,230.247,11.51,0.0,2.961,0.469
2023-11-16,889469,526,4941,11065.292,17169.826,229.523,11.22,0.171,3.107,0.163
2023-11-16,889476,676,7922,11078.847,17092.55,230.645,11.83,0.0,3.184,0.335
2023-11-16,889477,525,4941,11060.231,17169.242,229.424,11.49,0.171,3.062,0.54
2023-11-16,889484,536,4941,11065.97,17165.069,229.617,11.55,0.171,3.017,0.264
2023-11-16,889488,675,7922,11074.314,17091.804,230.66,11.55,0.0,3.128,0.329
2023-11-16,889490,535,4941,11061.102,17164.043,229.417,11.1,0.171,2.944,0.139
2023-11-16,889497,546,4941,11066.697,17159.881,229.788,11.55,0.171,3.029,0.48
2023-11-16,889502,680,7922,11069.716,17088.469,230.405,11.43,0.0,2.783,0.097
2023-11-16,889506,545,4941,11062.374,17158.814,229.684,11.49,0.171,3.294,0.404
2023-11-16,889512,670,7922,11069.045,17093.666,230.263,11.43,0.0,2.846,0.657
2023-11-16,889513,556,4941,11067.713,17154.705,229.87,11.6,0.171,3.031,0.426
2023-11-16,889520,666,7922,11078.555,17097.792,230.32,11.05,0.0,2.968,0.364
2023-11-16,889530,665,7922,11073.576,17096.891,230.177,11.01,0.0,2.823,0.392
2023-11-16,889536,555,4941,11063.247,17154.05,229.72,11.49,0.171,3.086,0.162
2023-11-16,889543,660,7922,11068.352,17099.004,229.909,11.01,0.0,2.631,0.417
2023-11-16,889545,566,4941,11069.297,17149.814,229.83,11.11,0.171,2.953,0.415
2023-11-16,889553,565,4941,11064.207,17148.861,229.581,11.55,0.171,3.075,0.269
2023-11-16,889554,656,7922,11077.712,17103.045,229.933,11.01,0.0,2.909,0.725
2023-11-16,889560,576,4941,11070.19,17144.404,229.648,11.54,0.171,3.037,0.536
2023-11-16,889565,655,7922,11072.783,17102.092,229.867,10.97,0.0,2.741,0.483
2023-11-16,889569,575,4941,11065.301,17143.594,229.521,11.49,0.171,3.191,0.279
2023-11-16,889576,586,4941,11071.385,17139.417,229.676,11.93,0.171,3.12,0.55
2023-11-16,889577,650,7922,11067.602,17103.97,229.609,11.01,0.0,2.705,0.38
2023-11-16,889583,585,4941,11066.373,17138.548,229.306,11.05,0.171,2.777,0.341
2023-11-16,889588,646,7922,11077.024,17108.246,229.991,10.97,0.0,3.052,0.483
2023-11-16,889592,596,4941,11072.406,17134.13,229.576,11.1,0.171,2.996,0.21
2023-11-16,889599,645,7922,11072.24,17107.439,229.661,10.97,0.0,2.994,0.421
2023-11-16,889602,595,4941,11067.356,17133.431,229.48,11.76,0.171,3.095,0.546
2023-11-16,889609,606,4941,11073.428,17129.065,229.482,11.16,0.171,2.997,0.368
2023-11-16,889613,640,7922,11067.016,17109.294,229.435,11.01,0.0,2.441,0.519
2023-11-16,889619,605,4941,11068.393,17128.164,229.521,11.55,0.171,3.114,0.437
2023-11-16,889625,636,7922,11076.259,17113.555,229.893,11.01,0.0,3.03,0.372
2023-11-16,889628,600,4941,11062.814,17130.282,229.377,11.16,0.171,2.933,0.362
2023-11-16,889634,590,4941,11061.841,17135.226,229.413,11.38,0.171,3.056,0.375
2023-11-16,889637,635,7922,11071.152,17112.533,229.453,11.05,0.0,2.511,0.398
2023-11-16,889644,580,4941,11060.825,17140.362,229.372,11.1,0.171,2.987,0.314
2023-11-16,889648,630,7922,11066.066,17114.365,229.464,10.51,0.0,2.476,0.26
2023-11-16,889654,570,4941,11059.832,17145.767,229.444,11.1,0.171,2.969,0.311
2023-11-16,889660,626,7922,11075.348,17118.593,229.763,11.01,0.0,2.92,0.359
2023-11-16,889662,560,4941,11058.559,17150.591,229.599,11.11,0.171,2.928,0.36
2023-11-16,889668,550,4941,11057.788,17155.877,229.464,10.72,0.171,2.903,0.254
2023-11-16,889669,625,7922,11070.526,17117.806,229.536,10.97,0.0,2.848,0.4
2023-11-16,889676,540,4941,11056.703,17160.492,229.555,11.1,0.171,3.066,0.652
2023-11-16,889679,620,7922,11065.023,17119.73,229.554,10.5,0.0,2.945,0.467
2023-11-16,889684,530,4941,11055.8,17166.105,229.283,10.61,0.171,2.85,0.35
2023-11-16,889691,616,7922,11074.321,17123.851,229.899,11.01,0.0,2.943,0.466
2023-11-16,889694,520,4941,11055.139,17170.757,229.371,10.55,0.171,2.896,0.253
2023-11-16,889702,615,7922,11069.46,17122.991,229.684,10.5,0.0,3.487,0.615
2023-11-16,889703,510,4941,11053.967,17176.032,229.168,10.28,0.171,2.861,0.2
2023-11-16,889713,500,4941,11053.208,17181.48,228.755,10.17,0.171,2.723,0.19
2023-11-16,889716,610,7922,11063.979,17124.802,229.6,10.51,0.0,2.913,0.461
2023-11-16,889721,490,4941,11052.159,17186.656,228.508,10.17,0.171,2.978,0.261
2023-11-16,889729,614,7922,11062.27,17121.691,229.45,17.88,0.0,0.0,0.0
2023-11-16,889730,480,4941,11051.344,17191.981,228.526,11.1,0.171,3.016,0.37
2023-11-16,889737,624,7922,11063.213,17116.518,229.473,9.66,0.0,0.0,0.0
2023-11-16,889738,470,4941,11050.484,17197.092,228.369,10.11,0.171,0.0,0.0
2023-11-16,889747,464,4941,11048.521,17199.179,228.223,9.62,0.171,0.0,0.0
2023-11-16,889749,634,7922,11064.14,17111.216,229.593,10.46,0.0,0.0,0.0
2023-11-16,889753,463,4941,11043.554,17198.304,228.252,9.4,0.171,0.0,0.0
2023-11-16,889761,644,7922,11065.095,17106.053,229.622,10.58,0.0,0.0,0.0
2023-11-16,889762,462,4941,11038.542,17197.456,228.521,9.57,0.171,0.0,0.0
2023-11-16,889768,459,4941,11033.418,17196.62,228.323,9.78,0.171,0.0,0.0
2023-11-16,889772,654,7922,11065.961,17101.008,229.967,10.47,0.0,0.0,0.0
2023-11-16,889776,458,4941,11028.735,17195.849,228.71,9.57,0.171,0.0,0.0
2023-11-16,889784,457,4941,11023.373,17195.118,229.056,9.4,0.171,0.0,0.0
2023-11-16,889787,664,7922,11066.966,17095.82,230.057,10.94,0.0,0.0,0.0
2023-11-16,889794,467,4941,11024.65,17189.867,228.715,9.79,0.171,0.0,0.0
2023-11-16,889797,674,7922,11067.809,17090.67,230.341,11.05,0.0,0.0,0.0
2023-11-16,889800,468,4941,11029.467,17190.706,228.659,9.62,0.171,0.0,0.0
2023-11-16,889808,469,4941,11034.568,17191.424,228.647,9.46,0.171,0.0,0.0
2023-11-16,889810,684,7922,11068.981,17085.592,230.303,11.01,0.0,0.0,0.0
2023-11-16,889818,472,4941,11039.346,17192.235,228.582,9.57,0.171,0.0,0.0
2023-11-16,889822,694,7922,11069.953,17080.446,230.232,10.93,0.0,0.0,0.0
2023-11-16,889828,474,4941,11049.337,17193.991,228.449,9.79,0.171,0.0,0.0
2023-11-16,889833,704,7922,11070.858,17075.427,230.031,10.93,0.0,0.0,0.0
2023-11-16,889836,473,4941,11044.062,17192.863,228.263,9.73,0.171,0.0,0.0
2023-11-16,889843,477,4941,11025.632,17184.564,228.668,9.46,0.171,0.0,0.0
2023-11-16,889846,714,7922,11071.846,17070.013,229.941,10.47,0.0,0.0,0.0
2023-11-16,889856,478,4941,11030.533,17185.586,228.588,9.35,0.171,0.0,0.0
2023-11-16,889861,724,7922,11072.623,17065.047,229.409,10.51,0.0,0.0,0.0
2023-11-16,888695,763,7922,11053.598,17041.676,230.049,11.01,0.0,2.395,-2.233
2023-11-16,888715,754,7922,11058.709,17043.895,229.947,11.01,0.0,0.392,-3.195
2023-11-16,888726,755,7922,11063.513,17045.71,229.685,10.58,0.0,0.891,-3.109
2023-11-16,888736,756,7922,11068.472,17047.068,229.54,10.58,0.0,0.718,-2.881
2023-11-16,888749,757,7922,11073.55,17047.662,229.613,10.97,0.0,0.0,0.0
2023-11-16,888761,762,7922,11051.95,17040.052,229.892,10.51,0.0,0.0,0.0
2023-11-16,888770,747,7922,11050.989,17045.162,229.971,10.55,0.0,0.0,0.0
2023-11-16,888783,737,7922,11049.672,17050.232,230.374,10.58,0.0,0.0,0.0
2023-11-16,888795,727,7922,11049.224,17055.552,230.136,10.54,0.0,0.0,0.0
2023-11-16,888806,717,7922,11048.32,17060.786,230.099,10.5,0.0,0.0,0.0
2023-11-16,888818,707,7922,11047.37,17065.786,230.259,11.05,0.0,0.0,0.0
2023-11-16,888831,697,7922,11046.181,17070.952,230.228,11.01,0.0,0.0,0.0
2023-11-16,888843,687,7922,11045.539,17076.248,230.443,11.05,0.0,0.0,0.0
2023-11-16,888857,677,7922,11044.488,17081.267,230.499,11.01,0.0,0.0,0.0
2023-11-16,888870,748,7922,11055.333,17045.812,230.009,13.53,0.0,0.0,0.0
2023-11-16,888883,738,7922,11054.462,17051.261,230.093,10.7,0.0,0.0,0.0
2023-11-16,888894,728,7922,11053.601,17056.227,230.26,10.62,0.0,0.0,0.0
2023-11-16,888909,718,7922,11052.864,17061.435,230.134,10.5,0.0,0.0,0.0
2023-11-16,888923,708,7922,11051.882,17066.852,230.384,11.05,0.0,0.0,0.0
2023-11-16,888934,698,7922,11050.98,17071.837,230.565,5.19,0.0,0.0,0.0
2023-11-16,891586,213,4941,11011.077,17325.648,227.884,9.73,0.171,0.0,0.0
2023-11-16,891591,393,7922,11035.272,17234.057,228.817,9.54,0.0,0.0,0.0
2023-11-16,891593,203,4941,11009.865,17330.577,228.028,9.57,0.171,0.0,0.0
2023-11-16,891599,193,4941,11008.705,17335.818,228.086,9.46,0.171,0.0,0.0
2023-11-16,891602,392,7922,11030.277,17233.385,228.433,9.5,0.0,0.0,0.0
2023-11-16,891607,183,4941,11007.567,17341.014,228.39,9.62,0.171,0.0,0.0
2023-11-16,891614,182,4941,11002.721,17340.008,228.4,9.73,0.171,0.0,0.0
2023-11-16,891615,384,7922,11039.012,17240.106,228.689,9.54,0.0,0.0,0.0
2023-11-16,891618,192,4941,11003.793,17334.992,228.557,9.46,0.171,0.0,0.0
2023-11-16,891624,383,7922,11034.033,17239.182,228.788,9.5,0.0,0.0,0.0
2023-11-16,891625,202,4941,11004.92,17329.848,228.145,9.62,0.171,0.0,0.0
2023-11-16,891631,212,4941,11005.975,17324.61,228.077,9.68,0.171,0.0,0.0
2023-11-16,891634,382,7922,11029.01,17238.222,228.512,9.5,0.0,0.0,0.0
2023-11-16,891636,222,4941,11007.241,17319.531,227.919,9.62,0.171,0.0,0.0
2023-11-16,891643,232,4941,11008.508,17314.514,228.316,9.68,0.171,0.0,0.0
2023-11-16,891648,379,7922,11024.333,17237.682,228.565,9.54,0.0,0.0,0.0
2023-11-16,891226,55,4941,11003.4,17409.412,228.663,10.01,0.171,2.684,0.473
2023-11-16,891230,170,7922,11012.542,17349.807,228.633,9.42,0.0,1.827,0.262
2023-11-16,891233,50,4941,10997.523,17411.147,228.405,10.06,0.171,2.941,0.572
2023-11-16,891235,156,7922,11020.313,17359.036,229.319,9.62,0.0,0.0,0.0
2023-11-16,891238,66,4941,11009.55,17405.091,228.529,9.4,0.171,0.0,0.0
2023-11-16,891250,60,4941,10998.673,17406.009,228.129,10.11,0.171,2.59,0.379
2023-11-16,891256,65,4941,11004.649,17404.278,228.41,10.12,0.171,2.492,0.621
2023-11-16,891257,155,7922,11015.724,17358.241,228.959,10.27,0.0,2.729,0.58
2023-11-16,891262,76,4941,11010.688,17399.98,228.883,9.18,0.171,2.477,0.437
2023-11-16,891265,75,4941,11005.859,17398.873,228.481,10.11,0.171,2.559,0.179
2023-11-16,891267,160,7922,11011.437,17354.892,228.828,10.35,0.0,2.714,0.432
2023-11-16,891271,86,4941,11011.827,17394.989,228.633,10.33,0.171,2.837,0.449
2023-11-16,891277,85,4941,11007.031,17394.003,228.437,10.17,0.171,2.458,0.478
2023-11-16,891279,150,7922,11009.998,17359.988,228.814,10.31,0.0,2.623,0.654
2023-11-16,891284,96,4941,11013.07,17389.529,228.893,10.44,0.171,2.687,0.522
2023-11-16,891650,242,4941,11009.596,17309.328,228.442,9.51,0.171,0.0,0.0
2023-11-16,891655,252,4941,11010.891,17304.353,228.626,9.46,0.171,0.0,0.0
2023-11-16,891662,378,7922,11019.281,17236.648,228.79,9.66,0.0,0.0,0.0
2023-11-16,891664,249,4941,11005.956,17303.27,228.353,9.57,0.171,0.0,0.0
2023-11-16,891670,239,4941,11004.662,17308.473,228.392,9.68,0.171,0.0,0.0
2023-11-16,891675,229,4941,11003.39,17313.624,228.444,9.29,0.171,0.0,0.0
2023-11-16,891677,377,7922,11014.335,17235.609,228.592,9.77,0.0,0.0,0.0
2023-11-16,891682,219,4941,11002.162,17318.676,228.113,9.62,0.171,0.0,0.0
2023-11-16,891688,209,4941,11001.169,17323.963,228.096,9.51,0.171,0.0,0.0
2023-11-16,891692,379,7922,11022.651,17237.317,228.466,9.66,0.0,0.0,0.0
2023-11-16,891694,199,4941,10999.857,17328.843,228.355,9.51,0.171,0.0,0.0
2023-11-16,891700,189,4941,10998.703,17334.127,228.537,9.57,0.171,0.0,0.0
2023-11-16,891705,179,4941,10997.564,17339.232,228.553,9.51,0.171,0.0,0.0
2023-11-16,891707,372,7922,11027.671,17243.471,228.581,9.66,0.0,0.0,0.0
2023-11-16,891713,178,4941,10992.774,17338.207,228.476,9.46,0.171,0.0,0.0
2023-11-16,891292,146,7922,11019.037,17364.617,229.376,10.7,0.0,3.115,0.439
2023-11-16,891295,95,4941,11008.258,17388.585,228.944,10.0,0.171,3.17,0.389
2023-11-16,891300,106,4941,11014.365,17384.609,229.178,10.61,0.171,3.097,0.38
2023-11-16,891301,145,7922,11014.586,17363.561,229.132,10.58,0.0,2.69,0.6
2023-11-16,891306,105,4941,11009.469,17383.581,228.994,10.55,0.171,2.915,0.409
2023-11-16,891311,116,4941,11015.559,17379.544,228.928,10.45,0.171,3.049,0.483
2023-11-16,891316,140,7922,11008.67,17365.071,229.032,10.08,0.0,0.0,0.0
2023-11-16,891318,115,4941,11010.809,17378.841,228.929,10.5,0.171,2.649,0.42
2023-11-16,891326,126,4941,11016.541,17374.413,228.955,10.72,0.171,2.89,0.408
2023-11-16,891333,125,4941,11012.153,17373.713,228.867,10.61,0.171,2.755,0.387
2023-11-16,891334,424,7922,11044.619,17219.781,228.597,9.54,0.0,0.0,0.0
2023-11-16,891339,136,4941,11018.08,17369.288,229.134,10.61,0.171,2.967,0.26
2023-11-16,891341,423,7922,11039.484,17218.907,228.546,9.58,0.0,0.0,0.0
2023-11-16,891346,135,4941,11013.147,17368.537,228.768,10.78,0.171,2.607,0.32
2023-11-16,891351,422,7922,11034.422,17218.022,228.298,9.66,0.0,0.0,0.0
2023-11-16,891719,188,4941,10994.024,17333.147,228.577,9.51,0.171,0.0,0.0
2023-11-16,891720,369,7922,11022.714,17242.413,228.522,9.62,0.0,0.0,0.0
2023-11-16,891724,198,4941,10995.174,17328.134,228.476,9.46,0.171,0.0,0.0
2023-11-16,891730,208,4941,10996.295,17322.905,228.299,9.68,0.171,0.0,0.0
2023-11-16,891732,368,7922,11016.581,17240.571,228.445,1.86,0.0,0.0,0.0
2023-11-16,891735,218,4941,10997.462,17317.774,228.267,9.51,0.171,0.0,0.0
2023-11-16,891741,228,4941,10998.5,17312.755,228.558,9.62,0.171,0.0,0.0
2023-11-16,891746,891746,7922,11011.237,17237.607,226.099,1.86,0.0,0.0,0.0
2023-11-16,891748,238,4941,10999.674,17307.536,228.667,2.97,0.171,0.0,0.0
2023-11-16,891353,130,4941,11007.449,17370.44,228.762,10.01,0.171,2.599,0.365
2023-11-16,891360,120,4941,11006.104,17375.451,228.858,9.95,0.171,2.623,0.51
2023-11-16,891363,419,7922,11029.632,17217.147,228.709,9.7,0.0,0.0,0.0
2023-11-16,891368,110,4941,11004.954,17380.281,228.584,10.5,0.171,2.48,0.349
2023-11-16,891374,418,7922,11024.622,17216.715,228.111,9.62,0.0,0.0,0.0
2023-11-16,891377,100,4941,11003.693,17385.452,228.409,10.0,0.171,2.34,0.367
2023-11-16,891383,90,4941,11002.533,17390.602,228.438,10.17,0.171,2.561,0.315
2023-11-16,891384,417,7922,11019.803,17215.439,228.328,9.54,0.0,-0.912,-0.064
2023-11-16,891389,80,4941,11001.105,17395.643,228.088,10.0,0.171,2.32,0.326
2023-11-16,891396,414,7922,11043.201,17224.616,228.607,9.54,0.0,0.0,0.0
2023-11-16,891397,70,4941,10999.844,17400.794,228.083,10.0,0.171,0.0,0.0
2023-11-16,891407,413,7922,11038.012,17224.042,228.647,9.66,0.0,0.0,0.0
2023-11-16,891411,11,4941,10990.185,17428.129,227.667,9.57,0.171,0.0,0.0
2023-11-16,891415,412,7922,11033.05,17223.337,228.273,9.54,0.0,0.0,0.0
2023-11-16,891417,23,4941,10991.647,17423.104,227.893,9.46,0.171,0.0,0.0
2023-11-16,891422,34,4941,10993.241,17417.881,228.042,9.57,0.171,0.0,0.0
2023-11-16,891425,409,7922,11028.317,17222.536,228.365,9.58,0.0,0.0,0.0
2023-11-16,891427,44,4941,10994.881,17412.996,228.204,9.35,0.171,0.0,0.0
2023-11-16,891431,54,4941,10996.432,17408.053,228.341,9.29,0.171,0.0,0.0
2023-11-16,891437,408,7922,11023.515,17221.49,228.512,9.7,0.0,0.0,0.0
2023-11-16,891438,64,4941,10997.693,17403.019,228.323,9.73,0.171,0.0,0.0
2023-11-16,891442,74,4941,10998.865,17397.96,228.391,9.51,0.171,0.0,0.0
2023-11-16,891447,84,4941,11000.237,17392.789,228.498,9.62,0.171,0.0,0.0
2023-11-16,891451,407,7922,11018.626,17220.628,228.559,9.7,0.0,0.0,0.0
2023-11-16,891453,94,4941,11001.241,17387.542,228.409,9.46,0.171,0.0,0.0
2023-11-16,891458,104,4941,11002.769,17382.429,228.415,9.51,0.171,0.0,0.0
2023-11-16,891463,404,7922,11041.79,17229.911,228.699,9.38,0.0,0.0,0.0
2023-11-16,891465,114,4941,11003.83,17377.298,228.791,9.46,0.171,0.0,0.0
2023-11-16,891470,124,4941,11005.336,17372.323,228.791,9.35,0.171,0.0,0.0
2023-11-16,891471,403,7922,11036.584,17229.047,228.74,9.73,0.0,0.0,0.0
2023-11-16,891476,134,4941,11006.397,17367.434,228.858,9.62,0.171,0.0,0.0
2023-11-16,891481,144,4941,11008.003,17362.226,228.631,9.51,0.171,0.0,0.0
2023-11-16,891482,402,7922,11031.994,17228.167,228.558,9.66,0.0,0.0,0.0
2023-11-16,891487,154,4941,11009.168,17356.984,228.577,9.62,0.171,0.0,0.0
2023-11-16,891492,164,4941,11010.202,17352.037,228.486,9.51,0.171,0.0,0.0
2023-11-16,891494,399,7922,11026.838,17227.351,228.437,9.73,0.0,0.0,0.0
2023-11-16,891499,174,4941,11011.384,17346.811,228.487,9.62,0.171,0.0,0.0
2023-11-16,891505,184,4941,11012.456,17341.629,228.306,9.46,0.171,0.0,0.0
2023-11-16,891508,398,7922,11022.098,17226.492,228.462,9.66,0.0,0.0,0.0
2023-11-16,891514,194,4941,11013.616,17336.576,228.003,9.62,0.171,0.0,0.0
2023-11-16,891519,204,4941,11014.722,17331.465,227.784,9.4,0.171,0.0,0.0
2023-11-16,891521,397,7922,11016.963,17225.51,228.441,9.66,0.0,0.0,0.0
2023-11-16,891527,214,4941,11016.038,17326.288,227.982,9.57,0.171,0.0,0.0
2023-11-16,891534,224,4941,11017.065,17321.252,228.174,9.57,0.171,0.0,0.0
2023-11-16,891538,387,7922,11015.401,17230.547,228.501,9.66,0.0,0.0,0.0
2023-11-16,891541,234,4941,11018.316,17316.34,228.116,9.73,0.171,0.0,0.0
2023-11-16,891548,244,4941,11019.331,17311.001,228.26,9.57,0.171,0.0,0.0
2023-11-16,891550,388,7922,11020.454,17231.722,228.457,9.58,0.0,0.0,0.0
2023-11-16,891554,254,4941,11020.57,17305.954,228.363,9.73,0.171,0.0,0.0
2023-11-16,891561,253,4941,11016.003,17305.156,228.305,9.57,0.171,0.0,0.0
2023-11-16,891565,389,7922,11025.148,17232.556,228.547,9.5,0.0,0.0,0.0
2023-11-16,891568,243,4941,11014.508,17310.242,228.099,9.68,0.171,0.0,0.0
2023-11-16,891573,233,4941,11013.225,17315.328,228.151,9.51,0.171,0.0,0.0
2023-11-16,891580,394,7922,11040.317,17234.638,229.069,9.58,0.0,0.0,0.0
2023-11-16,891582,223,4941,11012.32,17320.445,228.142,9.46,0.171,0.0,0.0
2023-11-16,890204,612,7922,11052.374,17120.087,229.436,10.15,0.0,0.0,0.0
2023-11-16,890220,649,7922,11051.441,17098.179,229.951,11.44,0.0,0.0,0.0
2023-11-16,890232,639,7922,11050.343,17103.796,229.833,10.54,0.0,0.0,0.0
2023-11-16,890240,629,7922,11049.232,17108.77,229.55,10.77,0.0,0.0,0.0
2023-11-16,890252,619,7922,11048.584,17114.088,229.12,10.47,0.0,0.0,0.0
2023-11-16,890259,609,7922,11047.645,17119.071,229.36,10.54,0.0,0.0,0.0
2023-11-16,882632,648,7922,11046.968,17098.705,229.879,0.54,0.0,0.0,0.0
2023-11-16,890584,366,4941,11047.729,17252.247,228.276,10.22,0.171,2.198,0.348
2023-11-16,890586,436,7922,11056.89,17216.569,229.504,10.55,0.0,3.002,0.422
2023-11-16,890589,365,4941,11043.073,17251.442,228.17,10.28,0.171,2.092,0.294
2023-11-16,890595,435,7922,11052.301,17215.79,229.103,10.0,0.0,2.68,0.377
2023-11-16,890598,376,4941,11049.057,17247.239,228.573,10.39,0.171,2.777,0.44
2023-11-16,890602,375,4941,11044.423,17246.458,228.25,1.26,0.171,1.234,0.151
2023-11-16,890607,430,7922,11046.364,17217.642,228.683,10.0,0.0,2.473,0.392
2023-11-16,890610,380,4941,11039.947,17243.086,228.546,10.01,0.171,2.666,0.47
2023-11-16,890616,370,4941,11038.509,17248.29,228.324,10.34,0.171,2.151,0.265
2023-11-16,890619,426,7922,11055.54,17221.717,229.434,10.04,0.0,2.931,0.57
2023-11-16,890625,360,4941,11037.214,17253.219,228.451,10.39,0.171,2.345,0.363
2023-11-16,890629,425,7922,11050.985,17220.99,228.778,9.96,0.0,2.509,0.308
2023-11-16,890632,350,4941,11036.03,17258.186,228.504,10.22,0.171,2.466,0.347
2023-11-16,890639,340,4941,11034.413,17263.43,228.417,10.28,0.171,2.545,0.495
2023-11-16,890640,420,7922,11045.153,17222.76,228.786,10.0,0.0,2.508,0.487
2023-11-16,890265,648,7922,11046.564,17097.594,229.624,10.74,0.0,0.0,0.0
2023-11-16,890271,638,7922,11045.48,17102.62,229.641,10.58,0.0,0.0,0.0
2023-11-16,890276,628,7922,11044.626,17107.818,229.55,10.04,0.0,0.0,0.0
2023-11-16,890281,618,7922,11043.594,17113.157,228.675,9.77,0.0,0.0,0.0
2023-11-16,890287,608,7922,11042.554,17117.965,229.286,10.0,0.0,0.0,0.0
2023-11-16,890297,647,7922,11040.716,17096.621,230.317,10.46,0.0,0.0,0.0
2023-11-16,890298,580,4941,11059.337,17139.709,229.498,10.66,0.171,0.0,0.0
2023-11-16,890302,574,4941,11058.362,17142.449,229.398,10.22,0.171,0.0,0.0
2023-11-16,890306,637,7922,11040.268,17101.899,229.872,10.66,0.0,0.0,0.0
2023-11-16,890309,573,4941,11053.417,17141.649,229.234,10.28,0.171,0.0,0.0
2023-11-16,890315,572,4941,11048.538,17140.754,229.05,10.39,0.171,0.0,0.0
2023-11-16,890317,627,7922,11039.592,17107.174,229.439,7.37,0.0,0.0,0.0
2023-11-16,890319,569,4941,11043.716,17139.757,229.052,8.19,0.171,0.0,0.0
2023-11-16,890648,330,4941,11033.208,17268.629,228.549,10.22,0.171,2.501,0.345
2023-11-16,890654,416,7922,11054.246,17226.789,229.179,9.97,0.0,2.747,0.383
2023-11-16,890655,320,4941,11032.035,17273.463,228.725,10.12,0.171,2.621,0.415
2023-11-16,890661,310,4941,11030.669,17278.66,228.421,10.12,0.171,2.652,0.275
2023-11-16,890665,415,7922,11049.523,17225.988,228.821,10.0,0.0,2.458,0.478
2023-11-16,890669,300,4941,11029.369,17283.736,228.283,10.23,0.171,2.581,0.409
2023-11-16,890673,410,7922,11043.947,17227.773,228.947,9.93,0.0,2.666,0.665
2023-11-16,890674,290,4941,11027.797,17288.865,227.873,10.17,0.171,2.282,0.485
2023-11-16,890681,280,4941,11026.569,17293.905,228.366,10.33,0.171,2.55,0.313
2023-11-16,890684,406,7922,11052.901,17231.859,228.879,10.0,0.0,2.691,0.283
2023-11-16,890685,270,4941,11025.241,17299.056,228.299,10.28,0.171,2.604,0.32
2023-11-16,890692,405,7922,11048.245,17231.015,228.693,10.0,0.0,2.406,0.381
2023-11-16,890695,264,4941,11022.115,17300.868,228.155,9.73,0.171,0.0,0.0
2023-11-16,890699,274,4941,11023.403,17295.789,228.275,9.46,0.171,0.0,0.0
2023-11-16,890700,400,7922,11042.397,17232.788,228.941,10.01,0.0,2.543,0.494
2023-11-16,890706,284,4941,11024.976,17290.761,228.352,9.46,0.171,0.0,0.0
2023-11-16,890709,294,4941,11026.543,17285.628,228.266,9.35,0.171,0.0,0.0
2023-11-16,889942,488,4941,11031.203,17180.209,228.343,9.68,0.171,0.0,0.0
2023-11-16,889947,722,7922,11062.905,17063.273,229.903,10.47,0.0,0.0,0.0
2023-11-16,889952,482,4941,11040.415,17186.465,228.403,9.84,0.171,0.0,0.0
2023-11-16,889959,712,7922,11061.894,17068.416,230.105,10.54,0.0,0.0,0.0
2023-11-16,889960,489,4941,11036.115,17181.065,228.218,9.62,0.171,0.0,0.0
2023-11-16,889979,492,4941,11041.234,17182.047,228.696,9.46,0.171,0.0,0.0
2023-11-16,889981,758,7922,11070.815,17048.738,229.572,10.55,0.0,0.0,0.0
2023-11-16,889984,504,4941,11051.989,17178.449,229.066,9.46,0.171,0.0,0.0
2023-11-16,889987,743,7922,11069.793,17053.725,229.676,10.59,0.0,0.0,0.0
2023-11-16,889988,503,4941,11047.027,17177.584,228.601,9.84,0.171,0.0,0.0
2023-11-16,889990,502,4941,11041.905,17176.872,228.258,9.35,0.171,0.0,0.0
2023-11-16,889993,733,7922,11068.633,17059.019,229.655,11.01,0.0,0.0,0.0
2023-11-16,889995,499,4941,11037.17,17175.918,228.265,9.46,0.171,0.0,0.0
2023-11-16,889998,498,4941,11032.214,17175.16,228.515,9.62,0.171,0.0,0.0
2023-11-16,890000,723,7922,11067.728,17064.207,230.129,10.7,0.0,0.0,0.0
2023-11-16,890003,497,4941,11027.436,17174.369,228.378,9.46,0.171,0.0,0.0
2023-11-16,890712,396,7922,11051.634,17237.013,228.803,10.0,0.0,2.647,0.419
2023-11-16,890714,304,4941,11027.721,17280.589,228.225,9.51,0.171,0.0,0.0
2023-11-16,890719,314,4941,11029.339,17275.59,228.064,9.51,0.171,0.0,0.0
2023-11-16,890720,395,7922,11047.19,17236.227,228.651,10.01,0.0,2.418,0.514
2023-11-16,890724,324,4941,11030.433,17270.573,228.295,9.51,0.171,0.0,0.0
2023-11-16,890729,334,4941,11031.8,17265.488,228.476,9.62,0.171,0.0,0.0
2023-11-16,890732,386,7922,11050.351,17241.945,228.889,9.93,0.0,2.63,0.464
2023-11-16,890736,344,4941,11033.244,17260.349,228.257,9.68,0.171,0.0,0.0
2023-11-16,890738,354,4941,11034.494,17255.309,228.346,9.51,0.171,0.0,0.0
2023-11-16,890741,385,7922,11045.795,17241.15,228.554,10.0,0.0,2.211,0.634
2023-11-16,890746,364,4941,11036.012,17250.327,228.612,9.51,0.171,0.0,0.0
2023-11-16,890750,363,4941,11031.133,17249.472,228.452,9.62,0.171,0.0,0.0
2023-11-16,890752,390,7922,11041.269,17237.916,229.009,10.0,0.0,2.499,0.531
2023-11-16,890757,374,4941,11037.329,17245.3,228.268,9.62,0.171,0.0,0.0
2023-11-16,890761,373,4941,11032.673,17244.379,228.512,9.57,0.171,0.0,0.0
2023-11-16,890765,454,7922,11047.461,17204.382,228.375,9.27,0.0,0.0,0.0
2023-11-16,890768,353,4941,11029.828,17254.557,228.284,9.68,0.171,0.0,0.0
2023-11-16,890771,343,4941,11028.304,17259.503,228.395,9.68,0.171,0.0,0.0
2023-11-16,890774,453,7922,11042.627,17203.48,228.39,9.23,0.0,0.0,0.0
2023-11-16,890777,333,4941,11026.916,17264.664,228.324,9.68,0.171,0.0,0.0
2023-11-16,890783,323,4941,11025.538,17269.662,228.556,4.4,0.171,0.0,0.0
2023-11-16,890785,452,7922,11037.603,17202.697,228.641,0.97,0.0,0.0,0.0
2023-11-16,890325,627,7922,11039.609,17107.181,229.431,10.15,0.0,0.0,0.0
2023-11-16,890326,569,4941,11043.709,17139.761,229.054,10.06,0.171,3.662,0.256
2023-11-16,890007,507,4941,11028.263,17169.155,228.393,9.35,0.171,0.0,0.0
2023-11-16,890333,568,4941,11038.747,17139.013,228.922,9.51,0.171,0.0,0.0
2023-11-16,890334,617,7922,11038.464,17112.028,229.06,10.16,0.0,0.0,0.0
2023-11-16,890335,567,4941,11033.802,17138.167,228.592,9.51,0.171,0.0,0.0
2023-11-16,890338,584,4941,11059.322,17137.146,229.627,10.11,0.171,0.0,0.0
2023-11-16,890340,583,4941,11054.388,17136.362,229.134,9.51,0.171,1.17,0.227
2023-11-16,890349,607,7922,11037.771,17117.356,229.198,10.01,0.0,0.0,0.0
2023-11-16,890355,604,7922,11061.226,17126.873,229.415,9.62,0.0,0.0,0.0
2023-11-16,890356,461,4941,11059.815,17204.101,228.492,11.65,0.171,5.934,0.614
2023-11-16,890360,451,4941,11059.089,17209.236,228.419,11.71,0.171,5.758,0.804
2023-11-16,890361,603,7922,11056.353,17126.063,229.311,9.62,0.0,0.0,0.0
2023-11-16,890366,441,4941,11057.877,17214.172,228.746,12.15,0.171,6.139,0.754
2023-11-16,890368,602,7922,11051.297,17125.227,229.312,10.0,0.0,0.0,0.0
2023-11-16,890372,431,4941,11056.677,17219.237,228.921,12.04,0.171,6.198,0.542
2023-11-16,890378,421,4941,11055.762,17224.576,229.307,11.6,0.171,6.49,0.912
2023-11-16,890379,599,7922,11046.401,17124.319,229.138,9.58,0.0,0.0,0.0
2023-11-16,890383,411,4941,11055.246,17229.495,228.77,11.65,0.171,5.955,0.731
2023-11-16,890388,598,7922,11041.489,17123.307,229.016,9.96,0.0,0.0,0.0
2023-11-16,890390,401,4941,11053.607,17234.71,228.559,11.55,0.171,5.604,0.589
2023-11-16,890008,713,7922,11066.709,17069.356,230.086,9.66,0.0,0.0,0.0
2023-11-16,890012,508,4941,11033.153,17170.069,228.638,9.84,0.171,0.0,0.0
2023-11-16,890014,509,4941,11038.153,17170.84,228.157,9.35,0.171,0.0,0.0
2023-11-16,890018,514,4941,11052.889,17173.277,229.506,9.4,0.171,0.0,0.0
2023-11-16,890022,513,4941,11047.854,17172.402,228.864,9.57,0.171,0.0,0.0
2023-11-16,890024,890024,7922,11061.249,17065.728,229.268,9.62,0.0,0.0,0.0
2023-11-16,890026,890026,7922,11061.428,17065.838,229.301,1.04,0.0,0.0,0.0
2023-11-16,890027,502,4941,11042.435,17175.755,228.498,9.73,0.171,0.0,0.0
2023-11-16,890030,703,7922,11066.013,17074.603,230.27,2.67,0.0,0.0,0.0
2023-11-16,890033,512,4941,11043.176,17171.584,228.382,9.51,0.171,0.0,0.0
2023-11-16,890036,524,4941,11053.827,17168.153,229.572,10.66,0.171,0.0,0.0
2023-11-16,890038,693,7922,11064.985,17079.437,230.387,11.04,0.0,0.0,0.0
2023-11-16,890040,523,4941,11048.659,17167.233,229.293,10.17,0.171,0.0,0.0
2023-11-16,890043,683,7922,11064.081,17084.726,230.536,11.09,0.0,0.0,0.0
2023-11-16,890045,522,4941,11043.836,17166.534,228.737,9.4,0.171,0.0,0.0
2023-11-16,890047,519,4941,11038.891,17165.646,228.675,9.35,0.171,0.0,0.0
2023-11-16,890050,673,7922,11062.853,17089.838,230.402,11.98,0.0,0.0,0.0
2023-11-16,890051,518,4941,11034.078,17164.62,228.8,9.46,0.171,0.0,0.0
2023-11-16,890054,517,4941,11028.955,17163.739,228.389,9.29,0.171,0.0,0.0
2023-11-16,890058,663,7922,11061.669,17094.867,230.339,11.2,0.0,0.0,0.0
2023-11-16,890059,527,4941,11029.905,17158.694,228.68,10.22,0.171,0.0,0.0
2023-11-16,890063,528,4941,11034.872,17159.53,229.083,9.46,0.171,0.0,0.0
2023-11-16,890066,528,4941,11034.839,17159.543,229.056,0.6,0.171,0.0,0.0
2023-11-16,890067,529,4941,11039.818,17160.509,228.856,10.06,0.171,0.0,0.0
2023-11-16,890068,702,7922,11060.968,17073.657,230.467,23.26,0.0,0.0,0.0
2023-11-16,890394,391,4941,11052.246,17239.805,228.287,2.97,0.171,3.477,0.535
2023-11-16,890401,597,7922,11036.655,17122.568,229.137,9.96,0.0,0.0,0.0
2023-11-16,890402,381,4941,11050.69,17244.934,228.443,11.65,0.171,5.852,1.244
2023-11-16,890409,371,4941,11049.339,17249.854,228.514,3.08,0.171,3.781,0.531
2023-11-16,890413,361,4941,11047.783,17254.81,228.444,11.55,0.171,5.784,0.71
2023-11-16,890415,594,7922,11060.304,17131.948,229.566,10.0,0.0,0.0,0.0
2023-11-16,890421,351,4941,11046.266,17260.02,228.415,3.02,0.171,2.963,0.364
2023-11-16,890424,593,7922,11055.387,17131.183,229.391,9.7,0.0,0.0,0.0
2023-11-16,890427,341,4941,11044.867,17265.25,228.415,11.82,0.171,6.03,1.062
2023-11-16,890431,592,7922,11050.458,17130.233,229.356,10.0,0.0,0.0,0.0
2023-11-16,890432,331,4941,11043.572,17270.286,228.393,11.55,0.171,5.79,1.021
2023-11-16,890439,321,4941,11042.249,17275.167,228.605,11.82,0.171,5.621,0.79
2023-11-16,890441,589,7922,11045.451,17129.348,229.096,9.66,0.0,0.0,0.0
2023-11-16,890444,311,4941,11041.156,17280.46,228.747,3.35,0.171,3.49,0.678
2023-11-16,890450,301,4941,11039.56,17285.377,228.649,3.41,0.171,4.473,0.433
2023-11-16,890451,588,7922,11040.551,17128.535,228.915,9.62,0.0,0.0,0.0
2023-11-16,890072,532,4941,11044.79,17161.13,229.126,10.17,0.171,0.0,0.0
2023-11-16,890077,534,4941,11054.643,17163.05,229.336,10.17,0.171,0.0,0.0
2023-11-16,890080,533,4941,11049.791,17162.077,229.11,1.21,0.171,0.0,0.0
2023-11-16,890082,682,7922,11058.956,17083.656,230.815,11.12,0.0,0.0,0.0
2023-11-16,890083,544,4941,11055.503,17158.077,229.538,10.12,0.171,0.0,0.0
2023-11-16,890090,543,4941,11050.524,17157.117,229.143,10.83,0.171,0.0,0.0
2023-11-16,890092,672,7922,11057.808,17089.064,230.536,11.25,0.0,0.0,0.0
2023-11-16,890096,542,4941,11045.779,17156.072,229.224,10.17,0.171,0.0,0.0
2023-11-16,890101,539,4941,11040.801,17155.373,228.884,10.0,0.171,0.0,0.0
2023-11-16,890106,538,4941,11035.844,17154.569,228.647,9.29,0.171,0.0,0.0
2023-11-16,890108,662,7922,11057.364,17094.032,230.438,11.13,0.0,0.0,0.0
2023-11-16,890112,537,4941,11030.877,17153.74,228.338,9.29,0.171,0.0,0.0
2023-11-16,890115,547,4941,11031.904,17148.525,228.362,9.29,0.171,0.0,0.0
2023-11-16,890118,653,7922,11061.099,17100.244,230.358,11.17,0.0,0.0,0.0
2023-11-16,890121,548,4941,11036.782,17149.387,228.572,9.35,0.171,0.0,0.0
2023-11-16,890125,549,4941,11041.839,17150.138,229.0,9.57,0.171,0.0,0.0
2023-11-16,890127,643,7922,11059.766,17105.32,230.137,10.66,0.0,0.0,0.0
2023-11-16,890132,552,4941,11046.672,17150.935,229.325,10.11,0.171,0.0,0.0
2023-11-16,890458,291,4941,11037.792,17290.295,228.879,12.15,0.171,6.403,0.673
2023-11-16,890461,281,4941,11036.626,17295.609,228.542,12.14,0.171,5.882,0.515
2023-11-16,890464,587,7922,11035.722,17127.721,229.018,9.77,0.0,0.0,0.0
2023-11-16,890468,271,4941,11035.777,17300.725,228.647,11.55,0.171,5.699,0.7
2023-11-16,890473,582,7922,11049.414,17135.49,229.113,9.97,0.0,0.0,0.0
2023-11-16,890478,266,4941,11034.373,17303.091,228.338,10.28,0.171,2.356,0.458
2023-11-16,890484,265,4941,11029.795,17302.274,228.676,1.43,0.171,2.576,0.408
2023-11-16,890485,579,7922,11044.703,17134.725,229.169,9.5,0.0,0.0,0.0
2023-11-16,890491,276,4941,11035.578,17298.15,228.439,10.11,0.171,2.389,0.419
2023-11-16,890496,578,7922,11039.479,17133.698,229.106,9.73,0.0,0.0,0.0
2023-11-16,890497,275,4941,11031.045,17297.182,228.615,10.06,0.171,2.755,0.29
2023-11-16,890500,286,4941,11036.817,17292.895,229.089,10.17,0.171,3.277,0.637
2023-11-16,890504,285,4941,11032.551,17292.154,228.464,10.01,0.171,2.848,0.4
2023-11-16,890505,577,7922,11034.929,17132.88,229.168,10.0,0.0,0.0,0.0
2023-11-16,890510,296,4941,11037.832,17287.699,228.789,10.17,0.171,2.909,0.513
2023-11-16,890514,295,4941,11033.762,17287.069,228.35,10.0,0.171,2.717,0.334
2023-11-16,890137,554,4941,11056.518,17152.627,229.632,10.17,0.171,0.0,0.0
2023-11-16,890138,633,7922,11058.966,17110.231,230.344,10.9,0.0,0.0,0.0
2023-11-16,890143,553,4941,11051.796,17151.823,229.501,10.12,0.171,0.0,0.0
2023-11-16,890149,623,7922,11057.917,17115.563,229.619,10.54,0.0,0.0,0.0
2023-11-16,890150,564,4941,11057.524,17147.539,229.409,10.11,0.171,0.0,0.0
2023-11-16,890156,563,4941,11052.545,17146.628,229.33,10.28,0.171,0.0,0.0
2023-11-16,890158,613,7922,11057.224,17120.796,229.362,10.85,0.0,0.0,0.0
2023-11-16,890163,562,4941,11047.656,17145.929,229.067,10.11,0.171,0.0,0.0
2023-11-16,890169,652,7922,11056.219,17098.798,230.365,11.16,0.0,0.0,0.0
2023-11-16,890170,559,4941,11042.643,17145.022,229.022,9.51,0.171,0.0,0.0
2023-11-16,890174,558,4941,11037.675,17143.964,228.839,9.35,0.171,0.0,0.0
2023-11-16,890179,557,4941,11032.819,17143.108,228.468,9.35,0.171,0.0,0.0
2023-11-16,890180,642,7922,11055.272,17104.648,230.284,10.62,0.0,0.0,0.0
2023-11-16,890186,890186,4941,11021.172,17222.774,228.561,0.11,0.171,0.0,0.0
2023-11-16,890189,632,7922,11054.556,17109.657,229.838,10.58,0.0,0.0,0.0
2023-11-16,890199,622,7922,11053.329,17115.0,229.731,10.31,0.0,0.0,0.0
2023-11-16,890519,306,4941,11039.706,17282.859,228.611,10.28,0.171,3.012,0.64
2023-11-16,890520,456,7922,11058.605,17206.421,228.942,10.04,0.0,2.85,0.451
2023-11-16,890523,305,4941,11035.055,17281.787,228.376,10.01,0.171,2.454,0.301
2023-11-16,890526,455,7922,11054.1,17205.57,228.655,10.0,0.0,2.722,0.431
2023-11-16,890529,316,4941,11041.095,17277.763,228.726,10.34,0.171,2.891,0.355
2023-11-16,890531,315,4941,11036.523,17276.962,228.388,10.06,0.171,2.309,0.324
2023-11-16,890534,460,7922,11049.473,17202.251,228.419,10.07,0.0,2.462,0.302
2023-11-16,890537,326,4941,11042.328,17272.583,228.568,10.23,0.171,2.574,0.453
2023-11-16,890541,325,4941,11037.862,17271.85,228.118,10.22,0.171,2.337,0.37
2023-11-16,890543,450,7922,11048.497,17207.502,228.411,9.96,0.0,2.346,0.373
2023-11-16,890549,336,4941,11043.612,17267.501,228.308,10.23,0.171,2.382,0.335
2023-11-16,890554,335,4941,11039.167,17266.693,227.757,10.22,0.171,1.881,0.231
2023-11-16,890556,446,7922,11057.951,17211.481,229.218,10.51,0.0,2.826,0.448
2023-11-16,890561,346,4941,11045.084,17262.389,228.021,10.28,0.171,2.39,0.465
2023-11-16,890564,445,7922,11053.106,17210.811,228.935,10.0,0.0,3.446,0.546
2023-11-16,890566,345,4941,11040.617,17261.541,228.078,10.28,0.171,2.295,0.282
2023-11-16,890573,356,4941,11046.389,17257.244,228.279,10.28,0.171,2.211,0.47
2023-11-16,890575,440,7922,11047.676,17212.631,228.775,10.0,0.0,2.699,0.189
2023-11-16,890577,355,4941,11041.611,17256.418,227.923,10.12,0.171,1.938,0.204
2023-11-16,889010,749,7922,11060.657,17046.849,229.699,10.66,0.0,0.0,0.0
2023-11-16,889025,889025,7922,11051.297,17095.366,230.163,10.7,0.0,0.0,0.0
2023-11-16,889033,659,7922,11052.392,17093.418,230.532,10.74,0.0,0.0,0.0
2023-11-16,889292,726,7922,11083.136,17066.55,230.369,11.98,0.0,3.631,0.905
2023-11-16,889295,561,4941,11069.074,17152.593,229.515,12.59,0.171,6.367,0.782
2023-11-16,889300,725,7922,11078.304,17066.037,230.109,11.08,0.0,3.443,0.828
2023-11-16,889303,551,4941,11067.734,17157.343,230.238,12.53,0.171,7.099,1.123
2023-11-16,889310,541,4941,11066.517,17162.438,230.15,12.65,0.171,7.192,0.629
2023-11-16,889311,736,7922,11083.519,17061.56,230.416,11.44,0.0,3.804,0.333
2023-11-16,889319,531,4941,11066.058,17167.612,229.839,12.1,0.171,6.583,0.576
2023-11-16,889323,735,7922,11079.007,17060.673,229.921,11.21,0.0,3.261,0.693
2023-11-16,889327,521,4941,11065.271,17173.133,229.211,12.04,0.171,5.757,0.707
2023-11-16,889334,731,7922,11074.005,17062.567,229.52,11.24,0.0,3.06,0.485
2023-11-16,889335,511,4941,11064.254,17177.836,229.243,3.96,0.171,4.702,0.661
2023-11-16,889342,501,4941,11063.288,17183.184,228.653,11.54,0.171,5.224,0.734
2023-11-16,889343,720,7922,11072.917,17067.759,229.755,11.36,0.0,2.992,0.858
2023-11-16,889349,491,4941,11062.763,17188.505,228.507,11.55,0.171,5.67,0.696
2023-11-16,889355,481,4941,11062.084,17193.376,228.451,7.92,0.171,3.99,0.49
2023-11-16,888945,698,7922,11050.982,17071.825,230.569,11.01,0.0,0.0,0.0
2023-11-16,888965,688,7922,11050.383,17077.025,230.549,11.04,0.0,0.0,0.0
2023-11-16,888976,678,7922,11049.356,17082.273,230.479,11.01,0.0,0.0,0.0
2023-11-16,888985,668,7922,11048.562,17087.207,230.535,11.01,0.0,0.0,0.0
2023-11-16,888992,667,7922,11043.561,17086.377,230.332,11.04,0.0,0.0,0.0
2023-11-16,888999,657,7922,11042.222,17091.398,229.896,10.73,0.0,0.0,0.0
2023-11-16,889003,658,7922,11047.379,17092.308,230.1,11.28,0.0,0.0,0.0
2023-11-16,889041,739,7922,11059.797,17052.144,229.612,10.66,0.0,0.0,0.0
2023-11-16,889048,729,7922,11058.747,17057.223,229.683,10.74,0.0,0.0,0.0
2023-11-16,889056,719,7922,11057.932,17062.531,230.041,10.97,0.0,0.0,0.0
2023-11-16,889064,709,7922,11057.161,17067.778,230.24,10.89,0.0,0.0,0.0
2023-11-16,889071,699,7922,11056.128,17072.853,230.543,11.17,0.0,0.0,0.0
2023-11-16,889079,753,4941,11084.393,17054.183,229.683,4.45,0.171,4.898,-0.343
2023-11-16,889082,689,7922,11055.396,17077.982,230.774,11.36,0.0,0.0,0.0
2023-11-16,889085,742,4941,11084.201,17059.545,230.004,9.57,0.171,5.83,0.51
2023-11-16,889089,742,4941,11084.224,17059.506,230.213,4.56,0.171,4.807,0.421
2023-11-16,889094,732,4941,11083.718,17064.21,230.093,4.56,0.171,4.838,0.676
2023-11-16,889097,679,7922,11054.201,17083.096,230.773,11.21,0.0,0.0,0.0
2023-11-16,889098,721,4941,11083.198,17069.55,229.781,12.7,0.171,6.236,0.766
2023-11-16,889356,716,7922,11082.487,17071.832,230.045,3.29,0.0,0.761,0.107
2023-11-16,889104,711,4941,11082.465,17074.728,229.656,3.08,0.171,3.544,0.498
2023-11-16,889108,669,7922,11053.219,17088.23,230.745,11.32,0.0,0.0,0.0
2023-11-16,889111,701,4941,11081.404,17079.722,229.872,12.53,0.171,6.091,0.856
2023-11-16,889116,691,4941,11080.533,17084.975,229.849,5.5,0.171,4.348,0.534
2023-11-16,889118,759,7922,11075.783,17049.591,229.657,10.73,0.0,1.483,-2.675
2023-11-16,889122,681,4941,11079.417,17090.06,229.963,13.58,0.171,6.848,1.085
2023-11-16,889126,760,7922,11078.289,17050.018,229.745,11.32,0.0,0.0,0.0
2023-11-16,889127,671,4941,11079.256,17094.89,230.056,12.59,0.171,6.058,0.744
2023-11-16,889132,661,4941,11078.797,17100.214,229.854,12.53,0.171,3.822,0.402
2023-11-16,889213,686,7922,11079.401,17087.36,230.304,11.82,0.0,3.026,0.755
2023-11-16,889214,761,4941,11080.25,17050.67,229.352,12.53,0.171,4.208,-4.513
2023-11-16,889221,651,4941,11078.239,17105.691,230.1,12.59,0.171,6.889,0.724
2023-11-16,889223,685,7922,11075.13,17086.707,230.392,11.98,0.0,3.486,0.741
2023-11-16,889227,641,4941,11077.546,17111.055,229.536,4.62,0.171,4.492,0.711
2023-11-16,889234,752,7922,11082.316,17052.4,229.897,11.32,0.0,2.723,-1.637
2023-11-16,889236,631,4941,11076.637,17116.443,229.47,4.51,0.171,2.91,0.461
2023-11-16,889241,621,4941,11075.47,17121.537,229.456,12.59,0.171,6.166,0.648
2023-11-16,889242,746,7922,11084.056,17056.363,230.103,11.36,0.0,3.341,0.351
2023-11-16,889249,611,4941,11074.488,17126.654,229.528,12.7,0.171,6.231,0.876
2023-11-16,889251,745,7922,11079.974,17055.634,229.68,11.24,0.0,3.284,0.462
2023-11-16,889256,601,4941,11073.45,17131.909,229.498,12.59,0.171,6.031,0.422
2023-11-16,889264,751,7922,11075.726,17052.183,229.56,11.09,0.0,3.175,-0.278
2023-11-16,889268,591,4941,11072.467,17136.934,229.902,12.64,0.171,7.161,1.134
2023-11-16,889275,741,7922,11074.864,17057.049,229.583,11.13,0.0,3.156,1.149
2023-11-16,889280,581,4941,11071.083,17142.066,229.437,13.8,0.171,7.833,0.823
2023-11-16,889287,571,4941,11070.267,17147.13,229.542,12.53,0.171,6.237,1.1
2023-11-16,925455,782,2442,11030.488,17075.594,230.533,8.74,0.171,0.0,0.0
2023-11-16,925479,782,2442,11030.487,17075.586,230.553,0.27,0.171,0.0,0.0
2023-11-16,925484,782,2442,11030.487,17075.566,230.583,11.16,0.171,0.0,0.0
2023-11-16,925494,785,2442,11042.585,17078.235,230.271,11.22,0.171,0.0,0.0
2023-11-16,925504,784,2442,11038.976,17077.443,230.417,11.38,0.171,0.0,0.0
2023-11-16,925514,783,2442,11035.289,17076.703,230.418,12.1,0.171,0.0,0.0
2023-11-16,925526,776,2442,11041.534,17082.899,230.318,11.05,0.171,0.0,0.0
2023-11-16,925538,775,2442,11037.992,17082.361,230.499,11.05,0.171,0.0,0.0
2023-11-16,925550,774,2442,11034.109,17081.361,230.539,11.05,0.171,0.0,0.0
2023-11-16,925563,773,2442,11029.246,17080.202,230.729,11.27,0.171,0.0,0.0
2023-11-16,925575,772,2442,11024.223,17079.333,230.116,10.78,0.171,0.0,0.0
2023-11-16,925587,771,2442,11019.19,17078.784,229.765,9.51,0.171,0.0,0.0
2023-11-16,925598,770,2442,11014.344,17077.638,229.701,9.68,0.171,0.0,0.0
2023-11-16,925606,769,2442,11009.455,17077.072,229.264,9.46,0.171,0.0,0.0
2023-11-16,925615,768,2442,11006.276,17076.882,229.136,6.93,0.171,0.0,0.0
2023-11-16,925620,759,2442,11005.253,17081.595,229.334,7.09,0.171,0.0,0.0
2023-11-16,925628,760,2442,11008.227,17082.164,229.343,9.4,0.171,0.0,0.0
2023-11-16,925634,761,2442,11013.217,17083.0,229.523,9.68,0.171,0.0,0.0
2023-11-16,925645,762,2442,11018.151,17083.765,229.856,9.57,0.171,0.0,0.0
2023-11-16,925652,763,2442,11023.096,17084.555,230.142,10.72,0.171,0.0,0.0
2023-11-16,925661,764,2442,11028.096,17085.189,230.67,10.88,0.171,0.0,0.0
2023-11-16,925671,767,2442,11040.405,17087.602,230.42,9.9,0.171,0.0,0.0
2023-11-16,925112,794,2442,11043.601,17073.059,230.352,11.38,0.171,0.0,0.0
2023-11-16,925693,766,2442,11036.774,17087.113,230.428,11.1,0.171,0.0,0.0
2023-11-16,925703,765,2442,11033.221,17086.429,230.408,11.0,0.171,0.0,0.0
2023-11-16,925714,758,2442,11039.644,17092.497,230.483,6.87,0.171,0.0,0.0
2023-11-16,925722,758,2442,11039.762,17091.413,230.523,4.4,0.171,0.0,0.0
2023-11-16,925726,757,2442,11035.734,17091.911,230.556,11.05,0.171,0.0,0.0
2023-11-16,925734,767,2442,11039.785,17088.697,230.562,1.65,0.171,0.0,0.0
2023-11-16,925123,793,2442,11040.02,17072.475,230.798,11.05,0.171,0.0,0.0
2023-11-16,925151,792,2442,11036.405,17071.611,230.476,11.16,0.171,0.0,0.0
2023-11-16,925168,791,2442,11031.327,17070.965,230.275,11.1,0.171,0.0,0.0
2023-11-16,925180,790,2442,11026.581,17069.701,230.345,10.55,0.171,0.0,0.0
2023-11-16,925739,756,2442,11031.925,17091.169,230.531,11.16,0.171,0.0,0.0
2023-11-16,925748,755,2442,11026.923,17090.124,230.535,10.61,0.171,0.0,0.0
2023-11-16,925758,754,2442,11021.867,17089.438,230.066,10.55,0.171,0.0,0.0
2023-11-16,925769,753,2442,11017.088,17088.484,229.853,10.78,0.171,0.0,0.0
2023-11-16,925778,752,2442,11012.065,17087.622,229.437,9.73,0.171,0.0,0.0
2023-11-16,925786,751,2442,11007.154,17086.929,229.419,9.46,0.171,0.0,0.0
2023-11-16,925795,750,2442,11004.091,17086.354,229.494,6.6,0.171,0.0,0.0
2023-11-16,925190,789,2442,11021.568,17068.849,229.832,10.61,0.171,0.0,0.0
2023-11-16,925199,788,2442,11016.646,17068.104,229.794,10.5,0.171,0.0,0.0
2023-11-16,925210,787,2442,11011.689,17067.203,229.569,10.06,0.171,0.0,0.0
2023-11-16,925220,786,2442,11008.471,17066.777,229.555,6.65,0.171,0.0,0.0
2023-11-16,925226,777,2442,11007.485,17071.236,229.298,6.71,0.171,0.0,0.0
2023-11-16,925231,778,2442,11010.583,17071.961,229.396,10.66,0.171,0.0,0.0
2023-11-16,925244,779,2442,11015.494,17072.804,229.638,10.06,0.171,0.0,0.0
2023-11-16,925802,741,2442,11002.94,17091.341,229.566,6.6,0.171,0.0,0.0
2023-11-16,925807,742,2442,11005.881,17091.858,229.522,9.46,0.171,0.0,0.0
2023-11-16,925814,743,2442,11010.804,17092.662,229.633,9.73,0.171,0.0,0.0
2023-11-16,925824,744,2442,11015.688,17093.433,229.613,10.55,0.171,0.0,0.0
2023-11-16,925836,745,2442,11020.894,17094.21,230.08,10.83,0.171,0.0,0.0
2023-11-16,925847,746,2442,11025.784,17095.111,230.071,10.89,0.171,0.0,0.0
2023-11-16,925856,747,2442,11030.518,17095.981,230.381,11.43,0.171,0.0,0.0
2023-11-16,925253,780,2442,11020.473,17073.497,229.384,10.45,0.171,0.0,0.0
2023-11-16,925266,781,2442,11025.33,17074.621,230.574,10.55,0.171,0.0,0.0
2023-11-16,925903,749,2442,11038.571,17097.51,230.697,11.21,0.171,0.0,0.0
2023-11-16,925914,748,2442,11034.651,17097.009,230.474,10.56,0.171,0.0,0.0
2023-11-16,925929,740,2442,11037.677,17102.489,230.442,10.61,0.171,0.0,0.0
2023-11-16,925940,739,2442,11033.69,17101.976,230.224,10.55,0.171,0.0,0.0
2023-11-16,925953,738,2442,11029.489,17100.798,230.354,10.56,0.171,0.0,0.0
2023-11-16,925970,737,2442,11024.465,17099.727,230.179,10.5,0.171,0.0,0.0
2023-11-16,925981,736,2442,11019.665,17098.91,229.868,10.55,0.171,0.0,0.0
2023-11-16,925993,735,2442,11014.576,17098.485,229.344,10.28,0.171,0.0,0.0
2023-11-16,926001,734,2442,11009.786,17097.231,229.621,10.45,0.171,0.0,0.0
2023-11-16,926016,731,2442,11036.815,17107.286,230.393,10.67,0.171,0.0,0.0
2023-11-16,926023,730,2442,11032.483,17106.624,230.26,10.55,0.171,0.0,0.0
2023-11-16,926033,729,2442,11028.282,17105.436,230.305,10.61,0.171,0.0,0.0
2023-11-16,926043,728,2442,11023.437,17104.59,229.986,10.55,0.171,0.0,0.0
2023-11-16,926051,727,2442,11018.492,17103.806,229.639,10.22,0.171,0.0,0.0
2023-11-16,926061,726,2442,11013.526,17103.459,229.014,10.17,0.171,0.0,0.0
2023-11-16,926068,725,2442,11008.524,17102.252,229.365,10.28,0.171,0.0,0.0
2023-11-16,926080,722,2442,11035.798,17112.162,230.117,10.66,0.171,0.0,0.0
2023-11-16,926088,721,2442,11031.493,17111.438,230.083,10.72,0.171,0.0,0.0
2023-11-16,926095,720,2442,11027.087,17110.355,229.985,10.23,0.171,0.0,0.0
2023-11-16,926102,719,2442,11022.019,17109.343,229.864,10.23,0.171,0.0,0.0
2023-11-16,926110,718,2442,11017.03,17108.723,229.309,10.22,0.171,0.0,0.0
2023-11-16,926119,717,2442,11012.096,17107.913,229.334,10.17,0.171,0.0,0.0
2023-11-16,926126,716,2442,11007.206,17107.102,229.229,10.22,0.171,0.0,0.0
2023-11-16,926130,713,2442,11034.826,17117.24,229.975,11.0,0.171,0.0,0.0
2023-11-16,926134,712,2442,11030.17,17116.142,229.965,10.34,0.171,0.0,0.0
2023-11-16,926136,711,2442,11025.546,17115.07,229.647,10.17,0.171,0.0,0.0
2023-11-16,926143,731,2442,11035.734,17106.853,230.256,9.83,0.171,0.0,0.0
2023-11-16,926170,710,2442,11020.59,17114.299,229.471,10.17,0.171,0.0,0.0
2023-11-16,926179,709,2442,11015.662,17113.698,229.204,10.11,0.171,0.0,0.0
2023-11-16,926190,708,2442,11010.722,17112.751,229.214,10.11,0.171,0.0,0.0
2023-11-16,926202,707,2442,11005.822,17112.117,229.115,10.17,0.171,0.0,0.0
2023-11-16,926214,733,2442,11004.885,17096.317,229.636,10.22,0.171,0.0,0.0
2023-11-16,926223,732,2442,11001.789,17096.113,229.633,6.65,0.171,0.0,0.0
2023-11-16,926228,724,2442,11003.802,17101.48,229.414,10.17,0.171,0.0,0.0
2023-11-16,926237,635,2441,11027.19,17156.16,229.747,9.96,0.171,0.0,0.0
2023-11-16,926241,723,2442,11000.75,17100.904,229.599,6.54,0.171,0.0,0.0
2023-11-16,926249,715,2442,11002.35,17106.214,229.48,10.23,0.171,0.0,0.0
2023-11-16,926253,634,2441,11023.303,17155.392,229.647,10.35,0.171,0.0,0.0
2023-11-16,926259,714,2442,10999.242,17105.573,229.632,6.65,0.171,0.0,0.0
2023-11-16,926262,633,2441,11019.188,17154.807,229.638,10.41,0.171,0.0,0.0
2023-11-16,926265,706,2442,11000.865,17111.085,229.382,10.56,0.171,0.0,0.0
2023-11-16,926273,632,2441,11014.358,17153.749,229.523,10.47,0.171,0.0,0.0
2023-11-16,926275,705,2442,10997.952,17110.483,229.635,6.76,0.171,0.0,0.0
2023-11-16,926281,704,2442,11033.87,17122.07,229.647,10.28,0.171,0.0,0.0
2023-11-16,926283,631,2441,11009.336,17153.031,229.566,10.52,0.171,0.0,0.0
2023-11-16,925282,781,2442,11025.319,17074.627,230.577,10.55,0.171,0.0,0.0
2023-11-16,926295,630,2441,11004.579,17152.018,229.702,10.35,0.171,0.0,0.0
2023-11-16,926298,703,2442,11029.008,17121.191,229.657,10.28,0.171,0.0,0.0
2023-11-16,926310,629,2441,10999.712,17151.234,229.839,10.63,0.171,0.0,0.0
2023-11-16,926312,702,2442,11024.118,17120.149,229.259,10.28,0.171,0.0,0.0
2023-11-16,926325,701,2442,11019.196,17119.431,229.033,10.22,0.171,0.0,0.0
2023-11-16,926327,628,2441,10994.732,17150.192,229.931,10.52,0.171,0.0,0.0
2023-11-16,926336,700,2442,11014.284,17118.621,229.041,10.17,0.171,0.0,0.0
2023-11-16,926342,627,2441,10989.793,17149.405,230.25,10.86,0.171,0.0,0.0
2023-11-16,926348,699,2442,11009.349,17117.726,229.056,10.22,0.171,0.0,0.0
2023-11-16,926352,626,2441,10985.087,17148.549,230.323,5.88,0.171,0.0,0.0
2023-11-16,926359,616,2441,10983.535,17153.172,230.375,5.99,0.171,0.0,0.0
2023-11-16,926361,698,2442,11004.36,17116.867,229.244,10.17,0.171,0.0,0.0
2023-11-16,926370,617,2441,10988.525,17154.269,230.093,10.91,0.171,0.0,0.0
2023-11-16,926376,697,2442,10999.414,17115.969,229.298,10.28,0.171,0.0,0.0
2023-11-16,926382,618,2441,10993.471,17155.079,229.826,10.91,0.171,0.0,0.0
2023-11-16,926388,696,2442,10996.607,17115.405,229.597,6.6,0.171,0.0,0.0
2023-11-16,926394,686,2442,10994.955,17120.166,229.641,6.71,0.171,0.0,0.0
2023-11-16,926398,619,2441,10998.245,17155.887,229.965,9.46,0.171,0.0,0.0
2023-11-16,926404,687,2442,10998.079,17120.441,229.606,5.28,0.171,0.0,0.0
2023-11-16,928393,453,2441,10995.077,17230.809,229.178,10.13,0.171,0.0,0.0
2023-11-16,928400,354,2442,10969.66,17266.718,229.886,10.66,0.171,0.0,0.0
2023-11-16,928404,452,2441,10990.221,17229.979,229.331,9.96,0.171,0.0,0.0
2023-11-16,928409,355,2442,10974.468,17267.965,229.644,9.57,0.171,0.0,0.0
2023-11-16,928417,451,2441,10985.231,17229.124,229.328,10.07,0.171,0.0,0.0
2023-11-16,928418,361,2442,11002.001,17272.526,229.671,6.21,0.171,0.0,0.0
2023-11-16,928422,361,2442,11000.842,17272.269,229.688,5.39,0.171,0.0,0.0
2023-11-16,928424,360,2442,10998.079,17271.608,229.359,1.37,0.171,0.0,0.0
2023-11-16,928428,360,2442,10996.942,17271.253,229.299,9.46,0.171,0.0,0.0
2023-11-16,928434,450,2441,10980.341,17228.275,229.557,10.07,0.171,0.0,0.0
2023-11-16,928435,359,2442,10994.148,17271.029,229.377,9.46,0.171,0.0,0.0
2023-11-16,928442,358,2442,10989.191,17270.043,229.452,9.51,0.171,0.0,0.0
2023-11-16,928448,449,2441,10975.329,17227.335,229.078,10.07,0.171,0.0,0.0
2023-11-16,928451,357,2442,10984.257,17269.246,229.414,9.68,0.171,0.0,0.0
2023-11-16,928458,356,2442,10979.345,17268.521,229.587,9.51,0.171,0.0,0.0
2023-11-16,928465,448,2441,10970.484,17226.446,229.337,10.01,0.171,0.0,0.0
2023-11-16,928469,349,2442,11000.649,17277.21,229.764,5.44,0.171,0.0,0.0
2023-11-16,928470,348,2442,10996.718,17276.622,229.456,9.51,0.171,0.0,0.0
2023-11-16,928477,347,2442,10992.741,17275.874,229.386,9.35,0.171,0.0,0.0
2023-11-16,928478,447,2441,10965.527,17225.597,229.728,10.23,0.171,9.808,2.628
2023-11-16,928485,346,2442,10987.962,17274.939,229.56,9.51,0.171,0.0,0.0
2023-11-16,928491,345,2442,10983.006,17273.992,229.441,9.46,0.171,0.0,0.0
2023-11-16,928498,248,2441,10987.077,17317.905,229.829,10.52,0.171,2.676,0.667
2023-11-16,928499,343,2442,10978.183,17273.339,229.159,9.51,0.171,-0.969,-0.224
2023-11-16,928504,342,2442,10973.304,17272.333,229.835,9.57,0.171,0.0,0.0
2023-11-16,928507,260,2441,10988.283,17313.054,229.808,10.52,0.171,2.856,0.504
2023-11-16,928510,341,2442,10968.36,17271.712,229.77,9.57,0.171,0.0,0.0
2023-11-16,928516,340,2442,10963.414,17270.746,229.988,10.61,0.171,0.0,0.0
2023-11-16,928518,272,2441,10989.144,17308.172,229.856,10.91,0.171,3.126,0.274
2023-11-16,928524,339,2442,10958.435,17269.851,229.787,10.57,0.171,0.0,0.0
2023-11-16,928526,236,2441,10985.798,17322.716,229.742,10.58,0.171,0.0,0.0
2023-11-16,928536,338,2442,10953.557,17269.165,229.951,10.55,0.171,0.0,0.0
2023-11-16,928537,228,2441,10984.911,17325.126,229.487,10.24,0.171,0.0,0.0
2023-11-16,928544,227,2441,10979.955,17324.219,229.497,10.02,0.171,0.0,0.0
2023-11-16,928546,337,2442,10949.475,17268.498,230.469,0.55,0.171,0.0,0.0
2023-11-16,928552,226,2441,10974.987,17323.37,229.532,10.41,0.171,0.0,0.0
2023-11-16,928562,225,2441,10970.108,17322.488,229.522,10.13,0.171,0.0,0.0
2023-11-16,928570,223,2441,10965.185,17321.633,230.016,10.52,0.171,0.0,0.0
2023-11-16,928576,222,2441,10960.351,17320.744,229.968,10.07,0.171,0.0,0.0
2023-11-16,928578,337,2442,10948.667,17268.309,230.469,0.55,0.171,0.0,0.0
2023-11-16,947429,321,2442,10961.099,17064.331,241.654,0.88,0.171,0.0,0.0
2023-11-16,928584,337,2442,10948.723,17268.257,230.372,5.61,0.171,2.322,0.494
2023-11-16,928585,221,2441,10955.461,17319.928,229.949,10.24,0.171,0.0,0.0
2023-11-16,928588,344,2442,10996.154,17279.109,229.531,4.62,0.171,1.921,0.101
2023-11-16,928591,344,2442,10994.845,17279.009,229.504,11.05,0.171,4.488,0.235
2023-11-16,928593,220,2441,10950.399,17318.955,229.968,10.18,0.171,0.0,0.0
2023-11-16,928598,332,2442,10994.351,17283.697,229.776,4.29,0.171,1.753,0.405
2023-11-16,928600,332,2442,10993.292,17283.313,229.727,7.37,0.171,2.919,0.567
2023-11-16,928604,219,2441,10945.515,17318.152,229.564,10.01,0.171,0.0,0.0
2023-11-16,928606,320,2442,10992.811,17288.539,229.953,2.52,0.171,1.103,0.116
2023-11-16,928608,320,2442,10991.541,17288.453,229.924,10.99,0.171,4.642,0.651
2023-11-16,928612,218,2441,10940.558,17317.251,230.095,11.13,0.171,0.0,0.0
2023-11-16,928615,308,2442,10991.404,17293.299,229.786,3.79,0.171,1.633,0.143
2023-11-16,928617,308,2442,10990.145,17293.167,229.719,11.1,0.171,0.0,0.0
2023-11-16,928620,217,2441,10935.591,17316.448,229.969,5.04,0.171,0.0,0.0
2023-11-16,928623,229,2441,10937.131,17311.576,230.553,5.04,0.171,0.0,0.0
2023-11-16,928624,336,2442,10993.841,17281.244,229.668,9.62,0.171,0.0,0.0
2023-11-16,928628,230,2441,10941.943,17312.504,230.297,10.69,0.171,0.0,0.0
2023-11-16,928630,335,2442,10991.523,17280.581,229.542,9.68,0.171,0.0,0.0
2023-11-16,928636,231,2441,10946.832,17313.333,229.625,10.52,0.171,0.0,0.0
2023-11-16,928637,334,2442,10986.645,17279.758,229.625,9.84,0.171,0.0,0.0
2023-11-16,928644,333,2442,10981.834,17279.065,229.428,9.79,0.171,0.0,0.0
2023-11-16,928645,232,2441,10951.722,17314.176,229.943,10.47,0.171,0.0,0.0
2023-11-16,928650,331,2442,10976.844,17278.2,229.411,9.51,0.171,-0.816,-0.144
2023-11-16,928655,233,2441,10956.735,17315.096,229.822,9.96,0.171,0.0,0.0
2023-11-16,928657,330,2442,10971.897,17277.106,229.965,9.51,0.171,0.0,0.0
2023-11-16,928663,329,2442,10967.047,17276.429,229.917,10.61,0.171,0.0,0.0
2023-11-16,928664,234,2441,10961.736,17315.984,230.122,10.24,0.171,0.0,0.0
2023-11-16,928671,328,2442,10962.04,17275.486,229.838,10.78,0.171,0.0,0.0
2023-11-16,928673,235,2441,10966.525,17316.801,229.809,9.91,0.171,0.0,0.0
2023-11-16,928683,237,2441,10971.42,17317.621,229.45,10.07,0.171,0.0,0.0
2023-11-16,928684,327,2442,10957.229,17274.637,229.682,10.45,0.171,0.0,0.0
2023-11-16,928690,326,2442,10952.217,17273.974,229.929,10.5,0.171,0.0,0.0
2023-11-16,928693,240,2441,10986.262,17320.256,229.506,10.13,0.171,0.0,0.0
2023-11-16,928696,325,2442,10947.227,17272.946,230.314,5.11,0.171,0.0,0.0
2023-11-16,928699,239,2441,10981.395,17319.459,229.528,10.01,0.171,0.0,0.0
2023-11-16,928700,313,2442,10946.209,17277.721,230.328,5.11,0.171,0.0,0.0
2023-11-16,928702,314,2442,10951.099,17278.599,229.98,10.45,0.171,0.0,0.0
2023-11-16,928709,315,2442,10955.938,17279.351,229.66,10.61,0.171,0.0,0.0
2023-11-16,928711,238,2441,10976.36,17318.447,229.491,10.02,0.171,0.0,0.0
2023-11-16,928717,316,2442,10960.862,17280.454,229.516,10.5,0.171,0.0,0.0
2023-11-16,928719,252,2441,10987.591,17315.392,229.666,9.96,0.171,0.0,0.0
2023-11-16,928724,317,2442,10965.858,17281.322,229.633,9.57,0.171,0.0,0.0
2023-11-16,928727,251,2441,10982.617,17314.507,229.517,10.01,0.171,0.0,0.0
2023-11-16,928729,318,2442,10970.759,17282.185,230.043,9.57,0.171,0.0,0.0
2023-11-16,928735,250,2441,10977.689,17313.674,229.451,10.08,0.171,0.0,0.0
2023-11-16,928737,319,2442,10975.682,17283.105,229.756,9.51,0.171,0.0,0.0
2023-11-16,928743,249,2441,10972.81,17312.877,229.276,10.07,0.171,0.0,0.0
2023-11-16,928745,324,2442,10992.311,17285.906,229.752,9.4,0.171,0.0,0.0
2023-11-16,928752,323,2442,10990.362,17285.529,229.874,9.4,0.171,0.0,0.0
2023-11-16,928753,247,2441,10967.943,17312.008,229.536,10.01,0.171,0.0,0.0
2023-11-16,928760,322,2442,10985.45,17284.745,229.589,9.57,0.171,0.0,0.0
2023-11-16,928761,246,2441,10963.008,17311.016,229.994,10.08,0.171,0.0,0.0
2023-11-16,928765,321,2442,10980.483,17283.968,229.597,9.57,0.171,0.0,0.0
2023-11-16,928770,245,2441,10957.963,17310.22,229.827,9.74,0.171,0.0,0.0
2023-11-16,928771,312,2442,10991.527,17290.664,229.997,9.35,0.171,0.0,0.0
2023-11-16,928775,245,2441,10957.941,17310.233,229.886,0.28,0.171,0.0,0.0
2023-11-16,928776,311,2442,10989.133,17290.288,229.693,9.73,0.171,0.0,0.0
2023-11-16,928777,244,2441,10953.118,17309.312,229.75,9.63,0.171,0.0,0.0
2023-11-16,928782,310,2442,10984.077,17289.537,229.606,9.51,0.171,0.0,0.0
2023-11-16,928783,244,2441,10953.117,17309.299,229.897,0.78,0.171,0.0,0.0
2023-11-16,928785,243,2441,10948.206,17308.521,229.654,11.03,0.171,0.0,0.0
2023-11-16,928787,309,2442,10979.187,17288.741,229.209,9.57,0.171,0.0,0.0
2023-11-16,928792,307,2442,10974.241,17287.735,229.816,9.57,0.171,0.0,0.0
2023-11-16,928793,242,2441,10943.322,17307.659,230.113,10.57,0.171,0.0,0.0
2023-11-16,928797,306,2442,10969.418,17286.892,230.049,9.57,0.171,0.0,0.0
2023-11-16,928802,241,2441,10938.337,17306.797,230.358,5.04,0.171,0.0,0.0
2023-11-16,928804,305,2442,10964.417,17285.946,229.648,9.62,0.171,0.0,0.0
2023-11-16,928805,253,2441,10939.733,17301.946,230.307,5.09,0.171,0.0,0.0
2023-11-16,928808,254,2441,10944.589,17302.802,229.637,10.57,0.171,0.0,0.0
2023-11-16,928811,304,2442,10959.684,17285.226,229.637,9.57,0.171,0.0,0.0
2023-11-16,928815,303,2442,10954.616,17284.332,229.652,10.61,0.171,0.0,0.0
2023-11-16,928816,255,2441,10949.646,17303.65,229.82,10.58,0.171,0.0,0.0
2023-11-16,928820,302,2442,10949.738,17283.711,229.923,10.55,0.171,0.0,0.0
2023-11-16,928822,256,2441,10954.469,17304.539,229.823,10.01,0.171,0.0,0.0
2023-11-16,928826,301,2442,10944.792,17282.686,230.117,5.22,0.171,0.0,0.0
2023-11-16,928828,289,2442,10943.591,17287.439,229.97,4.95,0.171,0.0,0.0
2023-11-16,928830,257,2441,10959.347,17305.408,229.818,10.02,0.171,0.0,0.0
2023-11-16,928832,290,2442,10948.587,17288.451,229.642,10.5,0.171,0.0,0.0
2023-11-16,928837,258,2441,10964.226,17306.276,229.956,10.52,0.171,0.0,0.0
2023-11-16,928838,291,2442,10953.376,17289.163,229.406,9.57,0.171,0.0,0.0
2023-11-16,928844,292,2442,10958.416,17290.084,229.643,9.57,0.171,0.0,0.0
2023-11-16,928847,259,2441,10969.249,17307.125,229.494,10.02,0.171,0.0,0.0
2023-11-16,928850,293,2442,10963.379,17291.037,229.569,9.68,0.171,0.0,0.0
2023-11-16,927201,561,2441,11017.357,17189.375,229.794,10.41,0.171,0.0,0.0
2023-11-16,927205,643,2442,11020.734,17150.063,229.578,10.06,0.171,0.0,0.0
2023-11-16,927208,642,2442,11015.843,17148.946,229.577,9.79,0.171,0.0,0.0
2023-11-16,927233,560,2441,11013.197,17188.732,229.953,9.85,0.171,0.0,0.0
2023-11-16,927240,560,2441,11013.197,17188.745,229.961,0.67,0.171,0.0,0.0
2023-11-16,927241,641,2442,11010.81,17148.29,229.415,10.28,0.171,0.0,0.0
2023-11-16,927246,559,2441,11008.554,17188.162,229.43,9.85,0.171,0.0,0.0
2023-11-16,927252,640,2442,11006.004,17147.515,229.578,10.28,0.171,0.0,0.0
2023-11-16,927254,558,2441,11003.507,17187.105,229.587,10.46,0.171,0.0,0.0
2023-11-16,927263,639,2442,11000.93,17146.579,229.734,10.05,0.171,0.0,0.0
2023-11-16,927265,557,2441,10998.606,17186.203,229.893,9.85,0.171,0.0,0.0
2023-11-16,927274,556,2441,10993.716,17185.269,229.822,10.18,0.171,0.0,0.0
2023-11-16,927280,555,2441,10988.715,17184.342,229.882,10.74,0.171,0.0,0.0
2023-11-16,927289,554,2441,10983.859,17183.434,229.739,10.74,0.171,0.0,0.0
2023-11-16,927290,638,2442,10995.996,17145.677,229.836,10.5,0.171,0.0,0.0
2023-11-16,927297,553,2441,10978.769,17182.576,230.188,10.91,0.171,0.0,0.0
2023-11-16,927298,637,2442,10991.273,17144.899,230.008,10.55,0.171,0.0,0.0
2023-11-16,927302,552,2441,10973.912,17181.71,230.471,5.43,0.171,0.0,0.0
2023-11-16,927304,636,2442,10986.295,17144.181,230.018,5.55,0.171,0.0,0.0
2023-11-16,927306,541,2441,10972.271,17186.393,230.418,5.37,0.171,0.0,0.0
2023-11-16,927309,542,2441,10977.278,17187.287,230.232,10.97,0.171,0.0,0.0
2023-11-16,927310,445,2442,11010.934,17238.596,229.436,10.16,0.171,0.0,0.0
2023-11-16,927314,543,2441,10982.251,17188.241,230.102,10.75,0.171,10.508,2.043
2023-11-16,927315,444,2442,11007.197,17237.86,229.627,10.22,0.171,8.13,1.143
2023-11-16,927464,544,2441,10987.119,17189.181,229.945,9.91,0.171,0.0,0.0
2023-11-16,927465,443,2442,11003.55,17237.391,229.252,10.38,0.171,0.0,0.0
2023-11-16,927471,545,2441,10992.042,17190.069,229.748,10.3,0.171,0.0,0.0
2023-11-16,927474,442,2442,10998.372,17236.902,228.486,10.06,0.171,0.0,0.0
2023-11-16,927479,441,2442,10993.615,17235.768,229.03,9.29,0.171,0.0,0.0
2023-11-16,927480,546,2441,10996.971,17190.87,229.876,9.85,0.171,0.0,0.0
2023-11-16,927485,440,2442,10988.82,17235.003,229.057,9.68,0.171,0.0,0.0
2023-11-16,927486,547,2441,11001.922,17191.774,229.727,10.58,0.171,0.0,0.0
2023-11-16,927492,439,2442,10983.925,17234.014,229.227,9.57,0.171,0.0,0.0
2023-11-16,927495,548,2441,11006.744,17192.542,229.423,10.29,0.171,0.0,0.0
2023-11-16,927500,438,2442,10978.735,17233.218,228.962,10.22,0.171,0.0,0.0
2023-11-16,927505,551,2441,11020.678,17194.998,229.775,6.27,0.171,0.0,0.0
2023-11-16,927508,437,2442,10973.756,17232.389,229.049,10.23,0.171,0.0,0.0
2023-11-16,927513,551,2441,11019.922,17195.099,229.769,9.4,0.171,0.0,0.0
2023-11-16,927518,436,2442,10969.0,17231.585,229.555,10.17,0.171,0.0,0.0
2023-11-16,927520,550,2441,11016.291,17194.395,229.64,9.74,0.171,0.0,0.0
2023-11-16,927527,435,2442,10964.143,17230.566,229.945,10.34,0.171,0.0,0.0
2023-11-16,927529,550,2441,11016.313,17194.417,229.917,8.9,0.171,0.0,0.0
2023-11-16,927533,549,2441,11011.68,17193.649,229.633,9.91,0.171,0.0,0.0
2023-11-16,927535,434,2442,10959.142,17229.717,229.721,5.22,0.171,0.0,0.0
2023-11-16,927541,540,2441,11019.973,17199.977,229.694,2.68,0.171,0.0,0.0
2023-11-16,927542,433,2442,11009.717,17243.577,229.484,10.06,0.171,0.0,0.0
2023-11-16,927545,540,2441,11018.927,17199.906,229.554,9.85,0.171,0.0,0.0
2023-11-16,927551,539,2441,11015.162,17199.134,229.695,10.41,0.171,0.0,0.0
2023-11-16,927556,432,2442,11005.852,17242.829,229.631,10.11,0.171,0.0,0.0
2023-11-16,927560,538,2441,11010.238,17198.213,229.633,10.3,0.171,0.0,0.0
2023-11-16,927564,431,2442,11002.155,17242.275,229.291,10.22,0.171,0.0,0.0
2023-11-16,927569,537,2441,11005.226,17197.319,229.48,9.96,0.171,0.0,0.0
2023-11-16,927571,430,2442,10997.12,17241.361,228.759,9.51,0.171,0.0,0.0
2023-11-16,927575,536,2441,11000.359,17196.45,229.628,10.3,0.171,0.0,0.0
2023-11-16,927576,429,2442,10992.375,17240.397,228.953,9.35,0.171,0.0,0.0
2023-11-16,927583,428,2442,10987.406,17239.31,229.073,9.51,0.171,0.0,0.0
2023-11-16,927584,535,2441,10995.413,17195.523,229.77,9.8,0.171,0.0,0.0
2023-11-16,927589,427,2442,10982.394,17238.377,229.019,9.73,0.171,0.0,0.0
2023-11-16,927590,534,2441,10990.546,17194.66,229.643,9.85,0.171,0.0,0.0
2023-11-16,927596,426,2442,10977.373,17238.069,228.854,10.11,0.171,0.0,0.0
2023-11-16,927597,533,2441,10985.622,17193.746,229.838,10.3,0.171,0.0,0.0
2023-11-16,927602,425,2442,10972.65,17237.135,229.613,10.17,0.171,0.0,0.0
2023-11-16,927603,532,2441,10980.709,17192.964,230.036,9.68,0.171,0.0,0.0
2023-11-16,927606,424,2442,10967.759,17236.196,229.952,2.03,0.171,0.0,0.0
2023-11-16,928301,365,2442,10965.911,17261.247,230.043,10.61,0.171,0.0,0.0
2023-11-16,928309,446,2441,10960.637,17224.611,229.948,4.76,0.171,0.0,0.0
2023-11-16,928317,364,2442,10960.95,17260.603,229.53,9.4,0.171,0.0,0.0
2023-11-16,928341,364,2442,10959.879,17260.141,229.575,10.77,0.171,0.0,0.0
2023-11-16,928343,457,2441,11012.175,17233.889,229.937,0.22,0.171,0.0,0.0
2023-11-16,928344,457,2441,11012.164,17233.883,229.829,0.33,0.171,0.0,0.0
2023-11-16,928345,457,2441,11012.186,17233.882,229.833,7.5,0.171,0.0,0.0
2023-11-16,928349,457,2441,11011.473,17233.748,229.702,3.02,0.171,0.0,0.0
2023-11-16,928355,363,2442,10955.97,17259.467,229.927,10.72,0.171,0.0,0.0
2023-11-16,928357,456,2441,11008.499,17233.192,229.644,10.02,0.171,0.0,0.0
2023-11-16,928364,362,2442,10951.035,17258.504,230.1,5.0,0.171,0.0,0.0
2023-11-16,928368,350,2442,10949.895,17263.231,230.136,5.11,0.171,0.0,0.0
2023-11-16,928369,455,2441,11004.912,17232.579,229.401,10.07,0.171,0.0,0.0
2023-11-16,928372,351,2442,10954.841,17264.138,230.077,10.5,0.171,0.0,0.0
2023-11-16,928379,352,2442,10959.686,17265.02,229.999,10.55,0.171,0.0,0.0
2023-11-16,928382,454,2441,10999.967,17231.678,228.692,10.02,0.171,0.0,0.0
2023-11-16,928389,353,2442,10964.787,17265.888,229.971,10.66,0.171,0.0,0.0
2023-11-16,929429,77,2442,10944.089,17378.596,229.318,10.16,0.171,0.0,0.0
2023-11-16,929434,186,2441,10956.331,17335.053,229.493,10.46,0.171,10.363,0.0
2023-11-16,929436,78,2442,10949.029,17379.39,229.5,10.17,0.171,0.0,0.0
2023-11-16,929457,185,2441,10951.375,17334.364,229.474,10.63,0.171,0.0,0.0
2023-11-16,929459,80,2442,10953.84,17380.272,229.475,9.79,0.171,0.0,0.0
2023-11-16,929466,83,2442,10968.688,17382.838,229.411,9.62,0.171,0.0,0.0
2023-11-16,929471,82,2442,10963.642,17381.983,229.265,9.4,0.171,0.0,0.0
2023-11-16,929472,184,2441,10946.491,17333.489,229.477,10.02,0.171,0.0,0.0
2023-11-16,929478,81,2442,10958.83,17381.107,229.4,9.62,0.171,0.0,0.0
2023-11-16,929486,183,2441,10941.551,17332.601,229.378,9.96,0.171,0.0,0.0
2023-11-16,929488,71,2442,10967.459,17387.708,229.351,9.51,0.171,0.0,0.0
2023-11-16,929494,70,2442,10962.536,17386.866,229.465,9.68,0.171,0.0,0.0
2023-11-16,929498,182,2441,10936.661,17331.699,229.681,10.69,0.171,0.0,0.0
2023-11-16,929505,69,2442,10957.435,17385.861,229.29,9.51,0.171,0.0,0.0
2023-11-16,929509,181,2441,10931.693,17330.844,229.729,4.81,0.171,0.0,0.0
2023-11-16,929513,68,2442,10952.617,17385.054,229.301,9.62,0.171,0.0,0.0
2023-11-16,929515,169,2441,10930.375,17335.597,229.764,6.21,0.171,0.0,0.0
2023-11-16,929518,170,2441,10935.288,17336.544,229.826,10.07,0.171,0.0,0.0
2023-11-16,929523,66,2442,10947.644,17384.058,229.373,9.57,0.171,0.0,0.0
2023-11-16,929528,65,2442,10942.799,17383.242,229.564,9.62,0.171,0.0,0.0
2023-11-16,929529,171,2441,10940.222,17337.406,229.36,10.02,0.171,0.0,0.0
2023-11-16,929534,64,2442,10937.859,17382.318,229.522,9.73,0.171,0.0,0.0
2023-11-16,929536,172,2441,10945.19,17338.307,229.499,10.02,0.171,0.0,0.0
2023-11-16,929541,63,2442,10932.969,17381.475,229.161,9.57,0.171,0.0,0.0
2023-11-16,929544,173,2441,10950.013,17339.189,229.218,10.07,0.171,0.0,0.0
2023-11-16,929546,62,2442,10928.074,17380.616,229.348,9.68,0.171,0.0,0.0
2023-11-16,929552,61,2442,10922.956,17379.729,229.322,9.51,0.171,0.0,0.0
2023-11-16,929554,174,2441,10955.016,17340.03,229.315,4.25,0.171,0.0,0.0
2023-11-16,929558,60,2442,10918.172,17379.088,229.205,4.45,0.171,0.0,0.0
2023-11-16,929563,55,2442,10967.431,17395.417,229.467,9.13,0.171,0.0,0.0
2023-11-16,929567,174,2441,10955.003,17340.031,229.317,4.25,0.171,0.0,0.0
2023-11-16,929569,174,2441,10954.991,17340.025,229.327,6.71,0.171,0.0,0.0
2023-11-16,929575,175,2441,10959.87,17340.906,229.474,10.24,0.171,0.0,0.0
2023-11-16,929581,55,2442,10966.765,17395.342,229.486,9.07,0.171,0.0,0.0
2023-11-16,929582,55,2442,10967.488,17395.378,229.441,10.4,0.171,2.323,0.451
2023-11-16,929583,177,2441,10964.882,17341.762,229.693,10.24,0.171,0.0,0.0
2023-11-16,929584,43,2442,10966.27,17400.092,229.543,10.83,0.171,2.496,0.218
2023-11-16,929591,31,2442,10964.953,17404.956,229.603,10.55,0.171,2.593,0.504
2023-11-16,929592,178,2441,10969.772,17342.735,229.595,10.4,0.171,0.0,0.0
2023-11-16,929599,19,2442,10963.479,17409.683,229.508,10.55,0.171,2.574,0.594
2023-11-16,929601,180,2441,10979.73,17344.4,229.765,10.07,0.171,0.0,0.0
2023-11-16,929606,59,2442,10965.986,17392.54,229.316,9.62,0.171,0.0,0.0
2023-11-16,929609,179,2441,10974.695,17343.492,229.743,10.64,0.171,0.0,0.0
2023-11-16,929613,58,2442,10960.934,17391.483,229.304,9.51,0.171,0.0,0.0
2023-11-16,929618,57,2442,10956.106,17390.777,229.489,9.35,0.171,0.0,0.0
2023-11-16,929620,168,2441,10978.379,17349.172,229.963,10.13,0.171,0.0,0.0
2023-11-16,929623,56,2442,10951.172,17389.83,229.401,9.46,0.171,0.0,0.0
2023-11-16,929627,54,2442,10946.193,17389.027,229.414,9.51,0.171,0.0,0.0
2023-11-16,929631,167,2441,10973.367,17348.382,229.461,10.29,0.171,0.0,0.0
2023-11-16,929634,53,2442,10941.37,17388.093,229.7,9.57,0.171,0.0,0.0
2023-11-16,929638,52,2442,10936.424,17387.036,229.664,9.62,0.171,0.0,0.0
2023-11-16,929639,166,2441,10968.443,17347.462,229.413,10.3,0.171,0.0,0.0
2023-11-16,929645,51,2442,10931.467,17386.226,229.518,9.62,0.171,0.0,0.0
2023-11-16,929646,165,2441,10963.576,17346.554,229.386,10.01,0.171,0.0,0.0
2023-11-16,929650,50,2442,10926.611,17385.383,229.369,9.57,0.171,0.0,0.0
2023-11-16,929657,49,2442,10921.655,17384.587,229.103,9.46,0.171,0.0,0.0
2023-11-16,929658,162,2441,10958.53,17345.712,229.333,10.13,0.171,0.0,0.0
2023-11-16,929662,48,2442,10916.71,17383.979,228.999,4.67,0.171,0.0,0.0
2023-11-16,929666,36,2442,10915.303,17388.609,229.177,5.05,0.171,0.0,0.0
2023-11-16,929669,161,2441,10953.718,17344.875,229.422,9.57,0.171,0.0,0.0
2023-11-16,929670,37,2442,10920.393,17389.464,229.29,9.35,0.171,0.0,0.0
2023-11-16,929677,38,2442,10925.161,17390.483,229.033,9.68,0.171,0.0,0.0
2023-11-16,929678,160,2441,10948.684,17344.001,229.48,10.24,0.171,0.0,0.0
2023-11-16,929685,39,2442,10930.095,17391.312,229.289,9.57,0.171,0.0,0.0
2023-11-16,929691,159,2441,10943.772,17343.1,229.374,10.24,0.171,0.0,0.0
2023-11-16,929692,40,2442,10935.052,17392.278,229.649,9.57,0.171,0.0,0.0
2023-11-16,929697,41,2442,10939.997,17393.062,229.529,9.68,0.171,0.0,0.0
2023-11-16,929702,158,2441,10938.949,17342.254,229.282,10.13,0.171,0.0,0.0
2023-11-16,929704,42,2442,10944.909,17393.969,229.302,9.57,0.171,0.0,0.0
2023-11-16,929710,44,2442,10949.721,17394.786,229.303,9.51,0.171,0.0,0.0
2023-11-16,929711,157,2441,10933.992,17341.369,229.564,10.29,0.171,0.0,0.0
2023-11-16,929717,47,2442,10964.568,17397.183,229.55,9.62,0.171,0.0,0.0
2023-11-16,929720,156,2441,10929.103,17340.487,229.641,6.88,0.171,0.0,0.0
2023-11-16,929722,46,2442,10959.678,17396.386,229.331,9.57,0.171,0.0,0.0
2023-11-16,929726,144,2441,10927.69,17345.283,229.756,4.53,0.171,0.0,0.0
2023-11-16,929727,45,2442,10954.811,17395.589,229.218,9.51,0.171,0.0,0.0
2023-11-16,929732,145,2441,10932.652,17346.181,229.63,10.35,0.171,0.0,0.0
2023-11-16,929735,35,2442,10963.2,17401.965,229.703,9.46,0.171,0.0,0.0
2023-11-16,929741,34,2442,10958.16,17401.218,229.282,9.29,0.171,0.0,0.0
2023-11-16,929742,146,2441,10937.699,17347.209,229.311,10.24,0.171,0.0,0.0
2023-11-16,929745,33,2442,10953.521,17400.365,229.462,9.24,0.171,0.0,0.0
2023-11-16,929750,32,2442,10948.637,17399.499,229.372,9.46,0.171,0.0,0.0
2023-11-16,929751,147,2441,10942.577,17347.957,229.341,10.12,0.171,0.0,0.0
2023-11-16,929756,30,2442,10943.613,17398.533,229.346,9.62,0.171,0.0,0.0
2023-11-16,929760,148,2441,10947.316,17348.855,229.108,9.74,0.171,0.0,0.0
2023-11-16,929765,29,2442,10938.545,17397.718,229.422,9.57,0.171,0.0,0.0
2023-11-16,929769,28,2442,10933.722,17396.64,229.673,9.68,0.171,0.0,0.0
2023-11-16,929771,149,2441,10952.339,17349.652,229.294,9.96,0.171,0.0,0.0
2023-11-16,929775,27,2442,10928.665,17395.87,229.443,9.57,0.171,0.0,0.0
2023-11-16,929779,150,2441,10957.357,17350.51,229.438,9.8,0.171,0.0,0.0
2023-11-16,929781,26,2442,10923.809,17395.132,229.237,9.57,0.171,0.0,0.0
2023-11-16,929786,152,2441,10962.347,17351.418,229.38,9.8,0.171,0.901,0.127
2023-11-16,929788,25,2442,10918.841,17394.015,229.266,9.68,0.171,0.0,0.0
2023-11-16,929792,24,2442,10914.175,17393.531,228.851,5.44,0.171,0.0,0.0
2023-11-16,929795,153,2441,10967.237,17352.26,229.421,9.8,0.171,0.0,0.0
2023-11-16,929798,12,2442,10912.511,17398.103,229.107,4.62,0.171,0.0,0.0
2023-11-16,929800,13,2442,10917.558,17399.248,229.489,9.51,0.171,0.0,0.0
2023-11-16,929802,155,2441,10977.106,17354.056,229.808,9.91,0.171,0.899,0.175
2023-11-16,929808,14,2442,10922.492,17399.976,229.389,9.57,0.171,0.0,0.0
2023-11-16,929812,154,2441,10972.021,17353.116,229.315,9.74,0.171,0.0,0.0
2023-11-16,929815,15,2442,10927.371,17400.936,229.377,9.62,0.171,0.0,0.0
2023-11-16,929820,143,2441,10975.515,17358.843,229.745,10.08,0.171,0.0,0.0
2023-11-16,929822,16,2442,10932.405,17401.817,229.522,9.57,0.171,0.0,0.0
2023-11-16,929829,17,2442,10937.273,17402.712,229.62,9.68,0.171,0.0,0.0
2023-11-16,929831,142,2441,10970.709,17357.948,229.59,10.41,0.171,0.0,0.0
2023-11-16,929839,18,2442,10942.207,17403.574,229.298,9.51,0.171,0.0,0.0
2023-11-16,929842,141,2441,10965.68,17357.096,229.57,10.35,0.171,0.0,0.0
2023-11-16,929851,140,2441,10960.807,17356.217,229.432,10.52,0.171,0.0,0.0
2023-11-16,929856,20,2442,10947.074,17404.319,229.324,9.57,0.171,0.0,0.0
2023-11-16,929862,138,2441,10955.879,17355.42,229.478,9.68,0.171,0.0,0.0
2023-11-16,929864,23,2442,10961.854,17406.781,229.677,9.79,0.171,0.0,0.0
2023-11-16,929869,22,2442,10956.809,17405.965,229.119,9.57,0.171,0.0,0.0
2023-11-16,929870,137,2441,10951.028,17354.519,229.274,9.8,0.171,0.0,0.0
2023-11-16,929875,21,2442,10952.054,17405.291,229.19,9.46,0.171,0.0,0.0
2023-11-16,929879,136,2441,10945.948,17353.599,229.5,9.63,0.171,0.0,0.0
2023-11-16,929881,11,2442,10960.47,17411.528,229.369,9.57,0.171,0.0,0.0
2023-11-16,929887,10,2442,10955.524,17410.62,229.472,9.62,0.171,0.0,0.0
2023-11-16,929888,135,2441,10941.114,17352.763,229.466,9.74,0.171,0.0,0.0
2023-11-16,929895,9,2442,10950.579,17409.804,229.506,9.46,0.171,0.0,0.0
2023-11-16,929899,134,2441,10936.158,17351.842,229.143,10.07,0.171,0.0,0.0
2023-11-16,929902,8,2442,10945.611,17408.955,229.335,9.4,0.171,0.0,0.0
2023-11-16,929908,7,2442,10940.766,17408.132,229.201,9.79,0.171,0.0,0.0
2023-11-16,929909,133,2441,10931.279,17350.98,229.637,10.8,0.171,0.0,0.0
2023-11-16,929918,6,2442,10935.776,17407.205,229.507,9.68,0.171,0.0,0.0
2023-11-16,929921,132,2441,10926.367,17350.108,229.271,5.32,0.171,0.0,0.0
2023-11-16,929925,5,2442,10930.909,17406.32,229.506,9.68,0.171,0.0,0.0
2023-11-16,929927,120,2441,10924.949,17354.904,229.365,4.59,0.171,0.0,0.0
2023-11-16,929932,121,2441,10929.906,17355.838,229.455,10.07,0.171,0.0,0.0
2023-11-16,929933,4,2442,10925.874,17405.397,229.423,9.57,0.171,0.0,0.0
2023-11-16,929942,3,2442,10921.068,17404.528,229.5,9.62,0.171,0.0,0.0
2023-11-16,929944,122,2441,10934.829,17356.739,229.242,9.74,0.171,0.0,0.0
2023-11-16,929949,2,2442,10916.083,17403.672,229.311,9.62,0.171,0.0,0.0
2023-11-16,929953,123,2441,10939.814,17357.578,229.472,9.91,0.171,0.0,0.0
2023-11-16,929955,1,2442,10911.161,17403.13,229.005,4.45,0.171,0.0,0.0
2023-11-16,929962,107,2442,10971.289,17373.181,229.496,9.51,0.171,1.934,-0.203
2023-11-16,929963,124,2441,10944.648,17358.424,229.282,9.8,0.171,0.0,0.0
2023-11-16,929970,115,2442,10974.504,17371.187,229.803,7.7,0.171,1.922,0.27
2023-11-16,929973,125,2441,10949.588,17359.354,229.192,9.91,0.171,0.0,0.0
2023-11-16,929975,115,2442,10973.334,17370.832,229.627,3.02,0.171,0.0,0.0
2023-11-16,929978,106,2442,10966.567,17372.338,229.583,9.57,0.171,0.0,0.0
2023-11-16,929984,126,2441,10954.522,17360.161,229.43,10.3,0.171,0.0,0.0
2023-11-16,929985,105,2442,10961.644,17371.522,229.262,9.57,0.171,0.0,0.0
2023-11-16,929990,104,2442,10956.677,17370.604,229.123,1.87,0.171,0.0,0.0
2023-11-16,926554,613,2441,11016.468,17164.261,229.395,9.46,0.171,0.0,0.0
2023-11-16,926556,695,2442,11032.87,17126.926,229.687,5.66,0.171,0.0,0.0
2023-11-16,926563,695,2442,11032.225,17126.978,229.652,4.4,0.171,0.0,0.0
2023-11-16,926566,612,2441,11011.589,17163.236,229.351,9.85,0.171,0.0,0.0
2023-11-16,926572,685,2442,11031.854,17132.063,229.49,3.19,0.171,0.0,0.0
2023-11-16,926575,685,2442,11031.219,17131.98,229.485,3.52,0.171,0.0,0.0
2023-11-16,926579,611,2441,11006.51,17162.355,229.413,9.8,0.171,0.0,0.0
2023-11-16,926580,684,2442,11029.19,17131.199,229.78,10.45,0.171,0.0,0.0
2023-11-16,926593,610,2441,11001.809,17161.511,229.665,9.85,0.171,0.0,0.0
2023-11-16,926598,683,2442,11026.273,17130.828,229.533,10.0,0.171,0.0,0.0
2023-11-16,926606,609,2441,10996.753,17160.643,229.66,10.57,0.171,0.0,0.0
2023-11-16,926616,682,2442,11021.36,17129.861,229.32,10.33,0.171,0.0,0.0
2023-11-16,926623,608,2441,10991.84,17159.709,229.457,10.52,0.171,0.0,0.0
2023-11-16,926630,681,2442,11016.426,17129.029,229.105,10.0,0.171,0.0,0.0
2023-11-16,926638,607,2441,10986.839,17158.802,230.027,10.52,0.171,0.0,0.0
2023-11-16,926645,680,2442,11011.392,17128.128,229.099,10.17,0.171,0.0,0.0
2023-11-16,926651,606,2441,10982.016,17157.965,230.2,5.54,0.171,0.0,0.0
2023-11-16,926659,679,2442,11006.625,17127.369,229.261,10.06,0.171,0.0,0.0
2023-11-16,926660,596,2441,10980.242,17162.681,230.27,5.54,0.171,0.0,0.0
2023-11-16,926667,597,2441,10985.165,17163.673,230.239,10.52,0.171,0.0,0.0
2023-11-16,926672,678,2442,11001.612,17126.364,229.166,10.39,0.171,0.0,0.0
2023-11-16,926683,598,2441,10990.066,17164.536,229.637,10.58,0.171,0.0,0.0
2023-11-16,926689,677,2442,10996.79,17125.632,229.342,10.28,0.171,0.0,0.0
2023-11-16,926701,599,2441,10995.045,17165.385,229.838,10.69,0.171,0.0,0.0
2023-11-16,926706,676,2442,10993.426,17125.044,229.504,6.6,0.171,0.0,0.0
2023-11-16,926717,600,2441,11000.102,17166.227,229.582,9.8,0.171,0.0,0.0
2023-11-16,926719,675,2442,11031.092,17136.664,229.677,5.17,0.171,0.0,0.0
2023-11-16,926727,675,2442,11030.279,17136.615,229.654,10.17,0.171,0.0,0.0
2023-11-16,926733,601,2441,11004.803,17167.227,229.649,9.85,0.171,0.0,0.0
2023-11-16,926744,674,2442,11027.985,17136.219,229.583,10.05,0.171,0.0,0.0
2023-11-16,926746,602,2441,11009.893,17168.154,229.465,9.63,0.171,0.0,0.0
2023-11-16,926771,682,2442,11020.743,17131.374,227.482,10.5,0.171,0.0,0.0
2023-11-16,926777,681,2442,11014.917,17130.26,226.423,10.17,0.171,0.0,0.0
2023-11-16,926795,680,2442,11011.512,17129.138,228.952,10.0,0.171,0.0,0.0
2023-11-16,926801,926801,2441,11012.721,17165.371,229.988,9.91,0.171,0.0,0.0
2023-11-16,926803,679,2442,11006.55,17128.191,229.212,10.11,0.171,0.0,0.0
2023-11-16,926804,669,2442,11005.084,17132.097,229.385,10.05,0.171,0.0,0.0
2023-11-16,926806,614,2441,11020.607,17166.711,230.249,0.89,0.171,0.0,0.0
2023-11-16,926807,926807,2441,11019.181,17166.43,230.384,1.23,0.171,0.0,0.0
2023-11-16,926810,604,2441,11020.251,17169.726,229.447,9.91,0.171,0.0,0.0
2023-11-16,926824,613,2441,11015.762,17165.947,229.402,9.63,0.171,0.0,0.0
2023-11-16,926829,603,2441,11016.223,17170.158,229.649,9.57,0.171,0.0,0.0
2023-11-16,926834,595,2441,11023.89,17175.563,229.585,3.64,0.171,0.0,0.0
2023-11-16,926835,594,2441,11021.284,17175.149,229.852,9.63,0.171,0.0,0.0
2023-11-16,926842,593,2441,11018.232,17174.619,229.755,10.69,0.171,0.0,0.0
2023-11-16,926855,668,2442,11000.35,17131.254,229.419,10.17,0.171,0.0,0.0
2023-11-16,926857,594,2441,11020.61,17175.044,229.801,9.85,0.171,0.0,0.0
2023-11-16,926870,595,2441,11023.194,17175.517,229.599,2.24,0.171,0.0,0.0
2023-11-16,926874,592,2441,11013.259,17173.776,229.489,9.85,0.171,0.0,0.0
2023-11-16,926875,667,2442,10995.327,17130.516,229.338,10.55,0.171,0.0,0.0
2023-11-16,926886,591,2441,11008.396,17172.79,229.493,9.91,0.171,0.0,0.0
2023-11-16,926889,666,2442,10990.303,17129.471,229.58,6.27,0.171,0.0,0.0
2023-11-16,926896,590,2441,11003.428,17171.85,229.641,9.85,0.171,0.0,0.0
2023-11-16,926900,665,2442,11029.885,17141.39,229.461,9.94,0.171,0.0,0.0
2023-11-16,926910,589,2441,10998.45,17170.962,229.553,10.74,0.171,0.0,0.0
2023-11-16,926923,664,2442,11026.7,17140.952,229.377,10.06,0.171,0.0,0.0
2023-11-16,926927,588,2441,10993.471,17170.06,229.684,9.74,0.171,0.0,0.0
2023-11-16,926938,588,2441,10993.493,17170.054,230.074,0.89,0.171,0.0,0.0
2023-11-16,926941,663,2442,11023.459,17140.56,229.313,9.95,0.171,0.0,0.0
2023-11-16,926945,587,2441,10988.592,17169.12,229.806,10.74,0.171,0.0,0.0
2023-11-16,926957,662,2442,11018.602,17139.502,229.393,10.17,0.171,0.0,0.0
2023-11-16,926959,586,2441,10983.702,17168.257,230.483,10.8,0.171,0.0,0.0
2023-11-16,926971,585,2441,10978.669,17167.63,230.254,5.37,0.171,0.0,0.0
2023-11-16,926974,661,2442,11013.612,17138.623,229.271,10.17,0.171,0.0,0.0
2023-11-16,926980,574,2441,10977.106,17172.371,231.266,5.26,0.171,0.0,0.0
2023-11-16,926987,584,2441,11023.162,17180.444,229.641,2.07,0.171,0.0,0.0
2023-11-16,926988,660,2442,11008.789,17137.699,229.48,10.06,0.171,0.0,0.0
2023-11-16,926990,584,2441,11022.728,17180.335,229.606,2.35,0.171,0.0,0.0
2023-11-16,926993,583,2441,11019.72,17179.759,229.778,10.46,0.171,0.0,0.0
2023-11-16,926999,659,2442,11003.833,17136.895,229.493,10.55,0.171,0.0,0.0
2023-11-16,927007,582,2441,11016.479,17179.184,229.699,10.97,0.171,0.0,0.0
2023-11-16,927014,658,2442,10998.843,17136.105,229.463,10.0,0.171,0.0,0.0
2023-11-16,927021,581,2441,11011.79,17178.341,229.629,9.74,0.171,0.0,0.0
2023-11-16,927025,657,2442,10994.076,17135.223,229.629,10.55,0.171,0.0,0.0
2023-11-16,927034,580,2441,11006.721,17177.388,229.627,9.85,0.171,0.0,0.0
2023-11-16,927041,656,2442,10989.186,17134.38,229.505,5.61,0.171,0.0,0.0
2023-11-16,927043,579,2441,11001.865,17176.512,229.622,9.85,0.171,0.0,0.0
2023-11-16,927051,655,2442,11029.002,17146.533,229.363,10.72,0.171,0.0,0.0
2023-11-16,927054,578,2441,10996.942,17175.728,229.813,10.58,0.171,0.0,0.0
2023-11-16,927065,654,2442,11025.583,17145.9,229.256,10.11,0.171,0.0,0.0
2023-11-16,927068,577,2441,10991.863,17174.749,229.715,10.75,0.171,0.0,0.0
2023-11-16,927078,653,2442,11022.108,17145.489,228.63,10.11,0.171,5.65,0.197
2023-11-16,927083,576,2441,10986.951,17173.861,230.207,10.75,0.171,0.0,0.0
2023-11-16,927093,575,2441,10982.101,17173.103,230.674,11.14,0.171,0.0,0.0
2023-11-16,927105,573,2441,11022.39,17185.28,230.04,1.84,0.171,0.0,0.0
2023-11-16,927106,573,2441,11021.7,17185.354,230.006,3.52,0.171,0.0,0.0
2023-11-16,927110,572,2441,11018.515,17184.812,229.726,10.69,0.171,0.0,0.0
2023-11-16,927115,652,2442,11017.24,17144.255,229.467,10.11,0.171,0.0,0.0
2023-11-16,927120,571,2441,11014.994,17183.984,229.782,10.47,0.171,0.0,0.0
2023-11-16,927125,651,2442,11012.283,17143.367,229.399,10.01,0.171,0.0,0.0
2023-11-16,927126,570,2441,11010.082,17183.128,229.71,9.91,0.171,0.0,0.0
2023-11-16,927132,650,2442,11007.248,17142.479,229.48,9.9,0.171,0.0,0.0
2023-11-16,927134,569,2441,11005.259,17182.331,229.622,9.8,0.171,0.0,0.0
2023-11-16,927140,649,2442,11002.382,17141.78,229.47,9.84,0.171,0.0,0.0
2023-11-16,927143,568,2441,11000.291,17181.279,229.597,9.8,0.171,0.0,0.0
2023-11-16,927147,648,2442,10997.559,17140.963,229.588,10.38,0.171,0.0,0.0
2023-11-16,927150,567,2441,10995.29,17180.365,229.764,10.58,0.171,0.0,0.0
2023-11-16,927157,647,2442,10992.497,17140.179,229.604,10.61,0.171,0.0,0.0
2023-11-16,927159,566,2441,10990.267,17179.517,230.209,11.14,0.171,0.0,0.0
2023-11-16,927165,646,2442,10987.847,17139.329,229.839,5.83,0.171,0.0,0.0
2023-11-16,927169,565,2441,10985.561,17178.699,230.085,10.47,0.171,0.0,0.0
2023-11-16,927173,645,2442,11028.041,17151.357,229.586,2.97,0.171,0.0,0.0
2023-11-16,927176,645,2442,11027.317,17151.229,229.528,10.33,0.171,0.0,0.0
2023-11-16,927179,564,2441,10980.588,17177.837,230.375,19.43,0.171,0.0,0.0
2023-11-16,927185,644,2442,11024.32,17150.627,229.496,10.06,0.171,0.0,0.0
2023-11-16,927190,563,2441,10975.665,17177.021,230.932,5.6,0.171,0.0,0.0
2023-11-16,927193,643,2442,11020.681,17150.047,229.575,5.66,0.171,0.0,0.0
2023-11-16,927194,562,2441,11021.507,17190.234,229.901,1.4,0.171,0.0,0.0
2023-11-16,927196,562,2441,11020.816,17190.187,229.815,1.56,0.171,0.0,0.0
2023-11-16,927200,561,2441,11017.359,17189.374,229.846,0.84,0.171,0.0,0.0
2023-11-16,926421,619,2441,10998.265,17155.899,229.978,10.58,0.171,0.0,0.0
2023-11-16,926423,687,2442,10998.067,17120.448,229.618,10.33,0.171,0.0,0.0
2023-11-16,926432,620,2441,11003.261,17156.68,229.928,10.52,0.171,0.0,0.0
2023-11-16,926434,688,2442,11003.063,17121.529,229.457,10.17,0.171,0.0,0.0
2023-11-16,926437,689,2442,11008.036,17122.286,229.334,10.17,0.171,0.0,0.0
2023-11-16,926471,690,2442,11012.899,17123.4,229.117,10.22,0.171,0.0,0.0
2023-11-16,926480,622,2441,11013.03,17158.678,229.371,9.8,0.171,0.0,0.0
2023-11-16,926488,691,2442,11017.788,17124.138,229.086,10.0,0.171,0.0,0.0
2023-11-16,926493,625,2441,11026.152,17161.206,229.661,2.12,0.171,0.0,0.0
2023-11-16,926496,625,2441,11024.28,17160.756,229.664,9.74,0.171,0.0,0.0
2023-11-16,926504,692,2442,11022.856,17124.87,229.33,10.55,0.171,0.0,0.0
2023-11-16,926508,624,2441,11022.119,17160.405,229.748,9.68,0.171,0.0,0.0
2023-11-16,926519,693,2442,11027.668,17125.863,229.682,10.0,0.171,0.0,0.0
2023-11-16,926524,623,2441,11017.964,17159.462,229.698,9.52,0.171,0.0,0.0
2023-11-16,926535,615,2441,11025.501,17165.849,229.522,2.46,0.171,0.0,0.0
2023-11-16,926537,694,2442,11030.331,17126.544,229.549,10.28,0.171,0.0,0.0
2023-11-16,926539,926539,2441,11023.318,17165.619,229.741,4.25,0.171,0.0,0.0
2023-11-16,926544,614,2441,11021.157,17165.157,229.358,9.85,0.171,0.0,0.0
2023-11-16,927897,407,2442,10999.607,17251.572,229.206,10.06,0.171,0.0,0.0
2023-11-16,927898,496,2441,10976.078,17207.211,229.395,9.8,0.171,0.0,0.0
2023-11-16,927906,497,2441,10980.89,17208.125,229.706,9.8,0.171,0.0,0.0
2023-11-16,927910,409,2442,11007.266,17253.239,229.586,4.51,0.171,0.0,0.0
2023-11-16,927913,409,2442,11006.514,17253.001,229.427,6.87,0.171,0.0,0.0
2023-11-16,927917,498,2441,10985.702,17209.083,229.388,9.8,0.171,0.0,0.0
2023-11-16,927919,408,2442,11003.362,17252.53,229.449,10.0,0.171,0.0,0.0
2023-11-16,927925,499,2441,10990.713,17209.791,229.148,9.96,0.171,0.0,0.0
2023-11-16,927932,397,2442,11005.942,17257.836,229.845,2.42,0.171,0.0,0.0
2023-11-16,927934,397,2442,11005.163,17257.904,229.863,5.5,0.171,0.0,0.0
2023-11-16,927935,500,2441,10995.793,17210.79,229.555,10.52,0.171,0.0,0.0
2023-11-16,927942,396,2442,11001.838,17257.326,229.482,10.5,0.171,0.0,0.0
2023-11-16,927950,501,2441,11000.56,17211.659,229.4,10.07,0.171,0.0,0.0
2023-11-16,927956,395,2442,10998.145,17256.561,229.751,0.05,0.171,0.0,0.0
2023-11-16,927957,395,2442,10997.588,17256.426,229.611,10.28,0.171,0.0,0.0
2023-11-16,927989,493,2441,11015.778,17219.533,230.308,1.0,0.171,0.0,0.0
2023-11-16,927990,493,2441,11015.071,17219.484,230.322,1.23,0.171,0.0,0.0
2023-11-16,927992,492,2441,11012.564,17218.808,229.918,9.91,0.171,0.0,0.0
2023-11-16,927994,392,2442,10983.176,17254.125,229.022,10.11,0.171,0.0,0.0
2023-11-16,928004,391,2442,10978.231,17253.354,229.14,10.0,0.171,0.0,0.0
2023-11-16,928015,390,2442,10973.197,17252.63,228.942,10.17,0.171,0.0,0.0
2023-11-16,928022,491,2441,11009.266,17218.129,229.457,9.85,0.171,0.0,0.0
2023-11-16,928026,389,2442,10968.452,17251.715,229.399,10.01,0.171,0.0,0.0
2023-11-16,928035,388,2442,10963.573,17250.709,229.361,10.45,0.171,0.0,0.0
2023-11-16,928038,489,2441,10999.353,17216.32,229.249,9.96,0.171,0.0,0.0
2023-11-16,928047,387,2442,10958.55,17249.919,229.607,10.55,0.171,0.0,0.0
2023-11-16,928049,488,2441,10994.396,17215.432,229.332,9.91,0.171,0.0,0.0
2023-11-16,928058,487,2441,10989.596,17214.628,229.164,9.91,0.171,0.0,0.0
2023-11-16,928059,386,2442,10953.638,17248.991,229.666,5.0,0.171,0.0,0.0
2023-11-16,928066,385,2442,11004.524,17262.818,229.773,5.28,0.171,0.0,0.0
2023-11-16,928068,486,2441,10984.595,17213.688,229.337,9.91,0.171,0.0,0.0
2023-11-16,928070,385,2442,11003.767,17262.742,229.637,4.73,0.171,0.0,0.0
2023-11-16,928076,384,2442,11000.593,17262.115,229.779,10.01,0.171,0.0,0.0
2023-11-16,928077,485,2441,10979.494,17212.833,229.494,9.91,0.171,0.0,0.0
2023-11-16,928083,484,2441,10974.559,17211.88,229.231,9.85,0.171,0.0,0.0
2023-11-16,928084,383,2442,10996.761,17261.562,229.411,10.06,0.171,0.0,0.0
2023-11-16,928093,483,2441,10969.842,17211.102,229.232,9.8,0.171,0.0,0.0
2023-11-16,928096,382,2442,10991.872,17260.726,229.202,10.06,0.171,0.0,0.0
2023-11-16,928100,482,2441,10964.758,17210.331,229.827,4.53,0.171,0.0,0.0
2023-11-16,928105,470,2441,10963.451,17215.032,229.786,4.81,0.171,0.0,0.0
2023-11-16,928109,381,2442,10986.793,17259.805,229.292,10.55,0.171,0.0,0.0
2023-11-16,928110,471,2441,10968.219,17216.012,229.313,9.85,0.171,0.0,0.0
2023-11-16,928116,472,2441,10973.353,17216.848,229.295,9.8,0.171,0.0,0.0
2023-11-16,928119,380,2442,10981.881,17259.061,229.112,10.11,0.171,0.0,0.0
2023-11-16,928125,473,2441,10978.121,17217.782,229.393,9.91,0.171,0.0,0.0
2023-11-16,928132,379,2442,10976.914,17258.225,229.242,9.95,0.171,0.0,0.0
2023-11-16,928133,474,2441,10983.083,17218.677,229.587,9.85,0.171,0.0,0.0
2023-11-16,928139,475,2441,10988.067,17219.542,229.278,9.91,0.171,0.0,0.0
2023-11-16,928141,378,2442,10971.979,17257.369,229.355,9.95,0.171,0.0,0.0
2023-11-16,928148,476,2441,10992.935,17220.388,229.377,8.23,0.171,0.0,0.0
2023-11-16,928152,377,2442,10967.045,17256.442,229.525,10.66,0.171,0.0,0.0
2023-11-16,928155,477,2441,10998.041,17221.243,229.223,9.96,0.171,0.0,0.0
2023-11-16,928160,376,2442,10962.223,17255.847,229.332,10.94,0.171,0.0,0.0
2023-11-16,928164,481,2441,11014.643,17224.129,230.512,3.58,0.171,0.347,0.043
2023-11-16,928166,481,2441,11014.008,17224.112,230.325,1.73,0.171,0.0,0.0
2023-11-16,928167,480,2441,11011.202,17223.692,229.494,9.96,0.171,0.0,0.0
2023-11-16,928173,375,2442,10957.221,17254.802,229.767,18.42,0.171,0.0,0.0
2023-11-16,928176,479,2441,11007.625,17222.818,229.182,9.91,0.171,0.0,0.0
2023-11-16,928182,478,2441,11002.853,17222.089,229.175,9.8,0.171,0.0,0.0
2023-11-16,928185,374,2442,10952.309,17253.797,229.814,5.11,0.171,0.0,0.0
2023-11-16,928191,373,2442,11003.391,17267.714,229.785,6.32,0.171,0.0,0.0
2023-11-16,928193,469,2441,11013.67,17229.011,230.253,1.68,0.171,0.145,0.023
2023-11-16,928195,469,2441,11012.924,17228.897,229.928,3.19,0.171,0.0,0.0
2023-11-16,928197,373,2442,11002.572,17267.511,229.681,5.17,0.171,0.0,0.0
2023-11-16,928198,468,2441,11010.095,17228.412,229.428,9.96,0.171,0.0,0.0
2023-11-16,928204,372,2442,10999.342,17266.933,229.5,10.06,0.171,0.0,0.0
2023-11-16,928207,467,2441,11006.274,17227.591,229.251,9.91,0.171,0.0,0.0
2023-11-16,928215,466,2441,11001.396,17226.97,228.843,9.96,0.171,0.0,0.0
2023-11-16,928219,371,2442,10995.4,17266.465,229.226,10.01,0.171,0.0,0.0
2023-11-16,928221,465,2441,10996.617,17225.951,229.196,10.18,0.171,0.0,0.0
2023-11-16,928225,370,2442,10990.543,17265.564,229.179,1.26,0.171,0.0,0.0
2023-11-16,928231,464,2441,10991.65,17225.082,229.299,9.96,0.171,0.0,0.0
2023-11-16,928237,369,2442,10985.592,17264.731,229.3,10.44,0.171,0.0,0.0
2023-11-16,928239,463,2441,10986.788,17224.227,229.142,9.8,0.171,0.0,0.0
2023-11-16,928249,368,2442,10980.675,17263.976,229.198,10.06,0.171,0.0,0.0
2023-11-16,928250,462,2441,10981.748,17223.28,229.419,9.96,0.171,0.0,0.0
2023-11-16,928259,461,2441,10976.68,17222.373,229.113,9.68,0.171,0.0,0.0
2023-11-16,928261,367,2442,10975.707,17263.062,229.394,10.11,0.171,0.0,0.0
2023-11-16,928264,460,2441,10971.968,17221.614,229.259,9.85,0.171,0.0,0.0
2023-11-16,928272,366,2442,10970.762,17262.168,229.658,10.0,0.171,0.0,0.0
2023-11-16,928274,459,2441,10967.157,17220.765,229.096,9.91,0.171,-0.936,-0.304
2023-11-16,928282,458,2441,10961.866,17219.891,229.829,4.7,0.171,0.0,0.0
2023-11-16,928288,365,2442,10965.912,17261.253,229.999,2.75,0.171,0.0,0.0
2023-11-16,928864,294,2442,10968.235,17291.782,229.505,9.51,0.171,0.0,0.0
2023-11-16,928865,261,2441,10974.094,17307.968,229.424,10.07,0.171,0.0,0.0
2023-11-16,928867,295,2442,10973.025,17292.817,229.925,9.62,0.171,0.0,0.0
2023-11-16,928895,785,2441,11041.951,17078.381,230.585,11.13,0.171,0.0,0.0
2023-11-16,928905,414,2442,10975.342,17242.701,228.859,10.11,0.171,0.0,0.0
2023-11-16,928906,757,2441,11034.932,17091.699,230.728,11.13,0.171,0.0,0.0
2023-11-16,928915,412,2442,10965.162,17240.998,229.494,11.38,0.171,0.0,0.0
2023-11-16,928916,751,2441,11006.328,17086.391,229.601,10.35,0.171,0.0,0.0
2023-11-16,928924,424,2442,10966.892,17236.243,229.862,10.17,0.171,0.0,0.0
2023-11-16,928927,760,2441,11007.468,17081.619,229.484,10.19,0.171,10.103,-0.353
2023-11-16,928936,479,2442,11006.979,17222.501,229.134,10.17,0.171,0.0,0.0
2023-11-16,928938,713,2441,11034.492,17117.085,230.066,10.91,0.171,0.0,0.0
2023-11-16,928950,433,2442,11008.782,17243.581,229.483,10.06,0.171,0.0,0.0
2023-11-16,928951,701,2441,11020.107,17119.085,229.22,9.85,0.171,0.0,0.0
2023-11-16,928962,635,2441,11026.237,17155.658,229.779,10.18,0.171,0.0,0.0
2023-11-16,928965,300,2442,10990.701,17295.911,229.66,10.28,0.171,3.591,-0.962
2023-11-16,928974,296,2442,10990.398,17298.091,229.696,10.88,0.171,3.841,-0.201
2023-11-16,928975,928975,2441,11022.316,17169.976,229.401,10.02,0.171,0.0,0.0
2023-11-16,928982,614,2441,11020.333,17164.951,229.796,10.02,0.171,0.0,0.0
2023-11-16,928984,284,2442,10989.715,17303.044,229.796,9.02,0.171,3.018,0.641
2023-11-16,928990,284,2442,10989.726,17303.017,229.742,1.65,0.171,3.063,0.651
2023-11-16,928992,615,2441,11024.344,17166.085,229.579,9.52,0.171,0.0,0.0
2023-11-16,928995,299,2442,10988.017,17295.504,229.321,10.23,0.171,0.0,0.0
2023-11-16,929000,615,2441,11024.355,17166.078,229.661,0.56,0.171,0.0,0.0
2023-11-16,929004,621,2441,11007.611,17157.762,229.662,9.85,0.171,0.0,0.0
2023-11-16,929006,298,2442,10983.059,17294.296,229.467,10.28,0.171,0.0,0.0
2023-11-16,929013,297,2442,10978.08,17293.434,229.601,10.12,0.171,0.0,0.0
2023-11-16,929020,560,2441,11012.719,17188.74,229.788,10.35,0.171,10.157,1.247
2023-11-16,929023,288,2442,10990.157,17300.756,229.857,10.22,0.171,0.0,0.0
2023-11-16,929034,550,2441,11015.411,17194.424,229.679,10.29,0.171,10.074,1.596
2023-11-16,929035,287,2442,10986.409,17300.127,229.501,10.22,0.171,0.0,0.0
2023-11-16,929042,286,2442,10981.475,17299.291,229.394,10.17,0.171,0.0,0.0
2023-11-16,929047,285,2442,10976.798,17298.65,229.478,10.22,0.171,0.0,0.0
2023-11-16,929057,283,2442,10971.745,17297.463,229.689,10.06,0.171,0.0,0.0
2023-11-16,929066,282,2442,10966.806,17296.695,229.56,10.11,0.171,0.0,0.0
2023-11-16,929067,164,2441,10977.82,17351.64,229.698,11.08,0.171,3.533,0.816
2023-11-16,929074,281,2442,10961.905,17295.712,229.451,10.12,0.171,0.0,0.0
2023-11-16,929079,151,2441,10977.427,17356.579,230.026,10.92,0.171,3.776,0.803
2023-11-16,929083,280,2442,10956.837,17294.864,229.332,10.06,0.171,0.0,0.0
2023-11-16,929092,139,2441,10975.97,17361.274,229.888,10.58,0.171,3.718,0.523
2023-11-16,929093,279,2442,10952.103,17294.102,229.508,10.17,0.171,0.0,0.0
2023-11-16,929101,278,2442,10947.158,17293.335,229.742,10.34,0.171,0.0,0.0
2023-11-16,929107,176,2441,10980.018,17347.053,229.879,11.03,0.171,3.619,0.573
2023-11-16,929112,277,2442,10942.224,17292.414,230.133,5.17,0.171,0.0,0.0
2023-11-16,929117,262,2442,10979.085,17308.888,229.31,10.11,0.171,0.0,0.0
2023-11-16,929118,188,2441,10981.035,17342.197,229.789,10.96,0.171,3.368,0.791
2023-11-16,929126,264,2442,10988.775,17310.645,229.649,10.22,0.171,0.0,0.0
2023-11-16,929129,224,2441,10984.242,17327.659,229.794,11.41,0.171,3.856,0.473
2023-11-16,929136,263,2442,10983.74,17309.712,229.449,10.11,0.171,0.0,0.0
2023-11-16,929140,212,2441,10982.913,17332.491,229.694,10.68,0.171,3.73,0.393
2023-11-16,929144,276,2442,10989.446,17305.634,229.516,10.11,0.171,0.0,0.0
2023-11-16,929151,200,2441,10981.895,17337.184,229.705,10.69,0.171,0.0,0.0
2023-11-16,929153,275,2442,10985.27,17305.147,229.504,10.06,0.171,0.0,0.0
2023-11-16,929160,274,2442,10980.469,17304.145,229.489,10.17,0.171,0.0,0.0
2023-11-16,929162,216,2441,10983.593,17329.827,229.71,10.3,0.171,0.0,0.0
2023-11-16,929167,273,2442,10975.457,17303.182,229.567,10.17,0.171,0.0,0.0
2023-11-16,929168,215,2441,10978.776,17328.991,229.515,10.02,0.171,0.0,0.0
2023-11-16,929175,214,2441,10973.769,17328.149,229.579,10.13,0.171,0.0,0.0
2023-11-16,929177,271,2442,10970.679,17302.469,229.35,10.12,0.171,0.0,0.0
2023-11-16,929186,270,2442,10965.588,17301.516,229.587,10.17,0.171,0.0,0.0
2023-11-16,929187,213,2441,10968.78,17327.395,229.703,10.41,0.171,0.0,0.0
2023-11-16,929196,269,2442,10960.71,17300.654,229.394,10.06,0.171,0.0,0.0
2023-11-16,929197,211,2441,10963.935,17326.51,230.011,10.47,0.171,0.0,0.0
2023-11-16,929204,268,2442,10955.709,17299.747,229.436,10.11,0.171,0.0,0.0
2023-11-16,929207,210,2441,10958.955,17325.543,229.978,10.52,0.171,0.0,0.0
2023-11-16,929213,267,2442,10950.663,17298.846,229.493,10.17,0.171,0.0,0.0
2023-11-16,929218,209,2441,10953.999,17324.711,229.945,9.85,0.171,0.0,0.0
2023-11-16,929221,266,2442,10945.963,17298.14,229.628,10.78,0.171,0.0,0.0
2023-11-16,929226,208,2441,10949.026,17323.888,229.804,9.96,0.171,0.0,0.0
2023-11-16,929230,265,2442,10940.84,17297.317,229.631,5.28,0.171,0.0,0.0
2023-11-16,929235,207,2441,10944.13,17322.938,229.575,10.4,0.171,0.0,0.0
2023-11-16,929243,103,2442,10973.003,17376.058,229.43,10.61,0.171,2.728,0.048
2023-11-16,929246,206,2441,10939.313,17322.212,229.97,10.4,0.171,0.0,0.0
2023-11-16,929256,91,2442,10971.608,17381.053,229.264,10.66,0.171,2.672,0.281
2023-11-16,929258,205,2441,10934.406,17321.174,229.846,5.37,0.171,0.0,0.0
2023-11-16,929262,193,2441,10933.111,17325.888,229.714,4.87,0.171,0.0,0.0
2023-11-16,927622,424,2442,10967.748,17236.194,229.97,10.22,0.171,0.0,0.0
2023-11-16,927624,532,2441,10980.655,17192.962,230.041,10.74,0.171,0.0,0.0
2023-11-16,927629,531,2441,10975.732,17192.067,230.116,10.68,0.171,0.0,0.0
2023-11-16,927631,423,2442,10962.664,17235.427,229.862,10.66,0.171,0.0,0.0
2023-11-16,927634,530,2441,10970.73,17191.088,230.517,4.81,0.171,0.0,0.0
2023-11-16,927635,422,2442,10957.957,17234.365,230.002,5.5,0.171,0.0,0.0
2023-11-16,929267,194,2441,10937.934,17326.927,229.874,9.96,0.171,0.0,0.0
2023-11-16,929275,195,2441,10942.757,17327.685,229.643,10.4,0.171,0.0,0.0
2023-11-16,929278,79,2442,10970.268,17385.662,229.408,10.83,0.171,2.581,0.549
2023-11-16,929287,196,2441,10947.858,17328.579,229.546,10.57,0.171,0.0,0.0
2023-11-16,929288,67,2442,10968.894,17390.429,229.381,10.99,0.171,0.0,0.0
2023-11-16,929297,197,2441,10952.725,17329.395,229.614,10.52,0.171,0.0,0.0
2023-11-16,929298,95,2442,10970.067,17378.061,229.121,10.17,0.171,0.0,0.0
2023-11-16,929305,94,2442,10965.05,17377.438,229.153,10.11,0.171,0.0,0.0
2023-11-16,929307,198,2441,10957.716,17330.358,229.732,10.02,0.171,0.0,0.0
2023-11-16,929312,93,2442,10960.082,17376.498,229.225,10.12,0.171,0.0,0.0
2023-11-16,929314,199,2441,10962.538,17331.178,229.934,9.85,0.171,0.0,0.0
2023-11-16,929321,92,2442,10955.225,17375.57,229.173,10.39,0.171,0.0,0.0
2023-11-16,929324,201,2441,10967.362,17332.099,229.765,10.3,0.171,0.0,0.0
2023-11-16,927648,518,2441,10969.157,17196.083,230.089,4.64,0.171,0.0,0.0
2023-11-16,927650,519,2441,10974.113,17196.799,229.696,10.63,0.171,0.0,0.0
2023-11-16,927653,421,2442,11008.478,17248.415,229.665,7.97,0.171,0.0,0.0
2023-11-16,927656,520,2441,10978.936,17197.723,229.669,9.96,0.171,0.0,0.0
2023-11-16,927660,421,2442,11007.587,17248.236,229.731,7.37,0.171,0.0,0.0
2023-11-16,927663,521,2441,10984.027,17198.741,229.851,9.74,0.171,0.0,0.0
2023-11-16,927668,420,2442,11004.445,17247.536,229.669,9.95,0.171,0.0,0.0
2023-11-16,927672,522,2441,10988.972,17199.558,229.35,9.91,0.171,0.0,0.0
2023-11-16,927679,419,2442,11000.736,17246.97,229.338,10.11,0.171,0.0,0.0
2023-11-16,927681,523,2441,10993.728,17200.44,229.479,9.74,0.171,0.0,0.0
2023-11-16,927690,418,2442,10995.815,17246.532,228.728,9.18,0.171,0.0,0.0
2023-11-16,927695,524,2441,10998.552,17201.394,229.426,9.8,0.171,0.0,0.0
2023-11-16,927700,417,2442,10990.846,17245.409,229.236,9.35,0.171,0.0,0.0
2023-11-16,929333,90,2442,10950.468,17374.538,229.216,10.06,0.171,0.0,0.0
2023-11-16,929334,202,2441,10972.363,17333.0,229.584,10.35,0.171,0.0,0.0
2023-11-16,929340,89,2442,10945.467,17373.624,229.101,10.06,0.171,0.0,0.0
2023-11-16,929345,204,2441,10982.343,17334.717,229.732,10.41,0.171,0.0,0.0
2023-11-16,929351,88,2442,10940.577,17372.73,229.522,10.39,0.171,0.0,0.0
2023-11-16,929355,203,2441,10977.42,17333.901,229.744,1.28,0.171,0.0,0.0
2023-11-16,929364,87,2442,10935.577,17372.011,229.326,10.11,0.171,0.0,0.0
2023-11-16,929366,203,2441,10977.431,17333.914,229.77,10.01,0.171,0.0,0.0
2023-11-16,929371,86,2442,10930.587,17371.11,229.053,10.05,0.171,0.0,0.0
2023-11-16,929378,192,2441,10980.958,17339.523,229.735,10.35,0.171,0.0,0.0
2023-11-16,929379,85,2442,10925.808,17370.15,228.895,9.57,0.171,0.0,0.0
2023-11-16,929387,84,2442,10920.952,17369.444,229.165,4.67,0.171,0.0,0.0
2023-11-16,929388,191,2441,10975.946,17338.628,229.897,10.18,0.171,0.0,0.0
2023-11-16,929389,72,2442,10919.546,17374.309,229.314,4.78,0.171,0.0,0.0
2023-11-16,929393,73,2442,10924.346,17374.995,228.962,9.51,0.171,0.0,0.0
2023-11-16,927707,529,2441,11019.09,17204.859,229.725,2.57,0.171,0.0,0.0
2023-11-16,927708,416,2442,10985.823,17244.485,229.101,9.79,0.171,0.0,0.0
2023-11-16,927709,529,2441,11018.389,17204.803,229.796,3.41,0.171,0.0,0.0
2023-11-16,927713,528,2441,11016.25,17204.4,229.638,3.08,0.171,0.0,0.0
2023-11-16,927718,528,2441,11015.637,17204.285,229.729,1.73,0.171,0.0,0.0
2023-11-16,927719,527,2441,11013.698,17203.738,230.021,11.59,0.171,0.0,0.0
2023-11-16,927723,415,2442,10981.088,17243.482,229.292,9.57,0.171,0.0,0.0
2023-11-16,927735,414,2442,10976.221,17242.789,228.926,10.06,0.171,0.0,0.0
2023-11-16,927745,526,2441,11008.698,17203.052,229.51,9.91,0.171,0.0,0.0
2023-11-16,927747,413,2442,10971.243,17242.025,229.262,10.06,0.171,0.0,0.0
2023-11-16,927757,525,2441,11003.708,17202.19,229.632,9.96,0.171,0.0,0.0
2023-11-16,927760,412,2442,10966.163,17240.955,229.519,10.06,0.171,0.0,0.0
2023-11-16,929397,190,2441,10971.179,17337.812,229.647,10.18,0.171,0.0,0.0
2023-11-16,929401,74,2442,10929.314,17375.961,228.953,10.17,0.171,0.0,0.0
2023-11-16,929408,189,2441,10966.077,17336.846,229.836,10.47,0.171,0.0,0.0
2023-11-16,929410,75,2442,10934.337,17376.712,229.241,10.17,0.171,0.0,0.0
2023-11-16,929415,187,2441,10961.121,17336.075,229.74,9.91,0.171,0.0,0.0
2023-11-16,929416,76,2442,10939.238,17377.568,229.551,10.06,0.171,0.0,0.0
2023-11-16,929423,186,2441,10956.328,17335.049,229.498,9.85,0.171,0.0,0.0
2023-11-16,929425,77,2442,10944.076,17378.611,229.322,8.91,0.171,0.0,0.0
2023-11-16,927767,517,2441,11018.285,17209.829,229.887,3.47,0.171,0.0,0.0
2023-11-16,927768,517,2441,11017.606,17209.743,229.841,3.8,0.171,0.0,0.0
2023-11-16,927771,516,2441,11015.278,17209.328,229.94,4.76,0.171,0.0,0.0
2023-11-16,927776,516,2441,11014.642,17209.102,229.923,2.68,0.171,0.0,0.0
2023-11-16,927781,515,2441,11011.891,17208.44,229.928,11.02,0.171,0.0,0.0
2023-11-16,927787,411,2442,10961.33,17240.184,229.57,11.93,0.171,0.0,0.0
2023-11-16,927796,514,2441,11007.045,17207.591,229.455,9.91,0.171,0.0,0.0
2023-11-16,927797,410,2442,10956.561,17239.089,229.856,5.0,0.171,0.0,0.0
2023-11-16,927804,398,2442,10955.132,17243.709,229.388,5.05,0.171,0.0,0.0
2023-11-16,927806,513,2441,11002.167,17206.709,229.399,9.91,0.171,0.0,0.0
2023-11-16,927811,399,2442,10960.056,17244.95,229.806,10.83,0.171,0.0,0.0
2023-11-16,927817,512,2441,10997.155,17205.939,229.459,9.85,0.171,0.0,0.0
2023-11-16,927821,400,2442,10964.912,17245.744,229.371,10.01,0.171,0.0,0.0
2023-11-16,927826,511,2441,10992.265,17204.965,229.444,9.91,0.171,0.0,0.0
2023-11-16,927832,401,2442,10970.002,17246.628,229.159,10.05,0.171,0.0,0.0
2023-11-16,927834,510,2441,10987.175,17204.114,229.327,9.74,0.171,0.0,0.0
2023-11-16,927842,402,2442,10974.736,17247.445,229.075,9.51,0.171,0.0,0.0
2023-11-16,927843,509,2441,10982.508,17203.28,229.664,9.85,0.171,0.0,0.0
2023-11-16,927852,403,2442,10979.793,17248.235,229.078,10.0,0.171,0.0,0.0
2023-11-16,927857,508,2441,10977.446,17202.562,229.665,9.8,0.171,0.0,0.0
2023-11-16,927864,404,2442,10984.648,17248.921,229.164,10.06,0.171,0.0,0.0
2023-11-16,927865,507,2441,10972.433,17201.465,229.178,10.92,0.171,-1.075,-0.248
2023-11-16,927876,506,2441,10967.544,17200.662,229.849,4.53,0.171,0.0,0.0
2023-11-16,927883,494,2441,10966.042,17205.533,230.006,4.59,0.171,0.0,0.0
2023-11-16,927888,406,2442,10994.506,17250.756,229.203,10.01,0.171,0.0,0.0
2023-11-16,927889,495,2441,10971.121,17206.375,229.387,10.18,0.171,0.0,0.0
2023-11-16,927960,505,2441,11017.134,17214.506,230.107,4.25,0.171,0.0,0.0
2023-11-16,927961,505,2441,11016.443,17214.46,230.004,3.36,0.171,0.0,0.0
2023-11-16,927965,504,2441,11013.982,17214.022,229.766,2.74,0.171,0.0,0.0
2023-11-16,927966,504,2441,11013.324,17213.849,229.796,2.63,0.171,0.0,0.0
2023-11-16,927971,503,2441,11010.64,17213.435,229.826,9.91,0.171,0.0,0.0
2023-11-16,927972,394,2442,10993.022,17255.875,229.143,9.95,0.171,0.0,0.0
2023-11-16,927976,502,2441,11005.672,17212.475,229.16,10.3,0.171,0.0,0.0
2023-11-16,927984,393,2442,10988.121,17254.889,229.285,10.06,0.171,0.0,0.0
2023-11-16,930167,109,2441,10928.554,17360.509,229.133,9.68,0.171,0.0,0.0
2023-11-16,930170,795,2442,11009.488,17061.921,229.853,6.71,0.171,0.0,0.0
2023-11-16,930177,108,2441,10923.687,17359.651,229.141,4.92,0.171,4.604,1.586
2023-11-16,930180,804,2442,11010.672,17057.009,229.81,6.6,0.171,0.0,0.0
2023-11-16,930188,812,2442,11045.574,17063.157,230.125,11.11,0.171,0.0,0.0
2023-11-16,930196,861,2441,11050.353,17038.766,229.279,9.18,0.171,0.0,0.0
2023-11-16,930198,811,2442,11042.16,17062.57,230.231,11.05,0.171,0.0,0.0
2023-11-16,930203,861,2441,11049.541,17038.854,229.267,9.07,0.171,0.0,0.0
2023-11-16,930210,860,2441,11047.997,17038.24,229.46,10.8,0.171,0.0,0.0
2023-11-16,930211,810,2442,11038.64,17062.042,230.337,10.72,0.171,0.0,0.0
2023-11-16,930220,809,2442,11033.767,17061.104,230.318,10.66,0.171,0.0,0.0
2023-11-16,930221,859,2441,11045.431,17037.976,229.395,9.35,0.171,0.0,0.0
2023-11-16,930424,841,2441,11019.452,17038.313,229.983,10.85,0.171,0.0,0.0
2023-11-16,930432,840,2441,11015.932,17037.618,229.933,6.88,0.171,0.0,0.0
2023-11-16,930438,858,2441,11042.996,17037.44,229.482,10.91,0.171,0.0,0.0
2023-11-16,930441,827,2442,11036.353,17051.536,230.015,10.77,0.171,0.0,0.0
2023-11-16,930447,857,2441,11040.329,17036.925,229.376,10.91,0.171,0.0,0.0
2023-11-16,930451,826,2442,11031.363,17050.635,230.145,10.66,0.171,0.0,0.0
2023-11-16,930455,856,2441,11038.023,17036.497,229.163,10.91,0.171,0.0,0.0
2023-11-16,930462,825,2442,11026.501,17049.805,229.774,10.61,0.171,0.0,0.0
2023-11-16,930467,855,2441,11035.539,17036.127,229.304,10.86,0.171,0.0,0.0
2023-11-16,930474,824,2442,11021.539,17048.806,229.854,10.77,0.171,0.0,0.0
2023-11-16,930480,854,2441,11033.066,17035.615,229.498,10.97,0.171,0.0,0.0
2023-11-16,930483,823,2442,11016.694,17048.035,229.608,10.61,0.171,0.0,0.0
2023-11-16,929994,104,2442,10956.676,17370.611,229.101,9.51,0.171,0.0,0.0
2023-11-16,929996,128,2441,10959.434,17360.997,229.363,9.74,0.171,9.361,0.984
2023-11-16,929998,102,2442,10951.686,17369.837,229.167,9.46,0.171,0.0,0.0
2023-11-16,929999,101,2442,10946.741,17368.949,229.258,9.51,0.171,0.0,0.0
2023-11-16,930027,100,2442,10941.974,17368.165,229.263,10.5,0.171,0.0,0.0
2023-11-16,930028,129,2441,10964.396,17362.054,229.565,10.02,0.171,0.0,0.0
2023-11-16,930033,131,2441,10974.192,17363.674,229.733,9.91,0.171,0.0,0.0
2023-11-16,930231,808,2442,11028.827,17060.115,230.063,10.66,0.171,0.0,0.0
2023-11-16,930237,859,2441,11044.573,17037.836,229.522,10.52,0.171,0.0,0.0
2023-11-16,930244,807,2442,11023.793,17059.37,229.855,10.67,0.171,0.0,0.0
2023-11-16,930248,839,2441,11048.53,17048.367,229.771,11.03,0.171,0.0,0.0
2023-11-16,930256,797,2442,11016.965,17062.715,229.67,10.17,0.171,0.0,0.0
2023-11-16,930264,838,2441,11045.567,17047.938,229.741,0.05,0.171,0.0,0.0
2023-11-16,930266,838,2441,11045.562,17047.941,230.242,10.75,0.171,0.0,0.0
2023-11-16,930268,806,2442,11018.914,17058.42,229.811,10.61,0.171,0.0,0.0
2023-11-16,930277,837,2441,11042.694,17047.397,229.969,10.86,0.171,0.0,0.0
2023-11-16,930282,805,2442,11014.07,17057.717,229.853,10.72,0.171,0.0,0.0
2023-11-16,930288,836,2441,11037.693,17046.685,229.712,10.91,0.171,0.0,0.0
2023-11-16,930491,853,2441,11030.56,17035.161,229.555,10.92,0.171,0.0,0.0
2023-11-16,930494,822,2442,11013.286,17047.441,229.656,6.71,0.171,0.615,0.076
2023-11-16,930499,852,2441,11028.21,17034.772,229.587,10.85,0.171,0.0,0.0
2023-11-16,930511,851,2441,11025.57,17034.253,229.518,10.85,0.171,0.0,0.0
2023-11-16,930520,850,2441,11023.215,17033.926,229.728,10.8,0.171,0.0,0.0
2023-11-16,930534,849,2441,11020.781,17033.338,229.972,10.8,0.171,0.0,0.0
2023-11-16,930546,848,2441,11017.411,17032.8,229.821,6.72,0.171,0.0,0.0
2023-11-16,930037,99,2442,10937.039,17367.173,229.411,10.11,0.171,0.0,0.0
2023-11-16,930042,130,2441,10969.436,17362.838,229.575,10.3,0.171,0.0,0.0
2023-11-16,930045,98,2442,10931.899,17366.452,229.087,10.17,0.171,0.0,0.0
2023-11-16,930054,97,2442,10927.159,17365.42,229.178,9.46,0.171,0.0,0.0
2023-11-16,930055,127,2441,10975.694,17366.297,229.736,11.47,0.171,2.71,0.19
2023-11-16,930061,96,2442,10922.176,17364.874,229.027,4.78,0.171,0.0,0.0
2023-11-16,930067,119,2441,10972.819,17368.434,229.865,10.57,0.171,0.0,0.0
2023-11-16,930075,803,2442,11044.719,17068.235,230.493,6.49,0.171,0.0,0.0
2023-11-16,930078,118,2441,10968.107,17367.558,229.248,10.18,0.171,0.0,0.0
2023-11-16,930083,803,2442,11043.726,17067.815,230.553,3.19,0.171,0.0,0.0
2023-11-16,930087,802,2442,11041.099,17067.586,230.627,11.16,0.171,0.0,0.0
2023-11-16,930092,117,2441,10963.034,17366.671,229.382,10.08,0.171,0.0,0.0
2023-11-16,930097,801,2442,11037.322,17066.847,230.422,11.16,0.171,0.0,0.0
2023-11-16,930098,116,2441,10958.06,17365.828,229.051,10.24,0.171,0.0,0.0
2023-11-16,930298,821,2442,11046.452,17058.484,230.002,10.83,0.171,0.0,0.0
2023-11-16,930302,835,2441,11032.781,17045.654,230.072,10.68,0.171,0.0,0.0
2023-11-16,930310,820,2442,11043.222,17057.792,230.227,10.67,0.171,0.0,0.0
2023-11-16,930314,834,2441,11027.857,17044.703,230.255,10.91,0.171,0.0,0.0
2023-11-16,930318,819,2442,11039.869,17057.243,230.001,10.66,0.171,0.0,0.0
2023-11-16,930326,833,2441,11022.99,17043.873,230.185,10.85,0.171,0.0,0.0
2023-11-16,930332,818,2442,11034.929,17056.238,230.112,10.61,0.171,0.0,0.0
2023-11-16,930340,832,2441,11018.134,17043.095,230.008,10.85,0.171,0.0,0.0
2023-11-16,930343,817,2442,11030.079,17055.486,230.049,10.61,0.171,0.0,0.0
2023-11-16,930352,831,2441,11014.715,17042.524,229.702,7.05,0.171,0.0,0.0
2023-11-16,930554,860,2441,11047.267,17037.969,229.511,9.46,0.171,0.0,0.0
2023-11-16,930561,859,2441,11045.082,17037.071,229.468,1.68,0.171,0.0,0.0
2023-11-16,930562,858,2441,11042.266,17037.189,229.445,10.02,0.171,0.0,0.0
2023-11-16,930571,855,2441,11035.675,17036.766,229.644,9.85,0.171,0.0,0.0
2023-11-16,930110,800,2442,11032.488,17065.893,230.283,11.1,0.171,0.0,0.0
2023-11-16,930111,114,2441,10953.17,17364.855,229.363,10.08,0.171,0.0,0.0
2023-11-16,930122,799,2442,11027.587,17064.887,230.252,10.67,0.171,0.0,0.0
2023-11-16,930125,113,2441,10948.214,17363.987,229.164,10.46,0.171,0.0,0.0
2023-11-16,930135,798,2442,11022.653,17064.038,229.938,10.61,0.171,0.0,0.0
2023-11-16,930137,112,2441,10943.28,17363.216,229.262,9.96,0.171,0.0,0.0
2023-11-16,930146,797,2442,11017.83,17063.227,229.774,10.17,0.171,0.0,0.0
2023-11-16,930148,111,2441,10938.312,17362.413,229.438,9.96,0.171,0.0,0.0
2023-11-16,930158,110,2441,10933.601,17361.531,229.206,10.02,0.171,0.0,0.0
2023-11-16,930159,796,2442,11012.896,17062.463,229.799,10.11,0.171,0.0,0.0
2023-11-16,930358,816,2442,11025.11,17054.415,230.059,10.72,0.171,0.0,0.0
2023-11-16,930359,847,2441,11049.414,17043.635,229.376,10.91,0.171,0.0,0.0
2023-11-16,930368,846,2441,11044.101,17042.546,230.004,10.91,0.171,0.0,0.0
2023-11-16,930370,815,2442,11020.265,17053.539,229.817,10.56,0.171,0.0,0.0
2023-11-16,930377,814,2442,11015.242,17052.814,229.814,10.56,0.171,0.0,0.0
2023-11-16,930379,845,2441,11039.05,17041.743,229.538,10.92,0.171,0.0,0.0
2023-11-16,930388,813,2442,11011.867,17052.142,229.706,6.65,0.171,0.0,0.0
2023-11-16,930392,844,2441,11034.221,17040.887,229.923,9.74,0.171,0.0,0.0
2023-11-16,930396,830,2442,11047.458,17053.622,229.755,10.83,0.171,0.0,0.0
2023-11-16,930402,844,2441,11034.221,17040.877,230.069,8.9,0.171,0.0,0.0
2023-11-16,930403,843,2441,11029.253,17039.914,230.167,10.68,0.171,0.0,0.0
2023-11-16,930410,829,2442,11044.618,17052.999,230.214,10.72,0.171,0.0,0.0
2023-11-16,930413,842,2441,11024.319,17039.15,230.087,10.86,0.171,0.0,0.0
2023-11-16,930420,828,2442,11041.31,17052.516,229.866,11.54,0.171,0.0,0.0
2023-11-16,941367,121,7922,10780.376,17755.045,239.87,12.8,0.0,6.737,1.067
2023-11-16,941379,139,7922,10778.871,17760.06,239.715,12.75,0.0,3.503,0.618
2023-11-16,941393,153,7922,10777.431,17761.957,239.83,11.24,0.0,2.856,0.555
2023-11-16,941403,155,7922,10773.463,17760.472,239.791,11.51,0.0,3.172,0.502
2023-11-16,941414,141,7922,10769.658,17758.211,240.123,11.63,0.0,3.293,0.463
2023-11-16,941429,135,7922,10779.026,17757.15,239.902,11.13,0.0,3.148,1.023
2023-11-16,942409,392,2442,10713.968,17809.771,240.833,11.1,0.171,0.0,0.0
2023-11-16,942419,391,2442,10718.112,17810.459,240.555,10.94,0.171,0.0,0.0
2023-11-16,942420,56,7922,10753.541,17735.261,240.629,11.05,0.0,0.0,0.0
2023-11-16,942421,216,2441,10735.345,17770.817,240.717,11.48,0.171,0.0,0.0
2023-11-16,942428,390,2442,10722.344,17811.213,240.52,11.05,0.171,0.0,0.0
2023-11-16,942432,217,2441,10731.202,17770.158,240.915,11.53,0.171,0.0,0.0
2023-11-16,942439,57,7922,10749.52,17734.565,240.781,11.67,0.0,0.0,0.0
2023-11-16,942441,389,2442,10726.454,17811.83,240.314,10.99,0.171,0.0,0.0
2023-11-16,942449,218,2441,10726.925,17769.32,240.98,11.69,0.171,0.0,0.0
2023-11-16,942453,388,2442,10730.464,17812.708,240.231,11.05,0.171,0.0,0.0
2023-11-16,942463,219,2441,10722.837,17768.602,240.926,11.75,0.171,0.0,0.0
2023-11-16,942464,58,7922,10745.372,17733.877,240.864,11.59,0.0,0.0,0.0
2023-11-16,942468,387,2442,10734.775,17813.389,240.077,11.21,0.171,0.0,0.0
2023-11-16,943459,476,2441,10716.803,17831.924,240.776,11.47,0.171,0.0,0.0
2023-11-16,943461,146,7922,10739.79,17754.229,240.887,11.59,0.0,0.0,0.0
2023-11-16,943463,519,2442,10743.876,17846.906,239.501,10.94,0.171,0.0,0.0
2023-11-16,943471,475,2441,10721.102,17832.586,240.562,11.42,0.171,0.0,0.0
2023-11-16,943474,541,2442,10742.782,17851.835,239.453,10.66,0.171,0.0,0.0
2023-11-16,943480,147,7922,10735.635,17753.554,240.917,11.51,0.0,0.0,0.0
2023-11-16,943483,474,2441,10725.513,17833.267,240.11,11.19,0.171,0.0,0.0
2023-11-16,943485,558,2442,10741.599,17856.745,239.803,10.55,0.171,0.0,0.0
2023-11-16,943493,589,2442,10740.348,17861.57,239.56,10.55,0.171,0.0,0.0
2023-11-16,943496,473,2441,10729.484,17834.116,239.924,10.91,0.171,0.0,0.0
2023-11-16,943498,148,7922,10731.514,17752.833,241.019,11.51,0.0,0.0,0.0
2023-11-16,943505,590,2442,10736.151,17861.286,239.994,10.5,0.171,0.0,0.0
2023-11-16,943507,472,2441,10733.861,17834.728,240.22,10.91,0.171,0.0,0.0
2023-11-16,943515,575,2442,10731.968,17860.483,240.114,10.55,0.171,0.0,0.0
2023-11-16,943517,149,7922,10727.303,17752.073,241.007,11.59,0.0,0.0,0.0
2023-11-16,944502,782,2441,10723.095,17906.043,240.121,11.47,0.171,0.0,0.0
2023-11-16,944504,652,2442,10698.151,17871.654,240.809,11.77,0.171,0.0,0.0
2023-11-16,944509,766,2441,10718.924,17905.309,239.995,11.36,0.171,0.0,0.0
2023-11-16,944512,653,2442,10694.024,17870.812,241.01,11.82,0.171,0.0,0.0
2023-11-16,944517,784,2441,10717.792,17909.285,239.952,11.15,0.171,0.0,0.0
2023-11-16,944518,753,7922,10707.466,17898.654,240.136,11.01,0.0,0.0,0.0
2023-11-16,944522,654,2442,10689.713,17870.082,240.879,11.71,0.171,0.0,0.0
2023-11-16,944530,786,2441,10713.526,17908.441,240.054,10.86,0.171,0.0,0.0
2023-11-16,944533,655,2442,10685.758,17869.204,240.928,7.37,0.171,0.0,0.0
2023-11-16,944537,656,2442,10681.704,17868.593,240.795,5.94,0.171,0.0,0.0
2023-11-16,944541,787,2441,10709.439,17907.896,240.289,10.74,0.171,-4.339,-9.744
2023-11-16,944542,754,7922,10703.234,17898.116,239.995,11.13,0.0,0.0,0.0
2023-11-16,944544,678,2442,10730.67,17881.713,239.873,10.61,0.171,0.0,0.0
2023-11-16,944552,662,2442,10726.387,17880.983,239.907,10.5,0.171,0.0,0.0
2023-11-16,944564,664,2442,10722.155,17880.34,239.806,10.67,0.171,0.0,0.0
2023-11-16,941437,136,7922,10774.715,17756.078,239.858,11.55,0.0,2.671,0.817
2023-11-16,941448,123,7922,10771.125,17753.31,239.941,11.12,0.0,2.838,0.348
2023-11-16,941459,118,7922,10780.278,17752.697,239.638,11.13,0.0,3.24,0.748
2023-11-16,941465,119,7922,10776.08,17752.107,239.949,11.13,0.0,2.728,0.731
2023-11-16,941472,102,7922,10772.649,17748.617,240.031,11.05,0.0,2.986,0.367
2023-11-16,941484,87,7922,10782.05,17747.469,239.787,11.13,0.0,3.276,0.817
2023-11-16,941493,103,7922,10777.346,17748.482,239.768,10.97,0.0,2.522,-0.088
2023-11-16,942476,220,2441,10718.626,17767.858,240.966,12.03,0.171,0.0,0.0
2023-11-16,942478,385,2442,10743.152,17815.027,240.096,10.67,0.171,0.0,0.0
2023-11-16,942485,221,2441,10714.417,17767.242,240.921,8.4,0.171,0.0,0.0
2023-11-16,942487,386,2442,10738.93,17814.267,240.241,11.05,0.171,0.0,0.0
2023-11-16,942489,59,7922,10741.344,17733.018,240.911,11.59,0.0,0.0,0.0
2023-11-16,942492,222,2441,10710.261,17766.41,240.886,3.52,0.171,0.0,0.0
2023-11-16,942496,239,2441,10708.919,17770.439,240.931,3.52,0.171,0.0,0.0
2023-11-16,942498,382,2442,10748.682,17811.809,240.014,10.61,0.171,0.0,0.0
2023-11-16,942499,238,2441,10713.018,17771.167,240.897,6.66,0.171,0.0,0.0
2023-11-16,942504,237,2441,10717.34,17771.933,241.017,11.59,0.171,0.0,0.0
2023-11-16,942509,366,2442,10744.482,17810.818,240.452,11.16,0.171,0.0,0.0
2023-11-16,942510,60,7922,10737.046,17732.487,240.9,11.52,0.0,0.0,0.0
2023-11-16,942516,236,2441,10721.45,17772.694,240.745,11.58,0.171,0.0,0.0
2023-11-16,942517,368,2442,10740.183,17810.257,240.307,11.11,0.171,0.0,0.0
2023-11-16,942525,235,2441,10725.749,17773.326,240.83,11.59,0.171,0.0,0.0
2023-11-16,942528,369,2442,10736.04,17809.568,240.05,11.11,0.171,0.0,0.0
2023-11-16,942529,61,7922,10732.601,17731.682,241.136,11.63,0.0,0.0,0.0
2023-11-16,942537,234,2441,10729.815,17774.201,240.905,11.69,0.171,0.0,0.0
2023-11-16,943521,485,2441,10746.187,17837.257,239.964,11.03,0.171,0.0,0.0
2023-11-16,943527,576,2442,10727.997,17859.719,239.841,10.5,0.171,0.0,0.0
2023-11-16,943529,486,2441,10742.232,17836.307,240.015,10.75,0.171,0.0,0.0
2023-11-16,943533,150,7922,10723.065,17751.14,241.097,11.67,0.0,0.0,0.0
2023-11-16,943539,470,2441,10738.01,17835.488,240.058,10.75,0.171,0.0,0.0
2023-11-16,943540,577,2442,10723.664,17858.927,240.105,11.05,0.171,0.0,0.0
2023-11-16,943546,151,7922,10719.027,17750.558,240.981,6.63,0.0,0.0,0.0
2023-11-16,943551,578,2442,10719.365,17858.318,239.959,11.38,0.171,0.0,0.0
2023-11-16,943553,609,2441,10748.977,17870.795,239.465,13.66,0.171,6.08,0.425
2023-11-16,943554,152,7922,10714.784,17749.916,240.449,3.29,0.0,1.514,0.771
2023-11-16,943565,579,2442,10715.232,17857.486,239.991,11.05,0.171,-1.004,-0.269
2023-11-16,943566,640,2441,10746.947,17875.359,239.913,12.53,0.171,6.052,0.529
2023-11-16,943574,797,7922,10733.733,17912.38,240.01,12.52,0.0,6.219,1.78
2023-11-16,943579,657,2441,10745.574,17880.233,239.749,12.88,0.171,5.985,1.272
2023-11-16,943582,580,2442,10711.044,17856.68,240.531,11.48,0.171,0.0,0.0
2023-11-16,944573,665,2442,10718.022,17879.365,240.026,9.95,0.171,0.0,0.0
2023-11-16,944584,666,2442,10713.778,17878.618,239.757,10.45,0.171,0.0,0.0
2023-11-16,944593,667,2442,10709.79,17877.874,239.652,11.48,0.171,-1.466,-0.312
2023-11-16,944608,668,2442,10705.39,17877.111,240.438,11.1,0.171,0.0,0.0
2023-11-16,944621,669,2442,10701.202,17876.28,240.683,11.1,0.171,0.0,0.0
2023-11-16,941504,69,7922,10783.451,17742.761,239.598,11.16,0.0,3.013,0.211
2023-11-16,941510,84,7922,10778.553,17743.98,239.81,11.09,0.0,2.737,0.336
2023-11-16,941517,157,2441,10777.296,17764.612,240.026,1.12,0.171,0.556,0.019
2023-11-16,941519,157,2441,10777.296,17764.612,240.022,12.59,0.171,6.062,0.212
2023-11-16,941521,85,7922,10774.089,17743.974,239.886,11.13,0.0,2.879,0.101
2023-11-16,941531,187,2441,10776.023,17769.164,240.002,12.54,0.171,6.231,0.109
2023-11-16,941534,49,7922,10784.852,17738.056,239.608,11.09,0.0,2.873,0.77
2023-11-16,941542,205,2441,10774.45,17774.055,240.232,12.53,0.171,6.17,1.088
2023-11-16,941545,66,7922,10779.734,17739.843,239.653,11.09,0.0,2.676,0.87
2023-11-16,941555,223,2441,10772.877,17778.881,240.062,13.04,0.171,3.233,0.454
2023-11-16,941558,67,7922,10775.684,17738.975,239.945,11.09,0.0,2.873,0.558
2023-11-16,942544,370,2442,10732.275,17808.937,240.439,0.88,0.171,0.0,0.0
2023-11-16,942545,82,7922,10719.062,17733.541,240.175,2.63,0.0,0.0,0.0
2023-11-16,942549,81,7922,10723.506,17734.306,240.669,6.63,0.0,0.0,0.0
2023-11-16,942550,233,2441,10734.114,17774.882,240.868,11.86,0.171,0.0,0.0
2023-11-16,942560,80,7922,10727.605,17735.06,241.153,11.71,0.0,0.0,0.0
2023-11-16,942566,232,2441,10738.214,17775.675,240.609,10.97,0.171,0.0,0.0
2023-11-16,942572,79,7922,10731.827,17735.938,240.849,11.71,0.0,0.0,0.0
2023-11-16,942582,231,2441,10742.463,17776.432,240.51,11.08,0.171,0.0,0.0
2023-11-16,942587,370,2442,10731.908,17808.893,240.81,11.38,0.171,0.0,0.0
2023-11-16,942591,78,7922,10735.859,17736.425,240.944,11.59,0.0,0.0,0.0
2023-11-16,942595,230,2441,10746.623,17777.11,240.511,11.03,0.171,0.0,0.0
2023-11-16,942600,371,2442,10727.681,17808.156,240.257,10.99,0.171,0.0,0.0
2023-11-16,943591,675,2441,10743.856,17884.858,239.752,12.54,0.171,5.98,0.523
2023-11-16,943592,779,7922,10735.642,17908.218,240.081,4.69,0.0,4.265,1.723
2023-11-16,943594,581,2442,10706.9,17856.024,240.74,11.65,0.171,0.0,0.0
2023-11-16,943601,696,2441,10742.205,17889.668,239.481,8.4,0.171,3.772,0.597
2023-11-16,943604,582,2442,10702.812,17855.205,241.061,12.04,0.171,0.0,0.0
2023-11-16,943607,762,7922,10737.262,17903.881,240.042,12.56,0.0,6.536,0.916
2023-11-16,943610,696,2441,10741.458,17889.534,239.613,9.96,0.171,4.438,0.782
2023-11-16,943615,679,2441,10742.707,17887.097,239.612,11.03,0.171,2.546,0.223
2023-11-16,943616,583,2442,10698.424,17854.498,241.057,11.99,0.171,0.0,0.0
2023-11-16,943618,731,7922,10738.845,17898.715,240.124,13.96,0.0,7.368,0.667
2023-11-16,943625,661,2441,10744.225,17882.434,239.606,11.03,0.171,2.547,0.449
2023-11-16,943626,584,2442,10694.358,17853.646,241.293,12.15,0.171,0.0,0.0
2023-11-16,943633,643,2441,10745.742,17877.686,239.569,11.41,0.171,2.311,0.534
2023-11-16,943635,713,7922,10740.408,17894.293,240.059,12.56,0.0,3.359,0.838
2023-11-16,943637,586,2442,10685.882,17852.362,241.344,3.63,0.171,0.0,0.0
2023-11-16,943638,585,2442,10690.337,17852.873,241.491,7.31,0.171,0.0,0.0
2023-11-16,943647,504,2442,10741.212,17840.348,239.721,10.45,0.171,0.0,0.0
2023-11-16,943648,623,2441,10747.683,17872.904,239.678,10.37,0.171,2.361,0.416
2023-11-16,944635,670,2442,10697.025,17875.618,240.69,11.11,0.171,0.0,0.0
2023-11-16,944651,671,2442,10692.859,17874.782,240.66,11.6,0.171,0.0,0.0
2023-11-16,944665,672,2442,10688.572,17874.28,240.739,11.55,0.171,0.0,0.0
2023-11-16,944678,673,2442,10684.505,17873.324,241.125,7.2,0.171,0.0,0.0
2023-11-16,944682,674,2442,10680.372,17872.46,240.506,4.73,0.171,0.0,0.0
2023-11-16,944688,689,2442,10691.629,17879.024,240.69,11.55,0.171,0.0,0.0
2023-11-16,944698,690,2442,10687.519,17878.335,240.663,11.54,0.171,0.0,0.0
2023-11-16,941563,209,2441,10773.112,17776.421,240.084,11.08,0.171,2.535,0.679
2023-11-16,941571,191,2441,10774.719,17771.601,240.161,11.08,0.171,2.787,0.592
2023-11-16,941574,31,7922,10786.493,17733.314,239.648,11.16,0.0,2.956,0.521
2023-11-16,941580,174,2441,10776.092,17766.874,240.062,11.19,0.171,2.932,0.677
2023-11-16,941587,51,7922,10781.081,17735.661,239.782,11.09,0.0,2.803,0.699
2023-11-16,941591,172,2441,10772.276,17764.443,239.704,1.12,0.171,0.273,0.055
2023-11-16,941592,172,2441,10772.287,17764.429,240.201,11.53,0.171,2.178,0.427
2023-11-16,941599,36,7922,10776.985,17734.16,239.863,11.01,0.0,2.8,0.964
2023-11-16,941605,158,2441,10768.48,17762.928,240.236,11.48,0.171,2.801,0.444
2023-11-16,941617,188,2441,10771.112,17768.595,239.701,0.72,0.171,0.178,0.041
2023-11-16,941618,188,2441,10771.117,17768.602,240.351,11.03,0.171,1.829,0.423
2023-11-16,941619,32,7922,10782.179,17731.762,239.535,11.05,0.0,2.907,0.889
2023-11-16,942607,229,2441,10750.689,17777.877,240.536,11.08,0.171,0.0,0.0
2023-11-16,942610,372,2442,10723.497,17807.171,240.349,11.16,0.171,0.0,0.0
2023-11-16,942619,228,2441,10754.821,17778.559,240.263,11.03,0.171,0.0,0.0
2023-11-16,942620,77,7922,10740.136,17737.243,240.823,11.52,0.0,0.0,0.0
2023-11-16,942621,373,2442,10719.377,17806.652,240.315,11.11,0.171,0.0,0.0
2023-11-16,942629,227,2441,10763.251,17779.668,240.058,10.52,0.171,0.0,0.0
2023-11-16,942631,374,2442,10715.144,17805.735,240.539,11.27,0.171,0.0,0.0
2023-11-16,942639,242,2441,10759.165,17779.293,240.407,11.03,0.171,0.0,0.0
2023-11-16,942640,76,7922,10744.302,17738.029,240.847,11.63,0.0,0.0,0.0
2023-11-16,942643,375,2442,10711.033,17804.982,240.448,11.16,0.171,0.0,0.0
2023-11-16,942649,376,2442,10706.734,17804.248,240.617,11.22,0.171,0.0,0.0
2023-11-16,942652,260,2441,10757.878,17783.368,240.333,11.02,0.171,0.0,0.0
2023-11-16,942658,377,2442,10702.579,17803.462,240.663,6.65,0.171,0.0,0.0
2023-11-16,942661,75,7922,10748.446,17738.816,240.71,11.63,0.0,0.0,0.0
2023-11-16,942662,244,2441,10753.612,17782.575,240.469,10.97,0.171,0.0,0.0
2023-11-16,942663,378,2442,10698.324,17802.682,240.512,2.47,0.171,0.0,0.0
2023-11-16,942665,360,2442,10699.633,17798.536,240.266,2.97,0.171,0.0,0.0
2023-11-16,942668,359,2442,10703.822,17799.485,240.419,7.09,0.171,0.0,0.0
2023-11-16,943652,709,7922,10740.921,17891.735,239.956,11.17,0.0,2.857,0.928
2023-11-16,943657,625,2441,10744.002,17871.013,239.709,11.38,0.171,2.485,0.528
2023-11-16,943658,489,2442,10736.946,17839.549,239.718,10.5,0.171,0.0,0.0
2023-11-16,943669,610,2441,10739.887,17869.02,239.851,10.74,0.171,2.632,0.705
2023-11-16,943670,727,7922,10739.237,17896.47,239.748,11.55,0.0,2.695,0.876
2023-11-16,943671,490,2442,10732.781,17838.92,239.819,10.55,0.171,0.0,0.0
2023-11-16,943681,641,2441,10742.649,17875.069,239.706,11.66,0.171,2.538,0.539
2023-11-16,943683,491,2442,10728.548,17838.062,239.866,10.55,0.171,0.0,0.0
2023-11-16,943687,728,7922,10735.491,17895.023,240.105,11.09,0.0,3.242,0.689
2023-11-16,943690,627,2441,10738.559,17873.774,240.136,11.98,0.171,2.603,0.697
2023-11-16,943694,492,2442,10724.372,17837.654,239.684,10.45,0.171,0.0,0.0
2023-11-16,943699,658,2441,10741.151,17879.106,239.802,10.75,0.171,2.497,0.395
2023-11-16,943700,745,7922,10737.575,17901.388,240.058,11.05,0.0,3.026,0.588
2023-11-16,943704,493,2442,10720.194,17836.777,239.836,11.27,0.171,0.0,0.0
2023-11-16,943708,659,2441,10736.93,17878.607,240.128,10.97,0.171,2.763,0.339
2023-11-16,943713,747,7922,10734.015,17898.975,239.96,2.32,0.0,2.38,0.377
2023-11-16,944709,691,2442,10683.252,17877.298,240.65,7.15,0.171,0.0,0.0
2023-11-16,944717,692,2442,10679.208,17876.574,240.519,5.28,0.171,0.0,0.0
2023-11-16,944723,755,2442,10699.414,17897.511,240.133,11.16,0.171,0.0,0.0
2023-11-16,944735,756,2442,10695.137,17896.778,240.129,11.44,0.171,0.0,0.0
2023-11-16,944747,757,2442,10690.904,17896.044,240.294,10.99,0.171,0.0,0.0
2023-11-16,944762,758,2442,10686.716,17895.141,240.33,11.11,0.171,0.0,0.0
2023-11-16,941629,189,2441,10766.979,17767.731,240.316,11.87,0.171,2.741,0.786
2023-11-16,941631,13,7922,10787.676,17728.281,239.449,11.09,0.0,2.903,0.832
2023-11-16,941638,14,7922,10783.588,17727.609,118.042,11.01,0.0,2.724,0.53
2023-11-16,941640,206,2441,10769.859,17772.68,240.039,2.63,0.171,2.126,0.223
2023-11-16,941654,207,2441,10765.483,17772.505,240.196,11.81,0.171,0.0,0.0
2023-11-16,941655,19,7922,10778.391,17729.328,239.711,11.01,0.0,0.0,0.0
2023-11-16,941668,193,2441,10766.098,17770.102,240.184,10.07,0.171,0.0,0.0
2023-11-16,941671,15,7922,10777.874,17726.688,239.753,10.54,0.0,0.0,0.0
2023-11-16,941679,171,2441,10767.348,17765.316,240.083,11.08,0.171,0.0,0.0
2023-11-16,941686,16,7922,10773.977,17726.201,239.759,10.62,0.0,0.0,0.0
2023-11-16,942673,358,2442,10708.088,17800.218,240.377,11.33,0.171,0.0,0.0
2023-11-16,942677,246,2441,10749.391,17781.887,240.541,11.02,0.171,0.0,0.0
2023-11-16,942678,357,2442,10712.276,17800.985,240.336,11.05,0.171,0.0,0.0
2023-11-16,942682,74,7922,10752.589,17739.374,240.563,11.05,0.0,0.0,0.0
2023-11-16,942685,356,2442,10716.442,17801.742,240.502,11.1,0.171,0.0,0.0
2023-11-16,942689,247,2441,10745.269,17781.085,240.392,11.03,0.171,0.0,0.0
2023-11-16,942694,355,2442,10720.697,17802.564,240.354,11.05,0.171,0.0,0.0
2023-11-16,942696,248,2441,10741.109,17780.373,240.405,11.3,0.171,0.0,0.0
2023-11-16,942697,73,7922,10756.761,17740.375,240.303,11.09,0.0,0.0,0.0
2023-11-16,942704,354,2442,10724.885,17803.245,240.244,11.1,0.171,0.0,0.0
2023-11-16,942710,249,2441,10736.826,17779.587,240.381,10.97,0.171,0.0,0.0
2023-11-16,942714,353,2442,10729.067,17803.97,240.291,11.05,0.171,0.0,0.0
2023-11-16,942716,72,7922,10760.989,17741.22,240.466,11.01,0.0,0.0,0.0
2023-11-16,942723,352,2442,10733.183,17804.772,240.088,11.1,0.171,0.0,0.0
2023-11-16,942734,86,7922,10769.442,17742.492,239.834,10.89,0.0,0.0,0.0
2023-11-16,943718,494,2442,10715.978,17836.01,240.47,11.0,0.171,0.0,0.0
2023-11-16,943719,677,2441,10739.72,17883.292,239.719,10.96,0.171,2.41,0.296
2023-11-16,943725,765,7922,10735.991,17906.338,240.294,11.09,0.0,3.087,0.713
2023-11-16,943727,694,2441,10738.266,17887.159,239.876,10.91,0.171,2.516,0.398
2023-11-16,943728,495,2442,10711.907,17835.139,240.504,11.6,0.171,0.0,0.0
2023-11-16,943737,676,2441,10735.123,17883.271,240.112,11.03,0.171,2.911,0.461
2023-11-16,943738,783,7922,10734.314,17909.978,240.148,11.01,0.0,3.061,0.5
2023-11-16,943739,496,2442,10707.641,17834.431,240.587,11.65,0.171,0.0,0.0
2023-11-16,943746,710,2441,10736.923,17891.111,239.906,11.52,0.171,2.604,0.746
2023-11-16,943748,798,7922,10729.488,17911.242,239.903,11.08,0.0,2.842,0.604
2023-11-16,943750,497,2442,10703.464,17833.802,240.774,11.82,0.171,0.0,0.0
2023-11-16,943756,693,2441,10733.505,17887.967,240.222,11.08,0.171,0.0,0.0
2023-11-16,943760,799,7922,10725.244,17910.548,240.105,11.01,0.0,3.364,0.294
2023-11-16,943761,498,2442,10699.176,17832.977,240.99,11.55,0.171,0.0,0.0
2023-11-16,943767,680,2441,10733.752,17885.585,239.911,10.58,0.171,0.0,0.0
2023-11-16,943770,500,2442,10690.732,17831.425,240.499,3.13,0.171,0.0,0.0
2023-11-16,943772,499,2442,10695.076,17832.184,240.664,7.15,0.171,0.0,0.0
2023-11-16,943777,663,2441,10735.136,17880.825,239.921,10.47,0.171,0.0,0.0
2023-11-16,943778,780,7922,10731.019,17907.274,240.017,11.01,0.0,3.191,0.279
2023-11-16,943780,518,2442,10690.059,17835.7,240.628,3.41,0.171,0.0,0.0
2023-11-16,944775,759,2442,10682.606,17894.439,240.43,11.05,0.171,0.0,0.0
2023-11-16,944792,760,2442,10678.439,17893.555,240.44,9.46,0.171,0.0,0.0
2023-11-16,944801,761,2442,10674.117,17892.773,240.287,3.08,0.171,0.0,0.0
2023-11-16,944805,768,2442,10714.668,17904.405,239.583,10.61,0.171,0.0,0.0
2023-11-16,944816,769,2442,10710.548,17903.932,239.723,10.55,0.171,0.0,0.0
2023-11-16,944829,770,2442,10706.32,17903.061,239.674,10.99,0.171,0.0,0.0
2023-11-16,941695,173,2441,10763.799,17762.968,240.236,11.41,0.171,0.0,0.0
2023-11-16,941702,1,7922,10769.582,17725.34,240.141,11.24,0.0,0.0,0.0
2023-11-16,941708,159,2441,10759.6,17762.248,240.105,11.3,0.171,0.0,0.0
2023-11-16,941716,2,7922,10765.517,17724.678,240.275,11.01,0.0,0.0,0.0
2023-11-16,941720,160,2441,10755.479,17761.494,240.489,11.86,0.171,0.0,0.0
2023-11-16,941730,161,2441,10751.263,17760.744,240.373,16.51,0.171,0.0,0.0
2023-11-16,941732,941732,7922,10749.903,17719.79,245.015,11.05,0.0,0.0,0.0
2023-11-16,941745,4,7922,10757.168,17723.105,240.524,11.05,0.0,0.0,0.0
2023-11-16,941746,162,2441,10746.947,17759.935,240.471,10.97,0.171,0.0,0.0
2023-11-16,942735,351,2442,10737.282,17805.415,240.173,11.1,0.171,0.0,0.0
2023-11-16,942736,250,2441,10732.794,17778.918,240.719,11.02,0.171,0.0,0.0
2023-11-16,942742,350,2442,10741.681,17806.031,240.496,11.05,0.171,0.0,0.0
2023-11-16,942746,251,2441,10728.595,17778.236,240.867,11.92,0.171,0.0,0.0
2023-11-16,942747,70,7922,10764.893,17741.883,240.209,10.58,0.0,0.0,0.0
2023-11-16,942753,364,2442,10749.957,17807.613,240.226,11.11,0.171,0.0,0.0
2023-11-16,942759,252,2441,10724.44,17777.417,240.766,11.81,0.171,0.0,0.0
2023-11-16,942765,349,2442,10745.608,17806.89,240.183,11.1,0.171,0.0,0.0
2023-11-16,942771,88,7922,10772.606,17746.054,239.801,10.51,0.0,0.0,0.0
2023-11-16,942777,347,2442,10751.155,17803.672,240.168,11.11,0.171,0.0,0.0
2023-11-16,942778,253,2441,10720.107,17776.638,240.726,11.08,0.171,0.0,0.0
2023-11-16,942785,333,2442,10747.167,17802.859,240.643,11.1,0.171,0.0,0.0
2023-11-16,942786,254,2441,10716.031,17776.012,240.806,11.08,0.171,0.0,0.0
2023-11-16,942787,104,7922,10768.222,17746.596,239.977,10.58,0.0,0.0,0.0
2023-11-16,942798,334,2442,10742.867,17801.885,240.646,11.1,0.171,0.0,0.0
2023-11-16,942799,255,2441,10711.843,17775.268,240.731,7.67,0.171,0.0,0.0
2023-11-16,943781,517,2442,10694.08,17836.408,241.112,6.6,0.171,0.0,0.0
2023-11-16,943785,516,2442,10698.367,17836.979,241.203,11.6,0.171,0.0,0.0
2023-11-16,943787,645,2441,10736.686,17876.028,240.208,11.08,0.171,0.0,0.0
2023-11-16,943793,781,7922,10726.777,17906.935,240.154,11.01,0.0,3.391,0.356
2023-11-16,943794,515,2442,10702.411,17837.804,241.285,11.55,0.171,0.0,0.0
2023-11-16,943796,624,2441,10738.193,17871.271,240.189,11.14,0.171,0.0,0.0
2023-11-16,943806,514,2442,10706.777,17838.511,241.047,2.86,0.171,0.0,0.0
2023-11-16,943807,763,7922,10732.373,17903.313,239.939,11.09,0.0,2.781,0.85
2023-11-16,943808,607,2441,10739.304,17866.394,240.057,10.68,0.171,0.0,0.0
2023-11-16,943817,608,2441,10735.031,17865.227,240.179,11.1,0.171,0.0,0.0
2023-11-16,943818,513,2442,10710.844,17839.455,240.756,11.55,0.171,0.0,0.0
2023-11-16,943820,749,7922,10728.557,17902.232,240.113,11.05,0.0,2.984,0.971
2023-11-16,943830,592,2441,10731.077,17864.612,240.292,11.02,0.171,0.0,0.0
2023-11-16,943833,512,2442,10715.149,17840.283,240.519,11.33,0.171,0.0,0.0
2023-11-16,943839,732,7922,10730.012,17897.145,240.376,10.98,0.0,3.116,0.494
2023-11-16,943843,594,2441,10726.755,17863.762,240.105,11.19,0.171,0.0,0.0
2023-11-16,943844,511,2442,10719.164,17840.929,240.245,11.05,0.171,0.0,0.0
2023-11-16,944840,771,2442,10702.182,17902.419,239.514,11.15,0.171,0.0,0.0
2023-11-16,944855,772,2442,10698.017,17901.711,239.97,11.05,0.171,0.0,0.0
2023-11-16,944870,773,2442,10693.918,17900.986,240.122,10.99,0.171,0.0,0.0
2023-11-16,944886,774,2442,10689.629,17900.224,240.269,11.0,0.171,0.0,0.0
2023-11-16,941759,163,2441,10742.937,17759.239,240.302,12.65,0.171,0.0,0.0
2023-11-16,941761,5,7922,10752.98,17722.472,239.974,11.59,0.0,0.0,0.0
2023-11-16,941774,164,2441,10738.76,17758.486,240.397,11.47,0.171,0.0,0.0
2023-11-16,941785,165,2441,10734.527,17757.804,241.013,11.7,0.171,0.0,0.0
2023-11-16,941786,6,7922,10748.792,17721.66,240.764,11.55,0.0,0.0,0.0
2023-11-16,941790,166,2441,10730.394,17756.972,241.004,11.81,0.171,0.0,0.0
2023-11-16,941799,7,7922,10744.526,17720.894,240.921,11.59,0.0,0.0,0.0
2023-11-16,941801,167,2441,10726.084,17756.252,241.0,12.08,0.171,0.0,0.0
2023-11-16,941811,168,2441,10722.041,17755.55,241.095,11.87,0.171,0.0,0.0
2023-11-16,941813,8,7922,10740.254,17720.202,241.014,11.59,0.0,0.0,0.0
2023-11-16,941818,169,2441,10717.674,17754.751,240.673,6.83,0.171,0.0,0.0
2023-11-16,941822,170,2441,10713.431,17754.03,240.263,3.69,0.171,0.0,0.0
2023-11-16,942802,256,2441,10707.627,17774.479,240.657,3.52,0.171,0.0,0.0
2023-11-16,942804,89,7922,10763.995,17745.758,240.064,10.78,0.0,0.0,0.0
2023-11-16,942805,274,2441,10706.312,17778.518,240.739,3.19,0.171,0.0,0.0
2023-11-16,942808,335,2442,10738.68,17801.32,240.278,11.16,0.171,0.0,0.0
2023-11-16,942809,273,2441,10710.456,17779.239,240.599,6.55,0.171,0.0,0.0
2023-11-16,942812,272,2441,10714.75,17780.038,240.524,11.19,0.171,0.0,0.0
2023-11-16,942815,336,2442,10734.57,17800.703,240.121,11.05,0.171,0.0,0.0
2023-11-16,942819,271,2441,10718.921,17780.739,240.491,11.25,0.171,0.0,0.0
2023-11-16,942820,90,7922,10760.041,17745.163,240.325,11.09,0.0,0.0,0.0
2023-11-16,942823,337,2442,10730.337,17799.878,240.149,11.05,0.171,0.0,0.0
2023-11-16,942827,270,2441,10723.009,17781.467,240.688,11.08,0.171,0.0,0.0
2023-11-16,942832,338,2442,10726.093,17799.171,240.215,11.05,0.171,0.0,0.0
2023-11-16,942833,91,7922,10755.635,17744.192,240.268,11.05,0.0,0.0,0.0
2023-11-16,942836,269,2441,10727.23,17782.233,240.764,2.01,0.171,0.0,0.0
2023-11-16,942841,339,2442,10721.905,17798.339,240.2,11.05,0.171,0.0,0.0
2023-11-16,942845,268,2441,10731.43,17782.967,240.772,11.03,0.171,0.0,0.0
2023-11-16,942846,92,7922,10751.459,17743.634,240.538,11.04,0.0,0.0,0.0
2023-11-16,942851,340,2442,10717.879,17797.748,240.341,11.0,0.171,0.0,0.0
2023-11-16,942859,267,2441,10735.606,17783.662,240.386,10.97,0.171,0.0,0.0
2023-11-16,942862,341,2442,10713.652,17796.936,240.249,11.44,0.171,0.0,0.0
2023-11-16,943854,715,7922,10731.687,17892.84,240.191,11.01,0.0,0.0,0.0
2023-11-16,943855,595,2441,10722.811,17863.014,240.225,11.19,0.171,0.0,0.0
2023-11-16,943856,510,2442,10723.496,17841.513,239.818,10.55,0.171,0.0,0.0
2023-11-16,943864,711,7922,10732.196,17890.523,240.15,10.5,0.0,0.0,0.0
2023-11-16,943865,596,2441,10718.534,17862.306,240.043,11.3,0.171,0.0,0.0
2023-11-16,943869,509,2442,10727.669,17842.445,239.802,10.5,0.171,0.0,0.0
2023-11-16,943877,597,2441,10714.146,17861.531,239.924,11.19,0.171,11.016,1.36
2023-11-16,943881,712,7922,10727.902,17889.835,240.066,10.5,0.0,0.0,0.0
2023-11-16,943882,508,2442,10731.951,17843.143,240.085,10.66,0.171,0.0,0.0
2023-11-16,943889,598,2441,10710.247,17860.789,240.813,12.14,0.171,0.0,0.0
2023-11-16,943890,697,7922,10723.791,17888.957,240.018,10.5,0.0,0.0,0.0
2023-11-16,943892,521,2442,10740.227,17844.664,239.885,10.61,0.171,0.0,0.0
2023-11-16,943901,599,2441,10706.026,17860.137,241.209,11.87,0.171,0.0,0.0
2023-11-16,943902,507,2442,10736.128,17843.805,240.284,10.5,0.171,0.0,0.0
2023-11-16,943908,698,7922,10719.514,17888.321,240.239,10.55,0.0,0.0,0.0
2023-11-16,944899,775,2442,10685.43,17899.418,240.263,11.05,0.171,0.0,0.0
2023-11-16,944913,776,2442,10681.208,17898.697,240.35,11.38,0.171,0.0,0.0
2023-11-16,944921,777,2442,10677.165,17897.852,240.347,6.54,0.171,0.0,0.0
2023-11-16,944927,778,2442,10672.854,17896.995,240.353,3.02,0.171,0.0,0.0
2023-11-16,944929,788,2442,10705.05,17906.967,239.894,11.05,0.171,0.0,0.0
2023-11-16,944941,789,2442,10700.885,17906.416,240.104,11.05,0.171,0.0,0.0
2023-11-16,944944,790,2442,10696.83,17905.727,240.065,11.22,0.171,0.0,0.0
2023-11-16,944950,791,2442,10692.419,17904.896,240.187,11.11,0.171,0.0,0.0
2023-11-16,944955,796,2442,10671.712,17901.134,240.455,3.13,0.171,0.0,0.0
2023-11-16,944958,795,2442,10675.767,17901.888,240.448,6.65,0.171,0.0,0.0
2023-11-16,944960,794,2442,10680.022,17902.678,240.428,11.16,0.171,0.0,0.0
2023-11-16,941826,9,7922,10736.171,17719.288,240.99,11.56,0.0,0.0,0.0
2023-11-16,941827,186,2441,10712.445,17758.264,240.596,3.47,0.171,0.0,0.0
2023-11-16,941830,185,2441,10716.444,17758.917,240.928,6.6,0.171,0.0,0.0
2023-11-16,941834,184,2441,10720.888,17759.748,240.9,11.98,0.171,0.0,0.0
2023-11-16,941838,10,7922,10731.972,17718.607,240.827,11.63,0.0,0.0,0.0
2023-11-16,941843,183,2441,10724.898,17760.529,240.915,12.08,0.171,0.0,0.0
2023-11-16,941847,11,7922,10727.684,17717.866,240.831,6.59,0.0,0.0,0.0
2023-11-16,941850,12,7922,10723.585,17717.073,241.043,4.81,0.0,0.0,0.0
2023-11-16,941852,182,2441,10729.276,17761.301,240.949,9.96,0.171,0.0,0.0
2023-11-16,941856,33,7922,10776.746,17731.447,239.81,10.51,0.0,0.0,0.0
2023-11-16,941862,182,2441,10729.254,17761.327,240.982,11.49,0.171,0.0,0.0
2023-11-16,941866,181,2441,10733.397,17761.983,241.007,11.75,0.171,0.0,0.0
2023-11-16,941874,34,7922,10772.701,17730.158,239.962,10.51,0.0,0.0,0.0
2023-11-16,941879,180,2441,10737.607,17762.724,240.93,11.92,0.171,0.0,0.0
2023-11-16,942865,93,7922,10747.359,17742.662,240.767,11.67,0.0,0.0,0.0
2023-11-16,942867,342,2442,10709.352,17796.196,240.337,11.6,0.171,0.0,0.0
2023-11-16,942870,266,2441,10739.856,17784.517,240.436,10.97,0.171,0.0,0.0
2023-11-16,942874,343,2442,10705.297,17795.422,240.38,6.54,0.171,0.0,0.0
2023-11-16,942878,344,2442,10701.12,17794.681,240.156,3.13,0.171,0.0,0.0
2023-11-16,942880,265,2441,10743.983,17785.14,240.362,11.03,0.171,0.0,0.0
2023-11-16,942882,330,2442,10752.676,17799.655,240.145,11.1,0.171,0.0,0.0
2023-11-16,942884,94,7922,10742.871,17742.118,240.726,11.51,0.0,0.0,0.0
2023-11-16,942889,314,2442,10748.555,17798.862,240.398,11.27,0.171,0.0,0.0
2023-11-16,942890,264,2441,10748.238,17786.007,240.535,11.08,0.171,0.0,0.0
2023-11-16,942894,316,2442,10744.132,17798.005,240.487,11.0,0.171,0.0,0.0
2023-11-16,942913,317,2442,10739.945,17797.369,240.385,11.16,0.171,0.0,0.0
2023-11-16,942915,95,7922,10738.928,17741.403,240.82,12.48,0.0,0.0,0.0
2023-11-16,942917,431,2441,10760.023,17827.077,239.426,12.09,0.171,4.601,0.241
2023-11-16,942921,318,2442,10735.796,17796.668,240.141,11.0,0.171,0.0,0.0
2023-11-16,942924,449,2441,10758.822,17831.827,239.066,12.26,0.171,4.487,0.235
2023-11-16,942927,96,7922,10734.695,17740.545,240.866,11.44,0.0,0.0,0.0
2023-11-16,942930,319,2442,10731.608,17796.002,240.119,11.05,0.171,0.0,0.0
2023-11-16,943911,538,2442,10739.041,17848.706,239.965,10.55,0.171,0.0,0.0
2023-11-16,943915,600,2441,10701.749,17859.345,241.357,12.31,0.171,0.0,0.0
2023-11-16,943922,523,2442,10735.12,17847.997,239.858,10.5,0.171,0.0,0.0
2023-11-16,943923,699,7922,10715.626,17887.404,240.371,10.89,0.0,0.0,0.0
2023-11-16,943926,601,2441,10697.504,17858.52,241.344,12.53,0.171,0.0,0.0
2023-11-16,943931,524,2442,10730.831,17847.055,239.885,10.5,0.171,0.0,0.0
2023-11-16,943932,602,2441,10693.461,17857.727,241.51,12.76,0.171,0.0,0.0
2023-11-16,943936,700,7922,10711.282,17886.664,240.151,10.5,0.0,0.0,0.0
2023-11-16,943937,525,2442,10726.799,17846.346,240.019,11.1,0.171,0.0,0.0
2023-11-16,943940,604,2441,10685.129,17856.232,241.338,3.86,0.171,0.0,0.0
2023-11-16,943959,701,7922,10706.995,17886.133,240.148,11.05,0.0,0.0,0.0
2023-11-16,943960,526,2442,10722.422,17845.835,239.974,11.05,0.171,0.0,0.0
2023-11-16,943969,527,2442,10718.201,17845.088,239.993,11.05,0.171,0.0,0.0
2023-11-16,943973,702,7922,10702.973,17885.124,240.429,11.01,0.0,0.0,0.0
2023-11-16,944967,792,2442,10688.576,17904.109,240.289,11.16,0.171,0.0,0.0
2023-11-16,944976,793,2442,10684.177,17903.46,240.352,11.16,0.171,0.0,0.0
2023-11-16,941889,18,7922,10768.624,17729.528,240.233,10.54,0.0,0.0,0.0
2023-11-16,941891,179,2441,10741.751,17763.425,240.746,11.53,0.171,0.0,0.0
2023-11-16,941900,178,2441,10746.027,17764.061,240.49,11.53,0.171,0.0,0.0
2023-11-16,941901,20,7922,10764.358,17728.651,240.319,10.97,0.0,0.0,0.0
2023-11-16,941910,177,2441,10750.094,17764.926,240.508,11.98,0.171,0.0,0.0
2023-11-16,941915,21,7922,10760.225,17727.985,240.603,11.04,0.0,0.0,0.0
2023-11-16,941921,176,2441,10754.293,17765.712,240.476,11.81,0.171,0.0,0.0
2023-11-16,941929,22,7922,10755.993,17727.268,240.615,11.01,0.0,0.0,0.0
2023-11-16,941932,175,2441,10758.625,17766.354,240.391,11.36,0.171,0.0,0.0
2023-11-16,941939,190,2441,10762.569,17767.167,240.377,11.58,0.171,0.0,0.0
2023-11-16,941942,23,7922,10751.738,17726.521,240.668,11.05,0.0,0.0,0.0
2023-11-16,941949,208,2441,10761.438,17771.232,240.239,12.88,0.171,0.0,0.0
2023-11-16,942933,469,2441,10757.517,17836.77,239.173,12.36,0.171,4.524,0.237
2023-11-16,942939,320,2442,10727.481,17795.271,240.184,11.11,0.171,0.0,0.0
2023-11-16,942941,97,7922,10730.507,17739.941,240.98,11.47,0.0,0.0,0.0
2023-11-16,942943,487,2441,10756.689,17841.626,239.289,12.15,0.171,2.973,0.208
2023-11-16,942949,321,2442,10723.203,17794.433,240.157,11.16,0.171,0.0,0.0
2023-11-16,942952,501,2441,10754.972,17843.726,238.898,10.64,0.171,1.756,0.31
2023-11-16,942954,98,7922,10726.308,17739.149,241.214,11.51,0.0,0.0,0.0
2023-11-16,942957,322,2442,10719.038,17793.725,240.264,11.05,0.171,0.0,0.0
2023-11-16,942959,502,2441,10751.092,17842.143,239.017,11.13,0.171,1.724,0.242
2023-11-16,942963,99,7922,10722.086,17738.323,240.804,6.51,0.0,0.0,0.0
2023-11-16,942965,483,2441,10756.067,17839.045,238.947,10.63,0.171,2.202,0.298
2023-11-16,942966,100,7922,10718.01,17737.69,240.657,3.02,0.0,0.0,0.0
2023-11-16,942967,323,2442,10715.006,17793.076,240.144,11.1,0.171,0.0,0.0
2023-11-16,942971,105,7922,10771.532,17750.552,240.043,10.47,0.0,0.0,0.0
2023-11-16,942972,484,2441,10751.867,17838.093,238.976,11.08,0.171,1.536,0.134
2023-11-16,942977,324,2442,10710.689,17792.261,240.194,11.21,0.171,0.0,0.0
2023-11-16,942979,488,2441,10747.21,17839.862,239.749,11.14,0.171,2.344,0.371
2023-11-16,942981,325,2442,10706.523,17791.324,240.222,6.76,0.171,0.0,0.0
2023-11-16,942985,120,7922,10767.192,17750.81,239.899,10.58,0.0,0.0,0.0
2023-11-16,942987,326,2442,10702.418,17790.57,240.381,3.13,0.171,0.0,0.0
2023-11-16,942989,466,2441,10757.351,17834.213,238.959,10.96,0.171,2.098,0.221
2023-11-16,942990,312,2442,10753.886,17795.815,240.054,11.11,0.171,0.0,0.0
2023-11-16,942994,467,2441,10753.109,17833.897,239.428,11.01,0.171,2.236,0.394
2023-11-16,942995,106,7922,10763.037,17749.874,240.259,11.01,0.0,0.0,0.0
2023-11-16,943981,528,2442,10714.025,17844.582,240.374,11.48,0.171,0.0,0.0
2023-11-16,943986,703,7922,10698.596,17884.502,240.688,11.04,0.0,0.0,0.0
2023-11-16,943989,529,2442,10709.792,17843.757,240.806,12.75,0.171,0.0,0.0
2023-11-16,943995,626,2441,10734.067,17869.291,240.31,10.3,0.171,0.0,0.0
2023-11-16,944002,704,7922,10694.574,17883.656,240.728,10.97,0.0,0.0,0.0
2023-11-16,944003,530,2442,10705.715,17842.964,240.979,11.55,0.171,0.0,0.0
2023-11-16,944011,611,2441,10730.046,17868.608,240.169,10.97,0.171,0.0,0.0
2023-11-16,944012,531,2442,10701.409,17842.071,241.064,11.6,0.171,0.0,0.0
2023-11-16,944016,705,7922,10690.275,17883.04,240.57,10.93,0.0,0.0,0.0
2023-11-16,944021,532,2442,10697.293,17841.268,241.256,11.76,0.171,0.0,0.0
2023-11-16,944025,706,7922,10686.164,17882.104,240.453,10.97,0.0,0.0,0.0
2023-11-16,944027,533,2442,10693.127,17840.423,241.049,8.85,0.171,0.0,0.0
2023-11-16,944029,612,2441,10725.914,17867.9,239.956,9.91,0.171,0.0,0.0
2023-11-16,944032,534,2442,10688.827,17839.598,240.86,3.02,0.171,0.0,0.0
2023-11-16,944035,707,7922,10682.038,17881.422,240.665,8.18,0.0,0.0,0.0
2023-11-16,944036,556,2442,10738.156,17853.131,239.773,10.61,0.171,0.0,0.0
2023-11-16,944039,613,2441,10721.692,17867.127,240.194,10.24,0.171,0.0,0.0
2023-11-16,944041,708,7922,10677.8,17880.799,240.556,3.49,0.0,0.0,0.0
2023-11-16,941957,192,2441,10757.205,17770.501,240.246,11.53,0.171,0.0,0.0
2023-11-16,941962,24,7922,10747.728,17725.871,240.902,11.51,0.0,0.0,0.0
2023-11-16,941967,194,2441,10753.184,17769.701,240.606,11.75,0.171,0.0,0.0
2023-11-16,941968,348,2442,10764.311,17807.574,239.552,12.15,0.171,4.884,0.427
2023-11-16,941977,327,2442,10765.723,17802.879,239.576,12.15,0.171,4.883,0.085
2023-11-16,941978,195,2441,10748.796,17769.001,240.397,11.75,0.171,0.0,0.0
2023-11-16,941989,365,2442,10763.456,17812.463,239.346,12.1,0.171,4.793,0.932
2023-11-16,941990,196,2441,10744.886,17768.246,240.554,11.47,0.171,0.0,0.0
2023-11-16,941992,25,7922,10743.373,17724.942,240.934,11.59,0.0,0.0,0.0
2023-11-16,941996,383,2442,10762.317,17817.301,239.48,12.26,0.171,4.919,0.691
2023-11-16,942000,197,2441,10740.609,17767.565,240.66,11.81,0.171,0.0,0.0
2023-11-16,942001,413,2442,10761.111,17822.152,239.593,12.32,0.171,2.949,0.103
2023-11-16,942008,417,2442,10759.806,17824.322,239.383,10.55,0.171,2.571,0.594
2023-11-16,942009,26,7922,10739.223,17724.09,240.977,11.51,0.0,0.0,0.0
2023-11-16,942012,198,2441,10736.576,17766.654,240.685,12.25,0.171,0.0,0.0
2023-11-16,942998,296,2442,10749.763,17794.761,240.42,10.99,0.171,0.0,0.0
2023-11-16,943003,471,2441,10748.471,17835.004,239.8,11.19,0.171,2.387,0.595
2023-11-16,943006,297,2442,10745.374,17793.956,240.518,11.05,0.171,0.0,0.0
2023-11-16,943009,107,7922,10758.782,17749.127,240.362,11.01,0.0,0.0,0.0
2023-11-16,943011,435,2441,10758.383,17829.174,239.31,1.12,0.171,1.901,0.067
2023-11-16,943014,299,2442,10741.359,17793.307,240.297,11.05,0.171,0.0,0.0
2023-11-16,943015,451,2441,10754.073,17829.843,239.303,11.36,0.171,2.199,0.348
2023-11-16,943020,300,2442,10737.143,17792.468,240.204,11.05,0.171,0.0,0.0
2023-11-16,943023,108,7922,10754.561,17748.508,240.243,11.01,0.0,0.0,0.0
2023-11-16,943025,450,2441,10749.61,17830.098,239.536,11.25,0.171,2.063,0.327
2023-11-16,943028,301,2442,10733.022,17791.819,240.246,11.0,0.171,0.0,0.0
2023-11-16,943031,432,2441,10754.925,17825.724,239.646,11.2,0.171,2.488,0.394
2023-11-16,943036,433,2441,10750.716,17825.31,239.518,11.08,0.171,0.0,0.0
2023-11-16,943037,302,2442,10728.867,17790.967,240.373,11.05,0.171,0.0,0.0
2023-11-16,943039,109,7922,10750.317,17747.666,240.476,11.01,0.0,0.0,0.0
2023-11-16,943045,419,2441,10749.681,17822.626,240.06,11.07,0.171,0.0,0.0
2023-11-16,943046,303,2442,10724.668,17790.26,240.397,11.0,0.171,0.0,0.0
2023-11-16,943049,434,2441,10745.056,17823.929,239.724,10.63,0.171,0.0,0.0
2023-11-16,943050,110,7922,10746.206,17746.873,240.68,11.01,0.0,0.0,0.0
2023-11-16,943052,304,2442,10720.369,17789.565,240.251,11.16,0.171,0.0,0.0
2023-11-16,943054,418,2441,10740.99,17823.136,240.16,10.63,0.171,0.0,0.0
2023-11-16,943056,305,2442,10716.326,17788.942,240.249,11.0,0.171,0.0,0.0
2023-11-16,943057,420,2441,10736.746,17822.415,240.398,10.58,0.171,0.0,0.0
2023-11-16,943061,111,7922,10741.94,17746.152,240.728,11.51,0.0,0.0,0.0
2023-11-16,943062,306,2442,10711.965,17788.215,240.01,11.1,0.171,0.0,0.0
2023-11-16,944044,540,2442,10733.923,17852.169,240.124,10.45,0.171,0.0,0.0
2023-11-16,944046,729,7922,10730.772,17895.107,240.103,10.55,0.0,0.0,0.0
2023-11-16,944048,614,2441,10717.526,17866.426,240.026,9.68,0.171,0.0,0.0
2023-11-16,944051,542,2442,10729.624,17851.573,240.073,11.0,0.171,0.0,0.0
2023-11-16,944056,615,2441,10713.221,17865.715,240.403,10.69,0.171,0.0,0.0
2023-11-16,944059,543,2442,10725.63,17850.815,240.055,11.32,0.171,0.0,0.0
2023-11-16,944061,730,7922,10726.948,17893.667,240.095,10.51,0.0,0.0,0.0
2023-11-16,944067,544,2442,10721.532,17850.185,239.985,10.99,0.171,0.0,0.0
2023-11-16,944070,616,2441,10709.072,17864.945,240.75,11.36,0.171,0.0,0.0
2023-11-16,944072,714,7922,10722.615,17892.803,239.982,10.59,0.0,0.0,0.0
2023-11-16,944075,545,2442,10717.227,17849.397,240.06,11.38,0.171,0.0,0.0
2023-11-16,944080,617,2441,10704.795,17864.205,241.225,11.87,0.171,0.0,0.0
2023-11-16,944081,546,2442,10713.011,17848.624,240.373,11.54,0.171,0.0,0.0
2023-11-16,944083,547,2442,10709.034,17847.925,240.716,11.49,0.171,0.0,0.0
2023-11-16,944084,618,2441,10700.74,17863.429,241.274,11.92,0.171,0.0,0.0
2023-11-16,944085,548,2442,10704.761,17846.875,241.179,13.63,0.171,0.0,0.0
2023-11-16,944087,619,2441,10696.474,17862.718,241.256,10.3,0.171,0.0,0.0
2023-11-16,944088,549,2442,10700.451,17846.167,241.192,12.26,0.171,0.0,0.0
2023-11-16,944089,550,2442,10696.285,17845.323,241.374,11.76,0.171,0.0,0.0
2023-11-16,944090,620,2441,10692.342,17861.938,241.331,9.68,0.171,0.0,0.0
2023-11-16,944092,551,2442,10691.885,17844.446,241.09,7.2,0.171,0.0,0.0
2023-11-16,944093,552,2442,10687.897,17843.783,240.676,3.13,0.171,0.0,0.0
2023-11-16,944094,621,2441,10688.221,17861.295,241.464,7.11,0.171,0.0,0.0
2023-11-16,944095,574,2442,10737.326,17857.139,239.764,10.61,0.171,0.0,0.0
2023-11-16,944096,622,2441,10684.055,17860.476,241.113,3.58,0.171,0.0,0.0
2023-11-16,944097,716,7922,10718.416,17892.213,240.206,10.46,0.0,0.0,0.0
2023-11-16,944099,559,2442,10733.061,17856.347,240.333,2.31,0.171,0.0,0.0
2023-11-16,944100,642,2441,10732.915,17873.528,240.255,11.13,0.171,0.0,0.0
2023-11-16,944102,560,2442,10727.618,17853.903,241.573,8.57,0.171,0.0,0.0
2023-11-16,944104,560,2442,10728.804,17855.496,240.229,10.5,0.171,0.0,0.0
2023-11-16,944105,717,7922,10714.373,17891.453,240.158,10.43,0.0,0.0,0.0
2023-11-16,944106,628,2441,10728.748,17872.683,240.043,10.24,0.171,0.0,0.0
2023-11-16,944107,561,2442,10724.672,17854.879,240.186,11.05,0.171,0.0,0.0
2023-11-16,945108,466,2442,10756.237,17833.931,239.122,11.05,0.171,3.896,0.272
2023-11-16,942018,397,2442,10760.772,17819.485,239.417,1.7,0.171,1.842,0.259
2023-11-16,942020,199,2441,10732.177,17765.94,240.947,12.54,0.171,0.0,0.0
2023-11-16,942023,379,2442,10762.196,17814.823,239.413,11.0,0.171,2.325,0.667
2023-11-16,942026,27,7922,10734.963,17723.565,240.891,11.55,0.0,0.0,0.0
2023-11-16,942031,361,2442,10763.847,17809.944,239.637,10.67,0.171,2.562,0.315
2023-11-16,942033,200,2441,10728.145,17765.327,240.873,12.09,0.171,0.0,0.0
2023-11-16,942036,28,7922,10730.892,17722.837,241.021,11.67,0.0,0.0,0.0
2023-11-16,942037,331,2442,10764.74,17804.99,239.689,11.05,0.171,2.333,0.803
2023-11-16,942041,201,2441,10723.99,17764.478,240.911,12.65,0.171,0.0,0.0
2023-11-16,942047,313,2442,10765.992,17800.4,239.371,11.1,0.171,2.635,0.756
2023-11-16,942053,29,7922,10726.598,17721.915,240.785,6.63,0.0,0.0,0.0
2023-11-16,942056,202,2441,10719.79,17763.699,241.019,12.14,0.171,0.0,0.0
2023-11-16,942060,30,7922,10722.609,17720.991,241.029,2.63,0.0,0.0,0.0
2023-11-16,942065,50,7922,10775.395,17736.286,239.857,10.51,0.0,0.0,0.0
2023-11-16,942068,203,2441,10715.446,17762.874,240.882,6.66,0.171,0.0,0.0
2023-11-16,942075,204,2441,10711.281,17762.309,240.819,3.69,0.171,0.0,0.0
2023-11-16,942077,329,2442,10761.777,17801.375,239.514,11.05,0.171,2.03,-0.106
2023-11-16,942081,52,7922,10771.698,17734.301,239.996,10.51,0.0,0.0,0.0
2023-11-16,943063,421,2441,10732.48,17821.577,240.041,11.02,0.171,0.0,0.0
2023-11-16,943067,307,2442,10707.882,17787.435,240.326,6.6,0.171,0.0,0.0
2023-11-16,943068,308,2442,10703.66,17786.518,240.222,3.08,0.171,0.0,0.0
2023-11-16,943070,422,2441,10728.337,17820.974,240.087,11.08,0.171,0.0,0.0
2023-11-16,943072,278,2442,10756.725,17787.429,240.215,11.05,0.171,0.0,0.0
2023-11-16,943075,112,7922,10737.808,17745.51,240.835,11.51,0.0,0.0,0.0
2023-11-16,943077,423,2441,10724.07,17820.116,240.308,11.25,0.171,0.0,0.0
2023-11-16,943078,263,2442,10752.337,17786.735,240.415,11.1,0.171,0.0,0.0
2023-11-16,943083,424,2441,10719.938,17819.467,240.444,10.97,0.171,0.0,0.0
2023-11-16,943085,113,7922,10733.698,17744.703,240.904,11.48,0.0,0.0,0.0
2023-11-16,943094,114,7922,10729.476,17743.966,240.959,11.55,0.0,0.0,0.0
2023-11-16,943096,425,2441,10715.783,17818.602,240.73,11.47,0.171,0.0,0.0
2023-11-16,943101,115,7922,10725.389,17743.307,241.187,11.55,0.0,0.0,0.0
2023-11-16,943104,426,2441,10711.512,17817.891,240.934,9.85,0.171,0.0,0.0
2023-11-16,943105,294,2442,10755.027,17791.636,240.01,11.05,0.171,0.0,0.0
2023-11-16,943107,116,7922,10720.978,17742.496,240.937,6.55,0.0,0.0,0.0
2023-11-16,943108,426,2441,10711.517,17817.882,240.894,1.9,0.171,0.0,0.0
2023-11-16,943110,427,2441,10707.485,17817.121,240.838,11.64,0.171,0.0,0.0
2023-11-16,943112,117,7922,10716.946,17741.826,240.612,3.1,0.0,0.0,0.0
2023-11-16,943114,280,2442,10750.951,17790.974,240.316,11.05,0.171,0.0,0.0
2023-11-16,943116,137,7922,10770.044,17755.822,240.005,10.97,0.0,0.0,0.0
2023-11-16,943118,428,2441,10703.297,17816.439,241.042,12.37,0.171,0.0,0.0
2023-11-16,943121,281,2442,10746.778,17789.992,240.48,11.05,0.171,0.0,0.0
2023-11-16,943124,429,2441,10698.853,17815.739,241.142,6.66,0.171,0.0,0.0
2023-11-16,943128,138,7922,10765.973,17755.003,239.878,10.97,0.0,0.0,0.0
2023-11-16,944108,718,7922,10710.057,17890.85,240.066,11.0,0.0,0.0,0.0
2023-11-16,944109,562,2442,10720.317,17854.192,239.77,11.05,0.171,0.0,0.0
2023-11-16,944111,563,2442,10716.419,17853.476,240.026,11.05,0.171,0.0,0.0
2023-11-16,944112,719,7922,10705.974,17889.848,240.119,10.97,0.0,0.0,0.0
2023-11-16,944114,564,2442,10712.086,17852.714,240.567,11.55,0.171,0.0,0.0
2023-11-16,944115,720,7922,10701.82,17889.407,240.331,10.97,0.0,0.0,0.0
2023-11-16,944116,565,2442,10707.865,17852.114,240.788,11.76,0.171,0.0,0.0
2023-11-16,944117,721,7922,10697.631,17888.458,240.536,10.94,0.0,0.0,0.0
2023-11-16,944118,566,2442,10703.843,17851.079,241.042,11.55,0.171,3.141,0.386
2023-11-16,944166,722,7922,10693.522,17887.835,240.713,10.97,0.0,0.0,0.0
2023-11-16,944172,567,2442,10699.466,17850.418,241.137,12.76,0.171,0.0,0.0
2023-11-16,942083,328,2442,10757.335,17801.34,239.79,11.05,0.171,1.972,0.492
2023-11-16,942090,243,2441,10771.694,17783.804,240.02,14.57,0.171,6.796,0.955
2023-11-16,942092,346,2442,10760.668,17805.319,239.838,11.05,0.171,2.195,-0.348
2023-11-16,942098,261,2441,10770.487,17788.413,239.869,14.55,0.171,7.402,1.172
2023-11-16,942101,37,7922,10767.576,17733.358,240.159,10.5,0.0,0.0,0.0
2023-11-16,942103,345,2442,10755.84,17806.139,239.788,11.16,0.171,1.971,0.138
2023-11-16,942110,292,2441,10769.159,17793.382,239.971,12.65,0.171,6.175,1.37
2023-11-16,942111,362,2442,10759.236,17809.218,239.108,11.21,0.171,1.248,-0.066
2023-11-16,942117,38,7922,10763.215,17732.641,240.37,11.01,0.0,0.0,0.0
2023-11-16,942119,309,2441,10767.184,17797.832,239.797,12.59,0.171,3.1,0.773
2023-11-16,942121,380,2442,10758.172,17813.429,239.665,11.11,0.171,2.346,0.082
2023-11-16,942128,399,2442,10757.217,17817.573,239.522,11.21,0.171,0.0,0.0
2023-11-16,942129,295,2441,10767.954,17795.624,240.031,11.31,0.171,3.062,0.764
2023-11-16,942135,39,7922,10759.306,17731.906,240.616,11.01,0.0,0.0,0.0
2023-11-16,942141,310,2441,10762.917,17797.013,239.135,11.02,0.171,1.63,0.347
2023-11-16,942146,399,2442,10756.24,17817.487,239.565,11.21,0.171,0.0,0.0
2023-11-16,943130,430,2441,10694.776,17815.031,240.524,2.52,0.171,0.0,0.0
2023-11-16,943131,282,2442,10742.59,17789.294,240.203,11.05,0.171,0.0,0.0
2023-11-16,943132,448,2441,10693.78,17819.215,241.165,3.36,0.171,0.0,0.0
2023-11-16,943133,447,2441,10698.012,17819.858,241.175,6.55,0.171,0.0,0.0
2023-11-16,943137,446,2441,10702.189,17820.598,241.033,11.53,0.171,0.0,0.0
2023-11-16,943141,283,2442,10738.419,17788.556,240.344,11.0,0.171,0.0,0.0
2023-11-16,943144,122,7922,10761.817,17754.073,240.208,10.97,0.0,0.0,0.0
2023-11-16,943148,445,2441,10706.422,17821.345,240.837,11.52,0.171,0.0,0.0
2023-11-16,943152,284,2442,10734.286,17787.698,240.355,11.0,0.171,0.0,0.0
2023-11-16,943155,444,2441,10710.554,17822.021,240.745,11.58,0.171,0.0,0.0
2023-11-16,943159,124,7922,10757.484,17753.307,240.295,11.01,0.0,0.0,0.0
2023-11-16,943161,285,2442,10729.998,17786.984,240.488,11.11,0.171,0.0,0.0
2023-11-16,943167,443,2441,10714.598,17822.886,240.767,11.59,0.171,0.0,0.0
2023-11-16,943171,286,2442,10725.899,17786.165,240.581,11.05,0.171,0.0,0.0
2023-11-16,943175,125,7922,10753.329,17752.468,240.327,11.01,0.0,0.0,0.0
2023-11-16,943178,442,2441,10718.908,17823.619,240.438,11.08,0.171,0.0,0.0
2023-11-16,943182,287,2442,10721.733,17785.425,240.447,11.05,0.171,0.0,0.0
2023-11-16,943188,441,2441,10723.152,17824.392,240.326,11.08,0.171,0.0,0.0
2023-11-16,943190,126,7922,10749.23,17751.734,240.366,11.01,0.0,0.0,0.0
2023-11-16,943192,288,2442,10717.679,17784.866,240.294,11.16,0.171,0.0,0.0
2023-11-16,944180,723,7922,10689.283,17886.984,240.502,11.01,0.0,0.0,0.0
2023-11-16,944181,629,2441,10724.549,17871.969,240.106,10.24,0.171,0.0,0.0
2023-11-16,944184,568,2442,10695.255,17849.527,241.345,12.04,0.171,0.0,0.0
2023-11-16,944190,630,2441,10720.428,17871.281,240.234,9.35,0.171,0.0,0.0
2023-11-16,944193,569,2442,10691.222,17848.786,241.169,7.15,0.171,0.0,0.0
2023-11-16,944197,724,7922,10685.034,17886.276,240.471,11.01,0.0,0.0,0.0
2023-11-16,944198,570,2442,10686.922,17847.818,240.807,4.56,0.171,0.0,0.0
2023-11-16,944206,695,2442,10729.289,17885.766,239.948,10.55,0.171,0.0,0.0
2023-11-16,944210,725,7922,10680.84,17885.595,240.709,7.25,0.0,0.0,0.0
2023-11-16,944213,681,2442,10725.128,17884.963,240.016,10.56,0.171,0.0,0.0
2023-11-16,944214,631,2441,10716.134,17870.42,240.06,10.24,0.171,0.0,0.0
2023-11-16,944216,726,7922,10676.557,17884.78,240.492,3.53,0.0,0.0,0.0
2023-11-16,944222,746,7922,10729.315,17899.793,240.07,10.46,0.0,0.0,0.0
2023-11-16,944227,682,2442,10720.846,17884.357,239.947,10.5,0.171,0.0,0.0
2023-11-16,944228,632,2441,10711.962,17869.715,240.069,11.13,0.171,-0.952,-0.185
2023-11-16,944234,748,7922,10725.651,17897.749,240.04,10.43,0.0,0.0,0.0
2023-11-16,944237,683,2442,10716.623,17883.134,240.221,10.5,0.171,0.0,0.0
2023-11-16,942148,414,2442,10756.089,17821.669,239.477,11.27,0.171,2.38,0.083
2023-11-16,942153,311,2441,10758.686,17796.442,239.805,11.42,0.171,2.461,0.495
2023-11-16,942159,40,7922,10754.839,17731.231,240.731,11.01,0.0,0.0,0.0
2023-11-16,942160,415,2442,10751.8,17820.648,239.756,12.1,0.171,2.718,0.142
2023-11-16,942167,275,2441,10769.021,17790.865,239.96,12.15,0.171,3.206,-0.056
2023-11-16,942175,384,2442,10753.128,17815.803,239.758,10.99,0.171,2.584,-0.045
2023-11-16,942177,293,2441,10763.993,17793.118,239.596,10.92,0.171,2.319,0.367
2023-11-16,942179,41,7922,10750.707,17730.556,240.855,11.47,0.0,0.0,0.0
2023-11-16,942189,279,2441,10759.869,17791.598,240.124,9.01,0.171,1.01,0.29
2023-11-16,942190,367,2442,10754.612,17811.01,240.163,11.05,0.171,2.503,-0.087
2023-11-16,942197,279,2441,10759.858,17791.585,240.193,11.1,0.171,2.461,0.706
2023-11-16,942201,277,2441,10765.146,17789.021,239.641,12.03,0.171,2.558,0.36
2023-11-16,942203,42,7922,10746.53,17729.744,240.918,11.55,0.0,0.0,0.0
2023-11-16,942204,332,2442,10755.54,17803.427,239.718,10.99,0.171,0.0,0.0
2023-11-16,942209,257,2441,10770.399,17785.942,240.104,12.03,0.171,3.176,0.617
2023-11-16,943199,440,2441,10727.217,17825.087,240.048,11.08,0.171,0.0,0.0
2023-11-16,943202,289,2442,10713.413,17784.175,240.15,11.22,0.171,0.0,0.0
2023-11-16,943206,127,7922,10745.087,17751.065,240.6,11.01,0.0,0.0,0.0
2023-11-16,943209,439,2441,10731.394,17825.782,240.188,10.52,0.171,0.0,0.0
2023-11-16,943210,290,2442,10709.202,17783.34,240.415,6.76,0.171,0.0,0.0
2023-11-16,943215,291,2442,10704.869,17782.496,240.549,4.18,0.171,0.0,0.0
2023-11-16,943220,438,2441,10735.666,17826.633,240.34,10.64,0.171,0.0,0.0
2023-11-16,943222,505,2442,10755.162,17846.726,238.686,12.04,0.171,5.227,0.457
2023-11-16,943227,128,7922,10740.954,17750.318,240.767,11.47,0.0,0.0,0.0
2023-11-16,943228,436,2441,10748.498,17827.445,239.882,10.46,0.171,0.0,0.0
2023-11-16,943235,535,2442,10753.617,17851.617,239.151,12.14,0.171,5.557,0.98
2023-11-16,943239,452,2441,10744.048,17828.081,240.159,10.75,0.171,0.0,0.0
2023-11-16,943243,129,7922,10736.8,17749.61,240.884,11.48,0.0,0.0,0.0
2023-11-16,943245,553,2442,10751.217,17855.703,239.834,12.1,0.171,5.944,0.625
2023-11-16,943247,437,2441,10739.988,17827.324,240.655,10.74,0.171,0.0,0.0
2023-11-16,943252,571,2442,10750.174,17860.762,239.431,12.04,0.171,5.206,0.743
2023-11-16,943257,453,2441,10747.326,17832.471,239.908,10.68,0.171,0.0,0.0
2023-11-16,944246,733,7922,10721.262,17896.954,239.864,10.46,0.0,0.0,0.0
2023-11-16,944250,684,2442,10712.881,17882.809,239.893,10.55,0.171,0.0,0.0
2023-11-16,944252,633,2441,10707.836,17868.975,240.617,10.24,0.171,0.0,0.0
2023-11-16,944258,685,2442,10708.438,17882.181,239.735,10.45,0.171,0.0,0.0
2023-11-16,944259,734,7922,10717.319,17896.209,240.0,10.46,0.0,0.0,0.0
2023-11-16,944261,634,2441,10703.586,17868.293,241.141,9.63,0.171,0.0,0.0
2023-11-16,944272,686,2442,10704.127,17881.336,240.274,11.05,0.171,0.0,0.0
2023-11-16,944276,735,7922,10712.942,17895.567,240.287,10.46,0.0,0.0,0.0
2023-11-16,944279,687,2442,10699.916,17880.414,240.68,11.05,0.171,0.0,0.0
2023-11-16,944287,688,2442,10695.811,17879.653,240.636,11.05,0.171,0.0,0.0
2023-11-16,944290,736,7922,10708.832,17894.823,240.261,10.97,0.0,0.0,0.0
2023-11-16,942212,363,2442,10754.162,17808.331,239.95,10.55,0.171,0.0,0.0
2023-11-16,942215,258,2441,10766.355,17785.054,239.273,11.02,0.171,2.182,0.385
2023-11-16,942219,381,2442,10752.684,17813.131,239.951,10.5,0.171,0.0,0.0
2023-11-16,942220,43,7922,10742.464,17729.009,240.958,11.55,0.0,0.0,0.0
2023-11-16,942226,240,2441,10771.884,17781.311,239.921,11.69,0.171,3.053,0.267
2023-11-16,942231,398,2442,10751.099,17817.97,239.668,10.72,0.171,0.0,0.0
2023-11-16,942234,241,2441,10767.286,17780.886,239.642,10.8,0.171,2.108,0.334
2023-11-16,942238,44,7922,10738.22,17728.171,240.965,11.59,0.0,0.0,0.0
2023-11-16,942241,400,2442,10747.306,17815.767,239.993,10.61,0.171,0.0,0.0
2023-11-16,942243,225,2441,10768.622,17776.833,239.964,11.64,0.171,2.501,0.307
2023-11-16,942248,416,2442,10746.086,17819.809,239.916,10.5,0.171,0.0,0.0
2023-11-16,942250,224,2441,10764.155,17777.402,240.298,11.64,0.171,2.795,0.343
2023-11-16,942256,45,7922,10733.888,17727.555,241.032,11.59,0.0,0.0,0.0
2023-11-16,942258,401,2442,10741.832,17819.154,240.185,10.55,0.171,0.0,0.0
2023-11-16,942260,245,2441,10762.754,17782.051,240.102,11.8,0.171,2.569,0.641
2023-11-16,942266,402,2442,10737.576,17818.146,240.124,10.5,0.171,0.0,0.0
2023-11-16,942267,46,7922,10729.733,17726.788,241.17,11.63,0.0,0.0,0.0
2023-11-16,942268,262,2441,10761.448,17786.941,240.191,11.81,0.171,0.0,0.0
2023-11-16,942275,403,2442,10733.405,17817.614,240.007,10.99,0.171,0.0,0.0
2023-11-16,943262,591,2442,10749.983,17866.033,239.252,12.15,0.171,2.27,0.563
2023-11-16,943264,130,7922,10732.59,17748.869,240.851,11.51,0.0,0.0,0.0
2023-11-16,943267,468,2441,10743.285,17832.259,240.222,10.63,0.171,0.0,0.0
2023-11-16,943272,605,2442,10748.79,17868.399,239.287,10.55,0.171,2.04,0.702
2023-11-16,943277,454,2441,10738.896,17831.513,240.538,10.58,0.171,0.0,0.0
2023-11-16,943282,131,7922,10728.329,17748.064,240.949,11.51,0.0,0.0,0.0
2023-11-16,943283,606,2442,10744.9,17867.214,239.597,11.16,0.171,2.141,0.339
2023-11-16,943287,455,2441,10734.686,17830.687,240.3,10.91,0.171,0.0,0.0
2023-11-16,943291,587,2442,10750.183,17863.254,239.085,10.5,0.171,1.935,0.238
2023-11-16,943296,132,7922,10724.168,17747.284,241.16,11.51,0.0,0.0,0.0
2023-11-16,943298,456,2441,10730.409,17830.084,239.91,10.52,0.171,0.0,0.0
2023-11-16,943301,588,2442,10745.975,17863.002,239.499,11.32,0.171,2.235,0.314
2023-11-16,943308,457,2441,10726.421,17829.291,240.054,11.53,0.171,0.0,0.0
2023-11-16,943311,133,7922,10719.914,17746.648,240.85,6.44,0.0,0.0,0.0
2023-11-16,943312,593,2442,10741.206,17864.645,239.45,11.1,0.171,1.998,0.316
2023-11-16,943317,134,7922,10715.804,17745.999,240.568,3.1,0.0,0.0,0.0
2023-11-16,943323,458,2441,10722.065,17828.342,240.309,11.13,0.171,0.0,0.0
2023-11-16,944305,737,7922,10704.465,17893.989,240.229,11.01,0.0,0.0,0.0
2023-11-16,944309,635,2442,10699.588,17867.611,241.12,11.66,0.171,0.0,0.0
2023-11-16,944320,636,2442,10695.444,17866.945,241.132,11.71,0.171,0.0,0.0
2023-11-16,944326,738,7922,10700.483,17893.372,240.274,11.01,0.0,0.0,0.0
2023-11-16,944331,637,2442,10691.134,17866.15,241.21,11.54,0.171,0.0,0.0
2023-11-16,944337,638,2442,10687.056,17865.22,241.313,7.48,0.171,0.0,0.0
2023-11-16,944345,639,2442,10682.846,17864.584,241.182,3.57,0.171,0.0,0.0
2023-11-16,944346,739,7922,10696.134,17892.639,240.472,11.44,0.0,0.0,0.0
2023-11-16,944349,513,2442,10710.509,17839.332,240.622,11.66,0.171,0.0,0.0
2023-11-16,944364,496,2442,10707.174,17834.557,240.713,11.6,0.171,0.0,0.0
2023-11-16,944366,740,7922,10692.112,17891.783,240.511,11.13,0.0,0.0,0.0
2023-11-16,944369,944369,2441,10665.488,17912.104,240.884,0.33,0.171,0.0,0.0
2023-11-16,941296,17,7922,10787.452,17730.937,239.547,12.95,0.0,6.619,1.407
2023-11-16,942277,315,2441,10757.191,17798.601,239.907,10.92,0.171,0.0,0.0
2023-11-16,942278,47,7922,10725.6,17725.865,240.958,6.59,0.0,0.0,0.0
2023-11-16,942282,48,7922,10721.456,17725.137,240.9,2.59,0.0,0.0,0.0
2023-11-16,942285,298,2441,10758.643,17793.951,239.998,10.86,0.171,0.0,0.0
2023-11-16,942286,404,2442,10729.256,17816.73,240.006,11.22,0.171,0.0,0.0
2023-11-16,942287,64,7922,10720.438,17729.452,240.662,2.56,0.0,0.0,0.0
2023-11-16,942291,63,7922,10724.336,17730.031,240.929,6.59,0.0,0.0,0.0
2023-11-16,942293,62,7922,10728.626,17731.11,241.144,11.98,0.0,0.0,0.0
2023-11-16,942294,276,2441,10760.182,17789.151,240.199,11.47,0.171,0.0,0.0
2023-11-16,942296,405,2442,10725.001,17815.971,240.174,11.05,0.171,0.0,0.0
2023-11-16,942301,259,2441,10761.7,17784.442,240.031,11.14,0.171,10.578,3.234
2023-11-16,942322,406,2442,10720.791,17815.315,240.395,11.1,0.171,0.0,0.0
2023-11-16,942323,210,2441,10764.758,17774.921,240.231,0.28,0.171,0.0,0.0
2023-11-16,942324,210,2441,10764.769,17774.934,240.359,10.63,0.171,0.0,0.0
2023-11-16,942325,71,7922,10774.129,17741.156,239.884,10.58,0.0,0.0,0.0
2023-11-16,942331,407,2442,10716.798,17814.675,240.655,11.48,0.171,0.0,0.0
2023-11-16,942339,226,2441,10760.379,17775.27,240.306,11.13,0.171,0.0,0.0
2023-11-16,942341,68,7922,10770.516,17738.222,239.98,10.54,0.0,0.0,0.0
2023-11-16,942343,408,2442,10712.482,17813.99,240.685,11.6,0.171,0.0,0.0
2023-11-16,943324,154,7922,10768.754,17760.451,239.958,10.97,0.0,0.0,0.0
2023-11-16,943325,557,2442,10749.807,17858.128,239.514,10.5,0.171,2.573,0.18
2023-11-16,943331,573,2442,10746.922,17858.818,239.829,5.44,0.171,1.333,0.07
2023-11-16,943334,459,2441,10718.134,17827.725,240.611,11.02,0.171,0.0,0.0
2023-11-16,943336,573,2442,10746.315,17858.866,239.664,10.5,0.171,2.584,0.226
2023-11-16,943337,156,7922,10764.886,17759.031,240.168,11.01,0.0,0.0,0.0
2023-11-16,943347,572,2442,10742.399,17859.403,239.636,11.05,0.171,2.504,0.308
2023-11-16,943348,460,2441,10713.845,17826.809,240.816,11.58,0.171,11.382,2.628
2023-11-16,943353,140,7922,10760.786,17758.101,240.229,11.05,0.0,0.0,0.0
2023-11-16,943354,539,2442,10752.395,17853.774,239.256,10.72,0.171,2.297,0.791
2023-11-16,943362,461,2441,10709.691,17826.264,240.89,12.15,0.171,0.0,0.0
2023-11-16,943371,522,2442,10753.672,17848.493,238.491,10.67,0.171,1.848,0.393
2023-11-16,943372,142,7922,10756.532,17757.361,240.325,11.01,0.0,0.0,0.0
2023-11-16,943373,462,2441,10705.375,17825.547,240.965,11.92,0.171,0.0,0.0
2023-11-16,943382,520,2442,10749.895,17846.329,239.277,11.16,0.171,2.349,0.205
2023-11-16,943387,463,2441,10701.204,17824.855,241.114,12.25,0.171,0.0,0.0
2023-11-16,944376,444,2442,10710.074,17821.709,240.524,11.88,0.171,0.0,0.0
2023-11-16,944382,741,7922,10687.891,17891.131,240.488,11.05,0.0,0.0,0.0
2023-11-16,944393,660,2442,10731.639,17877.473,239.714,10.72,0.171,0.0,0.0
2023-11-16,944398,742,7922,10683.703,17890.299,240.525,11.04,0.0,0.0,0.0
2023-11-16,944406,644,2442,10727.64,17876.719,239.728,10.89,0.171,0.0,0.0
2023-11-16,944415,743,7922,10679.492,17889.566,240.629,6.51,0.0,0.0,0.0
2023-11-16,944417,646,2442,10723.468,17875.998,239.865,10.5,0.171,0.0,0.0
2023-11-16,944422,744,7922,10675.428,17889.144,240.434,3.1,0.0,0.0,0.0
2023-11-16,944426,944426,2441,10665.443,17912.11,240.863,0.33,0.171,0.0,0.0
2023-11-16,944429,767,7922,10727.591,17904.466,240.172,10.5,0.0,0.0,0.0
2023-11-16,944433,647,2442,10719.253,17875.316,240.019,10.45,0.171,0.0,0.0
2023-11-16,941312,35,7922,10785.945,17735.599,239.509,12.68,0.0,6.086,2.096
2023-11-16,941325,65,7922,10784.284,17740.654,239.481,12.95,0.0,6.322,1.936
2023-11-16,941340,83,7922,10783.105,17745.335,239.802,12.76,0.0,6.715,-0.352
2023-11-16,941356,101,7922,10781.615,17750.174,239.581,12.87,0.0,6.598,0.81
2023-11-16,942355,211,2441,10756.297,17774.542,240.439,11.02,0.171,0.0,0.0
2023-11-16,942357,409,2442,10708.427,17813.197,240.716,11.71,0.171,0.0,0.0
2023-11-16,942362,53,7922,10766.195,17737.645,240.302,10.55,0.0,0.0,0.0
2023-11-16,942367,212,2441,10752.142,17773.808,240.561,11.08,0.171,0.0,0.0
2023-11-16,942368,410,2442,10704.216,17812.405,240.896,11.71,0.171,0.0,0.0
2023-11-16,942376,411,2442,10699.828,17811.665,240.802,6.65,0.171,0.0,0.0
2023-11-16,942379,213,2441,10747.921,17773.042,240.465,11.02,0.171,0.0,0.0
2023-11-16,942380,412,2442,10695.729,17810.911,240.358,2.64,0.171,0.0,0.0
2023-11-16,942381,54,7922,10762.163,17736.924,240.316,11.01,0.0,0.0,0.0
2023-11-16,942384,396,2442,10697.238,17806.816,240.487,2.58,0.171,0.0,0.0
2023-11-16,942386,395,2442,10701.315,17807.569,240.705,6.6,0.171,0.0,0.0
2023-11-16,942393,394,2442,10705.591,17808.147,240.775,11.6,0.171,0.0,0.0
2023-11-16,942396,214,2441,10743.644,17772.275,240.562,11.02,0.171,0.0,0.0
2023-11-16,942398,393,2442,10709.746,17808.952,240.815,11.6,0.171,0.0,0.0
2023-11-16,942404,55,7922,10757.952,17735.864,240.484,11.05,0.0,0.0,0.0
2023-11-16,942408,215,2441,10739.533,17771.554,240.564,11.53,0.171,0.0,0.0
2023-11-16,943392,506,2442,10746.0,17844.954,239.394,11.05,0.171,1.829,0.225
2023-11-16,943395,143,7922,10752.321,17756.607,240.409,11.0,0.0,0.0,0.0
2023-11-16,943398,464,2441,10697.104,17823.977,241.152,6.72,0.171,0.0,0.0
2023-11-16,943403,465,2441,10692.849,17823.126,240.955,2.74,0.171,0.0,0.0
2023-11-16,943405,482,2441,10691.841,17827.507,240.822,3.19,0.171,0.0,0.0
2023-11-16,943407,536,2442,10748.842,17850.396,239.223,11.16,0.171,2.344,0.498
2023-11-16,943409,481,2441,10696.018,17828.065,241.365,6.88,0.171,0.0,0.0
2023-11-16,943414,480,2441,10700.279,17828.938,241.424,11.98,0.171,0.0,0.0
2023-11-16,943416,144,7922,10748.11,17755.789,240.537,11.01,0.0,0.0,0.0
2023-11-16,943418,537,2442,10744.603,17849.408,239.512,11.38,0.171,1.957,0.275
2023-11-16,943423,479,2441,10704.439,17829.643,241.212,11.92,0.171,0.0,0.0
2023-11-16,943429,554,2442,10748.04,17854.512,239.321,10.78,0.171,2.337,0.714
2023-11-16,943432,478,2441,10708.694,17830.364,240.981,11.92,0.171,0.0,0.0
2023-11-16,943436,145,7922,10744.201,17755.021,240.721,11.01,0.0,0.0,0.0
2023-11-16,943440,555,2442,10743.727,17854.584,239.664,11.05,0.171,0.0,0.0
2023-11-16,943446,477,2441,10712.782,17831.183,241.074,11.86,0.171,0.0,0.0
2023-11-16,943452,503,2442,10744.948,17842.167,239.743,10.55,0.171,0.0,0.0
2023-11-16,944444,764,7922,10724.353,17901.837,240.049,10.5,0.0,0.0,0.0
2023-11-16,944445,648,2442,10714.964,17874.498,239.955,10.5,0.171,0.0,0.0
2023-11-16,944458,649,2442,10710.893,17873.923,239.782,11.11,0.171,-1.0,-0.306
2023-11-16,944464,750,7922,10720.21,17901.168,239.916,10.51,0.0,0.0,0.0
2023-11-16,944477,650,2442,10706.756,17873.206,240.487,10.99,0.171,0.0,0.0
2023-11-16,944478,800,2441,10721.981,17910.215,240.103,10.93,0.171,0.0,0.0
2023-11-16,944482,751,7922,10715.999,17900.311,239.916,10.51,0.0,0.0,0.0
2023-11-16,944491,785,2441,10725.917,17908.889,240.342,10.58,0.171,0.0,0.0
2023-11-16,944493,651,2442,10702.422,17872.355,240.872,11.05,0.171,0.0,0.0
2023-11-16,944501,752,7922,10711.665,17899.297,240.038,10.47,0.0,0.0,0.0
2023-11-16,883518,53,6221,12520.943,6200.391,60.242,10.72,0.0,0.0,0.0
2023-11-16,883523,55,6221,12525.114,6198.417,60.217,10.78,0.0,0.0,0.0
2023-11-16,883530,98,6221,12638.764,6142.488,59.909,11.05,0.0,0.0,0.0
2023-11-16,883537,166,6221,12761.579,6114.173,59.933,10.55,0.0,0.0,0.0
2023-11-16,883544,163,6221,12763.188,6127.849,59.988,10.78,0.0,0.0,0.0
2023-11-16,883552,175,6221,12772.555,6123.69,60.191,10.61,0.0,0.0,0.0
2023-11-16,883563,182,6221,12776.171,6122.303,60.338,10.45,0.0,0.0,0.0
2023-11-16,883572,172,6221,12764.586,6107.623,59.959,9.4,0.0,0.0,0.0
2023-11-16,883579,178,6221,12765.423,6100.255,59.492,9.29,0.0,0.0,0.0
2023-11-16,883587,171,6221,12760.128,6103.059,59.803,9.57,0.0,0.0,0.0
2023-11-16,883595,131,6221,12713.807,6107.443,60.163,11.49,0.0,0.0,0.0
2023-11-16,883442,163,4021,12762.276,6128.261,59.894,10.45,0.171,0.0,0.0
2023-11-16,883443,175,6221,12772.15,6124.369,59.986,10.5,0.0,0.0,0.0
2023-11-16,883446,156,4021,12759.095,6129.762,59.761,10.45,0.171,0.0,0.0
2023-11-16,883448,181,6221,12773.849,6117.365,60.104,11.16,0.0,0.0,0.0
2023-11-16,883452,154,4021,12755.624,6131.269,59.871,10.55,0.171,0.0,0.0
2023-11-16,883455,182,6221,12776.461,6122.629,60.079,9.29,0.0,0.0,0.0
2023-11-16,882915,35,6221,12473.567,6227.275,59.864,10.94,0.0,0.0,0.0
2023-11-16,882918,33,6221,12467.949,6230.047,59.91,11.76,0.0,0.0,0.0
2023-11-16,882922,31,6221,12462.672,6233.03,59.976,10.06,0.0,0.0,0.0
2023-11-16,882947,29,6221,12457.611,6235.919,59.768,8.63,0.0,0.0,0.0
2023-11-16,882951,27,6221,12452.461,6238.821,59.537,8.74,0.0,0.0,0.0
2023-11-16,882952,25,6221,12447.301,6241.664,59.576,8.96,0.0,0.0,0.0
2023-11-16,882958,23,6221,12441.906,6244.703,59.612,8.96,0.0,0.0,0.0
2023-11-16,882959,21,6221,12436.623,6247.644,59.808,8.8,0.0,0.0,0.0
2023-11-16,882963,19,6221,12431.651,6250.389,59.693,8.69,0.0,0.0,0.0
2023-11-16,882967,17,6221,12426.324,6253.409,59.667,8.52,0.0,0.0,0.0
2023-11-16,882969,15,6221,12420.951,6256.461,59.744,8.74,0.0,0.0,0.0
2023-11-16,882973,13,6221,12415.935,6259.35,59.526,8.74,0.0,0.0,0.0
2023-11-16,882978,11,6221,12410.596,6262.271,59.482,8.63,0.0,0.0,0.0
2023-11-16,882981,9,6221,12405.347,6265.33,59.217,8.91,0.0,0.0,0.0
2023-11-16,882985,7,6221,12399.997,6268.212,59.3,8.96,0.0,0.0,0.0
2023-11-16,882988,5,6221,12394.869,6271.017,59.449,9.07,0.0,0.0,0.0
2023-11-16,882992,2,6221,12386.959,6282.229,59.608,9.13,0.0,0.0,0.0
2023-11-16,882996,4,6221,12392.243,6279.444,59.764,9.07,0.0,0.0,0.0
2023-11-16,883003,74,6221,12575.257,6176.231,60.115,10.88,0.0,0.0,0.0
2023-11-16,883007,76,6221,12580.668,6173.273,60.139,11.22,0.0,0.0,0.0
2023-11-16,883012,78,6221,12585.701,6170.323,59.998,10.5,0.0,0.0,0.0
2023-11-16,883017,80,6221,12590.656,6167.372,59.933,10.77,0.0,0.0,0.0
2023-11-16,883022,82,6221,12595.939,6164.347,59.707,10.55,0.0,0.0,0.0
2023-11-16,883027,84,6221,12601.234,6161.373,59.705,10.72,0.0,0.0,0.0
2023-11-16,883031,86,6221,12606.484,6158.582,59.718,10.39,0.0,0.0,0.0
2023-11-16,883036,88,6221,12612.101,6156.032,59.901,10.5,0.0,0.0,0.0
2023-11-16,883041,90,6221,12617.313,6153.623,59.812,10.5,0.0,0.0,0.0
2023-11-16,883044,92,6221,12622.758,6150.981,60.002,10.66,0.0,0.0,0.0
2023-11-16,883049,94,6221,12628.075,6148.298,59.937,10.55,0.0,0.0,0.0
2023-11-16,883055,96,6221,12633.43,6145.142,59.726,10.61,0.0,0.0,0.0
2023-11-16,883059,98,6221,12638.949,6143.139,59.772,10.56,0.0,0.0,0.0
2023-11-16,883065,100,6221,12644.293,6140.381,60.144,10.5,0.0,0.0,0.0
2023-11-16,883070,102,6221,12649.978,6138.013,59.922,10.5,0.0,0.0,0.0
2023-11-16,883076,104,6221,12655.485,6135.483,60.006,10.45,0.0,0.0,0.0
2023-11-16,883083,106,6221,12660.691,6133.044,60.065,11.49,0.0,0.0,0.0
2023-11-16,883088,108,6221,12666.476,6131.243,60.261,10.72,0.0,0.0,0.0
2023-11-16,883093,110,6221,12672.151,6129.228,60.25,11.05,0.0,0.0,0.0
2023-11-16,883100,112,6221,12677.713,6127.056,60.291,8.68,0.0,0.0,0.0
2023-11-16,883105,114,6221,12683.42,6124.76,59.982,11.65,0.0,0.0,0.0
2023-11-16,883110,116,6221,12689.016,6122.581,59.603,10.61,0.0,0.0,0.0
2023-11-16,883116,119,6221,12694.534,6120.423,60.108,10.45,0.0,0.0,0.0
2023-11-16,883121,123,6221,12700.23,6118.29,59.911,10.55,0.0,0.0,0.0
2023-11-16,883125,126,6221,12705.726,6116.066,59.884,10.55,0.0,0.0,0.0
2023-11-16,883130,129,6221,12711.345,6113.992,60.343,10.55,0.0,0.0,0.0
2023-11-16,883136,132,6221,12716.918,6111.683,60.42,11.15,0.0,0.0,0.0
2023-11-16,883140,134,6221,12722.748,6109.471,60.216,10.99,0.0,0.0,0.0
2023-11-16,883145,136,6221,12728.155,6107.469,60.361,11.05,0.0,0.0,0.0
2023-11-16,883152,139,6221,12733.907,6105.369,60.247,11.05,0.0,0.0,0.0
2023-11-16,883156,144,6221,12739.191,6103.054,60.279,11.05,0.0,0.0,0.0
2023-11-16,883163,158,6221,12750.46,6098.567,59.913,10.61,0.0,0.0,0.0
2023-11-16,883170,170,6221,12755.778,6096.392,59.717,10.45,0.0,0.0,0.0
2023-11-16,883176,177,6221,12760.706,6094.139,60.068,10.5,0.0,0.0,0.0
2023-11-16,883185,150,6221,12744.876,6100.934,60.215,10.61,0.0,0.0,0.0
2023-11-16,883195,137,6221,12733.261,6113.943,60.301,11.22,0.0,0.0,0.0
2023-11-16,883203,140,6221,12738.056,6112.222,60.131,11.49,0.0,0.0,0.0
2023-11-16,883205,6,4021,12397.448,6276.647,59.221,10.95,0.171,0.0,0.0
2023-11-16,883209,8,4021,12402.714,6273.321,59.041,10.09,0.171,0.0,0.0
2023-11-16,883213,145,6221,12742.595,6110.456,60.152,12.04,0.0,0.0,0.0
2023-11-16,883214,10,4021,12407.82,6270.667,59.157,10.14,0.171,0.0,0.0
2023-11-16,883218,12,4021,12413.181,6267.758,59.241,10.04,0.171,0.0,0.0
2023-11-16,883222,151,6221,12747.268,6108.657,60.014,10.55,0.0,0.0,0.0
2023-11-16,883223,14,4021,12418.575,6264.464,59.271,9.98,0.171,0.0,0.0
2023-11-16,883227,16,4021,12423.619,6261.716,59.633,10.14,0.171,0.0,0.0
2023-11-16,883230,159,6221,12751.907,6106.91,60.029,10.5,0.0,0.0,0.0
2023-11-16,883231,18,4021,12428.963,6258.96,59.7,10.39,0.171,0.0,0.0
2023-11-16,883234,20,4021,12434.007,6255.905,59.638,10.29,0.171,0.0,0.0
2023-11-16,883238,22,4021,12439.306,6252.459,59.763,10.8,0.171,0.0,0.0
2023-11-16,883239,164,6221,12756.546,6104.765,60.005,10.5,0.0,0.0,0.0
2023-11-16,883243,24,4021,12444.362,6249.668,59.676,10.95,0.171,0.0,0.0
2023-11-16,883249,26,4021,12449.277,6246.066,59.609,11.51,0.171,0.0,0.0
2023-11-16,883252,171,6221,12761.207,6102.836,59.758,10.94,0.0,0.0,0.0
2023-11-16,883254,28,4021,12454.688,6242.994,59.468,11.06,0.171,0.0,0.0
2023-11-16,883260,30,4021,12459.938,6240.252,59.669,10.08,0.171,0.0,0.0
2023-11-16,883261,178,6221,12765.68,6101.656,59.989,10.72,0.0,0.0,0.0
2023-11-16,883266,32,4021,12465.305,6237.607,59.611,10.91,0.171,0.0,0.0
2023-11-16,883268,34,4021,12470.511,6234.992,59.543,11.36,0.171,0.0,0.0
2023-11-16,883274,179,6221,12768.614,6106.242,60.073,10.45,0.0,0.0,0.0
2023-11-16,883275,36,4021,12475.944,6232.227,59.951,10.5,0.171,0.0,0.0
2023-11-16,883277,38,4021,12481.066,6229.393,60.005,10.4,0.171,0.0,0.0
2023-11-16,883282,172,6221,12763.619,6108.368,60.504,10.5,0.0,0.0,0.0
2023-11-16,883284,40,4021,12486.105,6226.492,59.935,10.59,0.171,0.0,0.0
2023-11-16,883289,42,4021,12491.433,6223.769,60.308,10.85,0.171,0.0,0.0
2023-11-16,883291,165,6221,12759.158,6110.115,59.882,10.5,0.0,0.0,0.0
2023-11-16,883294,44,4021,12496.955,6220.746,60.342,11.0,0.171,0.0,0.0
2023-11-16,883298,46,4021,12502.1,6217.942,60.249,11.28,0.171,0.0,0.0
2023-11-16,883303,160,6221,12754.597,6112.031,60.047,10.5,0.0,0.0,0.0
2023-11-16,883304,48,4021,12507.555,6215.001,60.337,11.47,0.171,0.0,0.0
2023-11-16,883307,50,4021,12512.878,6212.259,60.16,13.3,0.171,0.0,0.0
2023-11-16,883311,52,4021,12517.799,6209.165,59.981,10.55,0.171,0.0,0.0
2023-11-16,883312,152,6221,12749.98,6114.025,59.922,10.5,0.0,0.0,0.0
2023-11-16,883317,54,4021,12523.054,6206.276,59.982,10.5,0.171,0.0,0.0
2023-11-16,883319,56,4021,12528.17,6202.957,60.053,10.76,0.171,0.0,0.0
2023-11-16,883325,146,6221,12745.163,6115.72,60.315,10.5,0.0,0.0,0.0
2023-11-16,883326,58,4021,12533.609,6199.82,60.117,10.65,0.171,0.0,0.0
2023-11-16,883330,60,4021,12538.547,6196.374,60.1,10.71,0.171,0.0,0.0
2023-11-16,883333,141,6221,12740.54,6117.659,60.116,10.99,0.0,0.0,0.0
2023-11-16,883335,62,4021,12543.246,6193.571,60.008,10.75,0.171,0.0,0.0
2023-11-16,883339,64,4021,12549.107,6190.31,59.931,11.01,0.171,0.0,0.0
2023-11-16,883343,66,4021,12554.068,6187.542,59.999,10.75,0.171,0.0,0.0
2023-11-16,883346,142,6221,12744.654,6122.482,60.071,10.45,0.0,0.0,0.0
2023-11-16,883347,68,4021,12559.201,6184.907,59.998,11.11,0.171,0.0,0.0
2023-11-16,883352,70,4021,12564.562,6181.793,59.968,10.6,0.171,0.0,0.0
2023-11-16,883357,147,6221,12748.008,6121.141,59.892,10.55,0.0,0.0,0.0
2023-11-16,883359,72,4021,12569.768,6179.097,59.85,11.42,0.171,0.0,0.0
2023-11-16,883363,153,6221,12752.569,6119.407,59.821,10.56,0.0,0.0,0.0
2023-11-16,883373,161,6221,12757.297,6117.458,60.057,10.83,0.0,0.0,0.0
2023-11-16,883374,117,4021,12701.313,6154.394,60.429,13.25,0.171,0.0,0.0
2023-11-16,883380,120,4021,12706.008,6152.758,60.304,12.55,0.171,0.0,0.0
2023-11-16,883381,166,6221,12761.97,6115.444,60.039,10.56,0.0,0.0,0.0
2023-11-16,883385,122,4021,12711.081,6150.365,60.262,12.13,0.171,0.0,0.0
2023-11-16,883387,173,6221,12766.509,6113.645,59.781,10.45,0.0,0.0,0.0
2023-11-16,883391,124,4021,12715.253,6148.766,60.029,11.62,0.171,0.0,0.0
2023-11-16,883395,180,6221,12771.159,6111.487,61.639,10.44,0.0,0.0,0.0
2023-11-16,883397,127,4021,12719.747,6147.003,60.1,11.62,0.171,0.0,0.0
2023-11-16,883402,167,6221,12764.343,6121.1,59.805,10.5,0.0,0.0,0.0
2023-11-16,883403,130,4021,12724.699,6145.608,60.186,8.77,0.171,0.0,0.0
2023-11-16,883408,148,4021,12750.436,6126.471,59.912,10.6,0.171,0.0,0.0
2023-11-16,883410,168,6221,12767.299,6126.168,59.662,10.5,0.0,1.005,0.052
2023-11-16,883414,155,4021,12755.114,6124.783,60.002,10.6,0.171,0.0,0.0
2023-11-16,883415,174,6221,12769.087,6119.092,59.703,10.56,0.0,0.0,0.0
2023-11-16,883419,162,4021,12759.831,6122.67,59.913,10.5,0.171,0.0,0.0
2023-11-16,883422,175,6221,12772.098,6124.372,59.986,5.77,0.0,0.0,0.0
2023-11-16,883423,163,4021,12762.266,6128.263,59.889,8.36,0.171,0.0,0.0
2023-11-16,882650,1,6221,12384.32,6277.049,59.917,10.83,0.0,0.0,0.0
2023-11-16,882652,3,6221,12389.731,6273.905,59.875,11.05,0.0,0.0,0.0
2023-11-16,882665,176,6221,12758.573,6088.431,60.292,10.83,0.0,0.0,0.0
2023-11-16,882671,169,6221,12753.088,6090.877,60.005,10.99,0.0,0.0,0.0
2023-11-16,882678,157,6221,12747.699,6093.257,60.271,10.55,0.0,0.0,0.0
2023-11-16,882685,149,6221,12742.314,6095.409,60.306,11.43,0.0,0.0,0.0
2023-11-16,882691,143,6221,12736.523,6097.584,60.448,11.21,0.0,0.0,0.0
2023-11-16,882694,138,6221,12731.016,6099.877,60.209,0.11,0.0,0.0,0.0
2023-11-16,882695,138,6221,12731.317,6099.733,60.371,12.04,0.0,0.0,0.0
2023-11-16,882697,135,6221,12725.465,6102.055,60.494,11.16,0.0,0.0,0.0
2023-11-16,882700,133,6221,12720.003,6104.142,60.907,11.16,0.0,0.0,0.0
2023-11-16,882701,131,6221,12714.145,6106.22,60.617,11.05,0.0,0.0,0.0
2023-11-16,882704,128,6221,12708.699,6108.571,60.401,10.5,0.0,0.0,0.0
2023-11-16,882706,125,6221,12702.959,6110.678,59.801,11.21,0.0,0.0,0.0
2023-11-16,882708,121,6221,12697.34,6112.615,60.052,10.72,0.0,0.0,0.0
2023-11-16,882711,118,6221,12691.711,6114.891,60.16,11.21,0.0,0.0,0.0
2023-11-16,882714,115,6221,12686.026,6117.226,60.012,10.72,0.0,0.0,0.0
2023-11-16,882715,113,6221,12680.441,6119.476,60.401,10.66,0.0,0.0,0.0
2023-11-16,882718,111,6221,12675.001,6121.602,60.322,11.16,0.0,0.0,0.0
2023-11-16,882720,109,6221,12669.428,6123.976,60.392,11.38,0.0,0.0,0.0
2023-11-16,882722,107,6221,12664.021,6125.985,60.324,10.61,0.0,0.0,0.0
2023-11-16,882724,105,6221,12658.314,6128.275,59.988,10.61,0.0,0.0,0.0
2023-11-16,882726,103,6221,12652.708,6131.249,58.469,11.16,0.0,0.0,0.0
2023-11-16,882731,101,6221,12647.434,6132.804,60.111,10.72,0.0,0.0,0.0
2023-11-16,882735,99,6221,12641.721,6135.296,59.731,11.55,0.0,0.0,0.0
2023-11-16,882738,97,6221,12636.354,6137.751,59.736,10.61,0.0,0.0,0.0
2023-11-16,882743,95,6221,12630.869,6140.268,59.912,10.61,0.0,0.0,0.0
2023-11-16,882763,93,6221,12625.675,6142.909,59.823,10.99,0.0,0.0,0.0
2023-11-16,882767,91,6221,12620.135,6145.505,59.772,10.88,0.0,0.0,0.0
2023-11-16,882773,89,6221,12614.562,6148.042,59.728,10.55,0.0,0.0,0.0
2023-11-16,882778,87,6221,12609.311,6150.585,59.909,10.61,0.0,0.0,0.0
2023-11-16,882783,85,6221,12603.894,6153.181,59.878,10.06,0.0,0.0,0.0
2023-11-16,882789,83,6221,12598.466,6155.793,59.559,10.39,0.0,0.0,0.0
2023-11-16,882792,81,6221,12593.027,6158.985,59.573,10.33,0.0,0.0,0.0
2023-11-16,882797,79,6221,12587.866,6161.991,59.87,10.17,0.0,0.0,0.0
2023-11-16,882802,77,6221,12582.817,6164.964,59.968,10.83,0.0,0.0,0.0
2023-11-16,882807,75,6221,12577.6,6167.801,59.973,10.61,0.0,0.0,0.0
2023-11-16,882811,73,6221,12572.406,6170.839,60.013,11.32,0.0,0.0,0.0
2023-11-16,882817,71,6221,12567.079,6173.917,60.145,10.56,0.0,0.0,0.0
2023-11-16,882823,69,6221,12562.018,6176.845,60.115,10.83,0.0,0.0,0.0
2023-11-16,882829,67,6221,12556.946,6179.877,59.835,10.61,0.0,0.0,0.0
2023-11-16,882832,65,6221,12551.518,6182.714,60.027,10.55,0.0,0.0,0.0
2023-11-16,882839,63,6221,12546.591,6185.824,59.96,10.72,0.0,0.0,0.0
2023-11-16,882843,61,6221,12541.186,6188.948,60.468,10.72,0.0,0.0,0.0
2023-11-16,882847,59,6221,12535.964,6191.771,60.406,10.83,0.0,0.0,0.0
2023-11-16,882851,57,6221,12530.786,6194.999,60.087,10.72,0.0,0.0,0.0
2023-11-16,882855,55,6221,12525.698,6198.077,60.092,10.77,0.0,0.0,0.0
2023-11-16,882861,53,6221,12520.743,6200.978,60.125,10.88,0.0,0.0,0.0
2023-11-16,882863,51,6221,12515.405,6204.18,60.335,10.72,0.0,0.0,0.0
2023-11-16,882868,49,6221,12510.11,6207.063,60.244,11.1,0.0,0.0,0.0
2023-11-16,882874,47,6221,12504.771,6209.912,60.339,11.32,0.0,0.0,0.0
2023-11-16,882879,45,6221,12499.61,6212.671,60.285,10.78,0.0,0.0,0.0
2023-11-16,882884,43,6221,12494.327,6215.612,60.248,11.05,0.0,0.0,0.0
2023-11-16,882886,41,6221,12489.122,6218.768,60.13,11.1,0.0,0.0,0.0
2023-11-16,882893,39,6221,12483.916,6221.311,60.041,10.77,0.0,0.0,0.0
2023-11-16,882899,37,6221,12478.611,6224.526,59.964,10.72,0.0,0.0,0.0
2023-11-16,882904,35,6221,12473.556,6227.279,59.862,10.94,0.0,0.0,0.0
2023-11-16,884305,884305,4021,12142.867,6377.759,59.48,0.15,0.171,0.0,0.0
2023-11-16,884384,17,4021,12138.55,6354.666,58.956,9.99,0.171,-0.955,-2.146
2023-11-16,884391,65,4021,12140.749,6359.185,59.12,10.34,0.171,-1.398,-3.14
2023-11-16,884399,105,4021,12142.942,6363.717,59.297,10.49,0.171,-1.144,-2.345
2023-11-16,884406,138,4021,12145.241,6368.376,59.249,10.54,0.171,-1.255,-2.462
2023-11-16,884410,219,4021,12147.524,6372.781,59.354,10.5,0.171,-1.145,-2.697
2023-11-16,884416,238,4021,12149.745,6377.156,59.209,10.8,0.171,-0.961,-2.331
2023-11-16,884422,15,4021,12143.984,6352.126,58.965,10.03,0.171,-1.482,-3.038
2023-11-16,884428,64,4021,12146.177,6356.586,59.239,17.43,0.171,-2.022,-4.146
2023-11-16,884433,104,4021,12148.354,6361.088,59.294,11.52,0.171,-1.362,-2.674
2023-11-16,884439,137,4021,12150.486,6365.484,59.479,10.49,0.171,-1.695,-3.058
2023-11-16,884445,166,4021,12152.802,6370.019,59.437,10.55,0.171,-1.221,-2.397
2023-11-16,884458,236,4021,12155.14,6374.554,59.353,10.55,0.171,-1.235,-2.648
2023-11-16,884461,13,4021,12149.367,6349.223,59.116,10.5,0.171,-1.199,-2.692
2023-11-16,884467,63,4021,12151.499,6353.983,59.512,10.5,0.171,-1.87,-3.67
2023-11-16,884471,103,4021,12153.821,6358.779,59.238,10.55,0.171,-1.201,-2.266
2023-11-16,884475,136,4021,12155.836,6362.659,59.677,10.55,0.171,-1.374,-2.583
2023-11-16,884480,165,4021,12158.085,6367.133,59.383,10.64,0.171,-1.191,-2.443
2023-11-16,884485,234,4021,12160.406,6371.521,59.346,10.6,0.171,-1.023,-2.194
2023-11-16,884489,12,4021,12154.662,6346.718,59.778,10.55,0.171,-1.349,-2.891
2023-11-16,884493,49,4021,12156.872,6351.149,59.464,10.54,0.171,-1.926,-3.78
2023-11-16,884497,102,4021,12159.232,6355.782,59.309,11.15,0.171,-1.429,-2.805
2023-11-16,884503,135,4021,12161.214,6359.953,59.583,10.5,0.171,-1.21,-2.374
2023-11-16,884509,164,4021,12163.44,6364.253,59.556,10.65,0.171,-1.591,-3.265
2023-11-16,884514,231,4021,12165.684,6368.818,59.42,10.6,0.171,-1.25,-2.562
2023-11-16,884521,10,4021,12160.314,6344.859,59.781,11.21,0.171,-1.582,-2.976
2023-11-16,884527,48,4021,12162.3,6348.622,59.608,11.93,0.171,-1.468,-3.009
2023-11-16,884534,101,4021,12164.549,6353.056,59.487,10.5,0.171,-1.215,-2.49
2023-11-16,884542,134,4021,12166.453,6357.135,59.758,10.7,0.171,-1.518,-2.854
2023-11-16,884550,163,4021,12168.735,6361.403,59.404,10.6,0.171,-1.31,-2.809
2023-11-16,884557,229,4021,12170.967,6366.007,59.214,10.55,0.171,-1.382,-3.42
2023-11-16,884562,46,4021,12170.432,6344.731,59.605,10.5,0.171,0.655,-2.837
2023-11-16,884570,8,4021,12165.407,6341.39,59.812,11.01,0.171,-1.363,-3.374
2023-11-16,884576,47,4021,12167.695,6346.013,59.615,11.05,0.171,-1.251,-2.757
2023-11-16,884582,76,4021,12169.866,6350.486,59.593,10.55,0.171,-1.326,-2.603
2023-11-16,884588,120,4021,12171.753,6354.36,59.827,10.65,0.171,-2.105,-3.801
2023-11-16,884596,162,4021,12173.996,6358.624,59.31,10.59,0.171,-1.109,-1.998
2023-11-16,884604,227,4021,12176.228,6363.019,59.294,10.6,0.171,-2.727,-5.129
2023-11-16,884609,100,4021,12178.617,6347.853,59.855,11.05,0.171,-0.161,-4.615
2023-11-16,884617,117,4021,12184.637,6346.756,59.522,11.06,0.171,-1.186,-3.65
2023-11-16,884626,75,4021,12175.289,6347.949,59.747,10.7,0.171,-1.518,-2.857
2023-11-16,884633,119,4021,12176.912,6351.291,59.701,1.58,0.171,-0.346,-0.651
2023-11-16,883743,62,4021,12172.654,6346.25,59.839,11.01,0.171,1.706,-4.686
2023-11-16,883751,28,4021,12168.737,6342.663,59.848,11.52,0.171,1.508,-4.839
2023-11-16,883761,9,4021,12162.743,6342.688,59.935,11.51,0.171,-2.322,-4.761
2023-11-16,883769,11,4021,12157.61,6345.678,59.636,11.66,0.171,-2.233,-4.578
2023-11-16,883778,3,4021,12151.272,6346.629,59.394,2.29,0.171,-1.653,-2.982
2023-11-16,883785,4,4021,12145.894,6349.169,59.068,11.06,0.171,-2.281,-4.298
2023-11-16,883790,14,4021,12140.522,6351.931,59.075,10.55,0.171,-2.049,-4.021
2023-11-16,883797,16,4021,12135.082,6354.501,59.146,10.55,0.171,-1.742,-4.104
2023-11-16,883804,18,4021,12129.782,6357.228,59.387,11.01,0.171,-2.347,-4.413
2023-11-16,883813,20,4021,12124.337,6359.775,59.594,11.06,0.171,-2.247,-4.413
2023-11-16,883821,21,4021,12119.115,6362.524,59.548,11.01,0.171,-2.225,-4.185
2023-11-16,883832,22,4021,12113.475,6364.97,59.465,11.11,0.171,-2.4,-4.157
2023-11-16,883841,23,4021,12108.084,6367.529,59.352,7.39,0.171,-2.19,-3.247
2023-11-16,886238,7,4021,12089.232,6373.464,60.282,18.9,0.171,2.132,-6.975
2023-11-16,886246,26,4021,12092.623,6374.522,60.129,19.57,0.171,1.954,-9.193
2023-11-16,886279,886279,4021,12150.151,6392.988,59.791,5.55,0.171,0.0,0.0
2023-11-16,884640,119,4021,12176.634,6350.747,59.67,10.6,0.171,-1.512,-2.846
2023-11-16,884647,156,4021,12179.279,6355.575,59.35,10.55,0.171,-1.082,-2.429
2023-11-16,884651,225,4021,12181.456,6360.195,59.2,10.55,0.171,-1.771,-3.797
2023-11-16,884659,115,4021,12190.25,6344.557,59.347,11.0,0.171,-1.717,-4.474
2023-11-16,884662,99,4021,12195.17,6341.01,59.331,2.7,0.171,-1.278,-3.011
2023-11-16,884669,98,4021,12200.314,6337.56,59.478,11.01,0.171,-2.353,-4.075
2023-11-16,884675,74,4021,12205.441,6334.462,59.41,10.55,0.171,-2.416,-4.021
2023-11-16,884681,209,4021,12211.021,6345.327,59.297,10.96,0.171,1.731,3.391
2023-11-16,884686,211,4021,12205.693,6347.907,59.565,10.5,0.171,1.197,2.82
2023-11-16,884689,213,4021,12200.176,6350.454,59.656,10.55,0.171,1.86,2.656
2023-11-16,884697,215,4021,12194.758,6353.054,59.535,10.55,0.171,2.29,3.815
2023-11-16,884705,118,4021,12182.33,6348.676,59.661,10.6,0.171,-2.264,-4.085
2023-11-16,884710,155,4021,12184.462,6352.843,59.143,10.6,0.171,-1.096,-2.151
2023-11-16,884717,218,4021,12186.722,6357.391,59.122,10.5,0.171,-1.23,-2.522
2023-11-16,884723,116,4021,12187.614,6345.881,59.204,10.59,0.171,-1.175,-2.769
2023-11-16,884728,154,4021,12189.74,6350.042,59.399,10.55,0.171,-1.328,-2.607
2023-11-16,884734,216,4021,12192.0,6354.498,59.279,10.5,0.171,-1.148,-2.463
2023-11-16,884741,114,4021,12192.931,6343.187,59.312,10.5,0.171,-1.131,-2.334
2023-11-16,884747,153,4021,12195.123,6347.312,59.453,10.5,0.171,-1.253,-2.55
2023-11-16,884754,214,4021,12197.367,6351.847,59.415,10.6,0.171,-0.932,-2.428
2023-11-16,884762,113,4021,12198.325,6340.572,59.601,10.5,0.171,-1.353,-2.775
2023-11-16,884768,152,4021,12200.569,6344.807,59.659,10.6,0.171,-1.439,-2.824
2023-11-16,884775,212,4021,12202.806,6349.274,59.349,10.5,0.171,-1.069,-2.099
2023-11-16,884781,191,6221,12260.446,6323.377,59.311,10.39,0.0,0.781,2.278
2023-11-16,884782,112,4021,12203.832,6338.038,59.425,10.5,0.171,-1.083,-2.55
2023-11-16,884788,189,6221,12265.564,6321.75,59.357,10.17,0.0,1.107,2.269
2023-11-16,884789,151,4021,12205.986,6342.185,59.336,10.55,0.171,-1.041,-2.291
2023-11-16,884795,187,6221,12270.113,6319.612,59.34,10.06,0.0,1.224,2.402
2023-11-16,884796,210,4021,12208.079,6346.626,59.556,10.5,0.171,-1.122,-2.436
2023-11-16,884801,185,6221,12274.786,6317.858,59.407,10.06,0.0,0.916,2.508
2023-11-16,884803,61,4021,12206.833,6330.815,59.017,10.09,0.171,-1.076,-2.417
2023-11-16,884810,183,6221,12279.458,6316.059,59.341,10.12,0.0,1.323,2.201
2023-11-16,884811,97,4021,12209.138,6335.341,59.281,10.55,0.171,-1.603,-3.305
2023-11-16,884815,181,6221,12284.008,6314.113,59.42,10.05,0.0,1.317,2.584
2023-11-16,884818,150,4021,12211.336,6339.573,59.326,10.54,0.171,-1.189,-2.236
2023-11-16,884823,179,6221,12288.703,6312.3,59.399,10.61,0.0,1.19,2.553
2023-11-16,884826,208,4021,12213.724,6344.046,59.663,11.01,0.171,-1.169,-2.497
2023-11-16,884833,192,6221,12257.186,6324.904,59.118,10.12,0.0,-1.275,-2.503
2023-11-16,884834,60,4021,12212.3,6328.069,58.819,10.39,0.171,-1.156,-2.268
2023-11-16,884839,127,6221,12255.121,6320.01,59.211,10.0,0.0,-1.056,-2.265
2023-11-16,884842,96,4021,12214.688,6332.702,59.133,9.99,0.171,-1.075,-2.202
2023-11-16,884846,89,6221,12252.743,6315.26,58.907,10.22,0.0,-1.091,-2.238
2023-11-16,884850,149,4021,12216.842,6337.035,59.414,10.55,0.171,-1.281,-2.748
2023-11-16,884855,53,6221,12250.321,6310.51,58.84,10.0,0.0,-1.149,-2.161
2023-11-16,884856,206,4021,12219.064,6341.492,59.363,10.45,0.171,-1.482,-3.329
2023-11-16,884865,190,6221,12263.083,6322.523,59.295,10.17,0.0,-1.092,-2.452
2023-11-16,884866,59,4021,12217.856,6325.613,58.726,10.04,0.171,-1.087,-2.229
2023-11-16,884873,148,6221,12261.096,6318.346,59.457,0.22,0.0,0.0,0.0
2023-11-16,884874,95,4021,12220.083,6330.194,59.028,10.04,0.171,-1.155,-2.478
2023-11-16,884875,148,6221,12261.073,6318.31,59.455,10.45,0.0,-1.172,-2.481
2023-11-16,884879,133,4021,12222.182,6334.524,58.952,10.03,0.171,-1.49,-2.803
2023-11-16,884880,88,6221,12258.227,6312.664,58.99,9.95,0.0,-0.981,-2.012
2023-11-16,884889,204,4021,12224.564,6339.075,59.209,10.55,0.171,-1.767,-3.322
2023-11-16,884890,52,6221,12255.839,6307.869,59.15,9.94,0.0,-1.046,-2.053
2023-11-16,884896,58,4021,12223.235,6323.07,58.816,10.09,0.171,-1.19,-2.551
2023-11-16,884900,188,6221,12267.694,6320.61,59.164,10.11,0.0,-1.18,-2.316
2023-11-16,884905,94,4021,12225.389,6327.657,58.819,9.99,0.171,-1.18,-2.129
2023-11-16,884907,147,6221,12265.277,6315.68,59.4,10.06,0.0,-1.156,-2.371
2023-11-16,884912,132,4021,12227.755,6332.019,58.982,10.03,0.171,-1.328,-2.211
2023-11-16,884915,87,6221,12262.755,6310.63,59.375,10.0,0.0,-1.236,-2.426
2023-11-16,884919,202,4021,12230.121,6336.509,58.975,10.03,0.171,-1.741,-3.141
2023-11-16,884921,45,6221,12260.366,6305.743,59.043,9.67,0.0,-0.925,-1.896
2023-11-16,884927,57,4021,12228.602,6320.506,58.963,10.19,0.171,-1.252,-2.457
2023-11-16,884931,186,6221,12272.138,6318.703,59.161,10.0,0.0,-0.936,-2.101
2023-11-16,884933,93,4021,12230.806,6325.055,58.954,10.04,0.171,-1.22,-2.295
2023-11-16,884937,146,6221,12269.994,6313.776,59.338,10.22,0.0,-1.093,-2.565
2023-11-16,884939,131,4021,12233.122,6329.475,59.075,10.45,0.171,-1.697,-3.48
2023-11-16,884948,86,6221,12267.371,6308.772,58.976,9.95,0.0,-1.059,-2.171
2023-11-16,884949,200,4021,12235.393,6333.998,59.164,10.03,0.171,-1.353,-2.545
2023-11-16,884956,44,6221,12264.826,6303.501,58.682,9.78,0.0,-0.866,-1.858
2023-11-16,884958,56,4021,12234.075,6317.94,59.039,9.99,0.171,-1.238,-2.328
2023-11-16,884963,92,4021,12236.235,6322.364,59.312,10.04,0.171,-1.422,-2.568
2023-11-16,884964,184,6221,12277.089,6316.929,59.158,10.22,0.0,-0.913,-2.26
2023-11-16,884970,130,4021,12238.545,6326.981,59.067,10.65,0.171,-1.167,-2.195
2023-11-16,884972,145,6221,12274.622,6311.97,59.294,9.95,0.0,-1.167,-2.502
2023-11-16,884978,198,4021,12240.916,6331.369,59.572,10.5,0.171,-2.235,-4.203
2023-11-16,884979,85,6221,12272.055,6306.823,58.907,10.11,0.0,-1.004,-2.06
2023-11-16,884984,55,4021,12239.509,6315.236,59.18,10.03,0.171,-1.301,-2.553
2023-11-16,884986,43,6221,12269.399,6301.558,58.548,9.51,0.0,-0.938,-2.012
2023-11-16,884992,91,4021,12241.741,6320.016,59.41,10.08,0.171,-1.328,-2.498
2023-11-16,884994,182,6221,12281.9,6315.191,59.027,10.39,0.0,-1.003,-2.15
2023-11-16,884998,129,4021,12244.163,6324.606,59.502,10.54,0.171,-1.58,-2.848
2023-11-16,885002,144,6221,12279.317,6309.995,59.169,10.22,0.0,-1.076,-2.416
2023-11-16,885006,196,4021,12246.495,6329.128,58.998,10.19,0.171,-1.864,-3.229
2023-11-16,885008,84,6221,12276.66,6304.743,58.963,10.06,0.0,-0.935,-2.004
2023-11-16,885014,54,4021,12244.931,6312.695,59.284,10.04,0.171,-2.168,-4.078
2023-11-16,885017,42,6221,12274.048,6299.302,58.74,10.22,0.0,-1.088,-2.332
2023-11-16,885020,90,4021,12247.248,6317.667,59.053,10.14,0.171,-1.222,-2.399
2023-11-16,885026,180,6221,12286.156,6313.317,59.223,10.23,0.0,-1.019,-2.288
2023-11-16,885027,128,4021,12249.603,6322.225,59.371,10.19,0.171,-1.543,-2.784
2023-11-16,885034,143,6221,12283.633,6307.968,59.41,11.1,0.0,-1.169,-2.624
2023-11-16,885035,194,4021,12252.058,6326.965,58.894,9.99,0.171,-1.343,-2.327
2023-11-16,885041,193,4021,12254.739,6325.866,59.161,10.04,0.171,1.205,2.584
2023-11-16,885042,83,6221,12281.155,6302.833,59.228,9.95,0.0,-1.204,-2.538
2023-11-16,885048,195,4021,12249.305,6328.087,59.175,10.09,0.171,1.043,2.867
2023-11-16,885050,41,6221,12278.459,6297.301,59.118,10.72,0.0,-1.148,-2.463
2023-11-16,885055,197,4021,12243.714,6330.286,59.422,10.03,0.171,0.933,2.709
2023-11-16,885058,178,6221,12290.95,6311.316,59.188,10.55,0.0,-1.17,-2.509
2023-11-16,885063,199,4021,12238.208,6332.67,59.263,10.54,0.171,1.142,2.565
2023-11-16,885068,142,6221,12288.36,6305.842,59.316,10.56,0.0,-1.055,-2.369
2023-11-16,885071,201,4021,12232.829,6335.171,59.111,10.03,0.171,1.118,2.51
2023-11-16,885076,203,4021,12227.323,6337.65,59.029,10.03,0.171,1.227,2.515
2023-11-16,885077,82,6221,12285.592,6300.356,59.042,9.95,0.0,-1.083,-2.169
2023-11-16,885084,205,4021,12221.778,6340.354,59.059,10.44,0.171,1.427,2.869
2023-11-16,885086,40,6221,12282.936,6295.124,59.222,9.94,0.0,-1.098,-2.252
2023-11-16,885092,207,4021,12216.55,6342.865,59.327,10.49,0.171,1.036,2.846
2023-11-16,885096,177,6221,12293.09,6309.733,59.371,10.28,0.0,0.269,1.077
2023-11-16,885101,27,4021,12304.353,6281.974,59.156,0.86,0.171,-0.101,-0.216
2023-11-16,883863,23,4021,12107.907,6367.257,59.352,11.11,0.171,-2.267,-3.361
2023-11-16,883873,24,4021,12103.24,6369.363,59.618,11.06,0.171,0.0,0.0
2023-11-16,883878,1,4021,12103.149,6363.54,59.377,10.65,0.171,0.0,0.0
2023-11-16,883886,2,4021,12099.016,6365.457,59.42,10.55,0.171,0.0,0.0
2023-11-16,883889,5,4021,12096.395,6369.633,59.77,10.7,0.171,0.0,0.0
2023-11-16,883894,25,4021,12099.564,6370.819,59.717,10.5,0.171,0.0,0.0
2023-11-16,883898,34,4021,12103.589,6371.968,59.483,10.09,0.171,-2.722,-0.991
2023-11-16,883903,33,4021,12106.281,6370.549,59.355,10.5,0.171,-1.327,-2.208
2023-11-16,883908,32,4021,12111.62,6367.927,59.393,10.86,0.171,-1.168,-3.21
2023-11-16,883914,70,4021,12115.143,6371.89,59.52,10.54,0.171,-1.272,-3.15
2023-11-16,883920,31,4021,12116.959,6365.337,59.286,10.64,0.171,-1.034,-2.436
2023-11-16,883929,69,4021,12119.125,6369.811,59.519,10.55,0.171,-1.617,-3.316
2023-11-16,883938,109,4021,12121.368,6374.261,59.77,10.85,0.171,-1.424,-3.053
2023-11-16,883944,30,4021,12122.309,6362.595,59.298,10.5,0.171,-1.125,-2.532
2023-11-16,883952,68,4021,12124.675,6367.016,59.502,10.45,0.171,-1.369,-2.574
2023-11-16,883962,108,4021,12126.785,6371.672,59.422,10.5,0.171,-1.37,-3.57
2023-11-16,883970,158,4021,12129.029,6376.308,59.384,10.6,0.171,-1.026,-2.544
2023-11-16,883978,29,4021,12127.721,6359.868,59.282,10.55,0.171,-1.311,-2.811
2023-11-16,883988,67,4021,12130.014,6364.416,59.244,10.6,0.171,-1.338,-2.517
2023-11-16,883997,107,4021,12132.28,6368.873,59.319,10.64,0.171,-1.186,-2.663
2023-11-16,884007,157,4021,12134.324,6373.64,59.292,10.6,0.171,-1.179,-2.418
2023-11-16,884015,221,4021,12136.662,6377.999,59.577,10.5,0.171,-1.37,-2.688
2023-11-16,884025,71,4021,12110.716,6374.093,59.708,10.04,0.171,0.0,0.0
2023-11-16,884033,121,4021,12117.765,6376.294,59.798,10.45,0.171,0.0,0.0
2023-11-16,884041,159,4021,12124.791,6378.136,59.659,10.03,0.171,0.0,0.0
2023-11-16,884049,222,4021,12132.001,6380.422,59.316,10.14,0.171,0.0,0.0
2023-11-16,884057,242,4021,12138.922,6382.401,59.497,10.04,0.171,0.952,-4.481
2023-11-16,884065,241,4021,12141.669,6381.184,59.443,10.6,0.171,2.78,3.826
2023-11-16,884073,239,4021,12146.986,6378.543,59.441,10.55,0.171,2.727,5.848
2023-11-16,884079,237,4021,12152.392,6375.793,59.547,10.5,0.171,2.015,4.525
2023-11-16,884084,235,4021,12157.753,6372.92,59.444,10.55,0.171,1.901,4.27
2023-11-16,884090,232,4021,12163.048,6370.223,59.65,10.7,0.171,2.396,4.149
2023-11-16,884098,230,4021,12168.175,6367.239,59.274,10.54,0.171,1.299,4.248
2023-11-16,884104,228,4021,12173.648,6364.435,59.278,10.5,0.171,1.536,4.003
2023-11-16,884112,226,4021,12178.92,6361.562,59.414,10.55,0.171,1.063,4.265
2023-11-16,884118,224,4021,12184.225,6358.728,59.1,10.55,0.171,1.542,4.237
2023-11-16,884125,217,4021,12189.486,6356.021,59.456,10.55,0.171,2.135,4.378
2023-11-16,884134,19,4021,12133.088,6357.341,59.111,8.46,0.171,-1.522,-3.767
2023-11-16,885123,27,4021,12304.345,6281.963,59.236,17.12,0.171,-1.744,-3.738
2023-11-16,885125,177,6221,12293.085,6309.689,59.379,10.45,0.0,0.632,2.534
2023-11-16,885130,175,6221,12297.602,6307.864,59.141,10.55,0.0,0.0,0.0
2023-11-16,885135,35,4021,12305.45,6283.989,59.259,1.58,0.171,0.0,0.0
2023-11-16,885141,51,4021,12306.762,6286.778,59.141,10.14,0.171,0.0,0.0
2023-11-16,885145,73,4021,12307.906,6289.495,59.247,10.04,0.171,0.0,0.0
2023-11-16,885147,111,4021,12309.374,6292.167,59.337,10.24,0.171,0.0,0.0
2023-11-16,885150,123,4021,12310.729,6294.695,59.49,10.09,0.171,0.0,0.0
2023-11-16,885154,161,4021,12312.141,6297.392,59.571,10.14,0.171,0.0,0.0
2023-11-16,885157,168,4021,12313.43,6300.06,59.732,10.55,0.171,-2.261,-4.079
2023-11-16,885164,173,6221,12302.029,6305.595,59.18,10.77,0.0,1.544,2.472
2023-11-16,885167,6,4021,12087.473,6372.942,60.317,18.04,0.171,1.641,-6.586
2023-11-16,885171,171,6221,12306.69,6303.398,59.588,10.83,0.0,1.545,2.473
2023-11-16,885178,169,6221,12311.173,6301.351,60.023,11.11,0.0,0.988,1.311
2023-11-16,885180,7,4021,12090.168,6373.773,60.167,43.57,0.171,4.919,-15.15
2023-11-16,885184,36,6221,12300.89,6286.342,59.364,10.01,0.0,-1.278,-1.895
2023-11-16,885193,78,6221,12303.691,6291.744,59.621,10.45,0.0,-1.275,-2.299
2023-11-16,885198,26,4021,12093.553,6374.821,60.385,20.65,0.171,2.691,-7.395
2023-11-16,885203,124,6221,12306.38,6297.087,59.578,10.5,0.0,-1.327,-2.495
2023-11-16,885209,50,4021,12096.871,6375.769,60.003,19.93,0.171,2.525,-7.77
2023-11-16,885213,170,6221,12308.836,6302.241,59.676,10.5,0.0,-1.525,-2.538
2023-11-16,885222,37,6221,12296.312,6288.416,59.212,10.23,0.0,-1.245,-2.553
2023-11-16,885223,72,4021,12100.345,6376.81,59.851,19.72,0.171,2.057,-7.676
2023-11-16,885228,79,6221,12299.141,6293.791,59.209,10.22,0.0,-1.079,-2.03
2023-11-16,885234,77,4021,12103.597,6377.843,59.827,20.43,0.171,1.923,-7.714
2023-11-16,885237,125,6221,12301.775,6299.173,59.458,10.61,0.0,-1.18,-2.219
2023-11-16,885241,172,6221,12304.42,6304.431,59.432,10.61,0.0,-1.214,-2.383
2023-11-16,885246,110,4021,12106.993,6378.871,59.66,20.28,0.171,1.804,-7.816
2023-11-16,885248,38,6221,12291.879,6290.665,59.113,10.17,0.0,-1.167,-2.393
2023-11-16,885254,80,6221,12294.569,6296.014,59.111,10.16,0.0,-1.199,-2.162
2023-11-16,885256,122,4021,12110.334,6379.842,59.726,20.75,0.171,2.106,-8.445
2023-11-16,885261,126,6221,12297.437,6301.481,59.181,10.17,0.0,-1.187,-2.141
2023-11-16,885268,174,6221,12299.988,6306.915,59.17,10.72,0.0,-0.993,-2.231
2023-11-16,885269,140,4021,12113.641,6380.887,59.828,20.85,0.171,2.124,-8.518
2023-11-16,885276,39,6221,12287.464,6292.972,59.113,10.23,0.0,-1.0,-2.245
2023-11-16,885285,160,4021,12116.993,6381.828,59.972,21.3,0.171,2.04,-8.837
2023-11-16,885286,81,6221,12290.176,6298.4,59.08,10.39,0.0,-1.025,-2.198
2023-11-16,885294,141,6221,12292.865,6303.736,59.238,10.17,0.0,-0.524,-1.123
2023-11-16,885300,167,4021,12120.311,6382.84,59.951,21.15,0.171,2.828,-9.251
2023-11-16,885304,176,6221,12295.494,6309.155,59.441,10.5,0.0,-0.983,-2.108
2023-11-16,885310,124,6221,12306.482,6298.156,59.742,10.61,0.0,-1.213,-2.282
2023-11-16,885314,223,4021,12123.763,6383.82,60.006,21.72,0.171,2.502,-8.925
2023-11-16,885328,885328,4021,12119.816,6399.064,59.667,4.18,0.171,0.0,0.0
2023-11-16,885329,885329,6221,12134.371,6359.624,59.362,0.55,0.0,-0.025,-0.05
2023-11-16,885330,885330,6221,12134.449,6359.774,59.386,10.0,0.0,-1.277,-2.506
2023-11-16,885337,66,6221,12135.632,6362.074,59.421,10.28,0.0,-1.19,-2.237
2023-11-16,885340,233,4021,12126.971,6384.924,60.051,22.17,0.171,3.46,-8.97
2023-11-16,885345,106,6221,12137.787,6366.655,59.583,10.72,0.0,-1.31,-2.363
2023-11-16,885350,243,4021,12130.428,6385.888,59.804,22.63,0.171,2.733,-8.94
2023-11-16,885353,139,6221,12139.852,6371.054,59.567,10.61,0.0,-1.149,-2.355
2023-11-16,885360,220,6221,12142.14,6375.582,59.604,10.61,0.0,-1.167,-2.502
2023-11-16,885364,244,4021,12133.774,6386.819,59.664,23.24,0.171,2.218,-9.606
2023-11-16,885367,240,6221,12144.361,6379.968,59.533,10.55,0.0,0.0,0.0
2023-11-16,885375,245,4021,12137.037,6387.799,59.545,23.2,0.171,2.148,-9.302
2023-11-16,885387,246,4021,12140.511,6388.828,59.438,23.6,0.171,1.989,-8.614
2023-11-16,885398,247,4021,12143.83,6389.961,59.585,23.14,0.171,2.205,-8.845
2023-11-16,909370,199,6221,12020.22,6237.537,40.769,11.16,0.0,0.0,0.0
2023-11-16,909382,198,6221,12021.675,6240.052,40.486,11.11,0.0,0.0,0.0
2023-11-16,909392,60,6221,12124.666,6295.13,38.93,9.35,0.0,1.156,2.195
2023-11-16,909398,48,6221,12130.295,6292.788,38.619,8.69,0.0,0.893,1.752
2023-11-16,909405,34,6221,12136.125,6290.576,39.01,8.41,0.0,0.464,1.21
2023-11-16,909411,30,6221,12138.906,6289.76,39.044,9.18,0.0,0.0,0.0
2023-11-16,909417,31,6221,12136.897,6285.658,38.857,9.13,0.0,0.0,0.0
2023-11-16,909422,43,6221,12133.322,6292.001,38.621,8.91,0.0,0.0,0.0
2023-11-16,909426,44,6221,12131.647,6288.43,38.594,9.07,0.0,0.0,0.0
2023-11-16,909432,35,6221,12132.91,6284.255,38.504,9.13,0.0,0.0,0.0
2023-11-16,909435,32,6221,12131.097,6276.838,38.413,9.35,0.0,0.0,0.0
2023-11-16,909441,36,6221,12130.223,6280.347,38.407,9.13,0.0,0.0,0.0
2023-11-16,909444,46,6221,12126.859,6279.145,38.422,9.24,0.0,0.0,0.0
2023-11-16,909450,45,6221,12129.114,6283.674,38.397,9.07,0.0,0.0,0.0
2023-11-16,909454,55,6221,12127.693,6294.272,38.88,9.24,0.0,0.0,0.0
2023-11-16,909461,56,6221,12126.342,6291.489,38.576,9.18,0.0,0.0,0.0
2023-11-16,909469,57,6221,12123.953,6286.556,38.404,9.35,0.0,0.0,0.0
2023-11-16,909475,58,6221,12121.498,6281.604,38.221,9.29,0.0,0.0,0.0
2023-11-16,909481,67,6221,12122.219,6296.652,38.943,9.29,0.0,0.0,0.0
2023-11-16,909490,37,6221,12119.53,6265.919,38.835,8.47,0.0,0.0,0.0
2023-11-16,909719,68,6221,12121.115,6294.665,38.768,9.18,0.0,0.0,0.0
2023-11-16,909733,69,6221,12118.614,6289.537,38.173,9.4,0.0,0.0,0.0
2023-11-16,909749,70,6221,12116.359,6284.506,38.169,9.24,0.0,0.0,0.0
2023-11-16,909755,79,6221,12117.706,6300.903,38.844,8.91,0.0,0.0,0.0
2023-11-16,909766,80,6221,12115.992,6297.3,38.807,9.4,0.0,0.0,0.0
2023-11-16,909776,81,6221,12113.531,6292.361,38.97,9.35,0.0,0.0,0.0
2023-11-16,909785,72,6221,12111.121,6287.46,38.389,9.29,0.0,0.0,0.0
2023-11-16,909795,95,6221,12111.909,6302.633,38.843,9.24,0.0,0.0,0.0
2023-11-16,909801,96,6221,12110.726,6300.137,38.663,9.07,0.0,0.0,0.0
2023-11-16,909811,97,6221,12108.449,6295.517,38.968,9.29,0.0,0.0,0.0
2023-11-16,909819,83,6221,12106.038,6290.532,38.557,9.35,0.0,0.0,0.0
2023-11-16,909823,84,6221,12104.532,6288.17,38.625,9.07,0.0,0.0,0.0
2023-11-16,909830,109,6221,12104.951,6301.768,39.291,9.13,0.0,0.0,0.0
2023-11-16,909837,108,6221,12105.956,6304.141,39.04,9.13,0.0,0.0,0.0
2023-11-16,909845,110,6221,12103.088,6298.266,39.067,9.35,0.0,0.0,0.0
2023-11-16,909850,111,6221,12100.665,6293.376,38.803,9.07,0.0,0.0,0.0
2023-11-16,909854,121,6221,12099.779,6304.86,39.751,9.18,0.0,0.0,0.0
2023-11-16,909862,122,6221,12097.875,6301.304,39.418,6.32,0.0,0.0,0.0
2023-11-16,910604,22,6221,12125.234,6262.363,38.591,9.4,0.0,0.0,0.0
2023-11-16,910607,13,6221,12134.924,6266.856,38.211,3.41,0.0,0.0,0.0
2023-11-16,910609,13,6221,12133.364,6266.069,38.168,3.46,0.0,0.0,0.0
2023-11-16,910610,14,6221,12132.201,6261.552,38.338,2.47,0.0,0.0,0.0
2023-11-16,910611,14,6221,12131.198,6260.803,38.255,4.34,0.0,0.0,0.0
2023-11-16,910613,23,6221,12124.819,6259.782,38.469,9.35,0.0,0.0,0.0
2023-11-16,910615,24,6221,12122.712,6257.365,38.568,9.35,0.0,0.0,0.0
2023-11-16,910617,38,6221,12117.562,6260.352,38.928,9.4,0.0,0.0,0.0
2023-11-16,910620,50,6221,12112.268,6263.333,38.831,9.29,0.0,0.0,0.0
2023-11-16,910622,62,6221,12107.329,6266.117,38.394,9.24,0.0,0.0,0.0
2023-11-16,910625,74,6221,12101.589,6268.29,38.684,9.18,0.0,0.0,0.0
2023-11-16,910628,107,6221,12080.726,6253.621,38.681,8.85,0.0,0.0,0.0
2023-11-16,910630,106,6221,12082.305,6256.422,38.465,9.02,0.0,0.0,0.0
2023-11-16,910633,25,6221,12122.669,6254.347,38.641,9.35,0.0,0.0,0.0
2023-11-16,910642,26,6221,12120.345,6252.498,38.906,9.35,0.0,0.0,0.0
2023-11-16,910646,39,6221,12115.207,6255.478,38.966,9.24,0.0,0.0,0.0
2023-11-16,910651,51,6221,12109.862,6258.299,38.873,9.29,0.0,0.0,0.0
2023-11-16,910655,63,6221,12104.674,6261.243,38.996,9.29,0.0,0.0,0.0
2023-11-16,910660,75,6221,12099.345,6263.67,38.364,9.51,0.0,0.0,0.0
2023-11-16,910665,120,6221,12075.894,6256.77,38.985,9.13,0.0,0.0,0.0
2023-11-16,910671,119,6221,12076.989,6259.305,38.942,9.07,0.0,0.0,0.0
2023-11-16,910680,134,6221,12070.762,6260.317,39.184,7.31,0.0,0.0,0.0
2023-11-16,910404,187,6221,12040.879,6267.159,39.529,10.55,0.0,0.0,0.0
2023-11-16,910409,173,6221,12046.062,6264.205,39.211,10.99,0.0,0.0,0.0
2023-11-16,910419,209,6221,12032.099,6277.063,39.723,10.5,0.0,0.0,0.0
2023-11-16,910425,200,6221,12037.639,6274.525,39.862,10.55,0.0,0.0,0.0
2023-11-16,910435,186,6221,12043.29,6272.02,39.171,10.01,0.0,0.0,0.0
2023-11-16,910445,172,6221,12048.373,6269.19,39.33,9.95,0.0,0.0,0.0
2023-11-16,910454,167,6221,12034.374,6238.34,40.245,11.54,0.0,1.181,2.421
2023-11-16,910464,182,6221,12030.324,6240.174,40.219,11.54,0.0,0.171,2.452
2023-11-16,910471,193,6221,12025.719,6242.28,40.234,13.03,0.0,1.119,2.295
2023-11-16,910480,203,6221,12021.091,6244.357,40.42,11.6,0.0,1.241,2.34
2023-11-16,910488,219,6221,12012.159,6248.757,40.5,11.98,0.0,-0.611,2.646
2023-11-16,910496,212,6221,12016.542,6246.547,40.217,12.14,0.0,1.106,2.269
2023-11-16,910501,175,6221,12032.606,6239.823,40.59,11.11,0.0,0.0,0.0
2023-11-16,910504,189,6221,12028.056,6241.811,40.609,11.1,0.0,0.0,0.0
2023-11-16,910507,197,6221,12023.472,6243.721,40.813,10.99,0.0,0.0,0.0
2023-11-16,910512,207,6221,12017.56,6241.972,40.604,11.16,0.0,0.0,0.0
2023-11-16,910515,206,6221,12018.901,6245.833,40.506,11.54,0.0,0.0,0.0
2023-11-16,910518,220,6221,12009.416,6245.442,41.434,11.48,0.0,0.0,0.0
2023-11-16,910521,223,6221,12010.123,6249.464,40.506,11.6,0.0,0.0,0.0
2023-11-16,910523,213,6221,12013.377,6244.028,41.295,11.49,0.0,0.0,0.0
2023-11-16,910524,216,6221,12014.462,6247.991,40.381,11.54,0.0,0.0,0.0
2023-11-16,910526,171,6221,12050.851,6274.061,39.491,8.74,0.0,0.0,0.0
2023-11-16,910527,185,6221,12045.89,6276.685,39.397,9.95,0.0,0.0,0.0
2023-11-16,910530,196,6221,12042.292,6278.686,39.595,10.45,0.0,0.0,0.0
2023-11-16,910533,910533,6221,12037.577,6277.884,41.191,8.96,0.0,0.0,0.0
2023-11-16,910541,181,6221,12053.139,6278.462,39.59,9.13,0.0,0.0,0.0
2023-11-16,910545,184,6221,12049.313,6280.665,39.547,9.24,0.0,0.0,0.0
2023-11-16,910550,195,6221,12045.286,6282.809,39.643,10.61,0.0,0.0,0.0
2023-11-16,910556,158,6221,12058.444,6275.602,39.336,9.13,0.0,0.0,0.0
2023-11-16,910561,73,6221,12103.854,6272.766,38.688,9.29,0.0,0.0,0.0
2023-11-16,910565,61,6221,12109.411,6270.656,38.356,8.69,0.0,0.0,0.0
2023-11-16,910571,49,6221,12114.946,6268.109,38.643,8.85,0.0,0.0,0.0
2023-11-16,910575,37,6221,12120.14,6265.454,38.746,9.29,0.0,0.0,0.0
2023-11-16,909014,232,4021,12002.981,6252.702,40.904,12.59,0.171,0.0,0.0
2023-11-16,909021,234,4021,12000.99,6253.604,40.97,12.08,0.171,-4.043,2.241
2023-11-16,909029,227,4021,12003.079,6246.699,41.09,13.25,0.171,-5.018,-1.439
2023-11-16,909039,183,6221,12051.089,6285.351,39.787,10.72,0.0,0.0,0.0
2023-11-16,909052,180,6221,12055.226,6282.985,39.846,10.44,0.0,0.0,0.0
2023-11-16,909067,233,6221,12001.455,6251.497,41.359,13.14,0.0,-4.272,-2.177
2023-11-16,909081,233,6221,12001.499,6251.54,41.348,13.91,0.0,-3.214,-1.623
2023-11-16,909090,231,6221,12002.353,6248.982,41.458,11.98,0.0,0.0,0.0
2023-11-16,909103,230,6221,12005.151,6251.708,40.769,12.42,0.0,-2.989,1.331
2023-11-16,909113,233,6221,12001.879,6252.077,41.367,12.98,0.0,-2.54,-1.846
2023-11-16,909126,225,6221,12007.531,6250.465,40.642,12.04,0.0,0.0,0.0
2023-11-16,909138,231,6221,12003.105,6249.448,41.137,12.2,0.0,0.0,0.0
2023-11-16,909147,229,6221,12002.086,6241.024,40.83,12.65,0.0,0.0,0.0
2023-11-16,909159,228,6221,12003.827,6244.204,40.944,12.64,0.0,0.0,0.0
2023-11-16,909172,226,6221,12005.512,6247.488,40.883,12.1,0.0,0.0,0.0
2023-11-16,909185,222,6221,12005.99,6238.427,40.929,12.04,0.0,0.0,0.0
2023-11-16,909198,215,6221,12010.028,6236.547,41.392,12.04,0.0,0.0,0.0
2023-11-16,909210,204,6221,12014.077,6234.546,40.825,11.93,0.0,0.0,0.0
2023-11-16,909221,194,6221,12018.215,6232.819,40.691,11.88,0.0,0.0,0.0
2023-11-16,909232,192,6221,12022.432,6231.112,40.481,11.16,0.0,0.0,0.0
2023-11-16,909244,165,6221,12030.452,6227.508,40.59,11.16,0.0,0.0,0.0
2023-11-16,909253,178,6221,12026.486,6229.349,40.698,12.21,0.0,0.0,0.0
2023-11-16,909262,221,6221,12007.609,6241.988,40.84,12.04,0.0,0.0,0.0
2023-11-16,909270,214,6221,12011.591,6240.229,41.181,11.6,0.0,0.0,0.0
2023-11-16,909276,208,6221,12015.79,6238.274,40.821,11.6,0.0,0.0,0.0
2023-11-16,909283,199,6221,12019.934,6236.599,40.579,11.16,0.0,0.0,0.0
2023-11-16,909293,169,6221,12031.949,6231.255,40.572,11.38,0.0,0.0,0.0
2023-11-16,909301,177,6221,12028.177,6232.91,40.731,11.16,0.0,0.0,0.0
2023-11-16,909309,191,6221,12023.984,6234.722,40.947,11.11,0.0,0.0,0.0
2023-11-16,909318,168,6221,12033.345,6235.094,40.373,15.17,0.0,0.0,0.0
2023-11-16,909328,176,6221,12029.819,6236.592,40.521,11.11,0.0,0.0,0.0
2023-11-16,909335,177,6221,12027.455,6233.654,40.788,12.09,0.0,0.0,0.0
2023-11-16,909343,168,6221,12032.422,6235.376,40.282,4.56,0.0,0.0,0.0
2023-11-16,909348,192,6221,12022.422,6232.207,40.752,11.16,0.0,0.0,0.0
2023-11-16,909357,190,6221,12025.803,6238.319,40.638,11.22,0.0,0.0,0.0
2023-11-16,909365,199,6221,12020.218,6237.558,40.768,11.16,0.0,0.0,0.0
2023-11-16,911225,18,6221,12122.131,6243.409,39.324,4.23,0.0,0.0,0.0
2023-11-16,911228,17,6221,12122.544,6244.696,39.109,3.96,0.0,0.0,0.0
2023-11-16,911231,17,6221,12122.963,6245.7,39.132,4.4,0.0,0.0,0.0
2023-11-16,911235,16,6221,12123.544,6247.094,38.983,4.23,0.0,0.0,0.0
2023-11-16,911236,16,6221,12123.946,6247.935,38.849,4.67,0.0,0.0,0.0
2023-11-16,911238,15,6221,12124.47,6249.186,38.737,5.0,0.0,0.0,0.0
2023-11-16,911241,15,6221,12124.917,6250.229,38.572,5.33,0.0,0.0,0.0
2023-11-16,911250,158,6221,12059.156,6275.442,39.231,10.94,0.0,0.0,0.0
2023-11-16,911261,71,6221,12097.232,6252.372,38.9,11.11,0.0,0.0,0.0
2023-11-16,911270,65,6221,12101.546,6252.94,39.336,9.35,0.0,0.0,0.0
2023-11-16,911275,53,6221,12106.583,6249.445,39.36,10.72,0.0,0.0,0.0
2023-11-16,911286,42,6221,12109.348,6244.388,39.233,11.1,0.0,0.0,0.0
2023-11-16,911294,41,6221,12111.734,6246.908,39.162,10.94,0.0,0.0,0.0
2023-11-16,911303,33,6221,12112.507,6242.643,39.098,11.54,0.0,0.0,0.0
2023-11-16,911314,911314,6221,12111.575,6236.847,39.208,11.49,0.0,0.0,0.0
2023-11-16,911321,40,6221,12113.519,6250.199,39.235,9.29,0.0,0.0,0.0
2023-11-16,911349,20,6221,12118.912,6238.093,38.876,9.13,0.0,0.0,0.0
2023-11-16,911357,19,6221,12119.761,6239.888,38.964,6.16,0.0,0.0,0.0
2023-11-16,911367,12,6221,12158.104,6221.39,39.134,5.33,0.0,0.0,0.0
2023-11-16,911373,12,6221,12159.261,6220.912,39.203,6.27,0.0,0.0,0.0
2023-11-16,911377,10,6221,12162.565,6219.206,39.102,7.09,0.0,0.0,0.0
2023-11-16,911381,10,6221,12161.752,6219.595,39.161,6.16,0.0,0.0,0.0
2023-11-16,911385,11,6221,12159.348,6211.086,38.62,5.55,0.0,0.0,0.0
2023-11-16,911388,11,6221,12160.237,6210.302,38.835,6.43,0.0,0.0,0.0
2023-11-16,911394,9,6221,12163.998,6208.986,38.877,5.05,0.0,0.0,0.0
2023-11-16,911399,9,6221,12164.799,6208.431,38.836,5.88,0.0,0.0,0.0
2023-11-16,911403,8,6221,12169.026,6206.554,39.056,3.63,0.0,0.0,0.0
2023-11-16,911405,8,6221,12168.113,6206.94,38.955,6.65,0.0,0.0,0.0
2023-11-16,911410,5,6221,12179.375,6196.74,39.236,4.4,0.0,0.0,0.0
2023-11-16,911415,5,6221,12180.093,6196.491,39.349,11.16,0.0,0.0,0.0
2023-11-16,911422,4,6221,12183.469,6194.645,39.862,10.33,0.0,0.0,0.0
2023-11-16,911431,3,6221,12188.052,6192.291,40.04,9.02,0.0,0.0,0.0
2023-11-16,911440,3,6221,12187.195,6192.7,39.919,0.99,0.0,0.0,0.0
2023-11-16,911444,4,6221,12184.303,6194.49,39.866,8.52,0.0,0.0,0.0
2023-11-16,911453,6,6221,12188.945,6219.77,39.703,9.07,0.0,0.0,0.0
2023-11-16,911457,6,6221,12188.056,6220.199,39.792,8.25,0.0,0.0,0.0
2023-11-16,911463,7,6221,12185.185,6221.399,39.667,7.04,0.0,0.0,0.0
2023-11-16,911465,7,6221,12185.986,6221.065,39.619,7.59,0.0,0.0,0.0
2023-11-16,911468,2,6221,12200.468,6187.974,39.8,11.38,0.0,0.0,0.0
2023-11-16,911476,1,6221,12204.238,6185.602,40.228,8.96,0.0,0.0,0.0
2023-11-16,911483,1,6221,12203.627,6186.477,39.994,1.21,0.0,0.0,0.0
2023-11-16,911485,2,6221,12201.186,6187.732,39.836,1.04,0.0,0.0,0.0
2023-11-16,910040,114,6221,12088.061,6281.754,39.25,8.91,0.0,0.0,0.0
2023-11-16,910049,101,6221,12093.238,6278.806,38.756,9.24,0.0,0.0,0.0
2023-11-16,910056,85,6221,12103.438,6285.639,38.261,9.13,0.0,0.0,0.0
2023-11-16,910065,86,6221,12102.31,6283.241,38.302,8.96,0.0,0.0,0.0
2023-11-16,910075,87,6221,12101.116,6280.595,38.362,9.02,0.0,0.0,0.0
2023-11-16,910085,88,6221,12099.476,6277.995,38.454,9.46,0.0,0.0,0.0
2023-11-16,910703,134,6221,12070.745,6260.288,39.182,9.13,0.0,0.0,0.0
2023-11-16,910709,133,6221,12071.705,6262.142,39.176,9.18,0.0,0.0,0.0
2023-11-16,910711,143,6221,12065.339,6262.888,39.129,9.18,0.0,0.0,0.0
2023-11-16,910712,142,6221,12066.578,6265.207,39.072,9.18,0.0,0.0,0.0
2023-11-16,910714,153,6221,12060.067,6265.699,39.057,9.18,0.0,0.0,0.0
2023-11-16,910724,202,6221,12033.44,6264.267,39.282,12.75,0.0,0.0,0.0
2023-11-16,910728,174,6221,12044.253,6259.401,39.152,11.49,0.0,0.0,0.0
2023-11-16,910737,164,6221,12048.423,6256.442,39.136,11.38,0.0,0.0,0.0
2023-11-16,910749,163,6221,12049.84,6258.934,38.569,10.39,0.0,0.0,0.0
2023-11-16,910091,89,6221,12098.555,6275.731,38.623,9.24,0.0,0.0,0.0
2023-11-16,910102,166,6221,12062.995,6290.395,39.742,11.05,0.0,0.0,0.0
2023-11-16,910116,155,6221,12066.119,6288.174,39.718,10.72,0.0,0.0,0.0
2023-11-16,910128,148,6221,12070.213,6286.029,39.643,10.78,0.0,0.0,0.0
2023-11-16,910140,138,6221,12075.485,6283.12,39.282,10.67,0.0,0.0,0.0
2023-11-16,910149,129,6221,12080.467,6279.997,39.178,12.14,0.0,0.0,0.0
2023-11-16,910757,162,6221,12051.312,6261.4,38.413,8.63,0.0,0.0,0.0
2023-11-16,910765,161,6221,12052.607,6263.811,38.746,8.96,0.0,0.0,0.0
2023-11-16,910772,160,6221,12053.723,6266.164,38.929,9.24,0.0,0.0,0.0
2023-11-16,910779,159,6221,12056.023,6271.031,38.984,10.56,0.0,0.0,0.0
2023-11-16,910785,152,6221,12061.217,6268.221,38.785,9.4,0.0,0.0,0.0
2023-11-16,910793,183,6221,12052.146,6284.828,39.908,10.78,0.0,0.0,0.0
2023-11-16,910805,179,6221,12058.11,6287.347,40.209,11.82,0.0,0.0,0.0
2023-11-16,910816,166,6221,12063.94,6289.787,39.611,10.94,0.0,0.0,0.0
2023-11-16,910159,115,6221,12085.806,6276.847,39.044,9.13,0.0,0.0,0.0
2023-11-16,910172,102,6221,12091.0,6274.186,38.994,9.35,0.0,0.0,0.0
2023-11-16,910180,90,6221,12096.2,6271.251,38.785,9.24,0.0,0.0,0.0
2023-11-16,910189,179,6221,12057.03,6287.788,40.365,11.16,0.0,0.0,0.0
2023-11-16,910201,170,6221,12059.755,6286.079,39.734,10.72,0.0,0.0,0.0
2023-11-16,910212,156,6221,12063.042,6284.435,39.45,10.45,0.0,0.0,0.0
2023-11-16,910825,148,6221,12070.535,6285.957,39.648,11.0,0.0,0.0,0.0
2023-11-16,910836,154,6221,12069.564,6292.192,39.79,10.94,0.0,0.0,0.0
2023-11-16,910846,147,6221,12073.524,6290.165,40.091,10.67,0.0,0.0,0.0
2023-11-16,910856,144,6221,12080.651,6292.151,39.568,10.67,0.0,0.0,0.0
2023-11-16,910863,136,6221,12084.374,6296.541,39.441,11.49,0.0,0.0,0.0
2023-11-16,910871,126,6221,12087.41,6294.646,39.649,10.83,0.0,0.0,0.0
2023-11-16,910880,112,6221,12093.628,6291.406,39.37,10.89,0.0,0.0,0.0
2023-11-16,909884,122,6221,12097.871,6301.292,39.418,9.18,0.0,0.0,0.0
2023-11-16,909889,123,6221,12095.471,6296.135,39.144,9.18,0.0,0.0,0.0
2023-11-16,909893,135,6221,12087.108,6301.186,40.097,9.35,0.0,0.0,0.0
2023-11-16,909894,124,6221,12093.6,6303.173,39.618,9.02,0.0,0.0,0.0
2023-11-16,909899,125,6221,12091.256,6298.664,39.509,10.55,0.0,0.0,0.0
2023-11-16,910225,149,6221,12067.991,6281.39,39.409,11.65,0.0,0.0,0.0
2023-11-16,910236,139,6221,12073.219,6278.513,39.271,10.61,0.0,0.0,0.0
2023-11-16,910247,130,6221,12078.341,6275.719,39.113,9.95,0.0,0.0,0.0
2023-11-16,910254,116,6221,12083.696,6272.65,39.006,9.07,0.0,0.0,0.0
2023-11-16,910265,103,6221,12088.924,6269.709,38.871,9.29,0.0,0.0,0.0
2023-11-16,910272,91,6221,12094.051,6266.722,38.455,9.02,0.0,0.0,0.0
2023-11-16,910889,125,6221,12092.157,6298.428,39.578,12.81,0.0,0.0,0.0
2023-11-16,910899,108,6221,12105.621,6303.13,38.91,10.44,0.0,0.0,0.0
2023-11-16,910918,84,6221,12104.431,6287.841,38.668,9.18,0.0,0.0,0.0
2023-11-16,910925,85,6221,12103.671,6285.117,38.551,9.24,0.0,0.0,0.0
2023-11-16,910931,86,6221,12103.172,6282.91,38.724,9.13,0.0,0.0,0.0
2023-11-16,910940,163,6221,12050.23,6259.625,38.384,9.18,0.0,0.0,0.0
2023-11-16,909906,145,6221,12080.826,6298.261,40.062,10.99,0.0,0.0,0.0
2023-11-16,909915,136,6221,12084.837,6296.076,39.596,1.26,0.0,0.0,0.0
2023-11-16,909920,136,6221,12084.874,6296.038,39.595,1.26,0.0,0.0,0.0
2023-11-16,909921,136,6221,12084.874,6296.038,39.595,1.98,0.0,0.0,0.0
2023-11-16,909926,126,6221,12087.822,6294.332,39.409,10.39,0.0,0.0,0.0
2023-11-16,909938,112,6221,12092.883,6291.756,39.494,10.72,0.0,0.0,0.0
2023-11-16,909946,224,4021,12018.768,6271.039,40.709,11.52,0.171,0.0,0.0
2023-11-16,909947,99,6221,12097.915,6288.538,38.693,10.0,0.0,0.0,0.0
2023-11-16,909953,218,4021,12022.883,6269.133,39.855,11.52,0.171,0.0,0.0
2023-11-16,909955,146,6221,12074.767,6295.765,40.192,10.88,0.0,0.0,0.0
2023-11-16,909962,144,6221,12079.994,6292.595,39.586,10.66,0.0,0.0,0.0
2023-11-16,909967,211,4021,12027.361,6267.106,39.798,11.16,0.171,0.0,0.0
2023-11-16,910283,157,6221,12060.654,6280.115,39.471,11.0,0.0,0.0,0.0
2023-11-16,910295,150,6221,12065.848,6277.082,39.254,10.55,0.0,0.0,0.0
2023-11-16,910303,140,6221,12070.842,6274.057,39.022,9.46,0.0,0.0,0.0
2023-11-16,910311,131,6221,12076.092,6271.294,39.05,9.35,0.0,0.0,0.0
2023-11-16,910316,117,6221,12081.075,6268.226,39.173,9.29,0.0,0.0,0.0
2023-11-16,910326,104,6221,12086.603,6265.258,38.585,9.18,0.0,0.0,0.0
2023-11-16,910332,92,6221,12091.802,6262.311,38.441,9.29,0.0,0.0,0.0
2023-11-16,910946,161,6221,12051.693,6262.697,38.635,9.07,0.0,0.0,0.0
2023-11-16,910951,151,6221,12063.661,6272.641,39.015,11.98,0.0,0.0,0.0
2023-11-16,910960,141,6221,12068.677,6269.815,38.896,9.46,0.0,0.0,0.0
2023-11-16,910967,132,6221,12073.837,6266.782,39.206,9.07,0.0,0.0,0.0
2023-11-16,910972,118,6221,12079.032,6263.834,38.739,9.35,0.0,0.0,0.0
2023-11-16,910979,105,6221,12084.381,6260.717,38.547,9.07,0.0,-3.359,1.786
2023-11-16,910987,98,6221,12085.097,6254.749,38.719,10.66,0.0,-1.867,-3.666
2023-11-16,910996,82,6221,12090.202,6251.906,38.632,10.55,0.0,-1.974,-3.561
2023-11-16,911005,71,6221,12096.657,6251.454,39.063,10.61,0.0,-2.803,-3.72
2023-11-16,909969,127,6221,12085.277,6289.536,39.553,10.5,0.0,0.0,0.0
2023-11-16,909975,202,4021,12032.684,6264.793,39.607,11.11,0.171,0.0,0.0
2023-11-16,909977,113,6221,12090.371,6286.582,39.307,10.5,0.0,0.0,0.0
2023-11-16,909984,188,4021,12038.374,6262.275,39.221,10.7,0.171,0.0,0.0
2023-11-16,909988,100,6221,12095.788,6283.543,38.769,9.13,0.0,0.0,0.0
2023-11-16,909999,154,6221,12068.652,6292.819,39.76,11.11,0.0,0.0,0.0
2023-11-16,910009,147,6221,12072.534,6290.623,40.105,10.55,0.0,0.0,0.0
2023-11-16,910020,137,6221,12077.506,6287.643,39.6,10.45,0.0,0.0,0.0
2023-11-16,910030,128,6221,12082.922,6284.571,39.36,10.5,0.0,0.0,0.0
2023-11-16,910346,174,6221,12043.384,6259.174,39.509,10.99,0.0,0.0,0.0
2023-11-16,910358,217,6221,12025.661,6273.883,40.17,11.55,0.0,0.0,0.0
2023-11-16,910370,210,6221,12029.911,6271.999,40.01,11.65,0.0,0.0,0.0
2023-11-16,910383,201,6221,12035.362,6269.475,39.553,4.62,0.0,0.0,0.0
2023-11-16,910387,201,6221,12035.763,6269.65,39.753,10.94,0.0,0.0,0.0
2023-11-16,910396,187,6221,12040.833,6267.185,39.564,1.1,0.0,0.0,0.0
2023-11-16,911016,59,6221,12101.996,6248.734,39.741,11.21,0.0,-2.613,-3.875
2023-11-16,911023,47,6221,12106.522,6244.92,39.249,11.1,0.0,-2.579,-3.684
2023-11-16,911033,33,6221,12111.605,6242.064,39.154,11.27,0.0,-2.598,-3.711
2023-11-16,911043,21,6221,12117.132,6238.594,38.8,7.97,0.0,-1.51,-2.964
2023-11-16,911053,21,6221,12117.533,6239.148,38.791,2.52,0.0,0.0,0.0
2023-11-16,911057,29,6221,12114.586,6240.645,39.061,9.13,0.0,0.0,0.0
2023-11-16,911063,42,6221,12109.347,6243.566,39.08,11.27,0.0,0.0,0.0
2023-11-16,911074,54,6221,12103.942,6246.664,39.348,10.17,0.0,0.0,0.0
2023-11-16,911084,66,6221,12099.427,6250.361,39.112,10.39,0.0,0.0,0.0
2023-11-16,911094,78,6221,12093.653,6252.358,38.581,10.28,0.0,0.0,0.0
2023-11-16,911104,94,6221,12087.5,6253.67,38.702,9.18,0.0,0.0,0.0
2023-11-16,911110,76,6221,12096.968,6259.298,38.389,9.13,0.0,0.0,0.0
2023-11-16,911117,64,6221,12102.068,6256.425,39.128,9.24,0.0,0.0,0.0
2023-11-16,911124,52,6221,12107.501,6253.369,39.221,9.29,0.0,0.0,0.0
2023-11-16,911130,40,6221,12112.718,6250.474,39.207,9.4,0.0,0.0,0.0
2023-11-16,911136,27,6221,12117.901,6247.464,39.138,9.18,0.0,0.0,0.0
2023-11-16,911144,93,6221,12089.52,6257.834,38.707,9.94,0.0,0.0,0.0
2023-11-16,911154,77,6221,12095.261,6255.825,38.626,9.78,0.0,0.0,0.0
2023-11-16,911163,65,6221,12100.522,6253.053,39.2,8.96,0.0,0.0,0.0
2023-11-16,911171,53,6221,12105.861,6250.053,39.374,10.56,0.0,0.0,0.0
2023-11-16,911179,41,6221,12111.071,6246.89,39.083,11.16,0.0,0.0,0.0
2023-11-16,911188,28,6221,12116.126,6243.831,38.483,9.29,0.0,0.0,0.0
2023-11-16,911195,20,6221,12119.958,6237.86,38.869,4.51,0.0,0.0,0.0
2023-11-16,911201,19,6221,12120.238,6238.616,38.948,4.07,0.0,0.0,0.0
2023-11-16,911202,19,6221,12120.751,6239.724,39.104,4.4,0.0,0.0,0.0
2023-11-16,911209,19,6221,12121.175,6240.382,39.19,4.29,0.0,0.0,0.0
2023-11-16,911211,18,6221,12121.567,6242.115,39.326,3.85,0.0,0.0,0.0
2023-11-16,911215,18,6221,12122.125,6243.381,39.314,2.42,0.0,0.0,0.0
2023-11-16,925706,17,6221,12097.862,6294.768,39.495,5.71,0.0,0.0,0.0
2023-11-16,925715,17,6221,12099.288,6295.027,39.344,7.59,0.0,0.0,0.0
2023-11-16,925725,16,6221,12093.03,6297.504,39.194,10.17,0.0,0.0,0.0
2023-11-16,925737,14,6221,12088.686,6299.489,39.143,9.07,0.0,0.0,0.0
2023-11-16,925746,13,6221,12088.982,6296.606,39.221,9.02,0.0,0.0,0.0
2023-11-16,925754,12,6221,12085.367,6298.163,39.308,8.85,0.0,0.0,0.0
2023-11-16,925762,11,6221,12082.845,6293.283,39.556,9.4,0.0,0.0,0.0
2023-11-16,925771,8,6221,12078.418,6295.44,39.324,6.98,0.0,0.0,0.0
2023-11-16,925777,8,6221,12078.327,6294.019,39.57,9.07,0.0,0.0,0.0
2023-11-16,925785,7,6221,12075.851,6290.579,39.126,15.68,0.0,0.0,0.0
2023-11-16,925794,10,6221,12080.545,6288.467,39.273,5.05,0.0,0.0,0.0
2023-11-16,925800,10,6221,12079.376,6288.032,39.115,5.11,0.0,0.0,0.0
2023-11-16,925808,9,6221,12075.844,6277.414,38.299,6.43,0.0,0.0,0.0
2023-11-16,925816,9,6221,12076.135,6278.601,38.399,4.51,0.0,0.0,0.0
2023-11-16,925822,15,6221,12081.116,6274.375,38.707,9.67,0.0,0.0,0.0
2023-11-16,925825,15,6221,12082.041,6275.339,38.824,4.73,0.0,0.0,0.0
2023-11-16,925833,18,6221,12103.324,6291.762,39.168,6.38,0.0,0.0,0.0
2023-11-16,925840,18,6221,12103.545,6290.705,39.055,4.89,0.0,0.0,0.0
2023-11-16,925845,20,6221,12111.701,6296.751,39.411,4.23,0.0,0.0,0.0
2023-11-16,925850,20,6221,12111.338,6295.738,39.32,9.13,0.0,0.0,0.0
2023-11-16,925860,19,6221,12109.769,6292.346,39.386,4.78,0.0,0.0,0.0
2023-11-16,925875,19,6221,12109.322,6291.167,39.194,9.4,0.0,0.0,0.0
2023-11-16,925884,23,6221,12118.031,6294.102,39.073,9.18,0.0,0.0,0.0
2023-11-16,925892,22,6221,12115.687,6289.466,39.511,9.07,0.0,0.0,0.0
2023-11-16,925865,19,6221,12109.322,6291.18,39.195,7.59,0.0,0.0,0.0
2023-11-16,925898,21,6221,12113.823,6285.585,39.33,9.24,0.0,0.0,0.0
2023-11-16,925907,26,6221,12122.958,6291.611,39.131,9.24,0.0,0.0,0.0
2023-11-16,925916,25,6221,12120.67,6286.841,39.257,9.18,0.0,0.0,0.0
2023-11-16,925926,24,6221,12119.04,6283.198,39.443,9.4,0.0,0.0,0.0
2023-11-16,925935,27,6221,12123.967,6280.473,39.127,9.4,0.0,0.0,0.0
2023-11-16,925942,28,6221,12125.876,6284.089,39.319,8.96,0.0,0.0,0.0
2023-11-16,925949,29,6221,12128.208,6288.937,39.164,8.96,0.0,0.0,0.0
2023-11-16,925959,31,6221,12134.004,6286.341,39.417,9.13,0.0,0.0,0.0
2023-11-16,925972,30,6221,12129.14,6278.06,39.097,9.35,0.0,0.0,0.0
2023-11-16,925978,33,6221,12135.29,6282.439,39.316,13.13,0.0,0.0,0.0
2023-11-16,925988,32,6221,12133.515,6278.777,39.046,9.35,0.0,0.0,0.0
2023-11-16,925995,34,6221,12117.459,6241.427,38.489,9.35,0.0,0.0,0.0
2023-11-16,926000,35,6221,12119.222,6245.164,37.995,9.13,0.0,0.0,0.0
2023-11-16,926008,36,6221,12121.399,6249.921,38.369,5.28,0.0,0.0,0.0
2023-11-16,926015,2,6221,12032.303,6271.024,39.479,9.18,0.0,0.0,0.0
2023-11-16,926019,1,6221,12029.959,6266.307,39.422,9.29,0.0,0.0,0.0
2023-11-16,926026,3,6221,12035.498,6263.469,39.404,9.29,0.0,0.0,0.0
2023-11-16,926029,4,6221,12037.943,6268.617,38.958,9.4,0.0,0.0,0.0
2023-11-16,926039,5,6221,12040.949,6260.997,39.429,9.29,0.0,0.0,0.0
2023-11-16,926044,6,6221,12043.271,6265.663,39.072,6.32,0.0,0.0,0.0
2023-11-16,901822,564,4021,11973.288,6935.85,289.466,10.04,0.171,0.0,0.0
